accession,BLAST_score,begin,end,length,p_type,p_subtype,rdrp_start,rdrp_end,rdrp_source,genotype,genotype_subtype,vp1_start,vp1_end,has_overlap,overlap
PV784297.1,75.95745,0.0,7534.0,7540.0,GII.P17,,3581.0,5110.0,annotated_rdrp,GII.17,,5094.0,6710.0,True,17.0
PV784296.1,75.95745,0.0,7549.0,7555.0,GII.P17,,3581.0,5110.0,annotated_rdrp,GII.17,,5094.0,6710.0,True,17.0
PV784287.1,75.77741,0.0,7549.0,7555.0,GII.P17,,3581.0,5110.0,annotated_rdrp,GII.17,,5094.0,6710.0,True,17.0
PV784285.1,75.84288,0.0,7549.0,7555.0,GII.P17,,3581.0,5110.0,annotated_rdrp,GII.17,,5094.0,6710.0,True,17.0
PV784279.1,75.90835,0.0,7543.0,7549.0,GII.P17,,3581.0,5110.0,annotated_rdrp,GII.17,,5094.0,6710.0,True,17.0
PV784277.1,75.87562,0.0,7549.0,7555.0,GII.P17,,3581.0,5110.0,annotated_rdrp,GII.17,,5094.0,6710.0,True,17.0
PV784275.1,75.84288,0.0,7549.0,7555.0,GII.P17,,3581.0,5110.0,annotated_rdrp,GII.17,,5094.0,6710.0,True,17.0
PV784273.1,75.859245,0.0,7549.0,7555.0,GII.P17,,3581.0,5110.0,annotated_rdrp,GII.17,,5094.0,6710.0,True,17.0
PV784272.1,75.94108,0.0,7549.0,7555.0,GII.P17,,3581.0,5110.0,annotated_rdrp,GII.17,,5094.0,6710.0,True,17.0
PX563327.1,75.942696,0.0,7573.0,7567.0,GII.P16,,3572.0,5101.0,annotated_rdrp,GII.4,Sydney_2016,5085.0,6707.0,True,17.0
PX285874.1,75.85586,0.0,7573.0,7567.0,GII.P16,,3572.0,5101.0,annotated_rdrp,GII.4,Sydney_2016,5085.0,6707.0,True,17.0
PX285872.1,76.41185,0.0,7538.0,7538.0,GII.P16,,3572.0,5101.0,annotated_rdrp,GII.2,,5085.0,6713.0,True,17.0
PX631121.1,75.708435,0.0,7576.0,7570.0,GII.P16,,3572.0,5101.0,annotated_rdrp,GII.4,Sydney_2016,5085.0,6707.0,True,17.0
PZ136058.1,81.29303,0.0,7542.0,7542.0,GII.P21,,3572.0,5101.0,annotated_rdrp,GII.3,,5085.0,6731.0,True,17.0
PZ136053.1,81.29303,0.0,7542.0,7542.0,GII.P21,,3572.0,5101.0,annotated_rdrp,GII.3,,5085.0,6731.0,True,17.0
PZ240506.1,75.614555,0.0,7563.0,7554.0,GII.P16,,3569.0,5098.0,annotated_rdrp,GII.4,Sydney_2016,5082.0,6704.0,True,17.0
GU292831.4,76.53088,0.0,7550.0,7577.0,GII.P16,,3566.0,5095.0,annotated_rdrp,GII.16,,5079.0,6701.0,True,17.0
HM596590.4,75.44232,0.0,7524.0,7536.0,GII.P16,,3569.0,5098.0,annotated_rdrp,GII.5,,5082.0,6704.0,True,17.0
KF944111.3,76.264915,1.0,7558.0,7554.0,GII.P16,,3500.0,5100.0,polyprotein_fallback,GII.3,,5081.0,6727.0,True,20.0
KF944110.2,76.28172,1.0,7552.0,7548.0,GII.P16,,3500.0,5100.0,polyprotein_fallback,GII.3,,5081.0,6727.0,True,20.0
KF920739.4,77.44022,0.0,7568.0,7580.0,GII.P16,,3569.0,5098.0,annotated_rdrp,GII.16,,5082.0,6704.0,True,17.0
KF895841.2,76.34897,1.0,7555.0,7551.0,GII.P16,,3500.0,5100.0,polyprotein_fallback,GII.3,,5081.0,6727.0,True,20.0
KT779557.1,76.16807,0.0,7552.0,7549.0,GII.P16,,3500.0,5101.0,polyprotein_fallback,GII.3,,5082.0,6728.0,True,20.0
KX586330.1,85.238335,4.0,7519.0,7509.0,GII.P31,,3500.0,5100.0,polyprotein_fallback,GII.4,Sydney_2012,5081.0,6703.0,True,20.0
KY210980.3,75.77854,4.0,7587.0,7577.0,GII.P16,,3568.0,5097.0,annotated_rdrp,GII.4,Sydney_2016,5081.0,6703.0,True,17.0
KY210920.3,76.893364,0.0,7509.0,7506.0,GII.P16,,3569.0,5098.0,annotated_rdrp,GII.13,,5082.0,6710.0,True,17.0
KY496327.1,85.28784,0.0,7586.0,7580.0,GII.P31,,3500.0,5104.0,polyprotein_fallback,GII.4,Sydney_2012,5085.0,6707.0,True,20.0
KY905331.1,84.253914,-1.0,7551.0,7546.0,GII.P4,New_Orleans_2009,3500.0,5105.0,polyprotein_fallback,GII.4,Could not assign,5086.0,6708.0,True,20.0
LC369258.1,75.74355,54.0,7535.0,7484.0,GII.P17,,3500.0,5056.0,polyprotein_fallback,GII.17,,5037.0,6659.0,True,20.0
LC369257.1,75.70705,5.0,7589.0,7590.0,GII.P17,,3500.0,5108.0,polyprotein_fallback,GII.17,,5089.0,6711.0,True,20.0
LC369256.1,75.7893,10.0,7559.0,7555.0,GII.P17,,3500.0,5103.0,polyprotein_fallback,GII.17,,5084.0,6706.0,True,20.0
LC369255.1,75.82202,10.0,7592.0,7588.0,GII.P17,,3500.0,5103.0,polyprotein_fallback,GII.17,,5084.0,6706.0,True,20.0
LC369254.1,75.86151,0.0,7541.0,7547.0,GII.P17,,3500.0,5113.0,polyprotein_fallback,GII.17,,5094.0,6716.0,True,20.0
LC369253.1,75.78586,15.0,7555.0,7546.0,GII.P17,,3500.0,5098.0,polyprotein_fallback,GII.17,,5079.0,6701.0,True,20.0
LC369252.1,75.78586,15.0,7554.0,7545.0,GII.P17,,3500.0,5098.0,polyprotein_fallback,GII.17,,5079.0,6701.0,True,20.0
LC369251.1,75.077835,15.0,7536.0,7539.0,GII.P17,,3500.0,5098.0,polyprotein_fallback,GII.17,,5079.0,6695.0,True,20.0
LC369249.1,75.830475,12.0,7555.0,7549.0,GII.P17,,3500.0,5101.0,polyprotein_fallback,GII.17,,5082.0,6704.0,True,20.0
LC369248.1,75.78982,14.0,7555.0,7547.0,GII.P17,,3500.0,5099.0,polyprotein_fallback,GII.17,,5080.0,6702.0,True,20.0
LC369247.1,75.75708,14.0,7555.0,7547.0,GII.P17,,3500.0,5099.0,polyprotein_fallback,GII.17,,5080.0,6702.0,True,20.0
LC369246.1,75.92078,14.0,7555.0,7547.0,GII.P17,,3500.0,5099.0,polyprotein_fallback,GII.17,,5080.0,6702.0,True,20.0
LC369245.1,75.82543,5.0,7554.0,7555.0,GII.P17,,3500.0,5108.0,polyprotein_fallback,GII.17,,5089.0,6711.0,True,20.0
LC369244.1,75.82884,0.0,7555.0,7561.0,GII.P17,,3500.0,5113.0,polyprotein_fallback,GII.17,,5094.0,6716.0,True,20.0
LC369243.1,75.732285,12.0,7557.0,7551.0,GII.P17,,3500.0,5101.0,polyprotein_fallback,GII.17,,5082.0,6704.0,True,20.0
LC369242.1,75.85812,5.0,7588.0,7589.0,GII.P17,,3500.0,5108.0,polyprotein_fallback,GII.17,,5089.0,6711.0,True,20.0
LC369241.1,75.82148,6.0,7554.0,7554.0,GII.P17,,3500.0,5107.0,polyprotein_fallback,GII.17,,5088.0,6710.0,True,20.0
LC369240.1,75.699554,12.0,7560.0,7554.0,GII.P17,,3500.0,5101.0,polyprotein_fallback,GII.17,,5082.0,6704.0,True,20.0
LC369239.1,75.70797,14.0,7557.0,7549.0,GII.P17,,3500.0,5099.0,polyprotein_fallback,GII.17,,5080.0,6702.0,True,20.0
LC369238.1,75.6907,6.0,7556.0,7556.0,GII.P17,,3500.0,5107.0,polyprotein_fallback,GII.17,,5088.0,6710.0,True,20.0
LC369237.1,75.743706,5.0,7607.0,7608.0,GII.P17,,3500.0,5108.0,polyprotein_fallback,GII.17,,5089.0,6711.0,True,20.0
LC369236.1,75.747665,0.0,7556.0,7562.0,GII.P17,,3500.0,5113.0,polyprotein_fallback,GII.17,,5094.0,6716.0,True,20.0
LC369235.1,75.74815,8.0,7589.0,7587.0,GII.P17,,3500.0,5105.0,polyprotein_fallback,GII.17,,5086.0,6708.0,True,20.0
LC369234.1,75.74815,8.0,7615.0,7613.0,GII.P17,,3500.0,5105.0,polyprotein_fallback,GII.17,,5086.0,6708.0,True,20.0
LC369233.1,75.72387,10.0,7599.0,7595.0,GII.P17,,3500.0,5103.0,polyprotein_fallback,GII.17,,5084.0,6706.0,True,20.0
LC369232.1,75.756584,10.0,7560.0,7556.0,GII.P17,,3500.0,5103.0,polyprotein_fallback,GII.17,,5084.0,6706.0,True,20.0
LC369231.1,75.65843,10.0,7555.0,7551.0,GII.P17,,3500.0,5103.0,polyprotein_fallback,GII.17,,5084.0,6706.0,True,20.0
LC369230.1,75.74023,10.0,7555.0,7551.0,GII.P17,,3500.0,5103.0,polyprotein_fallback,GII.17,,5084.0,6706.0,True,20.0
LC369229.1,75.72387,10.0,7555.0,7551.0,GII.P17,,3500.0,5103.0,polyprotein_fallback,GII.17,,5084.0,6706.0,True,20.0
LC369228.1,75.72387,10.0,7622.0,7618.0,GII.P17,,3500.0,5103.0,polyprotein_fallback,GII.17,,5084.0,6706.0,True,20.0
LC369227.1,75.83838,10.0,7569.0,7565.0,GII.P17,,3500.0,5103.0,polyprotein_fallback,GII.17,,5084.0,6706.0,True,20.0
LC369225.1,75.89592,12.0,7555.0,7549.0,GII.P17,,3500.0,5101.0,polyprotein_fallback,GII.17,,5082.0,6704.0,True,20.0
LC369224.1,75.8141,12.0,7560.0,7554.0,GII.P17,,3500.0,5101.0,polyprotein_fallback,GII.17,,5082.0,6704.0,True,20.0
LC369222.1,75.8141,12.0,7583.0,7577.0,GII.P17,,3500.0,5101.0,polyprotein_fallback,GII.17,,5082.0,6704.0,True,20.0
LC369221.1,75.822556,14.0,7535.0,7527.0,GII.P17,,3500.0,5099.0,polyprotein_fallback,GII.17,,5080.0,6702.0,True,20.0
LC369220.1,75.75708,14.0,7568.0,7560.0,GII.P17,,3500.0,5099.0,polyprotein_fallback,GII.17,,5080.0,6702.0,True,20.0
LC369219.1,75.82884,0.0,7556.0,7562.0,GII.P17,,3500.0,5113.0,polyprotein_fallback,GII.17,,5094.0,6716.0,True,20.0
LC369218.1,75.813576,8.0,7535.0,7533.0,GII.P17,,3500.0,5105.0,polyprotein_fallback,GII.17,,5086.0,6708.0,True,20.0
LC369217.1,75.78586,15.0,7533.0,7524.0,GII.P17,,3500.0,5098.0,polyprotein_fallback,GII.17,,5079.0,6701.0,True,20.0
LC369216.1,75.818596,15.0,7533.0,7524.0,GII.P17,,3500.0,5098.0,polyprotein_fallback,GII.17,,5079.0,6701.0,True,20.0
LC369215.1,75.82543,5.0,7575.0,7576.0,GII.P17,,3500.0,5108.0,polyprotein_fallback,GII.17,,5089.0,6711.0,True,20.0
LC369214.1,75.86151,0.0,7585.0,7591.0,GII.P17,,3500.0,5113.0,polyprotein_fallback,GII.17,,5094.0,6716.0,True,20.0
LC342059.1,86.073425,0.0,7557.0,7557.0,GII.PNA7,,3500.0,5104.0,polyprotein_fallback,GII.12,,5085.0,6692.0,True,20.0
LC777250.1,75.942696,0.0,7576.0,7570.0,GII.P16,,3500.0,5104.0,polyprotein_fallback,GII.4,Sydney_2016,5085.0,6707.0,True,20.0
LC769715.1,76.42701,15.0,7546.0,7531.0,GII.P16,,3500.0,5089.0,polyprotein_fallback,GII.3,,5070.0,6716.0,True,20.0
LC769714.1,75.66408,12.0,7550.0,7532.0,GII.P16,,3500.0,5092.0,polyprotein_fallback,GII.4,Sydney_2016,5073.0,6695.0,True,20.0
LC769713.1,76.34499,6.0,7558.0,7552.0,GII.P16,,3500.0,5098.0,polyprotein_fallback,GII.3,,5079.0,6725.0,True,20.0
LC769712.1,76.34897,5.0,7541.0,7536.0,GII.P16,,3500.0,5099.0,polyprotein_fallback,GII.3,,5080.0,6726.0,True,20.0
LC769709.1,76.22813,10.0,7553.0,7543.0,GII.P16,,3500.0,5094.0,polyprotein_fallback,GII.3,,5075.0,6721.0,True,20.0
LC769708.1,75.97167,0.0,7577.0,7571.0,GII.P16,,3500.0,5104.0,polyprotein_fallback,GII.4,Sydney_2016,5085.0,6707.0,True,20.0
LC769707.1,75.77957,12.0,7571.0,7553.0,GII.P16,,3500.0,5092.0,polyprotein_fallback,GII.4,Sydney_2016,5073.0,6695.0,True,20.0
LC769706.1,76.30204,21.0,7546.0,7525.0,GII.P16,,3500.0,5083.0,polyprotein_fallback,GII.3,,5064.0,6710.0,True,20.0
LC769705.1,75.92715,9.0,7581.0,7566.0,GII.P16,,3500.0,5095.0,polyprotein_fallback,GII.4,Sydney_2016,5076.0,6698.0,True,20.0
LC769704.1,76.46169,1.0,7521.0,7520.0,GII.P16,,3500.0,5103.0,polyprotein_fallback,GII.3,,5084.0,6730.0,True,20.0
LC769703.1,76.71486,10.0,7480.0,7470.0,GII.P16,,3500.0,5094.0,polyprotein_fallback,GII.13,,5075.0,6703.0,True,20.0
LC769702.1,77.13642,12.0,7518.0,7521.0,GII.P16,,3500.0,5092.0,polyprotein_fallback,GII.16,,5073.0,6695.0,True,20.0
LC769701.1,84.42947,17.0,7587.0,7567.0,GII.P31,,3500.0,5087.0,polyprotein_fallback,GII.4,Could not assign,5068.0,6693.0,True,20.0
LC769700.1,68.06236,-36.0,7535.0,7577.0,GII.P38,,3500.0,5140.0,polyprotein_fallback,GII.17,,5121.0,6734.0,True,20.0
LC769699.1,75.62148,37.0,7565.0,7522.0,GII.P16,,3500.0,5067.0,polyprotein_fallback,GII.4,Sydney_2016,5048.0,6670.0,True,20.0
LC769698.1,75.71311,8.0,7561.0,7547.0,GII.P16,,3500.0,5096.0,polyprotein_fallback,GII.4,Sydney_2016,5077.0,6699.0,True,20.0
LC769697.1,75.60936,0.0,7581.0,7575.0,GII.P16,,3500.0,5104.0,polyprotein_fallback,GII.4,Sydney_2016,5085.0,6707.0,True,20.0
LC769696.1,75.726074,13.0,7578.0,7559.0,GII.P16,,3500.0,5091.0,polyprotein_fallback,GII.4,Sydney_2016,5072.0,6694.0,True,20.0
LC769695.1,75.746086,8.0,7562.0,7548.0,GII.P16,,3500.0,5096.0,polyprotein_fallback,GII.4,Sydney_2016,5077.0,6699.0,True,20.0
LC769694.1,75.67523,0.0,7571.0,7565.0,GII.P16,,3500.0,5104.0,polyprotein_fallback,GII.4,Sydney_2016,5085.0,6707.0,True,20.0
LC769693.1,75.712166,10.0,7559.0,7543.0,GII.P16,,3500.0,5094.0,polyprotein_fallback,GII.4,Sydney_2016,5075.0,6697.0,True,20.0
LC769692.1,75.693985,21.0,7574.0,7547.0,GII.P16,,3500.0,5083.0,polyprotein_fallback,GII.4,Sydney_2016,5064.0,6686.0,True,20.0
LC769691.1,75.62304,14.0,7578.0,7558.0,GII.P16,,3500.0,5090.0,polyprotein_fallback,GII.4,Sydney_2016,5071.0,6693.0,True,20.0
LC769689.1,76.36272,10.0,7552.0,7542.0,GII.P16,,3500.0,5094.0,polyprotein_fallback,GII.3,,5075.0,6721.0,True,20.0
LC769688.1,75.70983,11.0,7582.0,7565.0,GII.P16,,3500.0,5093.0,polyprotein_fallback,GII.4,Sydney_2016,5074.0,6696.0,True,20.0
LC769685.1,75.72864,0.0,7571.0,7565.0,GII.P16,,3500.0,5104.0,polyprotein_fallback,GII.4,Sydney_2016,5085.0,6707.0,True,20.0
LC769684.1,75.65605,14.0,7558.0,7538.0,GII.P16,,3500.0,5090.0,polyprotein_fallback,GII.4,Sydney_2016,5071.0,6693.0,True,20.0
LC769683.1,75.68459,11.0,7575.0,7558.0,GII.P16,,3500.0,5093.0,polyprotein_fallback,GII.4,Sydney_2016,5074.0,6696.0,True,20.0
LC769682.1,76.27375,7.0,7571.0,7564.0,GII.P16,,3500.0,5097.0,polyprotein_fallback,GII.3,,5078.0,6724.0,True,20.0
LC769681.1,84.6798,9.0,7575.0,7563.0,GII.P31,,3500.0,5095.0,polyprotein_fallback,GII.4,Could not assign,5076.0,6701.0,True,20.0
LC919492.1,75.82868,16.0,7534.0,7524.0,GII.P17,,3500.0,5097.0,polyprotein_fallback,GII.17,,5084.0,6694.0,True,14.0
LC918524.1,75.88187,15.0,7579.0,7570.0,GII.P17,,3500.0,5098.0,polyprotein_fallback,GII.17,,5079.0,6695.0,True,20.0
LC918523.1,75.857544,17.0,7579.0,7568.0,GII.P17,,3500.0,5096.0,polyprotein_fallback,GII.17,,5077.0,6693.0,True,20.0
LC918522.1,75.91469,15.0,7579.0,7570.0,GII.P17,,3500.0,5098.0,polyprotein_fallback,GII.17,,5079.0,6695.0,True,20.0
LC918521.1,75.8581,21.0,7552.0,7537.0,GII.P17,,3500.0,5092.0,polyprotein_fallback,GII.17,,5073.0,6689.0,True,20.0
LC918520.1,75.719894,11.0,7580.0,7575.0,GII.P17,,3500.0,5102.0,polyprotein_fallback,GII.17,,5083.0,6705.0,True,20.0
LC918519.1,75.75163,3.0,7580.0,7583.0,GII.P17,,3500.0,5110.0,polyprotein_fallback,GII.17,,5091.0,6713.0,True,20.0
LC918518.1,75.92532,4.0,7576.0,7578.0,GII.P17,,3500.0,5109.0,polyprotein_fallback,GII.17,,5090.0,6706.0,True,20.0
LC918517.1,75.78688,10.0,7576.0,7572.0,GII.P17,,3500.0,5103.0,polyprotein_fallback,GII.17,,5084.0,6700.0,True,20.0
LC918516.1,76.00853,12.0,7501.0,7495.0,GII.P17,,3500.0,5101.0,polyprotein_fallback,GII.17,,5082.0,6698.0,True,20.0
LC918515.1,75.86885,10.0,7576.0,7572.0,GII.P17,,3500.0,5103.0,polyprotein_fallback,GII.17,,5084.0,6700.0,True,20.0
LC918514.1,75.91803,10.0,7567.0,7563.0,GII.P17,,3500.0,5103.0,polyprotein_fallback,GII.17,,5084.0,6700.0,True,20.0
LC918513.1,75.82472,17.0,7501.0,7490.0,GII.P17,,3500.0,5096.0,polyprotein_fallback,GII.17,,5077.0,6693.0,True,20.0
LC918512.1,75.91803,10.0,7549.0,7545.0,GII.P17,,3500.0,5103.0,polyprotein_fallback,GII.17,,5084.0,6700.0,True,20.0
LC918511.1,75.92471,0.0,7576.0,7582.0,GII.P17,,3500.0,5113.0,polyprotein_fallback,GII.17,,5094.0,6710.0,True,20.0
LC918510.1,75.99018,0.0,7534.0,7540.0,GII.P17,,3500.0,5113.0,polyprotein_fallback,GII.17,,5094.0,6710.0,True,20.0
LC918509.1,75.60936,10.0,7507.0,7503.0,GII.P17,,3500.0,5103.0,polyprotein_fallback,GII.17,,5084.0,6706.0,True,20.0
LC918508.1,75.796906,24.0,7579.0,7561.0,GII.P17,,3500.0,5089.0,polyprotein_fallback,GII.17,,5070.0,6686.0,True,20.0
LC918507.1,75.86942,14.0,7552.0,7544.0,GII.P17,,3500.0,5099.0,polyprotein_fallback,GII.17,,5080.0,6696.0,True,20.0
LC868438.1,75.87453,21.0,7499.0,7484.0,GII.P17,,3500.0,5092.0,polyprotein_fallback,GII.17,,5073.0,6689.0,True,20.0
LC868437.1,75.87734,12.0,7505.0,7499.0,GII.P17,,3500.0,5101.0,polyprotein_fallback,GII.17,,5082.0,6698.0,True,20.0
LC868436.1,75.90223,14.0,7505.0,7497.0,GII.P17,,3500.0,5099.0,polyprotein_fallback,GII.17,,5080.0,6696.0,True,20.0
LC868435.1,75.64102,26.0,7511.0,7491.0,GII.P17,,3500.0,5087.0,polyprotein_fallback,GII.17,,5068.0,6684.0,True,20.0
LC868434.1,75.85302,14.0,7501.0,7493.0,GII.P17,,3500.0,5099.0,polyprotein_fallback,GII.17,,5080.0,6696.0,True,20.0
LC868433.1,75.84962,19.0,7501.0,7488.0,GII.P17,,3500.0,5094.0,polyprotein_fallback,GII.17,,5075.0,6691.0,True,20.0
LC868432.1,75.661026,21.0,7501.0,7486.0,GII.P17,,3500.0,5092.0,polyprotein_fallback,GII.17,,5073.0,6689.0,True,20.0
LC868431.1,75.885826,14.0,7501.0,7493.0,GII.P17,,3500.0,5099.0,polyprotein_fallback,GII.17,,5080.0,6696.0,True,20.0
LC868430.1,75.885826,14.0,7501.0,7493.0,GII.P17,,3500.0,5099.0,polyprotein_fallback,GII.17,,5080.0,6696.0,True,20.0
LC868429.1,75.885826,14.0,7496.0,7488.0,GII.P17,,3500.0,5099.0,polyprotein_fallback,GII.17,,5080.0,6696.0,True,20.0
LC868428.1,75.85302,14.0,7504.0,7496.0,GII.P17,,3500.0,5099.0,polyprotein_fallback,GII.17,,5080.0,6696.0,True,20.0
LC868427.1,75.87734,12.0,7501.0,7495.0,GII.P17,,3500.0,5101.0,polyprotein_fallback,GII.17,,5082.0,6698.0,True,20.0
LC868426.1,75.83265,15.0,7504.0,7495.0,GII.P17,,3500.0,5098.0,polyprotein_fallback,GII.17,,5079.0,6695.0,True,20.0
MF352144.1,68.88809,31.0,7525.0,7497.0,GII.P26,,3541.0,5070.0,annotated_rdrp,GII.26,,5054.0,6682.0,True,17.0
MF352143.1,68.71721,31.0,7525.0,7497.0,GII.P26,,3541.0,5070.0,annotated_rdrp,GII.26,,5054.0,6682.0,True,17.0
MF352142.1,69.060974,31.0,7525.0,7497.0,GII.P26,,3541.0,5070.0,annotated_rdrp,GII.26,,5054.0,6682.0,True,17.0
MG572732.1,68.56476,31.0,7525.0,7497.0,GII.P26,,3500.0,5073.0,polyprotein_fallback,GII.26,,5054.0,6682.0,True,20.0
MG572731.1,68.572464,31.0,7525.0,7497.0,GII.P26,,3500.0,5073.0,polyprotein_fallback,GII.26,,5054.0,6682.0,True,20.0
MG572730.1,68.62675,31.0,7525.0,7497.0,GII.P26,,3500.0,5073.0,polyprotein_fallback,GII.26,,5054.0,6682.0,True,20.0
MG572719.1,68.482,31.0,7525.0,7497.0,GII.P26,,3500.0,5073.0,polyprotein_fallback,GII.26,,5054.0,6682.0,True,20.0
MG572182.1,77.578415,0.0,7518.0,7518.0,GII.P16,,3500.0,5104.0,polyprotein_fallback,GII.1,,5085.0,6692.0,True,20.0
MG548737.1,85.19127,0.0,7565.0,7559.0,GII.P4,Den_Haag_2006b,3500.0,5104.0,polyprotein_fallback,GII.4,Den_Haag_2006b,5085.0,6707.0,True,20.0
MG049692.1,83.72464,4.0,7516.0,7509.0,GII.P4,Den_Haag_2006b,3500.0,5100.0,polyprotein_fallback,GII.4,Den_Haag_2006b,5081.0,6703.0,True,20.0
MG746045.1,76.47733,0.0,7536.0,7536.0,GII.P16,,3572.0,5101.0,annotated_rdrp,GII.2,,5085.0,6713.0,True,17.0
MG746044.1,76.4937,0.0,7536.0,7536.0,GII.P16,,3572.0,5101.0,annotated_rdrp,GII.2,,5085.0,6713.0,True,17.0
MG746043.1,76.54281,0.0,7536.0,7536.0,GII.P16,,3572.0,5101.0,annotated_rdrp,GII.2,,5085.0,6713.0,True,17.0
MG746042.1,76.38347,0.0,7536.0,7536.0,GII.P16,,3572.0,5101.0,annotated_rdrp,GII.2,,5085.0,6713.0,True,17.0
MG746041.1,76.51006,0.0,7536.0,7536.0,GII.P16,,3572.0,5101.0,annotated_rdrp,GII.2,,5085.0,6713.0,True,17.0
MG746040.1,76.58114,0.0,7536.0,7536.0,GII.P16,,3572.0,5101.0,annotated_rdrp,GII.2,,5085.0,6713.0,True,17.0
MG746039.1,76.59191,0.0,7536.0,7536.0,GII.P16,,3572.0,5101.0,annotated_rdrp,GII.2,,5085.0,6713.0,True,17.0
MG746038.1,76.67919,0.0,7536.0,7536.0,GII.P16,,3572.0,5101.0,annotated_rdrp,GII.2,,5085.0,6713.0,True,17.0
MG746037.1,76.644844,0.0,7536.0,7536.0,GII.P16,,3572.0,5101.0,annotated_rdrp,GII.2,,5085.0,6713.0,True,17.0
MG746036.1,76.75941,0.0,7536.0,7536.0,GII.P16,,3572.0,5101.0,annotated_rdrp,GII.2,,5085.0,6713.0,True,17.0
MG746035.1,76.644844,0.0,7536.0,7536.0,GII.P16,,3572.0,5101.0,annotated_rdrp,GII.2,,5085.0,6713.0,True,17.0
MG746034.1,76.4937,0.0,7536.0,7536.0,GII.P16,,3572.0,5101.0,annotated_rdrp,GII.2,,5085.0,6713.0,True,17.0
MG746033.1,76.564804,0.0,7536.0,7536.0,GII.P16,,3572.0,5101.0,annotated_rdrp,GII.2,,5085.0,6713.0,True,17.0
MG746032.1,76.61382,0.0,7536.0,7536.0,GII.P16,,3572.0,5101.0,annotated_rdrp,GII.2,,5085.0,6713.0,True,17.0
MG746031.1,76.57554,0.0,7536.0,7536.0,GII.P16,,3572.0,5101.0,annotated_rdrp,GII.2,,5085.0,6713.0,True,17.0
MG746030.1,76.483086,0.0,7536.0,7536.0,GII.P16,,3572.0,5101.0,annotated_rdrp,GII.2,,5085.0,6713.0,True,17.0
MG746029.1,76.62848,0.0,7536.0,7536.0,GII.P16,,3572.0,5101.0,annotated_rdrp,GII.2,,5085.0,6713.0,True,17.0
MG746028.1,76.61211,0.0,7536.0,7536.0,GII.P16,,3572.0,5101.0,annotated_rdrp,GII.2,,5085.0,6713.0,True,17.0
MG746027.1,76.53028,0.0,7536.0,7536.0,GII.P16,,3572.0,5101.0,annotated_rdrp,GII.2,,5085.0,6713.0,True,17.0
MG746026.1,76.64102,0.0,7536.0,7536.0,GII.P16,,3572.0,5101.0,annotated_rdrp,GII.2,,5085.0,6713.0,True,17.0
MG746025.1,76.57554,0.0,7536.0,7536.0,GII.P16,,3572.0,5101.0,annotated_rdrp,GII.2,,5085.0,6713.0,True,17.0
MG746024.1,76.59191,0.0,7536.0,7536.0,GII.P16,,3572.0,5101.0,annotated_rdrp,GII.2,,5085.0,6713.0,True,17.0
MG746023.1,76.59575,0.0,7536.0,7536.0,GII.P16,,3572.0,5101.0,annotated_rdrp,GII.2,,5085.0,6713.0,True,17.0
MG746022.1,76.61211,0.0,7536.0,7536.0,GII.P16,,3572.0,5101.0,annotated_rdrp,GII.2,,5085.0,6713.0,True,17.0
MG746021.1,76.49943,0.0,7536.0,7536.0,GII.P16,,3572.0,5101.0,annotated_rdrp,GII.2,,5085.0,6713.0,True,17.0
MG746020.1,76.657394,0.0,7536.0,7536.0,GII.P16,,3572.0,5101.0,annotated_rdrp,GII.2,,5085.0,6713.0,True,17.0
MG746019.1,76.73924,0.0,7536.0,7536.0,GII.P16,,3572.0,5101.0,annotated_rdrp,GII.2,,5085.0,6713.0,True,17.0
MG746018.1,76.657394,0.0,7536.0,7536.0,GII.P16,,3572.0,5101.0,annotated_rdrp,GII.2,,5085.0,6713.0,True,17.0
MG746017.1,76.51577,0.0,7536.0,7536.0,GII.P16,,3572.0,5101.0,annotated_rdrp,GII.2,,5085.0,6713.0,True,17.0
MG746016.1,76.62848,0.0,7536.0,7536.0,GII.P16,,3572.0,5101.0,annotated_rdrp,GII.2,,5085.0,6713.0,True,17.0
MG746015.1,76.51577,0.0,7536.0,7536.0,GII.P16,,3572.0,5101.0,annotated_rdrp,GII.2,,5085.0,6713.0,True,17.0
MG746014.1,76.64102,0.0,7536.0,7536.0,GII.P16,,3572.0,5101.0,annotated_rdrp,GII.2,,5085.0,6713.0,True,17.0
MG746013.1,76.62465,0.0,7536.0,7536.0,GII.P16,,3572.0,5101.0,annotated_rdrp,GII.2,,5085.0,6713.0,True,17.0
MG746012.1,76.608284,0.0,7536.0,7536.0,GII.P16,,3572.0,5101.0,annotated_rdrp,GII.2,,5085.0,6713.0,True,17.0
MG746011.1,76.62465,0.0,7536.0,7536.0,GII.P16,,3572.0,5101.0,annotated_rdrp,GII.2,,5085.0,6713.0,True,17.0
MG746010.1,76.51577,0.0,7536.0,7536.0,GII.P16,,3572.0,5101.0,annotated_rdrp,GII.2,,5085.0,6713.0,True,17.0
MG746009.1,76.66121,0.0,7536.0,7536.0,GII.P16,,3572.0,5101.0,annotated_rdrp,GII.2,,5085.0,6713.0,True,17.0
MG746008.1,76.57938,0.0,7536.0,7536.0,GII.P16,,3572.0,5101.0,annotated_rdrp,GII.2,,5085.0,6713.0,True,17.0
MG746007.1,76.42822,0.0,7536.0,7536.0,GII.P16,,3572.0,5101.0,annotated_rdrp,GII.2,,5085.0,6713.0,True,17.0
MG746006.1,76.548454,0.0,7536.0,7536.0,GII.P16,,3572.0,5101.0,annotated_rdrp,GII.2,,5085.0,6713.0,True,17.0
MG746005.1,76.43406,0.0,7536.0,7536.0,GII.P16,,3572.0,5101.0,annotated_rdrp,GII.2,,5085.0,6713.0,True,17.0
MG746004.1,76.66121,0.0,7536.0,7536.0,GII.P16,,3572.0,5101.0,annotated_rdrp,GII.2,,5085.0,6713.0,True,17.0
MG746003.1,76.66121,0.0,7536.0,7536.0,GII.P16,,3572.0,5101.0,annotated_rdrp,GII.2,,5085.0,6713.0,True,17.0
MG746002.1,76.59191,0.0,7536.0,7536.0,GII.P16,,3572.0,5101.0,annotated_rdrp,GII.2,,5085.0,6713.0,True,17.0
MG746001.1,76.59191,0.0,7536.0,7536.0,GII.P16,,3572.0,5101.0,annotated_rdrp,GII.2,,5085.0,6713.0,True,17.0
MG746000.1,76.44459,0.0,7536.0,7536.0,GII.P16,,3572.0,5101.0,annotated_rdrp,GII.2,,5085.0,6713.0,True,17.0
MG745999.1,76.44459,0.0,7536.0,7536.0,GII.P16,,3572.0,5101.0,annotated_rdrp,GII.2,,5085.0,6713.0,True,17.0
MG745998.1,76.4504,0.0,7536.0,7536.0,GII.P16,,3572.0,5101.0,annotated_rdrp,GII.2,,5085.0,6713.0,True,17.0
MG745997.1,76.46674,0.0,7536.0,7536.0,GII.P16,,3572.0,5101.0,annotated_rdrp,GII.2,,5085.0,6713.0,True,17.0
MG745996.1,76.548454,0.0,7536.0,7536.0,GII.P16,,3572.0,5101.0,annotated_rdrp,GII.2,,5085.0,6713.0,True,17.0
MG745995.1,76.61382,0.0,7536.0,7536.0,GII.P16,,3572.0,5101.0,annotated_rdrp,GII.2,,5085.0,6713.0,True,17.0
MG745994.1,76.62848,0.0,7536.0,7536.0,GII.P16,,3572.0,5101.0,annotated_rdrp,GII.2,,5085.0,6713.0,True,17.0
MG745993.1,76.49943,0.0,7536.0,7536.0,GII.P16,,3572.0,5101.0,annotated_rdrp,GII.2,,5085.0,6713.0,True,17.0
MG745992.1,76.548454,0.0,7536.0,7536.0,GII.P16,,3572.0,5101.0,annotated_rdrp,GII.2,,5085.0,6713.0,True,17.0
MG745991.1,76.564804,0.0,7536.0,7536.0,GII.P16,,3572.0,5101.0,annotated_rdrp,GII.2,,5085.0,6713.0,True,17.0
MG745990.1,76.66286,0.0,7536.0,7536.0,GII.P16,,3572.0,5101.0,annotated_rdrp,GII.2,,5085.0,6713.0,True,17.0
MG745989.1,76.62465,0.0,7536.0,7536.0,GII.P16,,3572.0,5101.0,annotated_rdrp,GII.2,,5085.0,6713.0,True,17.0
MG745988.1,76.62465,0.0,7536.0,7536.0,GII.P16,,3572.0,5101.0,annotated_rdrp,GII.2,,5085.0,6713.0,True,17.0
MG745987.1,76.53211,0.0,7536.0,7536.0,GII.P16,,3572.0,5101.0,annotated_rdrp,GII.2,,5085.0,6713.0,True,17.0
MG745986.1,76.46674,0.0,7536.0,7536.0,GII.P16,,3572.0,5101.0,annotated_rdrp,GII.2,,5085.0,6713.0,True,17.0
MG745985.1,76.51391,0.0,7536.0,7536.0,GII.P16,,3572.0,5101.0,annotated_rdrp,GII.2,,5085.0,6713.0,True,17.0
MG706448.1,73.92179,9.0,7531.0,7525.0,GII.PNA2,,3563.0,5092.0,annotated_rdrp,GII.NA2,,5076.0,6704.0,True,17.0
MG692610.1,75.84518,0.0,7550.0,7556.0,GII.P17,,3581.0,5110.0,annotated_rdrp,GII.17,,5094.0,6716.0,True,17.0
MG892974.3,76.543816,4.0,7557.0,7553.0,GII.P16,,3568.0,5097.0,annotated_rdrp,GII.2,,5081.0,6709.0,True,17.0
MG892953.3,76.49723,0.0,7568.0,7568.0,GII.P16,,3572.0,5101.0,annotated_rdrp,GII.3,,5085.0,6731.0,True,17.0
MG892946.3,76.31844,0.0,7569.0,7569.0,GII.P16,,3572.0,5101.0,annotated_rdrp,GII.3,,5085.0,6731.0,True,17.0
MG892929.3,75.87683,0.0,7587.0,7581.0,GII.P16,,3572.0,5101.0,annotated_rdrp,GII.4,Sydney_2016,5085.0,6707.0,True,17.0
MG892908.3,76.48215,0.0,7510.0,7510.0,GII.P16,,3572.0,5101.0,annotated_rdrp,GII.13,,5085.0,6713.0,True,17.0
MH321825.1,76.55917,0.0,7536.0,7536.0,GII.P16,,3572.0,5101.0,annotated_rdrp,GII.2,,5085.0,6713.0,True,17.0
MH218738.1,81.2374,0.0,7563.0,7563.0,GII.P21,,3572.0,5101.0,annotated_rdrp,GII.3,,5085.0,6731.0,True,17.0
MH218737.1,78.19401,0.0,7537.0,7537.0,GII.P2,,3572.0,5101.0,annotated_rdrp,GII.2,,5085.0,6713.0,True,17.0
MH218736.1,78.17467,0.0,7537.0,7537.0,GII.P2,,3572.0,5101.0,annotated_rdrp,GII.2,,5085.0,6713.0,True,17.0
MH218735.1,78.207436,0.0,7537.0,7537.0,GII.P2,,3572.0,5101.0,annotated_rdrp,GII.2,,5085.0,6713.0,True,17.0
MH218734.1,77.90811,0.0,7536.0,7536.0,GII.P2,,3572.0,5101.0,annotated_rdrp,GII.2,,5085.0,6713.0,True,17.0
MH218733.1,85.99279,0.0,7550.0,7550.0,GII.P31,,3572.0,5101.0,annotated_rdrp,GII.2,,5085.0,6713.0,True,17.0
MH218732.1,81.06927,0.0,7548.0,7548.0,GII.P21,,3572.0,5101.0,annotated_rdrp,GII.3,,5085.0,6731.0,True,17.0
MH218731.1,81.75027,0.0,7498.0,7498.0,GII.P33,,3578.0,5107.0,annotated_rdrp,GII.1,,5091.0,6698.0,True,17.0
MH218719.1,87.43846,6.0,7559.0,7550.0,GII.P7,,3500.0,5098.0,polyprotein_fallback,GII.6,,5079.0,6722.0,True,20.0
MH218718.1,84.59898,0.0,7552.0,7546.0,GII.P4,New_Orleans_2009,3572.0,5101.0,annotated_rdrp,GII.4,Could not assign,5085.0,6707.0,True,17.0
MH218717.1,81.05794,0.0,7548.0,7548.0,GII.P21,,3572.0,5101.0,annotated_rdrp,GII.3,,5085.0,6731.0,True,17.0
MH218716.1,84.648186,0.0,7542.0,7536.0,GII.P4,New_Orleans_2009,3572.0,5101.0,annotated_rdrp,GII.4,Could not assign,5085.0,6707.0,True,17.0
MH218715.1,85.140236,0.0,7572.0,7566.0,GII.P31,,3572.0,5101.0,annotated_rdrp,GII.4,Sydney_2012,5085.0,6707.0,True,17.0
MH218714.1,84.35296,0.0,7519.0,7513.0,GII.P4,New_Orleans_2009,3572.0,5101.0,annotated_rdrp,GII.4,Could not assign,5085.0,6707.0,True,17.0
MH218713.1,84.66459,0.0,7523.0,7517.0,GII.P4,New_Orleans_2009,3572.0,5101.0,annotated_rdrp,GII.4,Could not assign,5085.0,6707.0,True,17.0
MH218712.1,81.06927,0.0,7555.0,7555.0,GII.P21,,3572.0,5101.0,annotated_rdrp,GII.3,,5085.0,6731.0,True,17.0
MH218711.1,85.140236,0.0,7557.0,7551.0,GII.P31,,3572.0,5101.0,annotated_rdrp,GII.4,Sydney_2012,5085.0,6707.0,True,17.0
MH218710.1,84.43497,0.0,7523.0,7517.0,GII.P4,New_Orleans_2009,3572.0,5101.0,annotated_rdrp,GII.4,Could not assign,5085.0,6707.0,True,17.0
MH218709.1,85.07463,0.0,7523.0,7517.0,GII.P31,,3572.0,5101.0,annotated_rdrp,GII.4,Sydney_2012,5085.0,6707.0,True,17.0
MH218708.1,85.091034,0.0,7574.0,7568.0,GII.P31,,3572.0,5101.0,annotated_rdrp,GII.4,Sydney_2012,5085.0,6707.0,True,17.0
MH218707.1,85.041824,0.0,7523.0,7517.0,GII.P31,,3572.0,5101.0,annotated_rdrp,GII.4,Sydney_2012,5085.0,6707.0,True,17.0
MH218706.1,84.992615,0.0,7574.0,7568.0,GII.P31,,3572.0,5101.0,annotated_rdrp,GII.4,Sydney_2012,5085.0,6707.0,True,17.0
MH218705.1,85.05823,0.0,7569.0,7563.0,GII.P31,,3572.0,5101.0,annotated_rdrp,GII.4,Sydney_2012,5085.0,6707.0,True,17.0
MH218704.1,84.61539,0.0,7575.0,7569.0,GII.P4,New_Orleans_2009,3572.0,5101.0,annotated_rdrp,GII.4,Could not assign,5085.0,6707.0,True,17.0
MH218703.1,84.68099,0.0,7558.0,7552.0,GII.P4,New_Orleans_2009,3572.0,5101.0,annotated_rdrp,GII.4,Could not assign,5085.0,6707.0,True,17.0
MH218702.1,85.173035,0.0,7523.0,7517.0,GII.P31,,3572.0,5101.0,annotated_rdrp,GII.4,Sydney_2012,5085.0,6707.0,True,17.0
MH218701.1,84.992615,0.0,7552.0,7546.0,GII.P31,,3572.0,5101.0,annotated_rdrp,GII.4,Sydney_2012,5085.0,6707.0,True,17.0
MH218700.1,85.12383,0.0,7577.0,7571.0,GII.P31,,3572.0,5101.0,annotated_rdrp,GII.4,Sydney_2012,5085.0,6707.0,True,17.0
MH218699.1,85.10743,0.0,7566.0,7560.0,GII.P31,,3572.0,5101.0,annotated_rdrp,GII.4,Sydney_2012,5085.0,6707.0,True,17.0
MH218698.1,84.68099,0.0,7577.0,7571.0,GII.P4,New_Orleans_2009,3572.0,5101.0,annotated_rdrp,GII.4,Could not assign,5085.0,6707.0,True,17.0
MH218697.1,85.81711,0.0,7545.0,7545.0,GII.P31,,3572.0,5101.0,annotated_rdrp,GII.2,,5085.0,6713.0,True,17.0
MH218696.1,81.05794,0.0,7548.0,7548.0,GII.P21,,3572.0,5101.0,annotated_rdrp,GII.3,,5085.0,6731.0,True,17.0
MH218695.1,84.59898,0.0,7580.0,7574.0,GII.P4,New_Orleans_2009,3572.0,5101.0,annotated_rdrp,GII.4,Could not assign,5085.0,6707.0,True,17.0
MH218694.1,85.091034,0.0,7553.0,7547.0,GII.P31,,3572.0,5101.0,annotated_rdrp,GII.4,Sydney_2012,5085.0,6707.0,True,17.0
MH218693.1,80.88433,0.0,7548.0,7548.0,GII.P21,,3572.0,5101.0,annotated_rdrp,GII.3,,5085.0,6731.0,True,17.0
MH218692.1,87.38159,6.0,7505.0,7502.0,GII.P7,,3500.0,5098.0,polyprotein_fallback,GII.7,,5079.0,6701.0,True,20.0
MH218691.1,84.440414,0.0,7556.0,7550.0,GII.P4,New_Orleans_2009,3572.0,5101.0,annotated_rdrp,GII.4,Could not assign,5085.0,6707.0,True,17.0
MH218690.1,80.91795,0.0,7548.0,7548.0,GII.P21,,3572.0,5101.0,annotated_rdrp,GII.3,,5085.0,6731.0,True,17.0
MH218689.1,75.646484,0.0,7556.0,7562.0,GII.P17,,3581.0,5110.0,annotated_rdrp,GII.17,,5094.0,6716.0,True,17.0
MH218688.1,80.91795,0.0,7548.0,7548.0,GII.P21,,3572.0,5101.0,annotated_rdrp,GII.3,,5085.0,6731.0,True,17.0
MH218687.1,87.47838,6.0,7555.0,7546.0,GII.P7,,3500.0,5098.0,polyprotein_fallback,GII.6,,5079.0,6722.0,True,20.0
MH218686.1,80.901146,0.0,7548.0,7548.0,GII.P21,,3572.0,5101.0,annotated_rdrp,GII.3,,5085.0,6731.0,True,17.0
MH218685.1,75.79878,0.0,7565.0,7559.0,GII.P16,,3572.0,5101.0,annotated_rdrp,GII.4,Sydney_2016,5085.0,6707.0,True,17.0
MH218684.1,75.87683,0.0,7573.0,7567.0,GII.P16,,3572.0,5101.0,annotated_rdrp,GII.4,Sydney_2016,5085.0,6707.0,True,17.0
MH218683.1,80.901146,0.0,7548.0,7548.0,GII.P21,,3572.0,5101.0,annotated_rdrp,GII.3,,5085.0,6731.0,True,17.0
MH218682.1,80.901146,0.0,7548.0,7548.0,GII.P21,,3572.0,5101.0,annotated_rdrp,GII.3,,5085.0,6731.0,True,17.0
MH218681.1,80.91795,0.0,7548.0,7548.0,GII.P21,,3572.0,5101.0,annotated_rdrp,GII.3,,5085.0,6731.0,True,17.0
MH218680.1,80.91795,0.0,7548.0,7548.0,GII.P21,,3572.0,5101.0,annotated_rdrp,GII.3,,5085.0,6731.0,True,17.0
MH218679.1,80.91795,0.0,7548.0,7548.0,GII.P21,,3572.0,5101.0,annotated_rdrp,GII.3,,5085.0,6731.0,True,17.0
MH218678.1,80.88433,0.0,7548.0,7548.0,GII.P21,,3572.0,5101.0,annotated_rdrp,GII.3,,5085.0,6731.0,True,17.0
MH218677.1,80.91795,0.0,7548.0,7548.0,GII.P21,,3572.0,5101.0,annotated_rdrp,GII.3,,5085.0,6731.0,True,17.0
MH218676.1,80.91795,0.0,7548.0,7548.0,GII.P21,,3572.0,5101.0,annotated_rdrp,GII.3,,5085.0,6731.0,True,17.0
MH218675.1,80.93477,0.0,7548.0,7548.0,GII.P21,,3572.0,5101.0,annotated_rdrp,GII.3,,5085.0,6731.0,True,17.0
MH218674.1,84.959816,0.0,7565.0,7559.0,GII.P31,,3572.0,5101.0,annotated_rdrp,GII.4,Sydney_2012,5085.0,6707.0,True,17.0
MH218673.1,87.85345,6.0,7530.0,7521.0,GII.P7,,3500.0,5098.0,polyprotein_fallback,GII.6,,5079.0,6722.0,True,20.0
MH218672.1,80.91795,0.0,7548.0,7548.0,GII.P21,,3572.0,5101.0,annotated_rdrp,GII.3,,5085.0,6731.0,True,17.0
MH218671.1,80.93477,0.0,7548.0,7548.0,GII.P21,,3572.0,5101.0,annotated_rdrp,GII.3,,5085.0,6731.0,True,17.0
MH218670.1,84.238144,0.0,7556.0,7550.0,GII.P4,New_Orleans_2009,3572.0,5101.0,annotated_rdrp,GII.4,Could not assign,5085.0,6707.0,True,17.0
MH218669.1,84.14053,0.0,7570.0,7564.0,GII.P4,New_Orleans_2009,3572.0,5101.0,annotated_rdrp,GII.4,Could not assign,5085.0,6707.0,True,17.0
MH218668.1,80.91795,0.0,7548.0,7548.0,GII.P21,,3572.0,5101.0,annotated_rdrp,GII.3,,5085.0,6731.0,True,17.0
MH218667.1,87.54812,6.0,7530.0,7521.0,GII.P7,,3500.0,5098.0,polyprotein_fallback,GII.6,,5079.0,6722.0,True,20.0
MH218666.1,87.85345,6.0,7530.0,7521.0,GII.P7,,3500.0,5098.0,polyprotein_fallback,GII.6,,5079.0,6722.0,True,20.0
MH218665.1,84.34152,0.0,7560.0,7554.0,GII.P4,New_Orleans_2009,3572.0,5101.0,annotated_rdrp,GII.4,Could not assign,5085.0,6707.0,True,17.0
MH218663.1,84.992615,0.0,7565.0,7559.0,GII.P31,,3572.0,5101.0,annotated_rdrp,GII.4,Sydney_2012,5085.0,6707.0,True,17.0
MH218662.1,84.992615,0.0,7565.0,7559.0,GII.P31,,3572.0,5101.0,annotated_rdrp,GII.4,Sydney_2012,5085.0,6707.0,True,17.0
MH218661.1,87.21245,6.0,7541.0,7538.0,GII.P7,,3500.0,5098.0,polyprotein_fallback,GII.7,,5079.0,6701.0,True,20.0
MH218660.1,80.91795,0.0,7548.0,7548.0,GII.P21,,3572.0,5101.0,annotated_rdrp,GII.3,,5085.0,6731.0,True,17.0
MH218658.1,87.14479,6.0,7545.0,7542.0,GII.P7,,3500.0,5098.0,polyprotein_fallback,GII.7,,5079.0,6701.0,True,20.0
MH218657.1,85.87811,0.0,7497.0,7497.0,GII.P31,,3572.0,5101.0,annotated_rdrp,GII.2,,5085.0,6713.0,True,17.0
MH218655.1,78.11222,0.0,7537.0,7537.0,GII.P2,,3572.0,5101.0,annotated_rdrp,GII.2,,5085.0,6713.0,True,17.0
MH218654.1,81.2374,0.0,7548.0,7548.0,GII.P21,,3572.0,5101.0,annotated_rdrp,GII.3,,5085.0,6731.0,True,17.0
MH218653.1,81.10289,0.0,7548.0,7548.0,GII.P21,,3572.0,5101.0,annotated_rdrp,GII.3,,5085.0,6731.0,True,17.0
MH218652.1,84.96721,0.0,7560.0,7560.0,GII.P4,New_Orleans_2009,3572.0,5101.0,annotated_rdrp,GII.4,Could not assign,5085.0,6707.0,True,17.0
MH218651.1,81.04918,0.0,7484.0,7484.0,GII.P21,,3572.0,5101.0,annotated_rdrp,GII.13,,5085.0,6713.0,True,17.0
MH218650.1,87.23885,6.0,7559.0,7550.0,GII.P7,,3500.0,5098.0,polyprotein_fallback,GII.6,,5079.0,6722.0,True,20.0
MH218646.1,81.119705,0.0,7548.0,7548.0,GII.P21,,3572.0,5101.0,annotated_rdrp,GII.3,,5085.0,6731.0,True,17.0
MH218645.1,87.85345,6.0,7530.0,7521.0,GII.P7,,3500.0,5098.0,polyprotein_fallback,GII.6,,5079.0,6722.0,True,20.0
MH218644.1,87.41184,6.0,7559.0,7550.0,GII.P7,,3500.0,5098.0,polyprotein_fallback,GII.6,,5079.0,6722.0,True,20.0
MH218643.1,87.491684,6.0,7559.0,7550.0,GII.P7,,3500.0,5098.0,polyprotein_fallback,GII.6,,5079.0,6722.0,True,20.0
MH218642.1,88.00956,6.0,7533.0,7524.0,GII.P7,,3500.0,5098.0,polyprotein_fallback,GII.6,,5079.0,6722.0,True,20.0
MH218641.1,87.09248,6.0,7559.0,7550.0,GII.P7,,3500.0,5098.0,polyprotein_fallback,GII.6,,5079.0,6722.0,True,20.0
MH218640.1,87.65137,6.0,7559.0,7550.0,GII.P7,,3500.0,5098.0,polyprotein_fallback,GII.6,,5079.0,6722.0,True,20.0
MH218639.1,87.39854,6.0,7559.0,7550.0,GII.P7,,3500.0,5098.0,polyprotein_fallback,GII.6,,5079.0,6722.0,True,20.0
MH218638.1,85.12383,0.0,7565.0,7559.0,GII.P31,,3572.0,5101.0,annotated_rdrp,GII.4,Sydney_2012,5085.0,6707.0,True,17.0
MH218637.1,84.63179,0.0,7565.0,7559.0,GII.P31,,3572.0,5101.0,annotated_rdrp,GII.4,Could not assign,5085.0,6707.0,True,17.0
MH218636.1,85.152176,0.0,7566.0,7566.0,GII.P4,New_Orleans_2009,3572.0,5101.0,annotated_rdrp,GII.4,Sydney_2012,5085.0,6707.0,True,17.0
MH218635.1,84.63179,0.0,7565.0,7559.0,GII.P31,,3572.0,5101.0,annotated_rdrp,GII.4,Sydney_2012,5085.0,6707.0,True,17.0
MH218634.1,84.63179,0.0,7566.0,7560.0,GII.P31,,3572.0,5101.0,annotated_rdrp,GII.4,Sydney_2012,5085.0,6707.0,True,17.0
MH218633.1,85.152176,0.0,7566.0,7566.0,GII.P4,New_Orleans_2009,3572.0,5101.0,annotated_rdrp,GII.4,Sydney_2012,5085.0,6707.0,True,17.0
MH218632.1,84.992615,0.0,7565.0,7559.0,GII.P31,,3572.0,5101.0,annotated_rdrp,GII.4,Sydney_2012,5085.0,6707.0,True,17.0
MH218631.1,84.8122,0.0,7565.0,7559.0,GII.P31,,3572.0,5101.0,annotated_rdrp,GII.4,Sydney_2012,5085.0,6707.0,True,17.0
MH218630.1,80.93477,0.0,7542.0,7542.0,GII.P21,,3572.0,5101.0,annotated_rdrp,GII.3,,5085.0,6731.0,True,17.0
MH218629.1,85.10743,0.0,7565.0,7559.0,GII.P31,,3572.0,5101.0,annotated_rdrp,GII.4,Sydney_2012,5085.0,6707.0,True,17.0
MH218628.1,84.84501,0.0,7565.0,7559.0,GII.P31,,3572.0,5101.0,annotated_rdrp,GII.4,Sydney_2012,5085.0,6707.0,True,17.0
MH218627.1,85.10743,0.0,7565.0,7559.0,GII.P31,,3572.0,5101.0,annotated_rdrp,GII.4,Sydney_2012,5085.0,6707.0,True,17.0
MH218626.1,84.959816,0.0,7566.0,7560.0,GII.P31,,3572.0,5101.0,annotated_rdrp,GII.4,Sydney_2012,5085.0,6707.0,True,17.0
MH218625.1,84.94341,0.0,7566.0,7560.0,GII.P31,,3572.0,5101.0,annotated_rdrp,GII.4,Sydney_2012,5085.0,6707.0,True,17.0
MH218624.1,85.25504,0.0,7566.0,7560.0,GII.P31,,3572.0,5101.0,annotated_rdrp,GII.4,Sydney_2012,5085.0,6707.0,True,17.0
MH218623.1,84.992615,0.0,7566.0,7560.0,GII.P31,,3572.0,5101.0,annotated_rdrp,GII.4,Sydney_2012,5085.0,6707.0,True,17.0
MH218622.1,84.992615,0.0,7566.0,7560.0,GII.P31,,3572.0,5101.0,annotated_rdrp,GII.4,Sydney_2012,5085.0,6707.0,True,17.0
MH218621.1,84.992615,0.0,7566.0,7560.0,GII.P31,,3572.0,5101.0,annotated_rdrp,GII.4,Sydney_2012,5085.0,6707.0,True,17.0
MH218620.1,84.992615,0.0,7566.0,7560.0,GII.P31,,3572.0,5101.0,annotated_rdrp,GII.4,Sydney_2012,5085.0,6707.0,True,17.0
MH218619.1,84.53338,0.0,7538.0,7532.0,GII.P4,New_Orleans_2009,3572.0,5101.0,annotated_rdrp,GII.4,Sydney_2012,5085.0,6707.0,True,17.0
MH218618.1,81.04114,0.0,7548.0,7548.0,GII.P21,,3572.0,5101.0,annotated_rdrp,GII.3,,5085.0,6731.0,True,17.0
MH218617.1,84.418564,0.0,7576.0,7570.0,GII.P4,New_Orleans_2009,3572.0,5101.0,annotated_rdrp,GII.4,Could not assign,5085.0,6707.0,True,17.0
MH218616.1,85.091034,0.0,7565.0,7559.0,GII.P31,,3572.0,5101.0,annotated_rdrp,GII.4,Sydney_2012,5085.0,6707.0,True,17.0
MH218615.1,85.05823,0.0,7565.0,7559.0,GII.P31,,3572.0,5101.0,annotated_rdrp,GII.4,Sydney_2012,5085.0,6707.0,True,17.0
MH218614.1,84.89421,0.0,7566.0,7560.0,GII.P31,,3572.0,5101.0,annotated_rdrp,GII.4,Sydney_2012,5085.0,6707.0,True,17.0
MH218613.1,85.16899,0.0,7579.0,7579.0,GII.P4,New_Orleans_2009,3572.0,5101.0,annotated_rdrp,GII.4,Sydney_2012,5085.0,6707.0,True,17.0
MH218612.1,84.753586,0.0,7570.0,7564.0,GII.P4,New_Orleans_2009,3572.0,5101.0,annotated_rdrp,GII.4,Sydney_2012,5085.0,6707.0,True,17.0
PZ136054.1,81.28674,2.0,7542.0,7540.0,GII.P21,,3570.0,5099.0,annotated_rdrp,GII.3,,5083.0,6729.0,True,17.0
PV746275.1,75.97563,0.0,7525.0,7519.0,GII.P16,,3572.0,5101.0,annotated_rdrp,GII.4,Sydney_2016,5085.0,6707.0,True,17.0
PV765570.1,75.82706,4.0,7549.0,7551.0,GII.P17,,3577.0,5106.0,annotated_rdrp,GII.17,,5090.0,6706.0,True,17.0
PV765568.1,75.84344,4.0,7549.0,7551.0,GII.P17,,3577.0,5106.0,annotated_rdrp,GII.17,,5090.0,6706.0,True,17.0
PV765565.1,75.84344,4.0,7546.0,7548.0,GII.P17,,3577.0,5106.0,annotated_rdrp,GII.17,,5090.0,6706.0,True,17.0
PV806174.1,86.83764,6.0,7485.0,7482.0,GII.P7,,3566.0,5095.0,annotated_rdrp,GII.7,,5079.0,6701.0,True,17.0
PV806173.1,86.83764,6.0,7485.0,7482.0,GII.P7,,3566.0,5095.0,annotated_rdrp,GII.7,,5079.0,6701.0,True,17.0
PV806172.1,86.83764,6.0,7485.0,7482.0,GII.P7,,3566.0,5095.0,annotated_rdrp,GII.7,,5079.0,6701.0,True,17.0
PV843276.1,76.36869,0.0,7536.0,7536.0,GII.P16,,3572.0,5101.0,annotated_rdrp,GII.2,,5085.0,6713.0,True,17.0
PV902474.1,75.82706,4.0,7549.0,7551.0,GII.P17,,3577.0,5106.0,annotated_rdrp,GII.17,,5090.0,6706.0,True,17.0
PZ059672.1,75.859245,0.0,7511.0,7517.0,GII.P17,,3581.0,5110.0,annotated_rdrp,GII.17,,5094.0,6710.0,True,17.0
PZ059671.1,75.859245,0.0,7511.0,7517.0,GII.P17,,3581.0,5110.0,annotated_rdrp,GII.17,,5094.0,6710.0,True,17.0
PZ059670.1,75.859245,0.0,7511.0,7517.0,GII.P17,,3581.0,5110.0,annotated_rdrp,GII.17,,5094.0,6710.0,True,17.0
PZ059669.1,75.87562,0.0,7511.0,7517.0,GII.P17,,3581.0,5110.0,annotated_rdrp,GII.17,,5094.0,6710.0,True,17.0
PZ059668.1,75.859245,0.0,7511.0,7517.0,GII.P17,,3581.0,5110.0,annotated_rdrp,GII.17,,5094.0,6710.0,True,17.0
PZ059667.1,75.859245,0.0,7511.0,7517.0,GII.P17,,3581.0,5110.0,annotated_rdrp,GII.17,,5094.0,6710.0,True,17.0
PZ136057.1,81.28674,2.0,7542.0,7540.0,GII.P21,,3570.0,5099.0,annotated_rdrp,GII.3,,5083.0,6729.0,True,17.0
OR536445.1,84.50204,7.0,7511.0,7501.0,Could not assign,,3565.0,5094.0,annotated_rdrp,GII.14,,5078.0,6688.0,True,17.0
OR536443.1,84.48509,7.0,7519.0,7515.0,Could not assign,,3565.0,5094.0,annotated_rdrp,GII.14,,5078.0,6688.0,True,17.0
PP498989.1,85.27132,4.0,7562.0,7552.0,GII.P31,,3568.0,5097.0,annotated_rdrp,GII.4,Sydney_2012,5081.0,6703.0,True,17.0
PV553834.1,87.21704,-1.0,7510.0,7508.0,GII.P7,,3573.0,5102.0,annotated_rdrp,GII.6,,5086.0,6729.0,True,17.0
PV588797.1,75.95808,4.0,7511.0,7513.0,GII.P17,,3577.0,5106.0,annotated_rdrp,GII.17,,5090.0,6706.0,True,17.0
PV588796.1,75.90894,4.0,7511.0,7513.0,GII.P17,,3577.0,5106.0,annotated_rdrp,GII.17,,5090.0,6706.0,True,17.0
PV588658.1,75.89257,4.0,7554.0,7556.0,GII.P17,,3577.0,5106.0,annotated_rdrp,GII.17,,5090.0,6706.0,True,17.0
PV588657.1,75.99083,4.0,7554.0,7556.0,GII.P17,,3577.0,5106.0,annotated_rdrp,GII.17,,5090.0,6706.0,True,17.0
PV588656.1,75.89257,4.0,7554.0,7556.0,GII.P17,,3577.0,5106.0,annotated_rdrp,GII.17,,5090.0,6706.0,True,17.0
PV588655.1,75.941696,4.0,7554.0,7556.0,GII.P17,,3577.0,5106.0,annotated_rdrp,GII.17,,5090.0,6706.0,True,17.0
PQ461161.1,88.86649,0.0,7505.0,7505.0,GII.P12,,3572.0,5101.0,annotated_rdrp,GII.3,,5085.0,6731.0,True,17.0
PV636607.1,89.402084,1.0,7524.0,7523.0,GII.P12,,3571.0,5100.0,annotated_rdrp,GII.3,,5084.0,6730.0,True,17.0
PV655189.1,75.82706,4.0,7549.0,7551.0,GII.P17,,3577.0,5106.0,annotated_rdrp,GII.17,,5090.0,6706.0,True,17.0
PV746278.1,76.00857,0.0,7524.0,7518.0,GII.P16,,3572.0,5101.0,annotated_rdrp,GII.4,Sydney_2016,5085.0,6707.0,True,17.0
PV746277.1,75.992096,0.0,7524.0,7518.0,GII.P16,,3572.0,5101.0,annotated_rdrp,GII.4,Sydney_2016,5085.0,6707.0,True,17.0
PV746276.1,75.8933,0.0,7524.0,7518.0,GII.P16,,3572.0,5101.0,annotated_rdrp,GII.4,Sydney_2016,5085.0,6707.0,True,17.0
OR536498.1,80.85642,0.0,7507.0,7507.0,GII.P21,,3572.0,5101.0,annotated_rdrp,GII.3,,5085.0,6731.0,True,17.0
OR536497.1,80.83963,0.0,7507.0,7507.0,GII.P21,,3572.0,5101.0,annotated_rdrp,GII.3,,5085.0,6731.0,True,17.0
OR536496.1,81.00437,0.0,7507.0,7507.0,GII.P21,,3572.0,5101.0,annotated_rdrp,GII.3,,5085.0,6731.0,True,17.0
OR536495.1,80.802826,0.0,7507.0,7507.0,GII.P21,,3572.0,5101.0,annotated_rdrp,GII.3,,5085.0,6731.0,True,17.0
OR536474.1,80.53736,0.0,7505.0,7505.0,GII.P21,,3572.0,5101.0,annotated_rdrp,GII.3,,5085.0,6731.0,True,17.0
OR536471.1,80.52057,0.0,7528.0,7528.0,GII.P21,,3572.0,5101.0,annotated_rdrp,GII.3,,5085.0,6731.0,True,17.0
OR536463.1,84.131836,7.0,7525.0,7515.0,Could not assign,,3565.0,5094.0,annotated_rdrp,GII.14,,5078.0,6688.0,True,17.0
OR536461.1,84.26491,7.0,7525.0,7515.0,Could not assign,,3565.0,5094.0,annotated_rdrp,GII.14,,5078.0,6688.0,True,17.0
OR536456.1,84.112465,7.0,7511.0,7501.0,Could not assign,,3565.0,5094.0,annotated_rdrp,GII.14,,5078.0,6688.0,True,17.0
OR536455.1,84.349594,7.0,7525.0,7515.0,Could not assign,,3565.0,5094.0,annotated_rdrp,GII.14,,5078.0,6688.0,True,17.0
OR536453.1,84.31872,7.0,7525.0,7515.0,Could not assign,,3565.0,5094.0,annotated_rdrp,GII.14,,5078.0,6688.0,True,17.0
OR536452.1,84.19715,7.0,7525.0,7515.0,Could not assign,,3565.0,5094.0,annotated_rdrp,GII.14,,5078.0,6688.0,True,17.0
OR536451.1,84.281845,7.0,7525.0,7515.0,Could not assign,,3565.0,5094.0,annotated_rdrp,GII.14,,5078.0,6688.0,True,17.0
OR536449.1,83.897026,7.0,7525.0,7515.0,Could not assign,,3565.0,5094.0,annotated_rdrp,GII.14,,5078.0,6688.0,True,17.0
OR536448.1,84.31572,7.0,7519.0,7515.0,Could not assign,,3565.0,5094.0,annotated_rdrp,GII.14,,5078.0,6688.0,True,17.0
OR536446.1,84.468155,7.0,7525.0,7515.0,Could not assign,,3565.0,5094.0,annotated_rdrp,GII.14,,5078.0,6688.0,True,17.0
OR546400.1,92.8934,4.0,7487.0,7486.0,GII.P8,,3568.0,5097.0,annotated_rdrp,GII.8,,5081.0,6694.0,True,17.0
OR546399.1,92.93348,4.0,7487.0,7486.0,GII.P8,,3568.0,5097.0,annotated_rdrp,GII.8,,5081.0,6694.0,True,17.0
OR546398.1,92.826614,4.0,7487.0,7486.0,GII.P8,,3568.0,5097.0,annotated_rdrp,GII.8,,5081.0,6694.0,True,17.0
OR546397.1,92.813255,4.0,7487.0,7486.0,GII.P8,,3568.0,5097.0,annotated_rdrp,GII.8,,5081.0,6694.0,True,17.0
OR546396.1,92.813255,4.0,7487.0,7486.0,GII.P8,,3568.0,5097.0,annotated_rdrp,GII.8,,5081.0,6694.0,True,17.0
OR546395.1,93.54796,4.0,7484.0,7486.0,GII.P8,,3568.0,5097.0,annotated_rdrp,GII.8,,5081.0,6694.0,True,17.0
OR546394.1,93.40102,4.0,7484.0,7486.0,GII.P8,,3568.0,5097.0,annotated_rdrp,GII.8,,5081.0,6694.0,True,17.0
OR546393.1,93.34758,4.0,7487.0,7486.0,GII.P8,,3568.0,5097.0,annotated_rdrp,GII.8,,5081.0,6694.0,True,17.0
OR546392.1,93.34758,4.0,7484.0,7486.0,GII.P8,,3568.0,5097.0,annotated_rdrp,GII.8,,5081.0,6694.0,True,17.0
OR546391.1,93.38766,4.0,7484.0,7486.0,GII.P8,,3568.0,5097.0,annotated_rdrp,GII.8,,5081.0,6694.0,True,17.0
PP267298.1,75.77985,0.0,7497.0,7503.0,GII.P17,,3581.0,5110.0,annotated_rdrp,GII.17,,5094.0,6716.0,True,17.0
PP267285.1,75.74718,0.0,7497.0,7503.0,GII.P17,,3581.0,5110.0,annotated_rdrp,GII.17,,5094.0,6716.0,True,17.0
PP267284.1,75.6002,0.0,7497.0,7503.0,GII.P17,,3581.0,5110.0,annotated_rdrp,GII.17,,5094.0,6716.0,True,17.0
PP267279.1,75.6002,0.0,7498.0,7504.0,GII.P17,,3581.0,5110.0,annotated_rdrp,GII.17,,5094.0,6716.0,True,17.0
PP381831.1,75.67924,0.0,7555.0,7549.0,GII.P16,,3572.0,5101.0,annotated_rdrp,GII.4,Sydney_2016,5085.0,6707.0,True,17.0
OR536499.1,80.83963,0.0,7507.0,7507.0,GII.P21,,3572.0,5101.0,annotated_rdrp,GII.3,,5085.0,6731.0,True,17.0
OR397781.1,84.6318,0.0,7513.0,7513.0,GII.P1,,3572.0,5101.0,annotated_rdrp,GII.1,,5085.0,6692.0,True,17.0
OR397780.1,84.64515,0.0,7513.0,7513.0,GII.P1,,3572.0,5101.0,annotated_rdrp,GII.1,,5085.0,6692.0,True,17.0
OR397779.1,84.685165,0.0,7513.0,7513.0,GII.P1,,3572.0,5101.0,annotated_rdrp,GII.1,,5085.0,6692.0,True,17.0
OR397778.1,84.67182,0.0,7513.0,7513.0,GII.P1,,3572.0,5101.0,annotated_rdrp,GII.1,,5085.0,6692.0,True,17.0
OR397777.1,84.64515,0.0,7513.0,7513.0,GII.P1,,3572.0,5101.0,annotated_rdrp,GII.1,,5085.0,6692.0,True,17.0
OR397776.1,84.64515,0.0,7513.0,7513.0,GII.P1,,3572.0,5101.0,annotated_rdrp,GII.1,,5085.0,6692.0,True,17.0
OR397775.1,84.6985,0.0,7513.0,7513.0,GII.P1,,3572.0,5101.0,annotated_rdrp,GII.1,,5085.0,6692.0,True,17.0
OR397774.1,84.6318,0.0,7513.0,7513.0,GII.P1,,3572.0,5101.0,annotated_rdrp,GII.1,,5085.0,6692.0,True,17.0
OR397773.1,84.67182,0.0,7513.0,7513.0,GII.P1,,3572.0,5101.0,annotated_rdrp,GII.1,,5085.0,6692.0,True,17.0
OR397772.1,84.658485,0.0,7513.0,7513.0,GII.P1,,3572.0,5101.0,annotated_rdrp,GII.1,,5085.0,6692.0,True,17.0
OR397771.1,84.658485,0.0,7513.0,7513.0,GII.P1,,3572.0,5101.0,annotated_rdrp,GII.1,,5085.0,6692.0,True,17.0
OR397770.1,84.67182,0.0,7513.0,7513.0,GII.P1,,3572.0,5101.0,annotated_rdrp,GII.1,,5085.0,6692.0,True,17.0
OR397769.1,84.67182,0.0,7513.0,7513.0,GII.P1,,3572.0,5101.0,annotated_rdrp,GII.1,,5085.0,6692.0,True,17.0
OR397768.1,84.67182,0.0,7513.0,7513.0,GII.P1,,3572.0,5101.0,annotated_rdrp,GII.1,,5085.0,6692.0,True,17.0
OR397767.1,84.685165,0.0,7513.0,7513.0,GII.P1,,3572.0,5101.0,annotated_rdrp,GII.1,,5085.0,6692.0,True,17.0
OR397766.1,84.64515,0.0,7513.0,7513.0,GII.P1,,3572.0,5101.0,annotated_rdrp,GII.1,,5085.0,6692.0,True,17.0
MW581006.1,84.489265,0.0,7485.0,7479.0,GII.P4,New_Orleans_2009,3572.0,5101.0,annotated_rdrp,GII.4,New_Orleans_2009,5085.0,6707.0,True,17.0
MW581005.1,84.50057,0.0,7485.0,7479.0,GII.P4,New_Orleans_2009,3572.0,5101.0,annotated_rdrp,GII.4,Could not assign,5085.0,6707.0,True,17.0
MW581004.1,84.50566,0.0,7485.0,7479.0,GII.P4,New_Orleans_2009,3572.0,5101.0,annotated_rdrp,GII.4,New_Orleans_2009,5085.0,6707.0,True,17.0
ON706286.1,95.14524,10.0,7552.0,7539.0,GII.P7,,3562.0,5091.0,annotated_rdrp,GII.6,,5075.0,6727.0,True,17.0
OP609646.1,76.586,0.0,7537.0,7543.0,GII.P16,,3572.0,5101.0,annotated_rdrp,GII.10,,5085.0,6731.0,True,17.0
OP609645.1,76.4879,0.0,7537.0,7543.0,GII.P16,,3572.0,5101.0,annotated_rdrp,GII.10,,5085.0,6731.0,True,17.0
OP609644.1,76.47155,0.0,7537.0,7543.0,GII.P16,,3572.0,5101.0,annotated_rdrp,GII.10,,5085.0,6731.0,True,17.0
OP691295.1,76.689026,0.0,7532.0,7538.0,GII.P16,,3572.0,5101.0,annotated_rdrp,GII.10,,5085.0,6731.0,True,17.0
OP691294.1,76.689026,0.0,7532.0,7538.0,GII.P16,,3572.0,5101.0,annotated_rdrp,GII.10,,5085.0,6731.0,True,17.0
OR397788.1,84.61846,0.0,7513.0,7513.0,GII.P1,,3572.0,5101.0,annotated_rdrp,GII.1,,5085.0,6692.0,True,17.0
OR397787.1,84.6318,0.0,7513.0,7513.0,GII.P1,,3572.0,5101.0,annotated_rdrp,GII.1,,5085.0,6692.0,True,17.0
OR397786.1,84.61846,0.0,7513.0,7513.0,GII.P1,,3572.0,5101.0,annotated_rdrp,GII.1,,5085.0,6692.0,True,17.0
OR397785.1,84.61846,0.0,7513.0,7513.0,GII.P1,,3572.0,5101.0,annotated_rdrp,GII.1,,5085.0,6692.0,True,17.0
OR397784.1,84.658485,0.0,7513.0,7513.0,GII.P1,,3572.0,5101.0,annotated_rdrp,GII.1,,5085.0,6692.0,True,17.0
OR397783.1,84.658485,0.0,7513.0,7513.0,GII.P1,,3572.0,5101.0,annotated_rdrp,GII.1,,5085.0,6692.0,True,17.0
OR397782.1,84.61846,0.0,7513.0,7513.0,GII.P1,,3572.0,5101.0,annotated_rdrp,GII.1,,5085.0,6692.0,True,17.0
MZ265063.2,81.76722,4.0,7491.0,7487.0,GII.P33,,3574.0,5103.0,annotated_rdrp,GII.1,,5087.0,6694.0,True,17.0
MZ272475.1,87.97629,6.0,7511.0,7505.0,GII.P7,,3566.0,5095.0,annotated_rdrp,GII.14,,5079.0,6689.0,True,17.0
MZ272053.1,88.01016,6.0,7511.0,7505.0,GII.P7,,3566.0,5095.0,annotated_rdrp,GII.14,,5079.0,6689.0,True,17.0
MZ268407.1,76.38957,4.0,7457.0,7450.0,GII.P16,,3565.0,5094.0,annotated_rdrp,GII.13,,5078.0,6706.0,True,17.0
MZ291634.1,83.99616,4.0,7553.0,7546.0,GII.P4,Den_Haag_2006b,3568.0,5097.0,annotated_rdrp,GII.4,Den_Haag_2006b,5081.0,6703.0,True,17.0
MZ291632.1,75.81304,4.0,7550.0,7552.0,GII.P17,,3577.0,5106.0,annotated_rdrp,GII.17,,5090.0,6712.0,True,17.0
MZ291626.1,76.600945,4.0,7536.0,7529.0,GII.P16,,3565.0,5094.0,annotated_rdrp,GII.2,,5078.0,6706.0,True,17.0
MZ291623.1,75.82884,0.0,7489.0,7495.0,GII.P17,,3581.0,5110.0,annotated_rdrp,GII.17,,5094.0,6716.0,True,17.0
MZ292794.1,93.59744,3.0,7491.0,7494.0,GII.P8,,3569.0,5098.0,annotated_rdrp,GII.8,,5082.0,6695.0,True,17.0
MZ292759.1,87.73681,6.0,7493.0,7490.0,GII.P7,,3566.0,5095.0,annotated_rdrp,GII.7,,5079.0,6701.0,True,17.0
MW581012.1,84.09054,0.0,7485.0,7479.0,GII.P4,New_Orleans_2009,3572.0,5101.0,annotated_rdrp,GII.4,Could not assign,5085.0,6707.0,True,17.0
MW581011.1,84.074135,0.0,7485.0,7479.0,GII.P4,Could not assign,3572.0,5101.0,annotated_rdrp,GII.4,Could not assign,5085.0,6707.0,True,17.0
MW581010.1,84.205345,0.0,7485.0,7479.0,GII.P4,New_Orleans_2009,3572.0,5101.0,annotated_rdrp,GII.4,Could not assign,5085.0,6707.0,True,17.0
MW581009.1,84.15614,0.0,7485.0,7479.0,GII.P4,New_Orleans_2009,3572.0,5101.0,annotated_rdrp,GII.4,Could not assign,5085.0,6707.0,True,17.0
MW581008.1,84.00853,0.0,7485.0,7479.0,GII.P4,Could not assign,3572.0,5101.0,annotated_rdrp,GII.4,Could not assign,5085.0,6707.0,True,17.0
MW581007.1,84.58258,0.0,7485.0,7479.0,GII.P4,New_Orleans_2009,3572.0,5101.0,annotated_rdrp,GII.4,Could not assign,5085.0,6707.0,True,17.0
MW661263.1,77.823814,0.0,7475.0,7469.0,GII.P16,,3572.0,5101.0,annotated_rdrp,GII.1,,5085.0,6692.0,True,17.0
MW661262.1,81.0397,4.0,7582.0,7578.0,GII.P21,,3568.0,5097.0,annotated_rdrp,GII.3,,5081.0,6727.0,True,17.0
MW661261.1,76.49933,4.0,7521.0,7517.0,GII.P16,,3568.0,5097.0,annotated_rdrp,GII.4,Sydney_2016,5081.0,6703.0,True,17.0
MW661260.1,75.938736,1.0,7606.0,7599.0,GII.P16,,3571.0,5100.0,annotated_rdrp,GII.4,Sydney_2016,5084.0,6706.0,True,17.0
MW661259.1,76.054016,1.0,7600.0,7593.0,GII.P16,,3571.0,5100.0,annotated_rdrp,GII.4,Sydney_2016,5084.0,6706.0,True,17.0
MW661258.1,76.15126,0.0,7516.0,7513.0,GII.P16,,3569.0,5098.0,annotated_rdrp,GII.4,Sydney_2016,5082.0,6704.0,True,17.0
MW661257.1,93.7392,1.0,7553.0,7558.0,GII.P8,,3571.0,5100.0,annotated_rdrp,GII.8,,5084.0,6697.0,True,17.0
MW661255.1,89.7044,1.0,7578.0,7577.0,GII.P12,,3571.0,5100.0,annotated_rdrp,GII.3,,5084.0,6730.0,True,17.0
MW661254.1,76.37769,1.0,7592.0,7591.0,GII.P16,,3571.0,5100.0,annotated_rdrp,GII.4,Sydney_2016,5084.0,6706.0,True,17.0
MW661252.1,84.96883,3.0,7605.0,7596.0,GII.P31,,3569.0,5098.0,annotated_rdrp,GII.4,Sydney_2012,5082.0,6704.0,True,17.0
MW661251.1,84.99016,1.0,7615.0,7608.0,GII.P31,,3571.0,5100.0,annotated_rdrp,GII.4,Sydney_2012,5084.0,6706.0,True,17.0
MW661247.1,83.556404,1.0,7584.0,7580.0,GII.P4,Den_Haag_2006b,3571.0,5100.0,annotated_rdrp,GII.4,Den_Haag_2006b,5084.0,6706.0,True,17.0
MZ233435.1,84.831,2.0,7574.0,7566.0,GII.P4,New_Orleans_2009,3570.0,5099.0,annotated_rdrp,GII.4,New_Orleans_2009,5083.0,6705.0,True,17.0
MZ265480.1,87.93034,6.0,7523.0,7514.0,GII.P7,,3566.0,5095.0,annotated_rdrp,GII.6,,5079.0,6722.0,True,17.0
MZ265418.1,93.3971,6.0,7537.0,7531.0,GII.P7,,3566.0,5095.0,annotated_rdrp,GII.6,,5079.0,6731.0,True,17.0
MZ265142.1,70.13889,-36.0,7489.0,7540.0,GII.P40,,3608.0,5137.0,annotated_rdrp,GII.5,,5121.0,6743.0,True,17.0
MT158852.1,76.57658,4.0,7492.0,7488.0,GII.P16,,3568.0,5097.0,annotated_rdrp,GII.2,,5081.0,6709.0,True,17.0
MT158851.1,76.19984,4.0,7492.0,7488.0,GII.P16,,3568.0,5097.0,annotated_rdrp,GII.2,,5081.0,6709.0,True,17.0
MT158850.1,92.77911,10.0,7516.0,7506.0,GII.P7,,3562.0,5091.0,annotated_rdrp,GII.6,,5075.0,6727.0,True,17.0
MT316122.1,76.43794,4.0,7552.0,7545.0,GII.P16,,3565.0,5094.0,annotated_rdrp,GII.3,,5078.0,6724.0,True,17.0
MT242482.1,81.77439,4.0,7471.0,7467.0,GII.P33,,3574.0,5103.0,annotated_rdrp,GII.1,,5087.0,6694.0,True,17.0
MT218311.1,84.72518,4.0,7519.0,7512.0,GII.P31,,3571.0,5100.0,annotated_rdrp,GII.4,Sydney_2012,5084.0,6706.0,True,17.0
MT233268.1,75.173096,4.0,7471.0,7485.0,GII.P17,,3577.0,5106.0,annotated_rdrp,GII.17,,5090.0,6706.0,True,17.0
MW661283.1,75.83992,1.0,7584.0,7577.0,GII.P16,,3571.0,5100.0,annotated_rdrp,GII.4,Sydney_2016,5084.0,6706.0,True,17.0
MW661280.1,75.95521,1.0,7605.0,7598.0,GII.P16,,3571.0,5100.0,annotated_rdrp,GII.4,Sydney_2016,5084.0,6706.0,True,17.0
MW661279.1,75.97627,4.0,7561.0,7551.0,GII.P16,,3568.0,5097.0,annotated_rdrp,GII.4,Sydney_2016,5081.0,6703.0,True,17.0
MW661277.1,76.5226,1.0,7601.0,7600.0,GII.P16,,3571.0,5100.0,annotated_rdrp,GII.2,,5084.0,6712.0,True,17.0
MW661270.1,77.98826,1.0,7551.0,7544.0,GII.P16,,3571.0,5100.0,annotated_rdrp,GII.1,,5084.0,6691.0,True,17.0
MW661269.1,77.998665,2.0,7552.0,7544.0,GII.P16,,3570.0,5099.0,annotated_rdrp,GII.1,,5083.0,6690.0,True,17.0
MW661268.1,78.02242,3.0,7535.0,7526.0,GII.P16,,3569.0,5098.0,annotated_rdrp,GII.1,,5082.0,6689.0,True,17.0
MW661267.1,78.05237,0.0,7480.0,7474.0,GII.P16,,3572.0,5101.0,annotated_rdrp,GII.1,,5085.0,6692.0,True,17.0
MW661265.1,89.45247,1.0,7582.0,7581.0,GII.P12,,3571.0,5100.0,annotated_rdrp,GII.3,,5084.0,6730.0,True,17.0
MN307998.1,85.029434,4.0,7513.0,7512.0,GII.P31,,3571.0,5100.0,annotated_rdrp,GII.4,Sydney_2012,5084.0,6706.0,True,17.0
MN307997.1,85.24091,4.0,7513.0,7512.0,GII.P31,,3571.0,5100.0,annotated_rdrp,GII.4,Sydney_2012,5084.0,6706.0,True,17.0
MN307996.1,84.64963,4.0,7519.0,7512.0,GII.P31,,3571.0,5100.0,annotated_rdrp,GII.4,Could not assign,5084.0,6706.0,True,17.0
MN307995.1,84.79802,4.0,7519.0,7512.0,GII.P31,,3571.0,5100.0,annotated_rdrp,GII.4,Sydney_2012,5084.0,6706.0,True,17.0
MN307993.1,84.675964,4.0,7519.0,7512.0,GII.P31,,3571.0,5100.0,annotated_rdrp,GII.4,Could not assign,5084.0,6706.0,True,17.0
MN394542.1,76.58218,4.0,7536.0,7532.0,GII.P16,,3568.0,5097.0,annotated_rdrp,GII.2,,5081.0,6709.0,True,17.0
MT158862.1,76.72287,0.0,7492.0,7492.0,GII.P16,,3572.0,5101.0,annotated_rdrp,GII.2,,5085.0,6713.0,True,17.0
MT158861.1,75.6823,4.0,7493.0,7495.0,GII.P17,,3577.0,5106.0,annotated_rdrp,GII.17,,5090.0,6712.0,True,17.0
MT158860.1,75.69865,4.0,7493.0,7495.0,GII.P17,,3577.0,5106.0,annotated_rdrp,GII.17,,5090.0,6712.0,True,17.0
MT158859.1,85.15586,4.0,7519.0,7509.0,GII.P31,,3568.0,5097.0,annotated_rdrp,GII.4,Could not assign,5081.0,6703.0,True,17.0
MT158858.1,85.15586,4.0,7519.0,7509.0,GII.P31,,3568.0,5097.0,annotated_rdrp,GII.4,Could not assign,5081.0,6703.0,True,17.0
MT158857.1,76.65848,4.0,7492.0,7488.0,GII.P16,,3568.0,5097.0,annotated_rdrp,GII.2,,5081.0,6709.0,True,17.0
MT158856.1,76.61488,4.0,7492.0,7488.0,GII.P16,,3568.0,5097.0,annotated_rdrp,GII.2,,5081.0,6709.0,True,17.0
MT158855.1,76.65848,4.0,7492.0,7488.0,GII.P16,,3568.0,5097.0,annotated_rdrp,GII.2,,5081.0,6709.0,True,17.0
MT158854.1,89.34633,4.0,7495.0,7491.0,GII.P12,,3568.0,5097.0,annotated_rdrp,GII.3,,5081.0,6727.0,True,17.0
MT158853.1,76.44554,4.0,7492.0,7488.0,GII.P16,,3568.0,5097.0,annotated_rdrp,GII.2,,5081.0,6709.0,True,17.0
MK614125.1,76.56582,4.0,7540.0,7536.0,GII.P16,,3568.0,5097.0,annotated_rdrp,GII.2,,5081.0,6709.0,True,17.0
MK614124.1,76.53311,4.0,7540.0,7536.0,GII.P16,,3568.0,5097.0,annotated_rdrp,GII.2,,5081.0,6709.0,True,17.0
MN199033.1,90.053764,3.0,7568.0,7565.0,GII.P12,,3569.0,5098.0,annotated_rdrp,GII.3,,5082.0,6728.0,True,17.0
MN308020.1,84.95488,4.0,7519.0,7512.0,GII.P31,,3571.0,5100.0,annotated_rdrp,GII.4,Sydney_2012,5084.0,6706.0,True,17.0
MN308019.1,83.46577,4.0,7513.0,7512.0,GII.P31,,3571.0,5100.0,annotated_rdrp,GII.4,Sydney_2012,5084.0,6706.0,True,17.0
MN308018.1,84.765045,4.0,7519.0,7512.0,GII.P31,,3571.0,5100.0,annotated_rdrp,GII.4,Sydney_2012,5084.0,6706.0,True,17.0
MN308017.1,84.72518,4.0,7519.0,7512.0,GII.P31,,3571.0,5100.0,annotated_rdrp,GII.4,Sydney_2012,5084.0,6706.0,True,17.0
MN308015.1,84.962906,4.0,7519.0,7512.0,GII.P31,,3571.0,5100.0,annotated_rdrp,GII.4,Sydney_2012,5084.0,6706.0,True,17.0
MN308014.1,84.70878,4.0,7519.0,7512.0,GII.P31,,3571.0,5100.0,annotated_rdrp,GII.4,Sydney_2012,5084.0,6706.0,True,17.0
MN308012.1,84.88925,4.0,7519.0,7512.0,GII.P31,,3571.0,5100.0,annotated_rdrp,GII.4,Sydney_2012,5084.0,6706.0,True,17.0
MN308010.1,85.05332,4.0,7519.0,7512.0,GII.P31,,3571.0,5100.0,annotated_rdrp,GII.4,Sydney_2012,5084.0,6706.0,True,17.0
MN308008.1,84.675964,4.0,7519.0,7512.0,GII.P31,,3571.0,5100.0,annotated_rdrp,GII.4,Sydney_2012,5084.0,6706.0,True,17.0
MN308003.1,84.73207,4.0,7519.0,7512.0,GII.P31,,3571.0,5100.0,annotated_rdrp,GII.4,Sydney_2012,5084.0,6706.0,True,17.0
MN308002.1,84.501236,4.0,7519.0,7512.0,GII.P31,,3571.0,5100.0,annotated_rdrp,GII.4,Sydney_2012,5084.0,6706.0,True,17.0
MN308001.1,84.93847,4.0,7519.0,7512.0,GII.P31,,3571.0,5100.0,annotated_rdrp,GII.4,Sydney_2012,5084.0,6706.0,True,17.0
MN307999.1,84.91344,4.0,7519.0,7512.0,GII.P31,,3571.0,5100.0,annotated_rdrp,GII.4,Could not assign,5084.0,6706.0,True,17.0
MK773587.1,76.548454,0.0,7527.0,7527.0,GII.P16,,3572.0,5101.0,annotated_rdrp,GII.2,,5085.0,6713.0,True,17.0
MK773585.1,75.78254,3.0,7561.0,7552.0,GII.P16,,3569.0,5098.0,annotated_rdrp,GII.4,Sydney_2016,5082.0,6704.0,True,17.0
MK775032.1,76.293686,1.0,7560.0,7559.0,GII.P16,,3571.0,5100.0,annotated_rdrp,GII.4,Sydney_2016,5084.0,6706.0,True,17.0
MK775029.1,78.17109,1.0,7504.0,7503.0,GII.P2,,3571.0,5100.0,annotated_rdrp,GII.2,,5084.0,6712.0,True,17.0
MK614137.1,76.41865,4.0,7540.0,7536.0,GII.P16,,3568.0,5097.0,annotated_rdrp,GII.2,,5081.0,6709.0,True,17.0
MK614136.1,76.60934,4.0,7540.0,7536.0,GII.P16,,3568.0,5097.0,annotated_rdrp,GII.2,,5081.0,6709.0,True,17.0
MK614135.1,76.60934,4.0,7540.0,7536.0,GII.P16,,3568.0,5097.0,annotated_rdrp,GII.2,,5081.0,6709.0,True,17.0
MK614134.1,76.62572,4.0,7540.0,7536.0,GII.P16,,3568.0,5097.0,annotated_rdrp,GII.2,,5081.0,6709.0,True,17.0
MK614133.1,76.527435,4.0,7540.0,7536.0,GII.P16,,3568.0,5097.0,annotated_rdrp,GII.2,,5081.0,6709.0,True,17.0
MK614132.1,76.42916,4.0,7540.0,7536.0,GII.P16,,3568.0,5097.0,annotated_rdrp,GII.2,,5081.0,6709.0,True,17.0
MK614131.1,76.60934,4.0,7540.0,7536.0,GII.P16,,3568.0,5097.0,annotated_rdrp,GII.2,,5081.0,6709.0,True,17.0
MK614130.1,76.57658,4.0,7540.0,7536.0,GII.P16,,3568.0,5097.0,annotated_rdrp,GII.2,,5081.0,6709.0,True,17.0
MK614129.1,76.467705,4.0,7540.0,7536.0,GII.P16,,3568.0,5097.0,annotated_rdrp,GII.2,,5081.0,6709.0,True,17.0
MK614128.1,76.511055,4.0,7540.0,7536.0,GII.P16,,3568.0,5097.0,annotated_rdrp,GII.2,,5081.0,6709.0,True,17.0
MK614127.1,76.28782,4.0,7540.0,7536.0,GII.P16,,3568.0,5097.0,annotated_rdrp,GII.2,,5081.0,6709.0,True,17.0
MK614126.1,76.38594,4.0,7540.0,7536.0,GII.P16,,3568.0,5097.0,annotated_rdrp,GII.2,,5081.0,6709.0,True,17.0
MK764014.1,76.31535,2.0,7451.0,7446.0,GII.P16,,3567.0,5096.0,annotated_rdrp,GII.13,,5080.0,6708.0,True,17.0
MK764013.1,75.938736,1.0,7563.0,7556.0,GII.P16,,3571.0,5100.0,annotated_rdrp,GII.4,Sydney_2016,5084.0,6706.0,True,17.0
MK762746.1,75.9058,1.0,7569.0,7562.0,GII.P16,,3571.0,5100.0,annotated_rdrp,GII.4,Sydney_2016,5084.0,6706.0,True,17.0
MK762745.1,76.855896,1.0,7457.0,7453.0,GII.P16,,3568.0,5097.0,annotated_rdrp,GII.13,,5081.0,6709.0,True,17.0
MK762637.1,75.9183,2.0,7565.0,7557.0,GII.P16,,3570.0,5099.0,annotated_rdrp,GII.4,Sydney_2016,5083.0,6705.0,True,17.0
MK762636.1,75.942696,0.0,7538.0,7532.0,GII.P16,,3572.0,5101.0,annotated_rdrp,GII.4,Sydney_2016,5085.0,6707.0,True,17.0
MK762633.1,76.51006,0.0,7519.0,7519.0,GII.P16,,3572.0,5101.0,annotated_rdrp,GII.2,,5085.0,6713.0,True,17.0
MK762632.1,76.117645,0.0,7550.0,7547.0,GII.P16,,3569.0,5098.0,annotated_rdrp,GII.4,Sydney_2016,5082.0,6704.0,True,17.0
MK762629.1,76.24328,1.0,7536.0,7535.0,GII.P16,,3571.0,5100.0,annotated_rdrp,GII.4,Sydney_2016,5084.0,6706.0,True,17.0
MK762627.1,81.23585,1.0,7505.0,7504.0,GII.P16,,3571.0,5100.0,annotated_rdrp,GII.12,,5084.0,6691.0,True,17.0
MK762626.1,76.69013,0.0,7499.0,7499.0,GII.P16,,3572.0,5101.0,annotated_rdrp,GII.2,,5085.0,6713.0,True,17.0
MK762568.1,75.87741,4.0,7552.0,7542.0,GII.P16,,3568.0,5097.0,annotated_rdrp,GII.4,Sydney_2016,5081.0,6703.0,True,17.0
MK762566.1,75.77854,4.0,7561.0,7551.0,GII.P16,,3568.0,5097.0,annotated_rdrp,GII.4,Sydney_2016,5081.0,6703.0,True,17.0
MK762564.1,75.82798,4.0,7539.0,7529.0,GII.P16,,3568.0,5097.0,annotated_rdrp,GII.4,Sydney_2016,5081.0,6703.0,True,17.0
MK762560.1,76.2912,4.0,7457.0,7450.0,GII.P16,,3565.0,5094.0,annotated_rdrp,GII.13,,5078.0,6706.0,True,17.0
MK762558.1,85.26662,4.0,7519.0,7509.0,GII.P31,,3568.0,5097.0,annotated_rdrp,GII.4,Sydney_2012,5081.0,6703.0,True,17.0
MK753008.1,76.31535,2.0,7461.0,7456.0,GII.P16,,3567.0,5096.0,annotated_rdrp,GII.13,,5080.0,6708.0,True,17.0
MK753007.1,77.90507,3.0,7536.0,7533.0,GII.P2,,3569.0,5098.0,annotated_rdrp,GII.2,,5082.0,6710.0,True,17.0
MK752947.1,76.319244,1.0,7452.0,7448.0,GII.P16,,3568.0,5097.0,annotated_rdrp,GII.13,,5081.0,6709.0,True,17.0
MK752946.1,76.956665,1.0,7461.0,7457.0,GII.P16,,3568.0,5097.0,annotated_rdrp,GII.13,,5081.0,6709.0,True,17.0
MK752942.1,75.83992,1.0,7540.0,7533.0,GII.P16,,3571.0,5100.0,annotated_rdrp,GII.4,Sydney_2016,5084.0,6706.0,True,17.0
MK752941.1,76.600624,3.0,7512.0,7509.0,GII.P16,,3569.0,5098.0,annotated_rdrp,GII.2,,5082.0,6710.0,True,17.0
MK752939.1,76.80092,1.0,7499.0,7498.0,GII.P16,,3571.0,5100.0,annotated_rdrp,GII.2,,5084.0,6712.0,True,17.0
MK752937.1,75.9058,1.0,7532.0,7525.0,GII.P16,,3571.0,5100.0,annotated_rdrp,GII.4,Sydney_2016,5084.0,6706.0,True,17.0
MK752934.1,76.058655,4.0,7521.0,7511.0,GII.P16,,3568.0,5097.0,annotated_rdrp,GII.4,Sydney_2016,5081.0,6703.0,True,17.0
MH041322.1,76.527435,4.0,7536.0,7532.0,GII.P16,,3568.0,5097.0,annotated_rdrp,GII.2,,5081.0,6709.0,True,17.0
MH041321.1,76.56404,4.0,7536.0,7532.0,GII.P16,,3568.0,5097.0,annotated_rdrp,GII.2,,5081.0,6709.0,True,17.0
MK764041.1,81.09805,0.0,7480.0,7480.0,GII.P16,,3572.0,5101.0,annotated_rdrp,GII.12,,5085.0,6692.0,True,17.0
MK764039.1,78.059555,1.0,7513.0,7512.0,GII.P2,,3571.0,5100.0,annotated_rdrp,GII.2,,5084.0,6712.0,True,17.0
MK764022.1,76.580414,3.0,7536.0,7533.0,GII.P16,,3569.0,5098.0,annotated_rdrp,GII.2,,5082.0,6710.0,True,17.0
MK764021.1,76.10736,0.0,7542.0,7536.0,GII.P16,,3572.0,5101.0,annotated_rdrp,GII.4,Sydney_2016,5085.0,6707.0,True,17.0
MK764015.1,75.856384,1.0,7530.0,7523.0,GII.P16,,3571.0,5100.0,annotated_rdrp,GII.4,Sydney_2016,5084.0,6706.0,True,17.0
MG214988.1,85.623,0.0,7513.0,7513.0,GII.P31,,3500.0,5104.0,polyprotein_fallback,GII.4,Could not assign,5085.0,6707.0,True,20.0
MK729086.1,78.095856,0.0,7496.0,7496.0,GII.P2,,3572.0,5101.0,annotated_rdrp,GII.2,,5085.0,6713.0,True,17.0
MK756035.1,75.88535,2.0,7519.0,7511.0,GII.P16,,3570.0,5099.0,annotated_rdrp,GII.4,Sydney_2016,5083.0,6705.0,True,17.0
MK756034.1,75.72864,0.0,7519.0,7513.0,GII.P16,,3572.0,5101.0,annotated_rdrp,GII.4,Sydney_2016,5085.0,6707.0,True,17.0
MK754447.1,81.17255,0.0,7502.0,7502.0,GII.P16,,3572.0,5101.0,annotated_rdrp,GII.12,,5085.0,6692.0,True,17.0
MK754445.1,81.093666,4.0,7517.0,7513.0,GII.P16,,3568.0,5097.0,annotated_rdrp,GII.12,,5081.0,6688.0,True,17.0
MK754443.1,76.40118,1.0,7461.0,7457.0,GII.P16,,3568.0,5097.0,annotated_rdrp,GII.13,,5081.0,6709.0,True,17.0
MK754442.1,75.88933,1.0,7562.0,7555.0,GII.P16,,3571.0,5100.0,annotated_rdrp,GII.4,Sydney_2016,5084.0,6706.0,True,17.0
MK753036.1,81.09805,0.0,7480.0,7480.0,GII.P16,,3572.0,5101.0,annotated_rdrp,GII.12,,5085.0,6692.0,True,17.0
MK753035.1,76.36096,2.0,7532.0,7530.0,GII.P16,,3570.0,5099.0,annotated_rdrp,GII.2,,5083.0,6711.0,True,17.0
MK753034.1,77.65475,0.0,7500.0,7494.0,GII.P16,,3572.0,5101.0,annotated_rdrp,GII.1,,5085.0,6692.0,True,17.0
MK753033.1,77.81634,4.0,7496.0,7486.0,GII.P16,,3568.0,5097.0,annotated_rdrp,GII.1,,5081.0,6688.0,True,17.0
MK753016.1,76.4629,1.0,7522.0,7521.0,GII.P16,,3571.0,5100.0,annotated_rdrp,GII.2,,5084.0,6712.0,True,17.0
MK753012.1,78.108635,1.0,7506.0,7505.0,GII.P2,,3571.0,5100.0,annotated_rdrp,GII.2,,5084.0,6712.0,True,17.0
MK753010.1,76.3684,1.0,7461.0,7457.0,GII.P16,,3568.0,5097.0,annotated_rdrp,GII.13,,5081.0,6709.0,True,17.0
MK753009.1,76.28647,1.0,7466.0,7462.0,GII.P16,,3568.0,5097.0,annotated_rdrp,GII.13,,5081.0,6709.0,True,17.0
PQ196532.1,75.50385,0.0,7534.0,7528.0,GII.P16,,3572.0,5101.0,annotated_rdrp,GII.4,Sydney_2016,5085.0,6707.0,True,17.0
PQ196530.1,75.55337,4.0,7534.0,7524.0,GII.P16,,3568.0,5097.0,annotated_rdrp,GII.4,Sydney_2016,5081.0,6703.0,True,17.0
PQ196529.1,75.65175,4.0,7534.0,7524.0,GII.P16,,3568.0,5097.0,annotated_rdrp,GII.4,Sydney_2016,5081.0,6703.0,True,17.0
PQ196528.1,75.63535,4.0,7534.0,7524.0,GII.P16,,3568.0,5097.0,annotated_rdrp,GII.4,Sydney_2016,5081.0,6703.0,True,17.0
PQ196526.1,75.55301,0.0,7534.0,7528.0,GII.P16,,3572.0,5101.0,annotated_rdrp,GII.4,Sydney_2016,5085.0,6707.0,True,17.0
PQ196525.1,75.53662,0.0,7534.0,7528.0,GII.P16,,3572.0,5101.0,annotated_rdrp,GII.4,Sydney_2016,5085.0,6707.0,True,17.0
PQ196523.1,75.53697,0.0,7534.0,7528.0,GII.P16,,3572.0,5101.0,annotated_rdrp,GII.4,Sydney_2016,5085.0,6707.0,True,17.0
PQ196520.1,75.56939,0.0,7534.0,7528.0,GII.P16,,3572.0,5101.0,annotated_rdrp,GII.4,Sydney_2016,5085.0,6707.0,True,17.0
PQ196518.1,75.700935,0.0,7534.0,7528.0,GII.P16,,3572.0,5101.0,annotated_rdrp,GII.4,Sydney_2016,5085.0,6707.0,True,17.0
PQ196517.1,75.71288,0.0,7534.0,7528.0,GII.P16,,3572.0,5101.0,annotated_rdrp,GII.4,Sydney_2016,5085.0,6707.0,True,17.0
PQ196516.1,75.668144,4.0,7534.0,7524.0,GII.P16,,3568.0,5097.0,annotated_rdrp,GII.4,Sydney_2016,5081.0,6703.0,True,17.0
PQ196514.1,75.52058,4.0,7534.0,7524.0,GII.P16,,3568.0,5097.0,annotated_rdrp,GII.4,Sydney_2016,5081.0,6703.0,True,17.0
PQ196512.1,75.37301,0.0,7534.0,7528.0,GII.P16,,3572.0,5101.0,annotated_rdrp,GII.4,Sydney_2016,5085.0,6707.0,True,17.0
PQ196508.1,75.668144,4.0,7534.0,7524.0,GII.P16,,3568.0,5097.0,annotated_rdrp,GII.4,Sydney_2016,5081.0,6703.0,True,17.0
MG002634.1,84.32371,5.0,7566.0,7555.0,GII.P4,New_Orleans_2009,3500.0,5099.0,polyprotein_fallback,GII.4,Could not assign,5080.0,6702.0,True,20.0
MG002632.1,84.37295,5.0,7561.0,7550.0,GII.P4,New_Orleans_2009,3500.0,5099.0,polyprotein_fallback,GII.4,Could not assign,5080.0,6702.0,True,20.0
PQ196562.1,75.58578,0.0,7534.0,7528.0,GII.P16,,3572.0,5101.0,annotated_rdrp,GII.4,Sydney_2016,5085.0,6707.0,True,17.0
PQ196561.1,75.602165,0.0,7534.0,7528.0,GII.P16,,3572.0,5101.0,annotated_rdrp,GII.4,Sydney_2016,5085.0,6707.0,True,17.0
PQ196557.1,75.52058,4.0,7534.0,7524.0,GII.P16,,3568.0,5097.0,annotated_rdrp,GII.4,Sydney_2016,5081.0,6703.0,True,17.0
PQ196556.1,75.58617,4.0,7534.0,7524.0,GII.P16,,3568.0,5097.0,annotated_rdrp,GII.4,Sydney_2016,5081.0,6703.0,True,17.0
PQ196551.1,75.50385,0.0,7534.0,7528.0,GII.P16,,3572.0,5101.0,annotated_rdrp,GII.4,Sydney_2016,5085.0,6707.0,True,17.0
PQ196549.1,75.56939,0.0,7534.0,7528.0,GII.P16,,3572.0,5101.0,annotated_rdrp,GII.4,Sydney_2016,5085.0,6707.0,True,17.0
PQ196547.1,75.50418,4.0,7534.0,7524.0,GII.P16,,3568.0,5097.0,annotated_rdrp,GII.4,Sydney_2016,5081.0,6703.0,True,17.0
PQ196546.1,75.52023,0.0,7534.0,7528.0,GII.P16,,3572.0,5101.0,annotated_rdrp,GII.4,Sydney_2016,5085.0,6707.0,True,17.0
PQ196543.1,75.55301,0.0,7534.0,7528.0,GII.P16,,3572.0,5101.0,annotated_rdrp,GII.4,Sydney_2016,5085.0,6707.0,True,17.0
PQ196541.1,75.40581,4.0,7519.0,7509.0,GII.P16,,3568.0,5097.0,annotated_rdrp,GII.4,Sydney_2016,5081.0,6703.0,True,17.0
PQ196539.1,75.454994,4.0,7519.0,7509.0,GII.P16,,3568.0,5097.0,annotated_rdrp,GII.4,Sydney_2016,5081.0,6703.0,True,17.0
PQ196538.1,75.4386,4.0,7504.0,7494.0,GII.P16,,3568.0,5097.0,annotated_rdrp,GII.4,Sydney_2016,5081.0,6703.0,True,17.0
PQ196537.1,75.4547,0.0,7519.0,7513.0,GII.P16,,3572.0,5101.0,annotated_rdrp,GII.4,Sydney_2016,5085.0,6707.0,True,17.0
PQ196536.1,75.38941,0.0,7519.0,7513.0,GII.P16,,3572.0,5101.0,annotated_rdrp,GII.4,Sydney_2016,5085.0,6707.0,True,17.0
PQ196534.1,75.58617,4.0,7534.0,7524.0,GII.P16,,3568.0,5097.0,annotated_rdrp,GII.4,Sydney_2016,5081.0,6703.0,True,17.0
PQ196533.1,75.487465,0.0,7534.0,7528.0,GII.P16,,3572.0,5101.0,annotated_rdrp,GII.4,Sydney_2016,5085.0,6707.0,True,17.0
PV174243.1,89.291885,4.0,7533.0,7529.0,GII.P7,,3568.0,5097.0,annotated_rdrp,GII.6,,5081.0,6733.0,True,17.0
PV174239.1,89.02033,10.0,7533.0,7523.0,GII.P7,,3562.0,5091.0,annotated_rdrp,GII.6,,5075.0,6727.0,True,17.0
PV275069.1,83.80109,4.0,7573.0,7566.0,GII.P31,,3568.0,5097.0,annotated_rdrp,GII.4,Could not assign,5081.0,6706.0,True,17.0
PV275066.1,82.49918,-14.0,7570.0,7581.0,GII.P4,New_Orleans_2009,3586.0,5115.0,annotated_rdrp,GII.4,Could not assign,5099.0,6721.0,True,17.0
PV275065.1,83.364265,-14.0,7573.0,7581.0,GII.P4,New_Orleans_2009,3586.0,5115.0,annotated_rdrp,GII.4,Could not assign,5099.0,6721.0,True,17.0
PV275064.1,83.296776,-14.0,7573.0,7581.0,GII.P4,New_Orleans_2009,3586.0,5115.0,annotated_rdrp,GII.4,Could not assign,5099.0,6721.0,True,17.0
PV275059.1,83.94879,4.0,7570.0,7563.0,GII.P31,,3568.0,5097.0,annotated_rdrp,GII.4,Could not assign,5081.0,6706.0,True,17.0
PV275057.1,83.96521,4.0,7570.0,7563.0,GII.P31,,3568.0,5097.0,annotated_rdrp,GII.4,Could not assign,5081.0,6706.0,True,17.0
PV275055.1,83.96521,4.0,7570.0,7563.0,GII.P31,,3568.0,5097.0,annotated_rdrp,GII.4,Could not assign,5081.0,6706.0,True,17.0
PV275048.1,83.76826,4.0,7570.0,7563.0,GII.P31,,3568.0,5097.0,annotated_rdrp,GII.4,Could not assign,5081.0,6706.0,True,17.0
PV275041.1,83.8175,4.0,7570.0,7563.0,GII.P31,,3568.0,5097.0,annotated_rdrp,GII.4,Could not assign,5081.0,6706.0,True,17.0
PV297973.1,85.17972,4.0,7519.0,7509.0,GII.P31,,3568.0,5097.0,annotated_rdrp,GII.4,Sydney_2012,5081.0,6703.0,True,17.0
PQ196568.1,75.58578,0.0,7534.0,7528.0,GII.P16,,3572.0,5101.0,annotated_rdrp,GII.4,Sydney_2016,5085.0,6707.0,True,17.0
PQ196566.1,75.602554,4.0,7534.0,7524.0,GII.P16,,3568.0,5097.0,annotated_rdrp,GII.4,Sydney_2016,5081.0,6703.0,True,17.0
PQ196565.1,75.602554,4.0,7534.0,7524.0,GII.P16,,3568.0,5097.0,annotated_rdrp,GII.4,Sydney_2016,5081.0,6703.0,True,17.0
PQ196564.1,75.58578,0.0,7534.0,7528.0,GII.P16,,3572.0,5101.0,annotated_rdrp,GII.4,Sydney_2016,5085.0,6707.0,True,17.0
OR069406.1,86.87744,10.0,7535.0,7525.0,GII.P7,,3562.0,5091.0,annotated_rdrp,GII.14,,5075.0,6685.0,True,17.0
OR069405.1,87.192116,10.0,7559.0,7546.0,GII.P7,,3562.0,5091.0,annotated_rdrp,GII.6,,5075.0,6718.0,True,17.0
OR065090.1,85.081245,4.0,7569.0,7559.0,GII.P31,,3568.0,5097.0,annotated_rdrp,GII.4,Could not assign,5081.0,6703.0,True,17.0
OR065073.1,74.08896,-32.0,7521.0,7553.0,Could not assign,,3604.0,5133.0,annotated_rdrp,GII.2,,5117.0,6745.0,True,17.0
OR051927.1,83.93297,4.0,7519.0,7509.0,GII.P4,Den_Haag_2006b,3568.0,5097.0,annotated_rdrp,GII.4,Den_Haag_2006b,5081.0,6703.0,True,17.0
OR051903.1,87.74074,10.0,7535.0,7522.0,GII.P7,,3562.0,5091.0,annotated_rdrp,GII.6,,5075.0,6718.0,True,17.0
OR051787.1,84.63811,4.0,7561.0,7551.0,GII.P4,New_Orleans_2009,3568.0,5097.0,annotated_rdrp,GII.4,New_Orleans_2009,5081.0,6700.0,True,17.0
OR069404.1,81.14603,4.0,7547.0,7543.0,GII.P21,,3568.0,5097.0,annotated_rdrp,GII.3,,5081.0,6727.0,True,17.0
OR685283.1,75.478806,4.0,7486.0,7494.0,GII.P17,,3577.0,5106.0,annotated_rdrp,GII.17,,5090.0,6715.0,True,17.0
OR700746.1,75.52058,4.0,7519.0,7509.0,GII.P16,,3568.0,5097.0,annotated_rdrp,GII.4,Sydney_2016,5081.0,6703.0,True,17.0
OR700742.1,75.602554,4.0,7519.0,7509.0,GII.P16,,3568.0,5097.0,annotated_rdrp,GII.4,Sydney_2016,5081.0,6703.0,True,17.0
OR700741.1,83.5549,4.0,7522.0,7512.0,GII.P4,New_Orleans_2009,3568.0,5097.0,annotated_rdrp,GII.4,Could not assign,5081.0,6703.0,True,17.0
OR713748.1,81.351944,4.0,7465.0,7461.0,GII.P21,,3568.0,5097.0,annotated_rdrp,GII.13,,5081.0,6709.0,True,17.0
PV174245.1,89.11339,10.0,7533.0,7523.0,GII.P7,,3562.0,5091.0,annotated_rdrp,GII.6,,5075.0,6727.0,True,17.0
PV174244.1,89.291885,4.0,7533.0,7529.0,GII.P7,,3568.0,5097.0,annotated_rdrp,GII.6,,5081.0,6733.0,True,17.0
MT735394.1,85.15136,4.0,7556.0,7552.0,GII.P31,,3568.0,5097.0,annotated_rdrp,GII.4,Hong_Kong_2019,5081.0,6703.0,True,17.0
LC597132.1,89.778076,0.0,7586.0,7586.0,GII.P12,,3500.0,5104.0,polyprotein_fallback,GII.3,,5085.0,6731.0,True,20.0
LC597127.1,85.177864,5.0,7580.0,7566.0,GII.P31,,3500.0,5096.0,polyprotein_fallback,GII.4,Sydney_2012,5077.0,6699.0,True,20.0
LC597126.1,76.2022,10.0,7523.0,7510.0,GII.P16,,3500.0,5091.0,polyprotein_fallback,GII.13,,5072.0,6700.0,True,20.0
LC597124.1,87.58658,14.0,7525.0,7508.0,GII.P7,,3500.0,5090.0,polyprotein_fallback,GII.6,,5071.0,6714.0,True,20.0
LC597121.1,87.58483,6.0,7598.0,7589.0,GII.P7,,3500.0,5098.0,polyprotein_fallback,GII.6,,5079.0,6722.0,True,20.0
LC597120.1,81.45783,6.0,7600.0,7588.0,GII.P33,,3500.0,5104.0,polyprotein_fallback,GII.1,,5085.0,6692.0,True,20.0
LC597113.1,76.25533,10.0,7469.0,7456.0,GII.P16,,3500.0,5091.0,polyprotein_fallback,GII.13,,5072.0,6700.0,True,20.0
LC597112.1,75.51854,0.0,7536.0,7542.0,GII.P17,,3500.0,5113.0,polyprotein_fallback,GII.17,,5094.0,6716.0,True,20.0
LC597111.1,76.1975,7.0,7508.0,7498.0,GII.P16,,3500.0,5094.0,polyprotein_fallback,GII.13,,5075.0,6703.0,True,20.0
OL721917.1,85.16565,0.0,7519.0,7513.0,GII.P31,,3572.0,5101.0,annotated_rdrp,GII.4,Sydney_2012,5085.0,6707.0,True,17.0
OL826943.1,76.72287,0.0,7500.0,7500.0,GII.P16,,3572.0,5101.0,annotated_rdrp,GII.2,,5085.0,6713.0,True,17.0
OL826942.1,76.57554,0.0,7500.0,7500.0,GII.P16,,3572.0,5101.0,annotated_rdrp,GII.2,,5085.0,6713.0,True,17.0
OL826941.1,76.64102,0.0,7500.0,7500.0,GII.P16,,3572.0,5101.0,annotated_rdrp,GII.2,,5085.0,6713.0,True,17.0
OL826940.1,76.72287,0.0,7500.0,7500.0,GII.P16,,3572.0,5101.0,annotated_rdrp,GII.2,,5085.0,6713.0,True,17.0
MZ478140.1,75.68409,-4.0,7523.0,7521.0,GII.P16,,3576.0,5105.0,annotated_rdrp,GII.4,Sydney_2016,5089.0,6711.0,True,17.0
KY865307.1,76.57349,2.0,7499.0,7497.0,GII.P16,,3500.0,5102.0,polyprotein_fallback,GII.2,,5083.0,6711.0,True,20.0
KY865306.1,76.73924,0.0,7499.0,7499.0,GII.P16,,3500.0,5104.0,polyprotein_fallback,GII.2,,5085.0,6713.0,True,20.0
MW009072.1,68.62063,-35.0,7503.0,7553.0,GII.P40,,3607.0,5136.0,annotated_rdrp,GII.5,,5120.0,6742.0,True,17.0
MW009068.1,68.62063,-35.0,7503.0,7553.0,GII.P40,,3607.0,5136.0,annotated_rdrp,GII.5,,5120.0,6742.0,True,17.0
MW284784.1,87.753716,6.0,7494.0,7491.0,GII.P7,,3566.0,5095.0,annotated_rdrp,GII.7,,5079.0,6701.0,True,17.0
MW284778.1,87.753716,6.0,7494.0,7491.0,GII.P7,,3566.0,5095.0,annotated_rdrp,GII.7,,5079.0,6701.0,True,17.0
MW284776.1,87.753716,6.0,7512.0,7509.0,GII.P7,,3566.0,5095.0,annotated_rdrp,GII.7,,5079.0,6701.0,True,17.0
MN588307.1,85.000824,0.0,7551.0,7545.0,GII.P31,,3572.0,5101.0,annotated_rdrp,GII.4,Could not assign,5085.0,6707.0,True,17.0
MN588306.1,85.53321,0.0,7545.0,7545.0,GII.P31,,3572.0,5101.0,annotated_rdrp,GII.4,Could not assign,5085.0,6707.0,True,17.0
MN588305.1,85.06676,0.0,7551.0,7545.0,GII.P31,,3572.0,5101.0,annotated_rdrp,GII.4,Could not assign,5085.0,6707.0,True,17.0
MN588304.1,85.03379,0.0,7551.0,7545.0,GII.P31,,3572.0,5101.0,annotated_rdrp,GII.4,Could not assign,5085.0,6707.0,True,17.0
MN588303.1,85.0173,0.0,7551.0,7545.0,GII.P31,,3572.0,5101.0,annotated_rdrp,GII.4,Could not assign,5085.0,6707.0,True,17.0
MN588302.1,84.730194,0.0,7551.0,7545.0,GII.P31,,3572.0,5101.0,annotated_rdrp,GII.4,Could not assign,5085.0,6707.0,True,17.0
MN588301.1,85.03379,0.0,7551.0,7545.0,GII.P31,,3572.0,5101.0,annotated_rdrp,GII.4,Could not assign,5085.0,6707.0,True,17.0
MN588300.1,85.06676,0.0,7551.0,7545.0,GII.P31,,3572.0,5101.0,annotated_rdrp,GII.4,Could not assign,5085.0,6707.0,True,17.0
MN588299.1,85.499405,0.0,7545.0,7545.0,GII.P31,,3572.0,5101.0,annotated_rdrp,GII.4,Sydney_2012,5085.0,6707.0,True,17.0
OR793090.1,76.57658,4.0,7492.0,7488.0,GII.P16,,3568.0,5097.0,annotated_rdrp,GII.2,,5081.0,6709.0,True,17.0
OR793089.1,76.50041,4.0,7492.0,7488.0,GII.P16,,3568.0,5097.0,annotated_rdrp,GII.2,,5081.0,6709.0,True,17.0
OR793088.1,76.65848,4.0,7492.0,7488.0,GII.P16,,3568.0,5097.0,annotated_rdrp,GII.2,,5081.0,6709.0,True,17.0
OR793087.1,76.6421,4.0,7492.0,7488.0,GII.P16,,3568.0,5097.0,annotated_rdrp,GII.2,,5081.0,6709.0,True,17.0
OR793086.1,76.461914,4.0,7492.0,7488.0,GII.P16,,3568.0,5097.0,annotated_rdrp,GII.2,,5081.0,6709.0,True,17.0
OR793084.1,75.97445,4.0,7489.0,7491.0,GII.P17,,3577.0,5106.0,annotated_rdrp,GII.17,,5090.0,6712.0,True,17.0
OR793083.1,75.829384,4.0,7489.0,7491.0,GII.P17,,3577.0,5106.0,annotated_rdrp,GII.17,,5090.0,6712.0,True,17.0
OR793082.1,76.70762,4.0,7492.0,7488.0,GII.P16,,3568.0,5097.0,annotated_rdrp,GII.2,,5081.0,6709.0,True,17.0
PX631122.1,85.18942,6.0,7527.0,7521.0,GII.P7,,3566.0,5095.0,annotated_rdrp,GII.7,,5079.0,6731.0,True,17.0
KY947550.1,75.81517,0.0,7561.0,7555.0,GII.P16,,3500.0,5104.0,polyprotein_fallback,GII.4,Sydney_2016,5085.0,6707.0,True,20.0
KY947549.1,75.88933,1.0,7537.0,7530.0,GII.P16,,3500.0,5103.0,polyprotein_fallback,GII.4,Sydney_2016,5084.0,6706.0,True,20.0
KY947548.1,76.2373,1.0,7461.0,7457.0,GII.P16,,3500.0,5100.0,polyprotein_fallback,GII.13,,5081.0,6709.0,True,20.0
KY947547.1,84.56365,1.0,7561.0,7554.0,GII.P4,Could not assign,3500.0,5103.0,polyprotein_fallback,GII.4,Could not assign,5084.0,6706.0,True,20.0
KY947546.1,84.30118,1.0,7553.0,7546.0,GII.P4,New_Orleans_2009,3500.0,5103.0,polyprotein_fallback,GII.4,Could not assign,5084.0,6706.0,True,20.0
PQ482379.1,75.82706,4.0,7549.0,7551.0,GII.P17,,3577.0,5106.0,annotated_rdrp,GII.17,,5090.0,6706.0,True,17.0
PQ482378.1,75.76154,4.0,7549.0,7551.0,GII.P17,,3577.0,5106.0,annotated_rdrp,GII.17,,5090.0,6706.0,True,17.0
PQ475911.1,75.64333,4.0,7570.0,7560.0,GII.P16,,3568.0,5097.0,annotated_rdrp,GII.4,Sydney_2016,5081.0,6703.0,True,17.0
PV784280.1,75.714516,0.0,7507.0,7513.0,GII.P17,,3581.0,5110.0,annotated_rdrp,GII.17,,5094.0,6710.0,True,17.0
PV784278.1,75.72879,4.0,7549.0,7551.0,GII.P17,,3577.0,5106.0,annotated_rdrp,GII.17,,5090.0,6706.0,True,17.0
PV750898.1,75.86376,3.0,7549.0,7552.0,GII.P17,,3578.0,5107.0,annotated_rdrp,GII.17,,5091.0,6707.0,True,17.0
PV750886.1,75.89257,4.0,7549.0,7551.0,GII.P17,,3577.0,5106.0,annotated_rdrp,GII.17,,5090.0,6706.0,True,17.0
OR793101.1,89.53117,4.0,7495.0,7491.0,GII.P12,,3568.0,5097.0,annotated_rdrp,GII.3,,5081.0,6727.0,True,17.0
OR793100.1,76.511055,4.0,7492.0,7488.0,GII.P16,,3568.0,5097.0,annotated_rdrp,GII.2,,5081.0,6709.0,True,17.0
OR793099.1,76.511055,4.0,7492.0,7488.0,GII.P16,,3568.0,5097.0,annotated_rdrp,GII.2,,5081.0,6709.0,True,17.0
OR793098.1,75.7967,4.0,7489.0,7491.0,GII.P17,,3577.0,5106.0,annotated_rdrp,GII.17,,5090.0,6712.0,True,17.0
OR793097.1,86.89444,10.0,7486.0,7479.0,GII.P7,,3562.0,5091.0,annotated_rdrp,GII.14,,5075.0,6685.0,True,17.0
OR793094.1,76.60934,4.0,7492.0,7488.0,GII.P16,,3568.0,5097.0,annotated_rdrp,GII.2,,5081.0,6709.0,True,17.0
OR793093.1,76.511055,4.0,7492.0,7488.0,GII.P16,,3568.0,5097.0,annotated_rdrp,GII.2,,5081.0,6709.0,True,17.0
OR793092.1,76.50041,4.0,7492.0,7488.0,GII.P16,,3568.0,5097.0,annotated_rdrp,GII.2,,5081.0,6709.0,True,17.0
OR793091.1,76.39639,4.0,7492.0,7488.0,GII.P16,,3568.0,5097.0,annotated_rdrp,GII.2,,5081.0,6709.0,True,17.0
PQ195895.1,75.70047,0.0,7534.0,7528.0,GII.P16,,3572.0,5101.0,annotated_rdrp,GII.4,Sydney_2016,5085.0,6707.0,True,17.0
PQ195894.1,75.82798,4.0,7533.0,7523.0,GII.P16,,3568.0,5097.0,annotated_rdrp,GII.4,Sydney_2016,5081.0,6703.0,True,17.0
PQ195892.1,75.90977,0.0,7534.0,7528.0,GII.P16,,3572.0,5101.0,annotated_rdrp,GII.4,Sydney_2016,5085.0,6707.0,True,17.0
PQ195890.1,75.71686,0.0,7534.0,7528.0,GII.P16,,3572.0,5101.0,annotated_rdrp,GII.4,Sydney_2016,5085.0,6707.0,True,17.0
PQ195889.1,75.700935,4.0,7534.0,7524.0,GII.P16,,3568.0,5097.0,annotated_rdrp,GII.4,Sydney_2016,5081.0,6703.0,True,17.0
PQ195888.1,75.71686,0.0,7534.0,7528.0,GII.P16,,3572.0,5101.0,annotated_rdrp,GII.4,Sydney_2016,5085.0,6707.0,True,17.0
PQ195887.1,75.71686,0.0,7534.0,7528.0,GII.P16,,3572.0,5101.0,annotated_rdrp,GII.4,Sydney_2016,5085.0,6707.0,True,17.0
PQ195886.1,84.748055,0.0,7525.0,7525.0,GII.P4,New_Orleans_2009,3572.0,5101.0,annotated_rdrp,GII.4,Could not assign,5085.0,6707.0,True,17.0
PQ195885.1,84.73773,4.0,7525.0,7521.0,GII.P4,New_Orleans_2009,3568.0,5097.0,annotated_rdrp,GII.4,Could not assign,5081.0,6703.0,True,17.0
PQ195883.1,84.56206,0.0,7525.0,7525.0,GII.P4,New_Orleans_2009,3572.0,5101.0,annotated_rdrp,GII.4,Could not assign,5085.0,6707.0,True,17.0
PQ195882.1,76.23047,0.0,7528.0,7528.0,GII.P16,,3572.0,5101.0,annotated_rdrp,GII.4,Sydney_2016,5085.0,6707.0,True,17.0
PQ195881.1,75.7456,4.0,7534.0,7524.0,GII.P16,,3568.0,5097.0,annotated_rdrp,GII.4,Sydney_2016,5081.0,6703.0,True,17.0
PQ195879.1,75.56939,0.0,7534.0,7528.0,GII.P16,,3572.0,5101.0,annotated_rdrp,GII.4,Sydney_2016,5085.0,6707.0,True,17.0
PQ273192.1,76.4937,0.0,7504.0,7504.0,GII.P16,,3572.0,5101.0,annotated_rdrp,GII.2,,5085.0,6713.0,True,17.0
PQ273191.1,75.618546,2.0,7618.0,7610.0,GII.P16,,3570.0,5099.0,annotated_rdrp,GII.4,Sydney_2016,5083.0,6705.0,True,17.0
PQ482380.1,75.92532,4.0,7549.0,7551.0,GII.P17,,3577.0,5106.0,annotated_rdrp,GII.17,,5090.0,6706.0,True,17.0
PQ195914.1,83.962425,0.0,7531.0,7525.0,GII.P4,New_Orleans_2009,3572.0,5101.0,annotated_rdrp,GII.4,Could not assign,5085.0,6707.0,True,17.0
PQ195913.1,84.45137,0.0,7534.0,7528.0,GII.P31,,3572.0,5101.0,annotated_rdrp,GII.4,Could not assign,5085.0,6707.0,True,17.0
PQ195912.1,75.602554,4.0,7528.0,7518.0,GII.P16,,3568.0,5097.0,annotated_rdrp,GII.4,Sydney_2016,5081.0,6703.0,True,17.0
PQ195911.1,75.602554,4.0,7528.0,7518.0,GII.P16,,3568.0,5097.0,annotated_rdrp,GII.4,Sydney_2016,5081.0,6703.0,True,17.0
PQ195910.1,75.618546,0.0,7528.0,7522.0,GII.P16,,3572.0,5101.0,annotated_rdrp,GII.4,Sydney_2016,5085.0,6707.0,True,17.0
PQ195909.1,76.41621,4.0,7528.0,7524.0,GII.P16,,3568.0,5097.0,annotated_rdrp,GII.4,Sydney_2016,5081.0,6703.0,True,17.0
PQ195908.1,76.39939,4.0,7528.0,7524.0,GII.P16,,3568.0,5097.0,annotated_rdrp,GII.4,Sydney_2016,5081.0,6703.0,True,17.0
PQ195907.1,75.58617,4.0,7534.0,7524.0,GII.P16,,3568.0,5097.0,annotated_rdrp,GII.4,Sydney_2016,5081.0,6703.0,True,17.0
PQ195906.1,75.602165,0.0,7534.0,7528.0,GII.P16,,3572.0,5101.0,annotated_rdrp,GII.4,Sydney_2016,5085.0,6707.0,True,17.0
PQ195903.1,75.6677,0.0,7534.0,7528.0,GII.P16,,3572.0,5101.0,annotated_rdrp,GII.4,Sydney_2016,5085.0,6707.0,True,17.0
PQ195902.1,75.65175,4.0,7534.0,7524.0,GII.P16,,3568.0,5097.0,annotated_rdrp,GII.4,Sydney_2016,5081.0,6703.0,True,17.0
PQ195901.1,75.61895,4.0,7534.0,7524.0,GII.P16,,3568.0,5097.0,annotated_rdrp,GII.4,Sydney_2016,5081.0,6703.0,True,17.0
PQ195900.1,75.602165,0.0,7534.0,7528.0,GII.P16,,3572.0,5101.0,annotated_rdrp,GII.4,Sydney_2016,5085.0,6707.0,True,17.0
PQ195899.1,75.602165,0.0,7534.0,7528.0,GII.P16,,3572.0,5101.0,annotated_rdrp,GII.4,Sydney_2016,5085.0,6707.0,True,17.0
PQ195897.1,75.55337,4.0,7534.0,7524.0,GII.P16,,3568.0,5097.0,annotated_rdrp,GII.4,Sydney_2016,5081.0,6703.0,True,17.0
PQ195896.1,75.55337,4.0,7534.0,7524.0,GII.P16,,3568.0,5097.0,annotated_rdrp,GII.4,Sydney_2016,5081.0,6703.0,True,17.0
PQ195931.1,75.86094,4.0,7534.0,7524.0,GII.P16,,3568.0,5097.0,annotated_rdrp,GII.4,Sydney_2016,5081.0,6703.0,True,17.0
PQ195930.1,88.11751,4.0,7534.0,7524.0,GII.P12,,3568.0,5097.0,annotated_rdrp,GII.4,Sydney_2016,5081.0,6703.0,True,17.0
PQ195929.1,88.101105,4.0,7534.0,7524.0,GII.P12,,3568.0,5097.0,annotated_rdrp,GII.4,Sydney_2016,5081.0,6703.0,True,17.0
PQ195928.1,75.8951,4.0,7528.0,7524.0,GII.P16,,3568.0,5097.0,annotated_rdrp,GII.4,Sydney_2016,5081.0,6703.0,True,17.0
PQ195927.1,75.91192,4.0,7528.0,7524.0,GII.P16,,3568.0,5097.0,annotated_rdrp,GII.4,Sydney_2016,5081.0,6703.0,True,17.0
PQ195926.1,75.91192,4.0,7528.0,7524.0,GII.P16,,3568.0,5097.0,annotated_rdrp,GII.4,Sydney_2016,5081.0,6703.0,True,17.0
PQ195925.1,83.669785,4.0,7534.0,7524.0,GII.P4,New_Orleans_2009,3568.0,5097.0,annotated_rdrp,GII.4,Sydney_2016,5081.0,6703.0,True,17.0
PQ195924.1,83.66409,0.0,7534.0,7528.0,GII.P4,New_Orleans_2009,3572.0,5101.0,annotated_rdrp,GII.4,Sydney_2016,5085.0,6707.0,True,17.0
PQ195923.1,83.65337,4.0,7534.0,7524.0,GII.P4,New_Orleans_2009,3568.0,5097.0,annotated_rdrp,GII.4,Sydney_2016,5081.0,6703.0,True,17.0
PQ195922.1,75.65132,0.0,7528.0,7522.0,GII.P16,,3572.0,5101.0,annotated_rdrp,GII.4,Sydney_2016,5085.0,6707.0,True,17.0
PQ195921.1,75.803,0.0,7534.0,7528.0,GII.P16,,3572.0,5101.0,annotated_rdrp,GII.4,Sydney_2016,5085.0,6707.0,True,17.0
PQ195920.1,75.79502,4.0,7534.0,7524.0,GII.P16,,3568.0,5097.0,annotated_rdrp,GII.4,Sydney_2016,5081.0,6703.0,True,17.0
PQ195919.1,75.7945,0.0,7534.0,7528.0,GII.P16,,3572.0,5101.0,annotated_rdrp,GII.4,Sydney_2016,5085.0,6707.0,True,17.0
PQ195917.1,88.11751,4.0,7534.0,7524.0,GII.P12,,3568.0,5097.0,annotated_rdrp,GII.4,Sydney_2016,5081.0,6703.0,True,17.0
PQ195916.1,83.951836,4.0,7531.0,7521.0,GII.P4,New_Orleans_2009,3568.0,5097.0,annotated_rdrp,GII.4,Could not assign,5081.0,6703.0,True,17.0
PQ195915.1,83.951836,4.0,7531.0,7521.0,GII.P4,New_Orleans_2009,3568.0,5097.0,annotated_rdrp,GII.4,Could not assign,5081.0,6703.0,True,17.0
PQ195948.1,84.73773,4.0,7525.0,7521.0,GII.P4,New_Orleans_2009,3568.0,5097.0,annotated_rdrp,GII.4,Could not assign,5081.0,6703.0,True,17.0
PQ195947.1,84.754654,4.0,7525.0,7521.0,GII.P4,New_Orleans_2009,3568.0,5097.0,annotated_rdrp,GII.4,Could not assign,5081.0,6703.0,True,17.0
PQ195946.1,84.754654,4.0,7525.0,7521.0,GII.P4,New_Orleans_2009,3568.0,5097.0,annotated_rdrp,GII.4,Could not assign,5081.0,6703.0,True,17.0
PQ195945.1,84.76496,0.0,7525.0,7525.0,GII.P4,New_Orleans_2009,3572.0,5101.0,annotated_rdrp,GII.4,Could not assign,5085.0,6707.0,True,17.0
PQ195944.1,88.11751,4.0,7534.0,7524.0,GII.P12,,3568.0,5097.0,annotated_rdrp,GII.4,Sydney_2016,5081.0,6703.0,True,17.0
PQ195943.1,76.09161,4.0,7534.0,7524.0,GII.P16,,3568.0,5097.0,annotated_rdrp,GII.4,Sydney_2016,5081.0,6703.0,True,17.0
PQ195942.1,84.61929,4.0,7525.0,7521.0,GII.P4,New_Orleans_2009,3568.0,5097.0,annotated_rdrp,GII.4,Could not assign,5081.0,6703.0,True,17.0
PQ195940.1,84.48417,0.0,7534.0,7528.0,GII.P31,,3572.0,5101.0,annotated_rdrp,GII.4,Could not assign,5085.0,6707.0,True,17.0
PQ195939.1,75.75012,4.0,7534.0,7524.0,GII.P16,,3568.0,5097.0,annotated_rdrp,GII.4,Sydney_2016,5081.0,6703.0,True,17.0
PQ195938.1,75.73373,4.0,7534.0,7524.0,GII.P16,,3568.0,5097.0,annotated_rdrp,GII.4,Sydney_2016,5081.0,6703.0,True,17.0
PQ195937.1,75.75012,4.0,7534.0,7524.0,GII.P16,,3568.0,5097.0,annotated_rdrp,GII.4,Sydney_2016,5081.0,6703.0,True,17.0
PQ195936.1,75.75012,4.0,7534.0,7524.0,GII.P16,,3568.0,5097.0,annotated_rdrp,GII.4,Sydney_2016,5081.0,6703.0,True,17.0
PQ195935.1,75.73373,4.0,7534.0,7524.0,GII.P16,,3568.0,5097.0,annotated_rdrp,GII.4,Sydney_2016,5081.0,6703.0,True,17.0
PQ195934.1,88.11751,4.0,7534.0,7524.0,GII.P12,,3568.0,5097.0,annotated_rdrp,GII.4,Sydney_2016,5081.0,6703.0,True,17.0
PQ195933.1,88.11751,4.0,7534.0,7524.0,GII.P12,,3568.0,5097.0,annotated_rdrp,GII.4,Sydney_2016,5081.0,6703.0,True,17.0
PQ195932.1,75.8933,0.0,7534.0,7528.0,GII.P16,,3572.0,5101.0,annotated_rdrp,GII.4,Sydney_2016,5085.0,6707.0,True,17.0
PQ207947.1,84.40217,0.0,7531.0,7525.0,GII.P31,,3572.0,5101.0,annotated_rdrp,GII.4,Could not assign,5085.0,6704.0,True,17.0
PQ207946.1,84.52283,0.0,7531.0,7525.0,GII.P4,New_Orleans_2009,3572.0,5101.0,annotated_rdrp,GII.4,Could not assign,5085.0,6707.0,True,17.0
PQ207945.1,83.53454,-15.0,7537.0,7546.0,GII.P4,New_Orleans_2009,3587.0,5116.0,annotated_rdrp,GII.4,Could not assign,5100.0,6722.0,True,17.0
PQ207944.1,83.53454,-11.0,7537.0,7542.0,GII.P4,New_Orleans_2009,3583.0,5112.0,annotated_rdrp,GII.4,Could not assign,5096.0,6718.0,True,17.0
PQ207937.1,84.92701,0.0,7534.0,7528.0,GII.P31,,3572.0,5101.0,annotated_rdrp,GII.4,Sydney_2012,5085.0,6707.0,True,17.0
PQ207934.1,75.79931,4.0,7534.0,7524.0,GII.P16,,3568.0,5097.0,annotated_rdrp,GII.4,Sydney_2016,5081.0,6703.0,True,17.0
PQ207933.1,84.69739,0.0,7534.0,7528.0,GII.P31,,3572.0,5101.0,annotated_rdrp,GII.4,Could not assign,5085.0,6707.0,True,17.0
PQ207928.1,84.86141,0.0,7534.0,7528.0,GII.P31,,3572.0,5101.0,annotated_rdrp,GII.4,Sydney_2012,5085.0,6707.0,True,17.0
PQ207927.1,84.89421,0.0,7534.0,7528.0,GII.P31,,3572.0,5101.0,annotated_rdrp,GII.4,Sydney_2012,5085.0,6707.0,True,17.0
PQ207926.1,84.85719,0.0,7525.0,7525.0,GII.P4,Could not assign,3572.0,5101.0,annotated_rdrp,GII.4,Could not assign,5085.0,6704.0,True,17.0
PQ207925.1,84.456894,0.0,7531.0,7525.0,GII.P4,New_Orleans_2009,3572.0,5101.0,annotated_rdrp,GII.4,Could not assign,5085.0,6707.0,True,17.0
PQ207921.1,84.52283,0.0,7531.0,7525.0,GII.P4,New_Orleans_2009,3572.0,5101.0,annotated_rdrp,GII.4,Could not assign,5085.0,6707.0,True,17.0
PQ195952.1,88.11751,4.0,7534.0,7524.0,GII.P12,,3568.0,5097.0,annotated_rdrp,GII.4,Sydney_2016,5081.0,6703.0,True,17.0
PQ195951.1,88.11751,4.0,7534.0,7524.0,GII.P12,,3568.0,5097.0,annotated_rdrp,GII.4,Sydney_2016,5081.0,6703.0,True,17.0
PQ195950.1,88.101105,4.0,7534.0,7524.0,GII.P12,,3568.0,5097.0,annotated_rdrp,GII.4,Sydney_2016,5081.0,6703.0,True,17.0
PQ195949.1,84.73773,4.0,7525.0,7521.0,GII.P4,New_Orleans_2009,3568.0,5097.0,annotated_rdrp,GII.4,Could not assign,5081.0,6703.0,True,17.0
PQ215524.1,75.56976,4.0,7567.0,7557.0,GII.P16,,3568.0,5097.0,annotated_rdrp,GII.4,Sydney_2016,5081.0,6703.0,True,17.0
PQ214837.1,84.41964,0.0,7534.0,7528.0,GII.P4,New_Orleans_2009,3572.0,5101.0,annotated_rdrp,GII.4,New_Orleans_2009,5085.0,6707.0,True,17.0
PQ214835.1,75.766014,0.0,7534.0,7528.0,GII.P16,,3572.0,5101.0,annotated_rdrp,GII.4,Sydney_2016,5085.0,6707.0,True,17.0
PQ214832.1,75.742165,0.0,7534.0,7522.0,GII.P16,,3566.0,5095.0,annotated_rdrp,GII.4,Sydney_2016,5079.0,6701.0,True,17.0
PQ208329.1,75.56976,4.0,7534.0,7524.0,GII.P16,,3568.0,5097.0,annotated_rdrp,GII.4,Sydney_2016,5081.0,6703.0,True,17.0
PQ208328.1,75.56976,4.0,7534.0,7524.0,GII.P16,,3568.0,5097.0,annotated_rdrp,GII.4,Sydney_2016,5081.0,6703.0,True,17.0
PQ208327.1,75.58617,4.0,7534.0,7524.0,GII.P16,,3568.0,5097.0,annotated_rdrp,GII.4,Sydney_2016,5081.0,6703.0,True,17.0
PQ208326.1,84.2982,4.0,7531.0,7521.0,GII.P4,New_Orleans_2009,3568.0,5097.0,annotated_rdrp,GII.4,Could not assign,5081.0,6703.0,True,17.0
PQ208323.1,75.58617,4.0,7534.0,7524.0,GII.P16,,3568.0,5097.0,annotated_rdrp,GII.4,Sydney_2016,5081.0,6703.0,True,17.0
PQ208322.1,75.58617,4.0,7534.0,7524.0,GII.P16,,3568.0,5097.0,annotated_rdrp,GII.4,Sydney_2016,5081.0,6703.0,True,17.0
PQ208321.1,75.52058,4.0,7528.0,7518.0,GII.P16,,3568.0,5097.0,annotated_rdrp,GII.4,Sydney_2016,5081.0,6703.0,True,17.0
PQ208320.1,75.58617,4.0,7534.0,7524.0,GII.P16,,3568.0,5097.0,annotated_rdrp,GII.4,Sydney_2016,5081.0,6703.0,True,17.0
PQ208319.1,75.50418,4.0,7534.0,7524.0,GII.P16,,3568.0,5097.0,annotated_rdrp,GII.4,Sydney_2016,5081.0,6703.0,True,17.0
PQ208317.1,84.44665,4.0,7531.0,7521.0,GII.P4,New_Orleans_2009,3568.0,5097.0,annotated_rdrp,GII.4,Could not assign,5081.0,6703.0,True,17.0
PQ208316.1,75.53697,4.0,7534.0,7524.0,GII.P16,,3568.0,5097.0,annotated_rdrp,GII.4,Sydney_2016,5081.0,6703.0,True,17.0
PQ208315.1,84.73835,4.0,7525.0,7521.0,GII.P4,New_Orleans_2009,3568.0,5097.0,annotated_rdrp,GII.4,Could not assign,5081.0,6703.0,True,17.0
PQ373135.1,76.02358,4.0,7547.0,7549.0,GII.P17,,3577.0,5106.0,annotated_rdrp,GII.17,,5090.0,6706.0,True,17.0
PQ373134.1,75.646904,4.0,7540.0,7542.0,GII.P17,,3577.0,5106.0,annotated_rdrp,GII.17,,5090.0,6706.0,True,17.0
PQ373130.1,75.61693,4.0,7550.0,7552.0,GII.P17,,3577.0,5106.0,annotated_rdrp,GII.17,,5090.0,6712.0,True,17.0
PQ373128.1,75.56502,4.0,7505.0,7507.0,GII.P17,,3577.0,5106.0,annotated_rdrp,GII.17,,5090.0,6712.0,True,17.0
PQ373125.1,75.59778,4.0,7511.0,7513.0,GII.P17,,3577.0,5106.0,annotated_rdrp,GII.17,,5090.0,6709.0,True,17.0
PQ373119.1,75.49821,1.0,7545.0,7550.0,GII.P17,,3580.0,5109.0,annotated_rdrp,GII.17,,5093.0,6709.0,True,17.0
PQ442937.1,89.269516,0.0,7503.0,7503.0,GII.P12,,3572.0,5101.0,annotated_rdrp,GII.3,,5085.0,6731.0,True,17.0
PQ442936.1,89.571785,0.0,7503.0,7503.0,GII.P12,,3572.0,5101.0,annotated_rdrp,GII.3,,5085.0,6731.0,True,17.0
PQ442935.1,89.440056,0.0,7503.0,7503.0,GII.P12,,3572.0,5101.0,annotated_rdrp,GII.3,,5085.0,6731.0,True,17.0
PQ507179.1,85.55574,0.0,7517.0,7517.0,GII.P31,,3572.0,5101.0,annotated_rdrp,GII.4,Could not assign,5085.0,6707.0,True,17.0
PQ507178.1,85.53893,0.0,7514.0,7514.0,GII.P31,,3572.0,5101.0,annotated_rdrp,GII.4,Could not assign,5085.0,6707.0,True,17.0
PQ507174.1,75.614555,0.0,7524.0,7518.0,GII.P16,,3572.0,5101.0,annotated_rdrp,GII.4,Sydney_2016,5085.0,6707.0,True,17.0
PQ507173.1,86.745964,6.0,7481.0,7478.0,GII.P7,,3566.0,5095.0,annotated_rdrp,GII.7,,5079.0,6701.0,True,17.0
PQ641315.1,69.96082,-32.0,7483.0,7530.0,GII.P40,,3604.0,5133.0,annotated_rdrp,GII.5,,5117.0,6739.0,True,17.0
PQ219041.1,84.17254,0.0,7534.0,7528.0,GII.P4,New_Orleans_2009,3572.0,5101.0,annotated_rdrp,GII.4,Could not assign,5085.0,6707.0,True,17.0
PQ215526.1,75.602554,4.0,7519.0,7509.0,GII.P16,,3568.0,5097.0,annotated_rdrp,GII.4,Sydney_2016,5081.0,6703.0,True,17.0
OR084256.1,76.63017,0.0,7502.0,7502.0,GII.P16,,3572.0,5101.0,annotated_rdrp,GII.2,,5085.0,6713.0,True,17.0
OP205582.1,75.87683,0.0,7519.0,7513.0,GII.P16,,3572.0,5101.0,annotated_rdrp,GII.4,Sydney_2016,5085.0,6707.0,True,17.0
OP205580.1,75.77803,0.0,7519.0,7513.0,GII.P16,,3572.0,5101.0,annotated_rdrp,GII.4,Sydney_2016,5085.0,6707.0,True,17.0
OP205579.1,85.0569,4.0,7519.0,7509.0,GII.P31,,3568.0,5097.0,annotated_rdrp,GII.4,Sydney_2012,5081.0,6703.0,True,17.0
OP205578.1,80.821,4.0,7495.0,7491.0,GII.P21,,3568.0,5097.0,annotated_rdrp,GII.3,,5081.0,6727.0,True,17.0
OP205577.1,80.81708,0.0,7495.0,7495.0,GII.P21,,3572.0,5101.0,annotated_rdrp,GII.3,,5085.0,6731.0,True,17.0
OP205566.1,75.91036,4.0,7519.0,7509.0,GII.P16,,3568.0,5097.0,annotated_rdrp,GII.4,Sydney_2016,5081.0,6703.0,True,17.0
OP205541.1,76.45135,4.0,7492.0,7488.0,GII.P16,,3568.0,5097.0,annotated_rdrp,GII.2,,5081.0,6709.0,True,17.0
OP205527.1,84.57859,4.0,7516.0,7506.0,GII.P4,New_Orleans_2009,3568.0,5097.0,annotated_rdrp,GII.4,Could not assign,5081.0,6703.0,True,17.0
PQ373146.1,75.87619,4.0,7524.0,7526.0,GII.P17,,3577.0,5106.0,annotated_rdrp,GII.17,,5090.0,6706.0,True,17.0
PQ373145.1,75.89257,4.0,7545.0,7547.0,GII.P17,,3577.0,5106.0,annotated_rdrp,GII.17,,5090.0,6706.0,True,17.0
PQ373144.1,76.0072,4.0,7545.0,7547.0,GII.P17,,3577.0,5106.0,annotated_rdrp,GII.17,,5090.0,6706.0,True,17.0
PQ373143.1,75.85981,4.0,7509.0,7511.0,GII.P17,,3577.0,5106.0,annotated_rdrp,GII.17,,5090.0,6706.0,True,17.0
PQ373141.1,75.941696,4.0,7546.0,7548.0,GII.P17,,3577.0,5106.0,annotated_rdrp,GII.17,,5090.0,6706.0,True,17.0
PQ373137.1,75.85981,4.0,7504.0,7506.0,GII.P17,,3577.0,5106.0,annotated_rdrp,GII.17,,5090.0,6706.0,True,17.0
PQ373136.1,75.85981,4.0,7504.0,7506.0,GII.P17,,3577.0,5106.0,annotated_rdrp,GII.17,,5090.0,6706.0,True,17.0
MK928498.1,85.56701,0.0,7513.0,7513.0,GII.P31,,3572.0,5101.0,annotated_rdrp,GII.4,Sydney_2012,5085.0,6707.0,True,17.0
MK928497.1,85.56701,0.0,7513.0,7513.0,GII.P31,,3572.0,5101.0,annotated_rdrp,GII.4,Sydney_2012,5085.0,6707.0,True,17.0
MK928496.1,85.56701,0.0,7513.0,7513.0,GII.P31,,3572.0,5101.0,annotated_rdrp,GII.4,Sydney_2012,5085.0,6707.0,True,17.0
MT409884.1,89.67081,1.0,7533.0,7532.0,GII.P12,,3571.0,5100.0,annotated_rdrp,GII.3,,5084.0,6730.0,True,17.0
MT362912.1,84.562096,4.0,7563.0,7553.0,GII.P4,New_Orleans_2009,3568.0,5097.0,annotated_rdrp,GII.4,Could not assign,5081.0,6703.0,True,17.0
OK376252.1,76.6623,1.0,7518.0,7517.0,GII.P16,,3571.0,5100.0,annotated_rdrp,GII.2,,5084.0,6694.0,True,17.0
OP805361.1,75.89417,0.0,7491.0,7497.0,GII.P17,,3581.0,5110.0,annotated_rdrp,GII.17,,5094.0,6716.0,True,17.0
OP805360.1,75.89417,0.0,7491.0,7497.0,GII.P17,,3581.0,5110.0,annotated_rdrp,GII.17,,5094.0,6716.0,True,17.0
OR084264.1,85.06676,0.0,7523.0,7517.0,GII.P31,,3572.0,5101.0,annotated_rdrp,GII.4,Sydney_2012,5085.0,6707.0,True,17.0
OR084263.1,85.08324,0.0,7522.0,7516.0,GII.P31,,3572.0,5101.0,annotated_rdrp,GII.4,Sydney_2012,5085.0,6707.0,True,17.0
OR084262.1,85.05027,0.0,7523.0,7517.0,GII.P31,,3572.0,5101.0,annotated_rdrp,GII.4,Sydney_2012,5085.0,6707.0,True,17.0
OR084261.1,85.13268,0.0,7522.0,7516.0,GII.P31,,3572.0,5101.0,annotated_rdrp,GII.4,Could not assign,5085.0,6707.0,True,17.0
OR084260.1,85.24076,3.0,7522.0,7513.0,GII.P31,,3569.0,5098.0,annotated_rdrp,GII.4,Could not assign,5082.0,6704.0,True,17.0
OR084259.1,85.099724,0.0,7522.0,7516.0,GII.P31,,3572.0,5101.0,annotated_rdrp,GII.4,Could not assign,5085.0,6707.0,True,17.0
OR084258.1,84.89421,0.0,7522.0,7516.0,GII.P31,,3572.0,5101.0,annotated_rdrp,GII.4,Could not assign,5085.0,6707.0,True,17.0
OR084257.1,85.48848,0.0,7516.0,7516.0,GII.P31,,3572.0,5101.0,annotated_rdrp,GII.4,Sydney_2012,5085.0,6707.0,True,17.0
PQ308684.1,75.92471,0.0,7518.0,7524.0,GII.P17,,3581.0,5110.0,annotated_rdrp,GII.17,,5094.0,6710.0,True,17.0
PX285873.1,88.93367,0.0,7525.0,7525.0,GII.P12,,3572.0,5101.0,annotated_rdrp,GII.3,,5085.0,6731.0,True,17.0
PV920370.1,75.686386,2.0,7533.0,7546.0,Could not assign,,3579.0,5108.0,annotated_rdrp,GII.17,,5092.0,6705.0,True,17.0
KJ710245.2,84.32016,0.0,7576.0,7570.0,GII.P4,New_Orleans_2009,3500.0,5104.0,polyprotein_fallback,GII.4,Could not assign,5085.0,6707.0,True,20.0
MH260504.1,75.95917,0.0,7522.0,7516.0,GII.P16,,3572.0,5101.0,annotated_rdrp,GII.4,Sydney_2016,5085.0,6707.0,True,17.0
MH260502.1,75.7945,0.0,7542.0,7536.0,GII.P16,,3572.0,5101.0,annotated_rdrp,GII.4,Sydney_2016,5085.0,6707.0,True,17.0
MH260492.1,75.712166,0.0,7542.0,7536.0,GII.P16,,3572.0,5101.0,annotated_rdrp,GII.4,Sydney_2016,5085.0,6707.0,True,17.0
MH260490.1,75.7451,0.0,7565.0,7559.0,GII.P16,,3572.0,5101.0,annotated_rdrp,GII.4,Sydney_2016,5085.0,6707.0,True,17.0
MH260488.1,75.761566,0.0,7542.0,7536.0,GII.P16,,3572.0,5101.0,annotated_rdrp,GII.4,Sydney_2016,5085.0,6707.0,True,17.0
MH260485.1,75.7451,0.0,7530.0,7524.0,GII.P16,,3572.0,5101.0,annotated_rdrp,GII.4,Sydney_2016,5085.0,6707.0,True,17.0
MH260484.1,75.97563,0.0,7542.0,7536.0,GII.P16,,3572.0,5101.0,annotated_rdrp,GII.4,Sydney_2016,5085.0,6707.0,True,17.0
MH260483.1,75.712166,0.0,7542.0,7536.0,GII.P16,,3572.0,5101.0,annotated_rdrp,GII.4,Sydney_2016,5085.0,6707.0,True,17.0
MK928499.1,85.56701,0.0,7513.0,7513.0,GII.P31,,3572.0,5101.0,annotated_rdrp,GII.4,Sydney_2012,5085.0,6707.0,True,17.0
PQ304613.1,75.724815,4.0,7554.0,7556.0,GII.P17,,3577.0,5106.0,annotated_rdrp,GII.17,,5090.0,6706.0,True,17.0
PQ304612.1,75.724815,4.0,7554.0,7556.0,GII.P17,,3577.0,5106.0,annotated_rdrp,GII.17,,5090.0,6706.0,True,17.0
PQ310236.1,75.92532,4.0,7554.0,7556.0,GII.P17,,3577.0,5106.0,annotated_rdrp,GII.17,,5090.0,6706.0,True,17.0
PQ310234.1,75.76154,4.0,7554.0,7556.0,GII.P17,,3577.0,5106.0,annotated_rdrp,GII.17,,5090.0,6706.0,True,17.0
PQ310131.1,75.94108,0.0,7498.0,7504.0,GII.P17,,3581.0,5110.0,annotated_rdrp,GII.17,,5094.0,6710.0,True,17.0
PQ310130.1,75.95745,0.0,7498.0,7504.0,GII.P17,,3581.0,5110.0,annotated_rdrp,GII.17,,5094.0,6710.0,True,17.0
PQ310129.1,75.72832,0.0,7498.0,7504.0,GII.P17,,3581.0,5110.0,annotated_rdrp,GII.17,,5094.0,6710.0,True,17.0
PQ310128.1,75.859245,0.0,7498.0,7504.0,GII.P17,,3581.0,5110.0,annotated_rdrp,GII.17,,5094.0,6710.0,True,17.0
PQ310127.1,75.79378,0.0,7498.0,7504.0,GII.P17,,3581.0,5110.0,annotated_rdrp,GII.17,,5094.0,6710.0,True,17.0
PQ310126.1,75.679214,0.0,7498.0,7504.0,GII.P17,,3581.0,5110.0,annotated_rdrp,GII.17,,5094.0,6710.0,True,17.0
PQ310125.2,75.78982,4.0,7537.0,7545.0,GII.P17,,3577.0,5106.0,annotated_rdrp,GII.17,,5090.0,6715.0,True,17.0
PQ310124.1,75.859245,0.0,7498.0,7504.0,GII.P17,,3581.0,5110.0,annotated_rdrp,GII.17,,5094.0,6710.0,True,17.0
PQ308689.1,75.708435,4.0,7518.0,7520.0,GII.P17,,3577.0,5106.0,annotated_rdrp,GII.17,,5090.0,6706.0,True,17.0
PQ308687.1,75.724815,4.0,7518.0,7520.0,GII.P17,,3577.0,5106.0,annotated_rdrp,GII.17,,5090.0,6706.0,True,17.0
PQ308686.1,75.69604,4.0,7518.0,7520.0,GII.P17,,3577.0,5106.0,annotated_rdrp,GII.17,,5090.0,6706.0,True,17.0
PQ308685.1,75.90894,4.0,7518.0,7520.0,GII.P17,,3577.0,5106.0,annotated_rdrp,GII.17,,5090.0,6706.0,True,17.0
PP564832.1,75.8933,0.0,7555.0,7549.0,GII.P16,,3572.0,5101.0,annotated_rdrp,GII.4,Sydney_2016,5085.0,6707.0,True,17.0
PP564831.1,76.19688,0.0,7549.0,7549.0,GII.P16,,3572.0,5101.0,annotated_rdrp,GII.4,Sydney_2016,5085.0,6707.0,True,17.0
PP564830.1,76.23047,0.0,7549.0,7549.0,GII.P16,,3572.0,5101.0,annotated_rdrp,GII.4,Sydney_2016,5085.0,6707.0,True,17.0
PP564829.1,75.880714,0.0,7553.0,7547.0,GII.P16,,3572.0,5101.0,annotated_rdrp,GII.4,Sydney_2016,5085.0,6707.0,True,17.0
PP564828.1,76.03156,0.0,7555.0,7549.0,GII.P16,,3572.0,5101.0,annotated_rdrp,GII.4,Sydney_2016,5085.0,6707.0,True,17.0
PP564827.1,75.965805,0.0,7519.0,7513.0,GII.P16,,3572.0,5101.0,annotated_rdrp,GII.4,Sydney_2016,5085.0,6707.0,True,17.0
PP564826.1,76.01513,0.0,7555.0,7549.0,GII.P16,,3572.0,5101.0,annotated_rdrp,GII.4,Sydney_2016,5085.0,6707.0,True,17.0
PP645200.1,89.23594,0.0,7525.0,7525.0,GII.P12,,3572.0,5101.0,annotated_rdrp,GII.3,,5085.0,6731.0,True,17.0
PP645199.1,92.93725,0.0,7487.0,7490.0,GII.P8,,3572.0,5101.0,annotated_rdrp,GII.8,,5085.0,6698.0,True,17.0
PP658561.1,75.81914,1.0,7573.0,7566.0,GII.P16,,3571.0,5100.0,annotated_rdrp,GII.4,Sydney_2016,5084.0,6706.0,True,17.0
PP658560.1,81.18838,4.0,7505.0,7501.0,GII.P16,,3568.0,5097.0,annotated_rdrp,GII.12,,5081.0,6688.0,True,17.0
PP658559.1,75.87676,1.0,7533.0,7526.0,GII.P16,,3571.0,5100.0,annotated_rdrp,GII.4,Sydney_2016,5084.0,6706.0,True,17.0
PP658557.1,75.994736,1.0,7521.0,7514.0,GII.P16,,3571.0,5100.0,annotated_rdrp,GII.4,Sydney_2016,5084.0,6706.0,True,17.0
PP658555.1,89.127884,4.0,7525.0,7521.0,GII.P12,,3568.0,5097.0,annotated_rdrp,GII.3,,5081.0,6727.0,True,17.0
PP658551.1,84.45137,0.0,7542.0,7539.0,GII.P31,,3572.0,5101.0,annotated_rdrp,GII.4,Could not assign,5085.0,6710.0,True,17.0
PQ304632.1,83.42526,-1.0,7492.0,7508.0,GII.P31,,3573.0,5102.0,annotated_rdrp,GII.17,,5086.0,6708.0,True,17.0
KC962462.3,84.32016,0.0,7576.0,7570.0,GII.P4,New_Orleans_2009,3500.0,5104.0,polyprotein_fallback,GII.4,Could not assign,5085.0,6707.0,True,20.0
KC962453.2,84.36936,0.0,7573.0,7567.0,GII.P4,Could not assign,3500.0,5104.0,polyprotein_fallback,GII.4,Could not assign,5085.0,6707.0,True,20.0
MN493873.1,76.42635,2.0,7532.0,7530.0,GII.P16,,3570.0,5099.0,annotated_rdrp,GII.2,,5083.0,6711.0,True,17.0
MN525275.1,75.77854,4.0,7554.0,7544.0,GII.P16,,3568.0,5097.0,annotated_rdrp,GII.4,Sydney_2016,5081.0,6703.0,True,17.0
PP564834.1,75.992096,0.0,7555.0,7549.0,GII.P16,,3572.0,5101.0,annotated_rdrp,GII.4,Sydney_2016,5085.0,6707.0,True,17.0
PP564833.1,75.942696,0.0,7555.0,7549.0,GII.P16,,3572.0,5101.0,annotated_rdrp,GII.4,Sydney_2016,5085.0,6707.0,True,17.0
MH218611.1,85.16899,0.0,7513.0,7513.0,GII.P4,New_Orleans_2009,3572.0,5101.0,annotated_rdrp,GII.4,Sydney_2012,5085.0,6707.0,True,17.0
MH218610.1,85.18581,0.0,7513.0,7513.0,GII.P4,New_Orleans_2009,3572.0,5101.0,annotated_rdrp,GII.4,Sydney_2012,5085.0,6707.0,True,17.0
MH218609.1,85.0681,0.0,7513.0,7513.0,GII.P4,New_Orleans_2009,3572.0,5101.0,annotated_rdrp,GII.4,Sydney_2012,5085.0,6707.0,True,17.0
MH218608.1,85.07463,0.0,7565.0,7559.0,GII.P31,,3572.0,5101.0,annotated_rdrp,GII.4,Sydney_2012,5085.0,6707.0,True,17.0
MH218607.1,84.81951,0.0,7519.0,7513.0,GII.P4,New_Orleans_2009,3572.0,5101.0,annotated_rdrp,GII.4,Sydney_2012,5085.0,6707.0,True,17.0
MH218606.1,84.32016,0.0,7519.0,7513.0,GII.P4,New_Orleans_2009,3572.0,5101.0,annotated_rdrp,GII.4,Could not assign,5085.0,6707.0,True,17.0
MH218605.1,85.18944,0.0,7565.0,7559.0,GII.P31,,3572.0,5101.0,annotated_rdrp,GII.4,Sydney_2012,5085.0,6707.0,True,17.0
MH218604.1,80.80027,0.0,7548.0,7548.0,GII.P21,,3572.0,5101.0,annotated_rdrp,GII.3,,5085.0,6731.0,True,17.0
MH218603.1,81.108315,0.0,7548.0,7548.0,GII.P21,,3572.0,5101.0,annotated_rdrp,GII.3,,5085.0,6731.0,True,17.0
MH218602.1,81.203766,0.0,7548.0,7548.0,GII.P21,,3572.0,5101.0,annotated_rdrp,GII.3,,5085.0,6731.0,True,17.0
MH218601.1,81.06927,0.0,7548.0,7548.0,GII.P21,,3572.0,5101.0,annotated_rdrp,GII.3,,5085.0,6731.0,True,17.0
MH218600.1,81.01883,0.0,7548.0,7548.0,GII.P21,,3572.0,5101.0,annotated_rdrp,GII.3,,5085.0,6731.0,True,17.0
MH218599.1,80.85071,0.0,7548.0,7548.0,GII.P21,,3572.0,5101.0,annotated_rdrp,GII.3,,5085.0,6731.0,True,17.0
MH218598.1,81.024345,0.0,7548.0,7548.0,GII.P21,,3572.0,5101.0,annotated_rdrp,GII.3,,5085.0,6731.0,True,17.0
MH218597.1,81.119705,0.0,7548.0,7548.0,GII.P21,,3572.0,5101.0,annotated_rdrp,GII.3,,5085.0,6731.0,True,17.0
MH218596.1,81.13652,0.0,7548.0,7548.0,GII.P21,,3572.0,5101.0,annotated_rdrp,GII.3,,5085.0,6731.0,True,17.0
MH218595.1,81.119705,0.0,7548.0,7548.0,GII.P21,,3572.0,5101.0,annotated_rdrp,GII.3,,5085.0,6731.0,True,17.0
MH218594.1,81.08608,0.0,7548.0,7548.0,GII.P21,,3572.0,5101.0,annotated_rdrp,GII.3,,5085.0,6731.0,True,17.0
MH218593.1,80.85071,0.0,7548.0,7548.0,GII.P21,,3572.0,5101.0,annotated_rdrp,GII.3,,5085.0,6731.0,True,17.0
MH218592.1,80.96839,0.0,7541.0,7541.0,GII.P21,,3572.0,5101.0,annotated_rdrp,GII.3,,5085.0,6731.0,True,17.0
MH218591.1,75.16257,0.0,7523.0,7535.0,GII.P16,,3569.0,5098.0,annotated_rdrp,GII.17,,5082.0,6704.0,True,17.0
MH218590.1,80.83389,0.0,7548.0,7548.0,GII.P21,,3572.0,5101.0,annotated_rdrp,GII.3,,5085.0,6731.0,True,17.0
MH218589.1,81.119705,0.0,7548.0,7548.0,GII.P21,,3572.0,5101.0,annotated_rdrp,GII.3,,5085.0,6731.0,True,17.0
MH218588.1,80.867516,0.0,7548.0,7548.0,GII.P21,,3572.0,5101.0,annotated_rdrp,GII.3,,5085.0,6731.0,True,17.0
MH218587.1,80.867516,0.0,7548.0,7548.0,GII.P21,,3572.0,5101.0,annotated_rdrp,GII.3,,5085.0,6731.0,True,17.0
MH218586.1,81.00756,0.0,7548.0,7548.0,GII.P21,,3572.0,5101.0,annotated_rdrp,GII.3,,5085.0,6731.0,True,17.0
MH218585.1,81.05794,0.0,7548.0,7548.0,GII.P21,,3572.0,5101.0,annotated_rdrp,GII.3,,5085.0,6731.0,True,17.0
MH218584.1,81.07473,0.0,7548.0,7548.0,GII.P21,,3572.0,5101.0,annotated_rdrp,GII.3,,5085.0,6731.0,True,17.0
MH218583.1,81.22058,0.0,7548.0,7548.0,GII.P21,,3572.0,5101.0,annotated_rdrp,GII.3,,5085.0,6731.0,True,17.0
MH218582.1,80.91795,0.0,7548.0,7548.0,GII.P21,,3572.0,5101.0,annotated_rdrp,GII.3,,5085.0,6731.0,True,17.0
MH218581.1,80.901146,0.0,7548.0,7548.0,GII.P21,,3572.0,5101.0,annotated_rdrp,GII.3,,5085.0,6731.0,True,17.0
MH218580.1,80.96839,0.0,7548.0,7548.0,GII.P21,,3572.0,5101.0,annotated_rdrp,GII.3,,5085.0,6731.0,True,17.0
MH218579.1,81.27102,0.0,7548.0,7548.0,GII.P21,,3572.0,5101.0,annotated_rdrp,GII.3,,5085.0,6731.0,True,17.0
MH218578.1,81.27102,0.0,7548.0,7548.0,GII.P21,,3572.0,5101.0,annotated_rdrp,GII.3,,5085.0,6731.0,True,17.0
MH218577.1,81.18696,0.0,7548.0,7548.0,GII.P21,,3572.0,5101.0,annotated_rdrp,GII.3,,5085.0,6731.0,True,17.0
MH218576.1,81.17014,0.0,7548.0,7548.0,GII.P21,,3572.0,5101.0,annotated_rdrp,GII.3,,5085.0,6731.0,True,17.0
MH218575.1,81.17014,0.0,7548.0,7548.0,GII.P21,,3572.0,5101.0,annotated_rdrp,GII.3,,5085.0,6731.0,True,17.0
MH218574.1,81.13652,0.0,7548.0,7548.0,GII.P21,,3572.0,5101.0,annotated_rdrp,GII.3,,5085.0,6731.0,True,17.0
MH218573.1,81.108315,0.0,7548.0,7548.0,GII.P21,,3572.0,5101.0,annotated_rdrp,GII.3,,5085.0,6731.0,True,17.0
MH218572.1,81.203766,0.0,7548.0,7548.0,GII.P21,,3572.0,5101.0,annotated_rdrp,GII.3,,5085.0,6731.0,True,17.0
MH218571.1,81.035645,0.0,7555.0,7555.0,GII.P21,,3572.0,5101.0,annotated_rdrp,GII.3,,5085.0,6731.0,True,17.0
MH218570.1,81.2374,0.0,7563.0,7563.0,GII.P21,,3572.0,5101.0,annotated_rdrp,GII.3,,5085.0,6731.0,True,17.0
MH671553.1,77.83412,0.0,7536.0,7536.0,GII.P2,,3572.0,5101.0,annotated_rdrp,GII.2,,5085.0,6713.0,True,17.0
MH413070.1,85.33224,2.0,7566.0,7558.0,GII.P4,Hunter_2004,3570.0,5099.0,annotated_rdrp,GII.4,Hunter_2004,5083.0,6705.0,True,17.0
MK282258.1,75.79618,0.0,7593.0,7599.0,GII.P17,,3581.0,5110.0,annotated_rdrp,GII.17,,5094.0,6710.0,True,17.0
MK282257.1,75.84518,0.0,7594.0,7600.0,GII.P17,,3581.0,5110.0,annotated_rdrp,GII.17,,5094.0,6710.0,True,17.0
MK282256.1,75.74718,0.0,7595.0,7601.0,GII.P17,,3581.0,5110.0,annotated_rdrp,GII.17,,5094.0,6710.0,True,17.0
MH979230.1,85.52941,0.0,7513.0,7516.0,GII.P31,,3572.0,5104.0,annotated_rdrp,GII.4,Sydney_2012,5088.0,6710.0,True,17.0
MH979229.1,76.48693,0.0,7546.0,7546.0,GII.P16,,3572.0,5101.0,annotated_rdrp,GII.2,,5085.0,6713.0,True,17.0
MK483909.2,75.86889,2.0,7592.0,7584.0,GII.P16,,3570.0,5099.0,annotated_rdrp,GII.4,Sydney_2016,5083.0,6705.0,True,17.0
MK483908.2,77.37905,0.0,7539.0,7539.0,GII.P16,,3572.0,5101.0,annotated_rdrp,GII.1,,5085.0,6692.0,True,17.0
MK641589.1,87.03924,6.0,7532.0,7529.0,GII.P7,,3566.0,5095.0,annotated_rdrp,GII.14,,5079.0,6689.0,True,17.0
MK629457.1,75.761566,0.0,7565.0,7559.0,GII.P16,,3572.0,5101.0,annotated_rdrp,GII.4,Sydney_2016,5085.0,6707.0,True,17.0
MK934772.1,85.297516,0.0,7565.0,7559.0,GII.P31,,3572.0,5101.0,annotated_rdrp,GII.4,Sydney_2012,5085.0,6707.0,True,17.0
MK789435.1,84.97622,0.0,7575.0,7569.0,GII.P31,,3572.0,5101.0,annotated_rdrp,GII.4,Could not assign,5085.0,6707.0,True,17.0
MK789432.1,75.76351,0.0,7552.0,7558.0,GII.P17,,3581.0,5110.0,annotated_rdrp,GII.17,,5094.0,6716.0,True,17.0
MK773584.1,75.72864,0.0,7565.0,7559.0,GII.P16,,3572.0,5101.0,annotated_rdrp,GII.4,Sydney_2016,5085.0,6707.0,True,17.0
MK764040.1,78.04678,0.0,7532.0,7529.0,GII.P2,,3569.0,5098.0,annotated_rdrp,GII.2,,5082.0,6710.0,True,17.0
MK764016.1,75.77803,0.0,7561.0,7555.0,GII.P16,,3572.0,5101.0,annotated_rdrp,GII.4,Sydney_2016,5085.0,6707.0,True,17.0
MK762638.1,76.00857,0.0,7569.0,7563.0,GII.P16,,3572.0,5101.0,annotated_rdrp,GII.4,Sydney_2016,5085.0,6707.0,True,17.0
MK762635.1,76.41525,0.0,7568.0,7568.0,GII.P16,,3572.0,5101.0,annotated_rdrp,GII.4,Sydney_2016,5085.0,6707.0,True,17.0
MK762624.1,75.8439,0.0,7564.0,7558.0,GII.P16,,3572.0,5101.0,annotated_rdrp,GII.4,Sydney_2016,5085.0,6707.0,True,17.0
MK762621.1,75.761566,0.0,7571.0,7565.0,GII.P16,,3572.0,5101.0,annotated_rdrp,GII.4,Sydney_2016,5085.0,6707.0,True,17.0
MK753032.1,75.90977,0.0,7578.0,7572.0,GII.P16,,3572.0,5101.0,annotated_rdrp,GII.4,Sydney_2016,5085.0,6707.0,True,17.0
MK753015.1,77.82665,0.0,7536.0,7536.0,GII.P2,,3572.0,5101.0,annotated_rdrp,GII.2,,5085.0,6713.0,True,17.0
MK752938.1,75.8439,0.0,7579.0,7573.0,GII.P16,,3572.0,5101.0,annotated_rdrp,GII.4,Sydney_2016,5085.0,6707.0,True,17.0
MK752936.1,75.712166,0.0,7562.0,7556.0,GII.P16,,3572.0,5101.0,annotated_rdrp,GII.4,Sydney_2016,5085.0,6707.0,True,17.0
MK752935.1,76.43406,0.0,7536.0,7536.0,GII.P16,,3572.0,5101.0,annotated_rdrp,GII.2,,5085.0,6713.0,True,17.0
MN525276.1,75.72864,0.0,7582.0,7576.0,GII.P16,,3572.0,5101.0,annotated_rdrp,GII.4,Sydney_2016,5085.0,6707.0,True,17.0
MN453359.1,68.44744,9.0,7529.0,7523.0,GII.P24,,3563.0,5092.0,annotated_rdrp,GII.24,,5076.0,6704.0,True,17.0
MN453358.1,69.873505,9.0,7536.0,7530.0,GII.P23,,3563.0,5092.0,annotated_rdrp,GII.23,,5076.0,6707.0,True,17.0
MN447471.1,76.397766,0.0,7551.0,7578.0,GII.P16,,3566.0,5095.0,annotated_rdrp,GII.16,,5079.0,6701.0,True,17.0
MN447470.1,76.397766,0.0,7552.0,7579.0,GII.P16,,3566.0,5095.0,annotated_rdrp,GII.16,,5079.0,6701.0,True,17.0
MN400355.2,85.2966,0.0,7556.0,7556.0,GII.P31,,3500.0,5104.0,polyprotein_fallback,GII.4,Hong_Kong_2019,5085.0,6707.0,True,20.0
MT238671.1,75.81097,0.0,7585.0,7579.0,GII.P16,,3572.0,5101.0,annotated_rdrp,GII.4,Sydney_2016,5085.0,6707.0,True,17.0
MT232050.1,85.140236,0.0,7566.0,7560.0,GII.P31,,3572.0,5101.0,annotated_rdrp,GII.4,Sydney_2012,5085.0,6707.0,True,17.0
MT032004.1,75.92623,0.0,7570.0,7564.0,GII.P16,,3572.0,5101.0,annotated_rdrp,GII.4,Sydney_2016,5085.0,6707.0,True,17.0
MT031821.1,75.77803,0.0,7566.0,7560.0,GII.P16,,3572.0,5101.0,annotated_rdrp,GII.4,Sydney_2016,5085.0,6707.0,True,17.0
MT031761.1,75.942696,0.0,7566.0,7560.0,GII.P16,,3572.0,5101.0,annotated_rdrp,GII.4,Sydney_2016,5085.0,6707.0,True,17.0
MT029316.1,76.096085,0.0,7604.0,7604.0,GII.P16,,3572.0,5101.0,annotated_rdrp,GII.4,Sydney_2016,5085.0,6707.0,True,17.0
MT028542.1,84.730194,0.0,7566.0,7560.0,GII.P31,,3572.0,5101.0,annotated_rdrp,GII.4,Could not assign,5085.0,6707.0,True,17.0
MT026582.1,84.539314,0.0,7563.0,7557.0,GII.P4,New_Orleans_2009,3572.0,5101.0,annotated_rdrp,GII.4,Could not assign,5085.0,6707.0,True,17.0
MN897756.1,75.86037,0.0,7569.0,7563.0,GII.P16,,3572.0,5101.0,annotated_rdrp,GII.4,Sydney_2016,5085.0,6707.0,True,17.0
MN897755.1,75.81097,0.0,7586.0,7580.0,GII.P16,,3572.0,5101.0,annotated_rdrp,GII.4,Sydney_2016,5085.0,6707.0,True,17.0
MN897754.1,85.000824,0.0,7582.0,7576.0,GII.P31,,3572.0,5101.0,annotated_rdrp,GII.4,Could not assign,5085.0,6707.0,True,17.0
MN853414.1,75.82884,0.0,7550.0,7556.0,GII.P17,,3581.0,5110.0,annotated_rdrp,GII.17,,5094.0,6716.0,True,17.0
MT755733.1,89.23594,0.0,7557.0,7557.0,GII.P12,,3572.0,5101.0,annotated_rdrp,GII.3,,5085.0,6731.0,True,17.0
MT738527.1,76.666664,0.0,7550.0,7550.0,GII.P16,,3572.0,5101.0,annotated_rdrp,GII.2,,5085.0,6713.0,True,17.0
MT731332.1,86.56969,6.0,7556.0,7553.0,GII.P7,,3566.0,5095.0,annotated_rdrp,GII.7,,5079.0,6701.0,True,17.0
MT731279.1,87.72419,6.0,7570.0,7561.0,GII.P7,,3566.0,5095.0,annotated_rdrp,GII.6,,5079.0,6722.0,True,17.0
MT729791.1,75.84518,0.0,7555.0,7561.0,GII.P17,,3581.0,5110.0,annotated_rdrp,GII.17,,5094.0,6716.0,True,17.0
MT729788.1,83.94292,0.0,7570.0,7564.0,GII.P4,Could not assign,3572.0,5101.0,annotated_rdrp,GII.4,Yerseke_2006a,5085.0,6707.0,True,17.0
MT726225.1,85.140236,0.0,7574.0,7568.0,GII.P31,,3572.0,5101.0,annotated_rdrp,GII.4,Could not assign,5085.0,6707.0,True,17.0
MT725762.1,84.37449,0.0,7572.0,7566.0,GII.P4,New_Orleans_2009,3572.0,5101.0,annotated_rdrp,GII.4,Could not assign,5085.0,6707.0,True,17.0
MT724793.1,78.030426,0.0,7536.0,7536.0,GII.P2,,3572.0,5101.0,annotated_rdrp,GII.2,,5085.0,6713.0,True,17.0
MT720841.1,76.32312,0.0,7509.0,7506.0,GII.P16,,3569.0,5098.0,annotated_rdrp,GII.13,,5082.0,6710.0,True,17.0
MT712157.1,84.92701,0.0,7575.0,7569.0,GII.P31,,3572.0,5101.0,annotated_rdrp,GII.4,Could not assign,5085.0,6707.0,True,17.0
MT712147.1,85.63249,0.0,7527.0,7533.0,GII.P33,,3578.0,5107.0,annotated_rdrp,GII.12,,5091.0,6698.0,True,17.0
MT712130.1,85.63249,0.0,7527.0,7533.0,GII.P33,,3578.0,5107.0,annotated_rdrp,GII.12,,5091.0,6698.0,True,17.0
MW305737.1,89.039635,6.0,7565.0,7556.0,GII.P6,,3566.0,5095.0,annotated_rdrp,GII.6,,5079.0,6722.0,True,17.0
MW243610.2,92.599976,6.0,7570.0,7564.0,GII.P7,,3566.0,5095.0,annotated_rdrp,GII.6,,5079.0,6731.0,True,17.0
MW661284.1,92.29338,6.0,7579.0,7570.0,GII.P7,,3566.0,5095.0,annotated_rdrp,GII.6,,5079.0,6731.0,True,17.0
MW661282.1,75.97563,0.0,7609.0,7603.0,GII.P16,,3572.0,5101.0,annotated_rdrp,GII.4,Sydney_2016,5085.0,6707.0,True,17.0
MW661281.1,85.1162,0.0,7606.0,7600.0,GII.P31,,3572.0,5101.0,annotated_rdrp,GII.4,Sydney_2012,5085.0,6707.0,True,17.0
MW661278.1,76.00857,0.0,7611.0,7605.0,GII.P16,,3572.0,5101.0,annotated_rdrp,GII.4,Sydney_2016,5085.0,6707.0,True,17.0
MW661275.1,87.830475,6.0,7593.0,7584.0,GII.P7,,3566.0,5095.0,annotated_rdrp,GII.6,,5079.0,6722.0,True,17.0
MW661274.1,87.830475,6.0,7559.0,7550.0,GII.P7,,3566.0,5095.0,annotated_rdrp,GII.6,,5079.0,6722.0,True,17.0
MW661273.1,76.46096,0.0,7533.0,7533.0,GII.P16,,3572.0,5101.0,annotated_rdrp,GII.2,,5085.0,6713.0,True,17.0
MW661272.1,78.03121,0.0,7535.0,7529.0,GII.P16,,3572.0,5101.0,annotated_rdrp,GII.1,,5085.0,6692.0,True,17.0
MW661271.1,77.991196,0.0,7524.0,7518.0,GII.P16,,3572.0,5101.0,annotated_rdrp,GII.1,,5085.0,6692.0,True,17.0
MW661266.1,77.991196,0.0,7517.0,7511.0,GII.P16,,3572.0,5101.0,annotated_rdrp,GII.1,,5085.0,6692.0,True,17.0
MW661264.1,75.78497,0.0,7624.0,7618.0,GII.P16,,3572.0,5101.0,annotated_rdrp,GII.4,Sydney_2016,5085.0,6707.0,True,17.0
MW661253.1,75.564644,0.0,7583.0,7589.0,GII.P17,,3581.0,5110.0,annotated_rdrp,GII.17,,5094.0,6710.0,True,17.0
MW661246.1,76.47155,0.0,7628.0,7625.0,GII.P16,,3569.0,5098.0,annotated_rdrp,GII.2,,5082.0,6710.0,True,17.0
MZ268408.1,76.405045,0.0,7497.0,7494.0,GII.P16,,3569.0,5098.0,annotated_rdrp,GII.13,,5082.0,6710.0,True,17.0
MZ233536.1,84.85248,0.0,7574.0,7568.0,GII.P4,New_Orleans_2009,3572.0,5101.0,annotated_rdrp,GII.4,New_Orleans_2009,5085.0,6707.0,True,17.0
MW981327.1,84.885445,0.0,7560.0,7554.0,GII.P31,,3572.0,5101.0,annotated_rdrp,GII.4,Sydney_2012,5085.0,6707.0,True,17.0
MZ312111.1,87.24809,6.0,7550.0,7544.0,GII.P7,,3566.0,5095.0,annotated_rdrp,GII.9,,5079.0,6692.0,True,17.0
MZ291631.1,75.84518,0.0,7550.0,7556.0,GII.P17,,3581.0,5110.0,annotated_rdrp,GII.17,,5094.0,6716.0,True,17.0
NC_044932.1,73.92179,9.0,7531.0,7525.0,GII.PNA2,,3563.0,5092.0,annotated_rdrp,GII.NA2,,5076.0,6704.0,True,17.0
NC_040876.1,87.85345,6.0,7530.0,7521.0,GII.P7,,3566.0,5095.0,annotated_rdrp,GII.6,,5079.0,6722.0,True,17.0
NC_039477.1,75.87683,0.0,7573.0,7567.0,GII.P16,,3572.0,5101.0,annotated_rdrp,GII.4,Sydney_2016,5085.0,6707.0,True,17.0
OL943802.1,83.7015,0.0,7531.0,7546.0,GII.P31,,3572.0,5101.0,annotated_rdrp,GII.17,,5085.0,6707.0,True,17.0
OL943801.1,76.252106,0.0,7549.0,7546.0,GII.P16,,3569.0,5098.0,annotated_rdrp,GII.3,,5082.0,6728.0,True,17.0
OL943800.1,84.566185,0.0,7565.0,7559.0,GII.P4,Den_Haag_2006b,3572.0,5101.0,annotated_rdrp,GII.4,New_Orleans_2009,5085.0,6707.0,True,17.0
OL943799.1,84.238144,0.0,7564.0,7558.0,GII.P4,Den_Haag_2006b,3572.0,5101.0,annotated_rdrp,GII.4,Could not assign,5085.0,6707.0,True,17.0
OL913977.1,85.173035,0.0,7565.0,7559.0,GII.P31,,3572.0,5101.0,annotated_rdrp,GII.4,Sydney_2012,5085.0,6707.0,True,17.0
OL913976.1,84.92701,0.0,7566.0,7560.0,GII.P31,,3572.0,5101.0,annotated_rdrp,GII.4,Sydney_2012,5085.0,6707.0,True,17.0
OL913975.1,90.2267,0.0,7548.0,7548.0,GII.P12,,3572.0,5101.0,annotated_rdrp,GII.3,,5085.0,6731.0,True,17.0
OL898516.1,84.86632,0.0,7568.0,7568.0,GII.P4,New_Orleans_2009,3572.0,5101.0,annotated_rdrp,GII.4,Sydney_2012,5085.0,6707.0,True,17.0
OL898515.1,75.8439,0.0,7566.0,7560.0,GII.P16,,3572.0,5101.0,annotated_rdrp,GII.4,Sydney_2016,5085.0,6707.0,True,17.0
OL898514.1,75.81097,0.0,7566.0,7560.0,GII.P16,,3572.0,5101.0,annotated_rdrp,GII.4,Sydney_2016,5085.0,6707.0,True,17.0
OL898513.1,87.124176,6.0,7538.0,7529.0,GII.P7,,3566.0,5095.0,annotated_rdrp,GII.14,,5079.0,6689.0,True,17.0
OL898512.1,75.7451,0.0,7576.0,7570.0,GII.P16,,3572.0,5101.0,annotated_rdrp,GII.4,Sydney_2016,5085.0,6707.0,True,17.0
OL898511.1,85.231575,0.0,7566.0,7560.0,GII.P31,,3572.0,5101.0,annotated_rdrp,GII.4,Sydney_2012,5085.0,6707.0,True,17.0
OL898510.1,85.173035,0.0,7566.0,7560.0,GII.P31,,3572.0,5101.0,annotated_rdrp,GII.4,Sydney_2012,5085.0,6707.0,True,17.0
OL898509.1,85.15663,0.0,7566.0,7560.0,GII.P31,,3572.0,5101.0,annotated_rdrp,GII.4,Could not assign,5085.0,6707.0,True,17.0
OL898508.1,85.304245,0.0,7566.0,7560.0,GII.P31,,3572.0,5101.0,annotated_rdrp,GII.4,Could not assign,5085.0,6707.0,True,17.0
OL898507.1,76.646515,0.0,7536.0,7536.0,GII.P16,,3572.0,5101.0,annotated_rdrp,GII.2,,5085.0,6713.0,True,17.0
OL898506.1,81.93944,0.0,7520.0,7520.0,GII.P33,,3578.0,5107.0,annotated_rdrp,GII.1,,5091.0,6698.0,True,17.0
OL451533.1,69.155556,-36.0,7548.0,7584.0,GII.P25,,3608.0,5137.0,annotated_rdrp,GII.3,,5121.0,6767.0,True,17.0
OL451532.1,69.155556,-36.0,7548.0,7584.0,GII.P25,,3608.0,5137.0,annotated_rdrp,GII.3,,5121.0,6767.0,True,17.0
OK376264.1,76.67376,0.0,7536.0,7536.0,GII.P16,,3572.0,5101.0,annotated_rdrp,GII.2,,5085.0,6713.0,True,17.0
OK376263.1,76.67376,0.0,7536.0,7536.0,GII.P16,,3572.0,5101.0,annotated_rdrp,GII.2,,5085.0,6713.0,True,17.0
OK376262.1,76.67376,0.0,7536.0,7536.0,GII.P16,,3572.0,5101.0,annotated_rdrp,GII.2,,5085.0,6713.0,True,17.0
OK376261.1,76.657394,0.0,7536.0,7536.0,GII.P16,,3572.0,5101.0,annotated_rdrp,GII.2,,5085.0,6713.0,True,17.0
OK376260.1,76.67376,0.0,7536.0,7536.0,GII.P16,,3572.0,5101.0,annotated_rdrp,GII.2,,5085.0,6713.0,True,17.0
OK376259.1,76.69013,0.0,7536.0,7536.0,GII.P16,,3572.0,5101.0,annotated_rdrp,GII.2,,5085.0,6713.0,True,17.0
OK376258.1,76.67376,0.0,7536.0,7536.0,GII.P16,,3572.0,5101.0,annotated_rdrp,GII.2,,5085.0,6713.0,True,17.0
OK376256.1,76.67376,0.0,7536.0,7536.0,GII.P16,,3572.0,5101.0,annotated_rdrp,GII.2,,5085.0,6713.0,True,17.0
OK376255.1,76.67376,0.0,7536.0,7536.0,GII.P16,,3572.0,5101.0,annotated_rdrp,GII.2,,5085.0,6713.0,True,17.0
OK376254.1,76.67376,0.0,7536.0,7536.0,GII.P16,,3572.0,5101.0,annotated_rdrp,GII.2,,5085.0,6713.0,True,17.0
OK376253.1,76.67376,0.0,7536.0,7536.0,GII.P16,,3572.0,5101.0,annotated_rdrp,GII.2,,5085.0,6713.0,True,17.0
ON569431.1,89.48782,0.0,7556.0,7556.0,GII.P12,,3572.0,5101.0,annotated_rdrp,GII.3,,5085.0,6731.0,True,17.0
ON329737.1,75.708435,0.0,7587.0,7581.0,GII.P16,,3572.0,5101.0,annotated_rdrp,GII.4,Sydney_2016,5085.0,6707.0,True,17.0
OP037983.1,75.659294,0.0,7566.0,7560.0,GII.P16,,3572.0,5101.0,annotated_rdrp,GII.4,Sydney_2016,5085.0,6707.0,True,17.0
OP037982.1,75.724815,0.0,7566.0,7560.0,GII.P16,,3572.0,5101.0,annotated_rdrp,GII.4,Sydney_2016,5085.0,6707.0,True,17.0
OP037981.1,75.642914,0.0,7566.0,7560.0,GII.P16,,3572.0,5101.0,annotated_rdrp,GII.4,Sydney_2016,5085.0,6707.0,True,17.0
OP037980.1,75.724815,0.0,7566.0,7560.0,GII.P16,,3572.0,5101.0,annotated_rdrp,GII.4,Sydney_2016,5085.0,6707.0,True,17.0
OP037979.1,75.692055,0.0,7566.0,7560.0,GII.P16,,3572.0,5101.0,annotated_rdrp,GII.4,Sydney_2016,5085.0,6707.0,True,17.0
OP037978.1,75.659294,0.0,7566.0,7560.0,GII.P16,,3572.0,5101.0,annotated_rdrp,GII.4,Sydney_2016,5085.0,6707.0,True,17.0
OP037977.1,75.741196,0.0,7566.0,7560.0,GII.P16,,3572.0,5101.0,annotated_rdrp,GII.4,Sydney_2016,5085.0,6707.0,True,17.0
OP037976.1,75.757576,0.0,7566.0,7560.0,GII.P16,,3572.0,5101.0,annotated_rdrp,GII.4,Sydney_2016,5085.0,6707.0,True,17.0
OP712199.1,75.891975,0.0,7575.0,7581.0,GII.P17,,3581.0,5110.0,annotated_rdrp,GII.17,,5094.0,6710.0,True,17.0
OP712198.1,75.85586,0.0,7605.0,7599.0,GII.P16,,3572.0,5101.0,annotated_rdrp,GII.4,Sydney_2016,5085.0,6707.0,True,17.0
OP712197.1,89.118385,0.0,7586.0,7586.0,GII.P12,,3572.0,5101.0,annotated_rdrp,GII.3,,5085.0,6731.0,True,17.0
OP712196.1,87.197235,6.0,7596.0,7587.0,GII.P7,,3566.0,5095.0,annotated_rdrp,GII.6,,5079.0,6722.0,True,17.0
OP690505.1,69.04889,-36.0,7537.0,7573.0,GII.P25,,3608.0,5137.0,annotated_rdrp,GII.3,,5121.0,6767.0,True,17.0
OP690427.1,81.29984,0.0,7527.0,7527.0,GII.P16,,3572.0,5101.0,annotated_rdrp,GII.12,,5085.0,6692.0,True,17.0
OP690426.1,87.773796,6.0,7569.0,7560.0,GII.P7,,3566.0,5095.0,annotated_rdrp,GII.6,,5079.0,6728.0,True,17.0
OP690425.1,87.773796,6.0,7569.0,7560.0,GII.P7,,3566.0,5095.0,annotated_rdrp,GII.6,,5079.0,6728.0,True,17.0
OP689689.1,75.891975,0.0,7559.0,7565.0,GII.P17,,3581.0,5110.0,annotated_rdrp,GII.17,,5094.0,6710.0,True,17.0
OP689558.1,76.55917,0.0,7545.0,7545.0,GII.P16,,3572.0,5101.0,annotated_rdrp,GII.2,,5085.0,6713.0,True,17.0
OP689557.1,76.55917,0.0,7545.0,7545.0,GII.P16,,3572.0,5101.0,annotated_rdrp,GII.2,,5085.0,6713.0,True,17.0
OP686904.1,93.28815,0.0,7527.0,7533.0,GII.P8,,3572.0,5101.0,annotated_rdrp,GII.8,,5085.0,6698.0,True,17.0
OP686903.1,76.4552,0.0,7542.0,7548.0,GII.P16,,3572.0,5101.0,annotated_rdrp,GII.10,,5085.0,6731.0,True,17.0
OQ342793.1,69.58319,-36.0,7548.0,7584.0,GII.P25,,3608.0,5137.0,annotated_rdrp,GII.3,,5121.0,6767.0,True,17.0
OP901694.1,75.659294,0.0,7605.0,7599.0,GII.P16,,3572.0,5101.0,annotated_rdrp,GII.4,Sydney_2016,5085.0,6707.0,True,17.0
OP901693.1,89.40386,0.0,7586.0,7586.0,GII.P12,,3572.0,5101.0,annotated_rdrp,GII.3,,5085.0,6731.0,True,17.0
OP901692.1,87.330315,6.0,7596.0,7587.0,GII.P7,,3566.0,5095.0,annotated_rdrp,GII.6,,5079.0,6722.0,True,17.0
OQ940082.1,75.642914,0.0,7566.0,7560.0,GII.P16,,3572.0,5101.0,annotated_rdrp,GII.4,Sydney_2016,5085.0,6707.0,True,17.0
OQ940081.1,75.79034,0.0,7566.0,7560.0,GII.P16,,3572.0,5101.0,annotated_rdrp,GII.4,Sydney_2016,5085.0,6707.0,True,17.0
OQ940080.1,75.692055,0.0,7566.0,7560.0,GII.P16,,3572.0,5101.0,annotated_rdrp,GII.4,Sydney_2016,5085.0,6707.0,True,17.0
OQ940079.1,75.77396,0.0,7566.0,7560.0,GII.P16,,3572.0,5101.0,annotated_rdrp,GII.4,Sydney_2016,5085.0,6707.0,True,17.0
OQ940078.1,75.741196,0.0,7566.0,7560.0,GII.P16,,3572.0,5101.0,annotated_rdrp,GII.4,Sydney_2016,5085.0,6707.0,True,17.0
OQ940077.1,75.77396,0.0,7566.0,7560.0,GII.P16,,3572.0,5101.0,annotated_rdrp,GII.4,Sydney_2016,5085.0,6707.0,True,17.0
OQ940076.1,75.708435,0.0,7566.0,7560.0,GII.P16,,3572.0,5101.0,annotated_rdrp,GII.4,Sydney_2016,5085.0,6707.0,True,17.0
OQ940075.1,75.724815,0.0,7566.0,7560.0,GII.P16,,3572.0,5101.0,annotated_rdrp,GII.4,Sydney_2016,5085.0,6707.0,True,17.0
OQ940074.1,75.675674,0.0,7566.0,7560.0,GII.P16,,3572.0,5101.0,annotated_rdrp,GII.4,Sydney_2016,5085.0,6707.0,True,17.0
OQ940073.1,75.83948,0.0,7566.0,7560.0,GII.P16,,3572.0,5101.0,annotated_rdrp,GII.4,Sydney_2016,5085.0,6707.0,True,17.0
OQ940072.1,75.57739,0.0,7566.0,7560.0,GII.P16,,3572.0,5101.0,annotated_rdrp,GII.4,Sydney_2016,5085.0,6707.0,True,17.0
OQ940071.1,75.757576,0.0,7566.0,7560.0,GII.P16,,3572.0,5101.0,annotated_rdrp,GII.4,Sydney_2016,5085.0,6707.0,True,17.0
OQ940070.1,75.62653,0.0,7566.0,7560.0,GII.P16,,3572.0,5101.0,annotated_rdrp,GII.4,Sydney_2016,5085.0,6707.0,True,17.0
OQ940069.1,75.57739,0.0,7566.0,7560.0,GII.P16,,3572.0,5101.0,annotated_rdrp,GII.4,Sydney_2016,5085.0,6707.0,True,17.0
OQ940068.1,75.82743,0.0,7566.0,7560.0,GII.P16,,3572.0,5101.0,annotated_rdrp,GII.4,Sydney_2016,5085.0,6707.0,True,17.0
OR536492.1,80.49765,0.0,7540.0,7540.0,GII.P21,,3572.0,5101.0,annotated_rdrp,GII.3,,5085.0,6731.0,True,17.0
OR536491.1,80.76664,0.0,7547.0,7547.0,GII.P21,,3572.0,5101.0,annotated_rdrp,GII.3,,5085.0,6731.0,True,17.0
OR536490.1,80.53736,0.0,7540.0,7540.0,GII.P21,,3572.0,5101.0,annotated_rdrp,GII.3,,5085.0,6731.0,True,17.0
OR536489.1,80.58774,0.0,7547.0,7547.0,GII.P21,,3572.0,5101.0,annotated_rdrp,GII.3,,5085.0,6731.0,True,17.0
OR536488.1,80.60454,0.0,7547.0,7547.0,GII.P21,,3572.0,5101.0,annotated_rdrp,GII.3,,5085.0,6731.0,True,17.0
OR536487.1,80.75567,0.0,7547.0,7547.0,GII.P21,,3572.0,5101.0,annotated_rdrp,GII.3,,5085.0,6731.0,True,17.0
OR536486.1,80.722084,0.0,7547.0,7547.0,GII.P21,,3572.0,5101.0,annotated_rdrp,GII.3,,5085.0,6731.0,True,17.0
OR536485.1,80.58774,0.0,7547.0,7547.0,GII.P21,,3572.0,5101.0,annotated_rdrp,GII.3,,5085.0,6731.0,True,17.0
OR536484.1,80.722084,0.0,7547.0,7547.0,GII.P21,,3572.0,5101.0,annotated_rdrp,GII.3,,5085.0,6731.0,True,17.0
OR536483.1,80.722084,0.0,7547.0,7547.0,GII.P21,,3572.0,5101.0,annotated_rdrp,GII.3,,5085.0,6731.0,True,17.0
OR536482.1,80.654915,0.0,7543.0,7543.0,GII.P21,,3572.0,5101.0,annotated_rdrp,GII.3,,5085.0,6731.0,True,17.0
OR536481.1,80.55416,0.0,7547.0,7547.0,GII.P21,,3572.0,5101.0,annotated_rdrp,GII.3,,5085.0,6731.0,True,17.0
OR536480.1,80.654915,0.0,7547.0,7547.0,GII.P21,,3572.0,5101.0,annotated_rdrp,GII.3,,5085.0,6731.0,True,17.0
OR536479.1,80.53736,0.0,7547.0,7547.0,GII.P21,,3572.0,5101.0,annotated_rdrp,GII.3,,5085.0,6731.0,True,17.0
OR536478.1,80.806046,0.0,7547.0,7547.0,GII.P21,,3572.0,5101.0,annotated_rdrp,GII.3,,5085.0,6731.0,True,17.0
OR536477.1,80.78925,0.0,7547.0,7547.0,GII.P21,,3572.0,5101.0,annotated_rdrp,GII.3,,5085.0,6731.0,True,17.0
OR536476.1,80.52057,0.0,7547.0,7547.0,GII.P21,,3572.0,5101.0,annotated_rdrp,GII.3,,5085.0,6731.0,True,17.0
OR536475.1,80.769226,0.0,7543.0,7543.0,GII.P21,,3572.0,5101.0,annotated_rdrp,GII.3,,5085.0,6731.0,True,17.0
OR536473.1,80.52057,0.0,7547.0,7547.0,GII.P21,,3572.0,5101.0,annotated_rdrp,GII.3,,5085.0,6731.0,True,17.0
OR536472.1,80.570946,0.0,7547.0,7547.0,GII.P21,,3572.0,5101.0,annotated_rdrp,GII.3,,5085.0,6731.0,True,17.0
OR536470.1,80.53736,0.0,7547.0,7547.0,GII.P21,,3572.0,5101.0,annotated_rdrp,GII.3,,5085.0,6731.0,True,17.0
OR536469.1,80.570946,0.0,7547.0,7547.0,GII.P21,,3572.0,5101.0,annotated_rdrp,GII.3,,5085.0,6731.0,True,17.0
OR536468.1,80.9068,0.0,7537.0,7537.0,GII.P21,,3572.0,5101.0,annotated_rdrp,GII.3,,5085.0,6731.0,True,17.0
OR536467.1,80.75567,0.0,7542.0,7542.0,GII.P21,,3572.0,5101.0,annotated_rdrp,GII.3,,5085.0,6731.0,True,17.0
OR536466.1,80.70529,0.0,7547.0,7547.0,GII.P21,,3572.0,5101.0,annotated_rdrp,GII.3,,5085.0,6731.0,True,17.0
OR262325.1,84.779396,0.0,7570.0,7567.0,GII.P31,,3572.0,5101.0,annotated_rdrp,GII.4,Could not assign,5085.0,6710.0,True,17.0
OR062612.1,75.74718,0.0,7555.0,7561.0,GII.P17,,3581.0,5110.0,annotated_rdrp,GII.17,,5094.0,6716.0,True,17.0
PP381824.1,75.84288,0.0,7547.0,7553.0,GII.P17,,3581.0,5110.0,annotated_rdrp,GII.17,,5094.0,6716.0,True,17.0
OR844383.1,85.33714,0.0,7559.0,7559.0,GII.P31,,3572.0,5101.0,annotated_rdrp,GII.4,Could not assign,5085.0,6707.0,True,17.0
OR844382.1,85.600815,0.0,7559.0,7559.0,GII.P31,,3572.0,5101.0,annotated_rdrp,GII.4,Could not assign,5085.0,6707.0,True,17.0
OR844381.1,85.53893,0.0,7553.0,7553.0,GII.P31,,3572.0,5101.0,annotated_rdrp,GII.4,Sydney_2012,5085.0,6707.0,True,17.0
OR844380.1,85.572556,0.0,7553.0,7553.0,GII.P31,,3572.0,5101.0,annotated_rdrp,GII.4,Sydney_2012,5085.0,6707.0,True,17.0
OR844379.1,85.572556,0.0,7553.0,7553.0,GII.P31,,3572.0,5101.0,annotated_rdrp,GII.4,Sydney_2012,5085.0,6707.0,True,17.0
OR844378.1,85.600815,0.0,7559.0,7559.0,GII.P31,,3572.0,5101.0,annotated_rdrp,GII.4,Could not assign,5085.0,6707.0,True,17.0
OR844377.1,85.28103,0.0,7565.0,7559.0,GII.P31,,3572.0,5101.0,annotated_rdrp,GII.4,Sydney_2012,5085.0,6707.0,True,17.0
OR844376.1,85.36344,0.0,7565.0,7559.0,GII.P31,,3572.0,5101.0,annotated_rdrp,GII.4,Sydney_2012,5085.0,6707.0,True,17.0
OR844375.1,84.98114,0.0,7565.0,7559.0,GII.P31,,3572.0,5101.0,annotated_rdrp,GII.4,Sydney_2012,5085.0,6707.0,True,17.0
OR844374.1,85.313995,0.0,7565.0,7559.0,GII.P31,,3572.0,5101.0,annotated_rdrp,GII.4,Sydney_2012,5085.0,6707.0,True,17.0
OR844373.1,85.313995,0.0,7565.0,7559.0,GII.P31,,3572.0,5101.0,annotated_rdrp,GII.4,Sydney_2012,5085.0,6707.0,True,17.0
OR844372.1,85.18944,0.0,7565.0,7559.0,GII.P31,,3572.0,5101.0,annotated_rdrp,GII.4,Sydney_2012,5085.0,6707.0,True,17.0
OR844371.1,85.25504,0.0,7565.0,7559.0,GII.P31,,3572.0,5101.0,annotated_rdrp,GII.4,Sydney_2012,5085.0,6707.0,True,17.0
OR844370.1,85.18944,0.0,7565.0,7559.0,GII.P31,,3572.0,5101.0,annotated_rdrp,GII.4,Sydney_2012,5085.0,6707.0,True,17.0
PP661667.1,75.90977,0.0,7577.0,7571.0,GII.P16,,3572.0,5101.0,annotated_rdrp,GII.4,Sydney_2016,5085.0,6707.0,True,17.0
PP658553.1,85.07463,0.0,7565.0,7559.0,GII.P31,,3572.0,5101.0,annotated_rdrp,GII.4,Sydney_2012,5085.0,6707.0,True,17.0
PP658552.1,84.43497,0.0,7565.0,7562.0,GII.P31,,3572.0,5101.0,annotated_rdrp,GII.4,Could not assign,5085.0,6710.0,True,17.0
PP587393.1,75.94108,0.0,7555.0,7561.0,GII.P17,,3581.0,5110.0,annotated_rdrp,GII.17,,5094.0,6716.0,True,17.0
PP587392.1,75.95745,0.0,7555.0,7561.0,GII.P17,,3581.0,5110.0,annotated_rdrp,GII.17,,5094.0,6716.0,True,17.0
PP549885.1,75.90977,0.0,7568.0,7562.0,GII.P16,,3572.0,5101.0,annotated_rdrp,GII.4,Sydney_2016,5085.0,6707.0,True,17.0
PP549884.1,75.87683,0.0,7575.0,7569.0,GII.P16,,3572.0,5101.0,annotated_rdrp,GII.4,Sydney_2016,5085.0,6707.0,True,17.0
PP549883.1,75.8933,0.0,7570.0,7564.0,GII.P16,,3572.0,5101.0,annotated_rdrp,GII.4,Sydney_2016,5085.0,6707.0,True,17.0
PP549882.1,75.8933,0.0,7570.0,7564.0,GII.P16,,3572.0,5101.0,annotated_rdrp,GII.4,Sydney_2016,5085.0,6707.0,True,17.0
PP549881.1,76.19688,0.0,7572.0,7572.0,GII.P16,,3572.0,5101.0,annotated_rdrp,GII.4,Sydney_2016,5085.0,6707.0,True,17.0
PP549880.1,75.92623,0.0,7570.0,7564.0,GII.P16,,3572.0,5101.0,annotated_rdrp,GII.4,Sydney_2016,5085.0,6707.0,True,17.0
PP549879.1,75.942696,0.0,7572.0,7566.0,GII.P16,,3572.0,5101.0,annotated_rdrp,GII.4,Sydney_2016,5085.0,6707.0,True,17.0
PP549878.1,75.81097,0.0,7568.0,7562.0,GII.P16,,3572.0,5101.0,annotated_rdrp,GII.4,Sydney_2016,5085.0,6707.0,True,17.0
PP549877.1,75.81097,0.0,7558.0,7552.0,GII.P16,,3572.0,5101.0,annotated_rdrp,GII.4,Sydney_2016,5085.0,6707.0,True,17.0
PP549876.1,75.97563,0.0,7561.0,7555.0,GII.P16,,3572.0,5101.0,annotated_rdrp,GII.4,Sydney_2016,5085.0,6707.0,True,17.0
PP498988.1,85.27132,-2.0,7565.0,7561.0,GII.P31,,3574.0,5103.0,annotated_rdrp,GII.4,Sydney_2012,5087.0,6709.0,True,17.0
PP498987.1,85.24806,0.0,7562.0,7556.0,GII.P31,,3572.0,5101.0,annotated_rdrp,GII.4,Could not assign,5085.0,6707.0,True,17.0
PP498986.1,85.24806,0.0,7562.0,7556.0,GII.P31,,3572.0,5101.0,annotated_rdrp,GII.4,Could not assign,5085.0,6707.0,True,17.0
PQ100949.1,86.803665,6.0,7550.0,7547.0,GII.P7,,3566.0,5095.0,annotated_rdrp,GII.7,,5079.0,6701.0,True,17.0
PQ100948.1,86.6678,6.0,7550.0,7547.0,GII.P7,,3566.0,5095.0,annotated_rdrp,GII.7,,5079.0,6701.0,True,17.0
PQ100947.1,86.6678,6.0,7550.0,7547.0,GII.P7,,3566.0,5095.0,annotated_rdrp,GII.7,,5079.0,6701.0,True,17.0
PQ100946.1,86.58288,6.0,7550.0,7547.0,GII.P7,,3566.0,5095.0,annotated_rdrp,GII.7,,5079.0,6701.0,True,17.0
PQ373142.1,75.77741,0.0,7544.0,7550.0,GII.P17,,3581.0,5110.0,annotated_rdrp,GII.17,,5094.0,6710.0,True,17.0
PQ373140.1,75.87562,0.0,7545.0,7551.0,GII.P17,,3581.0,5110.0,annotated_rdrp,GII.17,,5094.0,6710.0,True,17.0
PQ373139.1,75.87562,0.0,7545.0,7551.0,GII.P17,,3581.0,5110.0,annotated_rdrp,GII.17,,5094.0,6710.0,True,17.0
PQ373138.1,75.78827,0.0,7545.0,7551.0,GII.P17,,3581.0,5110.0,annotated_rdrp,GII.17,,5094.0,6710.0,True,17.0
PQ373133.1,75.679214,0.0,7545.0,7551.0,GII.P17,,3581.0,5110.0,annotated_rdrp,GII.17,,5094.0,6710.0,True,17.0
PQ373132.1,75.76105,0.0,7544.0,7550.0,GII.P17,,3581.0,5110.0,annotated_rdrp,GII.17,,5094.0,6710.0,True,17.0
PQ373131.1,75.74468,0.0,7544.0,7550.0,GII.P17,,3581.0,5110.0,annotated_rdrp,GII.17,,5094.0,6710.0,True,17.0
PQ373127.1,75.74718,0.0,7551.0,7557.0,GII.P17,,3581.0,5110.0,annotated_rdrp,GII.17,,5094.0,6716.0,True,17.0
PQ373126.1,75.76351,0.0,7551.0,7557.0,GII.P17,,3581.0,5110.0,annotated_rdrp,GII.17,,5094.0,6716.0,True,17.0
PQ373124.1,75.86151,0.0,7540.0,7546.0,GII.P17,,3581.0,5110.0,annotated_rdrp,GII.17,,5094.0,6716.0,True,17.0
PQ373123.1,75.812515,0.0,7551.0,7557.0,GII.P17,,3581.0,5110.0,annotated_rdrp,GII.17,,5094.0,6716.0,True,17.0
PQ373122.1,75.84518,0.0,7543.0,7549.0,GII.P17,,3581.0,5110.0,annotated_rdrp,GII.17,,5094.0,6716.0,True,17.0
PQ373121.1,75.84518,0.0,7547.0,7553.0,GII.P17,,3581.0,5110.0,annotated_rdrp,GII.17,,5094.0,6716.0,True,17.0
PQ373120.1,75.84518,0.0,7541.0,7547.0,GII.P17,,3581.0,5110.0,annotated_rdrp,GII.17,,5094.0,6716.0,True,17.0
PQ310522.1,75.973816,0.0,7549.0,7555.0,GII.P17,,3581.0,5110.0,annotated_rdrp,GII.17,,5094.0,6710.0,True,17.0
PQ310521.1,75.99018,0.0,7549.0,7555.0,GII.P17,,3581.0,5110.0,annotated_rdrp,GII.17,,5094.0,6710.0,True,17.0
PQ310520.1,75.973816,0.0,7549.0,7555.0,GII.P17,,3581.0,5110.0,annotated_rdrp,GII.17,,5094.0,6710.0,True,17.0
PQ310519.1,75.92471,0.0,7549.0,7555.0,GII.P17,,3581.0,5110.0,annotated_rdrp,GII.17,,5094.0,6710.0,True,17.0
PQ310518.1,75.973816,0.0,7549.0,7555.0,GII.P17,,3581.0,5110.0,annotated_rdrp,GII.17,,5094.0,6710.0,True,17.0
PQ310459.1,75.57664,0.0,7536.0,7548.0,GII.P17,,3581.0,5110.0,annotated_rdrp,GII.17,,5094.0,6719.0,True,17.0
PQ310235.1,75.79378,0.0,7554.0,7560.0,GII.P17,,3581.0,5110.0,annotated_rdrp,GII.17,,5094.0,6710.0,True,17.0
PQ304633.1,75.49485,-1.0,7541.0,7554.0,GII.P17,,3582.0,5111.0,annotated_rdrp,GII.17,,5095.0,6720.0,True,17.0
PQ304614.1,75.740715,0.0,7554.0,7560.0,GII.P17,,3581.0,5110.0,annotated_rdrp,GII.17,,5094.0,6710.0,True,17.0
PQ304611.1,75.740715,0.0,7554.0,7560.0,GII.P17,,3581.0,5110.0,annotated_rdrp,GII.17,,5094.0,6710.0,True,17.0
PQ304610.1,75.70797,0.0,7554.0,7560.0,GII.P17,,3581.0,5110.0,annotated_rdrp,GII.17,,5094.0,6710.0,True,17.0
PQ273200.1,89.10159,0.0,7570.0,7570.0,GII.P12,,3572.0,5101.0,annotated_rdrp,GII.3,,5085.0,6731.0,True,17.0
PQ273196.1,75.84518,0.0,7644.0,7650.0,GII.P17,,3581.0,5110.0,annotated_rdrp,GII.17,,5094.0,6716.0,True,17.0
PQ273195.1,76.55917,0.0,7570.0,7570.0,GII.P16,,3572.0,5101.0,annotated_rdrp,GII.2,,5085.0,6713.0,True,17.0
PQ273194.1,76.59191,0.0,7533.0,7533.0,GII.P16,,3572.0,5101.0,annotated_rdrp,GII.2,,5085.0,6713.0,True,17.0
PQ273190.1,89.0848,0.0,7552.0,7552.0,GII.P12,,3572.0,5101.0,annotated_rdrp,GII.3,,5085.0,6731.0,True,17.0
PQ273187.1,87.65432,6.0,7565.0,7556.0,GII.P7,,3566.0,5095.0,annotated_rdrp,GII.6,,5079.0,6728.0,True,17.0
PQ273185.1,89.118385,0.0,7577.0,7577.0,GII.P12,,3572.0,5101.0,annotated_rdrp,GII.3,,5085.0,6731.0,True,17.0
PQ273184.1,89.135185,0.0,7577.0,7577.0,GII.P12,,3572.0,5101.0,annotated_rdrp,GII.3,,5085.0,6731.0,True,17.0
PQ273182.1,89.118385,0.0,7613.0,7613.0,GII.P12,,3572.0,5101.0,annotated_rdrp,GII.3,,5085.0,6731.0,True,17.0
PQ218468.1,85.173035,0.0,7574.0,7568.0,GII.P31,,3572.0,5101.0,annotated_rdrp,GII.4,Could not assign,5085.0,6707.0,True,17.0
PQ215579.1,84.55579,0.0,7570.0,7564.0,GII.P4,New_Orleans_2009,3572.0,5101.0,annotated_rdrp,GII.4,Could not assign,5085.0,6707.0,True,17.0
PQ215578.1,84.238144,0.0,7569.0,7563.0,GII.P4,New_Orleans_2009,3572.0,5101.0,annotated_rdrp,GII.4,Could not assign,5085.0,6707.0,True,17.0
PQ215575.1,83.63868,0.0,7570.0,7567.0,GII.P4,New_Orleans_2009,3572.0,5101.0,annotated_rdrp,GII.4,Sydney_2012,5085.0,6707.0,True,17.0
PQ215546.1,75.58578,0.0,7572.0,7566.0,GII.P16,,3572.0,5101.0,annotated_rdrp,GII.4,Sydney_2016,5085.0,6707.0,True,17.0
PQ215545.1,75.58578,0.0,7572.0,7566.0,GII.P16,,3572.0,5101.0,annotated_rdrp,GII.4,Sydney_2016,5085.0,6707.0,True,17.0
PQ215544.1,75.55301,0.0,7572.0,7566.0,GII.P16,,3572.0,5101.0,annotated_rdrp,GII.4,Sydney_2016,5085.0,6707.0,True,17.0
PQ215543.1,75.53662,0.0,7572.0,7566.0,GII.P16,,3572.0,5101.0,annotated_rdrp,GII.4,Sydney_2016,5085.0,6707.0,True,17.0
PQ215542.1,75.50385,0.0,7572.0,7566.0,GII.P16,,3572.0,5101.0,annotated_rdrp,GII.4,Sydney_2016,5085.0,6707.0,True,17.0
PQ215541.1,75.47108,0.0,7572.0,7566.0,GII.P16,,3572.0,5101.0,annotated_rdrp,GII.4,Sydney_2016,5085.0,6707.0,True,17.0
PQ215540.1,75.487465,0.0,7572.0,7566.0,GII.P16,,3572.0,5101.0,annotated_rdrp,GII.4,Sydney_2016,5085.0,6707.0,True,17.0
PQ215539.1,75.4547,0.0,7572.0,7566.0,GII.P16,,3572.0,5101.0,annotated_rdrp,GII.4,Sydney_2016,5085.0,6707.0,True,17.0
PQ215538.1,75.487465,0.0,7572.0,7566.0,GII.P16,,3572.0,5101.0,annotated_rdrp,GII.4,Sydney_2016,5085.0,6707.0,True,17.0
PQ215528.1,75.50385,0.0,7567.0,7561.0,GII.P16,,3572.0,5101.0,annotated_rdrp,GII.4,Sydney_2016,5085.0,6707.0,True,17.0
PQ215525.1,75.58178,0.0,7567.0,7561.0,GII.P16,,3572.0,5101.0,annotated_rdrp,GII.4,Sydney_2016,5085.0,6707.0,True,17.0
PQ213437.1,84.71379,0.0,7565.0,7559.0,GII.P4,Den_Haag_2006b,3572.0,5101.0,annotated_rdrp,GII.4,New_Orleans_2009,5085.0,6707.0,True,17.0
PQ213436.1,84.68099,0.0,7565.0,7559.0,GII.P4,Den_Haag_2006b,3572.0,5101.0,annotated_rdrp,GII.4,New_Orleans_2009,5085.0,6707.0,True,17.0
PV275062.1,82.22113,-18.0,7570.0,7585.0,GII.P4,New_Orleans_2009,3590.0,5119.0,annotated_rdrp,GII.4,Could not assign,5103.0,6725.0,True,17.0
PV275060.1,84.05773,0.0,7570.0,7567.0,GII.P31,,3572.0,5101.0,annotated_rdrp,GII.4,Could not assign,5085.0,6710.0,True,17.0
PV275052.1,83.66409,0.0,7570.0,7567.0,GII.P31,,3572.0,5101.0,annotated_rdrp,GII.4,Could not assign,5085.0,6710.0,True,17.0
PV275046.1,83.94292,0.0,7570.0,7567.0,GII.P31,,3572.0,5101.0,annotated_rdrp,GII.4,Could not assign,5085.0,6710.0,True,17.0
PV275045.1,83.88261,0.0,7570.0,7567.0,GII.P31,,3572.0,5101.0,annotated_rdrp,GII.4,Could not assign,5085.0,6710.0,True,17.0
PV275044.1,83.860916,0.0,7570.0,7567.0,GII.P31,,3572.0,5101.0,annotated_rdrp,GII.4,Could not assign,5085.0,6710.0,True,17.0
PV275040.1,83.76251,0.0,7570.0,7567.0,GII.P31,,3572.0,5101.0,annotated_rdrp,GII.4,Could not assign,5085.0,6710.0,True,17.0
PV635313.1,75.74718,0.0,7545.0,7551.0,GII.P17,,3581.0,5110.0,annotated_rdrp,GII.17,,5094.0,6716.0,True,17.0
PV765571.1,75.859245,0.0,7549.0,7555.0,GII.P17,,3581.0,5110.0,annotated_rdrp,GII.17,,5094.0,6710.0,True,17.0
PV765567.1,75.859245,0.0,7549.0,7555.0,GII.P17,,3581.0,5110.0,annotated_rdrp,GII.17,,5094.0,6710.0,True,17.0
PV750894.1,75.87562,0.0,7549.0,7555.0,GII.P17,,3581.0,5110.0,annotated_rdrp,GII.17,,5094.0,6710.0,True,17.0
PV750891.1,75.87619,0.0,7549.0,7555.0,GII.P17,,3581.0,5110.0,annotated_rdrp,GII.17,,5094.0,6710.0,True,17.0
PV750882.1,75.90835,0.0,7549.0,7555.0,GII.P17,,3581.0,5110.0,annotated_rdrp,GII.17,,5094.0,6710.0,True,17.0
PV750877.1,75.90046,0.0,7550.0,7556.0,GII.P17,,3581.0,5110.0,annotated_rdrp,GII.17,,5094.0,6710.0,True,17.0
PV784347.1,75.92471,0.0,7549.0,7555.0,GII.P17,,3581.0,5110.0,annotated_rdrp,GII.17,,5094.0,6710.0,True,17.0
PV784345.1,75.859245,0.0,7546.0,7552.0,GII.P17,,3581.0,5110.0,annotated_rdrp,GII.17,,5094.0,6710.0,True,17.0
PV784344.1,75.973816,0.0,7549.0,7555.0,GII.P17,,3581.0,5110.0,annotated_rdrp,GII.17,,5094.0,6710.0,True,17.0
PV784338.1,75.95745,0.0,7549.0,7555.0,GII.P17,,3581.0,5110.0,annotated_rdrp,GII.17,,5094.0,6710.0,True,17.0
PV784331.1,75.95745,0.0,7549.0,7555.0,GII.P17,,3581.0,5110.0,annotated_rdrp,GII.17,,5094.0,6710.0,True,17.0
PV784324.1,76.02291,0.0,7536.0,7542.0,GII.P17,,3581.0,5110.0,annotated_rdrp,GII.17,,5094.0,6710.0,True,17.0
PV784323.1,76.039276,0.0,7549.0,7555.0,GII.P17,,3581.0,5110.0,annotated_rdrp,GII.17,,5094.0,6710.0,True,17.0
PV784318.1,75.973816,0.0,7551.0,7557.0,GII.P17,,3581.0,5110.0,annotated_rdrp,GII.17,,5094.0,6710.0,True,17.0
PV784304.1,76.006546,0.0,7549.0,7555.0,GII.P17,,3581.0,5110.0,annotated_rdrp,GII.17,,5094.0,6710.0,True,17.0
PV784303.1,75.99018,0.0,7549.0,7555.0,GII.P17,,3581.0,5110.0,annotated_rdrp,GII.17,,5094.0,6710.0,True,17.0
PV784302.1,75.90835,0.0,7549.0,7555.0,GII.P17,,3581.0,5110.0,annotated_rdrp,GII.17,,5094.0,6710.0,True,17.0
PV784298.1,75.95745,0.0,7549.0,7555.0,GII.P17,,3581.0,5110.0,annotated_rdrp,GII.17,,5094.0,6710.0,True,17.0
PZ240487.1,75.630936,0.0,7566.0,7557.0,GII.P16,,3569.0,5098.0,annotated_rdrp,GII.4,Sydney_2016,5082.0,6704.0,True,17.0
PZ234772.1,75.891975,0.0,7550.0,7556.0,GII.P17,,3581.0,5110.0,annotated_rdrp,GII.17,,5094.0,6716.0,True,17.0
PZ221927.1,81.28674,0.0,7542.0,7542.0,GII.P21,,3572.0,5101.0,annotated_rdrp,GII.3,,5085.0,6731.0,True,17.0
PZ221922.1,81.29303,0.0,7542.0,7542.0,GII.P21,,3572.0,5101.0,annotated_rdrp,GII.3,,5085.0,6731.0,True,17.0
PZ221917.1,81.29303,0.0,7542.0,7542.0,GII.P21,,3572.0,5101.0,annotated_rdrp,GII.3,,5085.0,6731.0,True,17.0
PZ221915.1,81.29303,0.0,7542.0,7542.0,GII.P21,,3572.0,5101.0,annotated_rdrp,GII.3,,5085.0,6731.0,True,17.0
