type	seqid	name	start1	stop	strand	mismatch
primer	KC962462.3	Livsmedelsverket_fw_primer_inner	5046	5064	+	1
primer	KC962453.2	Livsmedelsverket_fw_primer_inner	5046	5064	+	1
primer	MN493873.1	Livsmedelsverket_fw_primer_inner	5044	5062	+	1
primer	MN525275.1	Livsmedelsverket_fw_primer_inner	5042	5060	+	1
primer	PP564834.1	Livsmedelsverket_fw_primer_inner	5046	5064	+	1
primer	PP564833.1	Livsmedelsverket_fw_primer_inner	5046	5064	+	1
primer	PP564832.1	Livsmedelsverket_fw_primer_inner	5046	5064	+	1
primer	PP564831.1	Livsmedelsverket_fw_primer_inner	5046	5064	+	1
primer	PP564830.1	Livsmedelsverket_fw_primer_inner	5046	5064	+	1
primer	PP564828.1	Livsmedelsverket_fw_primer_inner	5046	5064	+	1
primer	PP564827.1	Livsmedelsverket_fw_primer_inner	5046	5064	+	1
primer	PP564826.1	Livsmedelsverket_fw_primer_inner	5046	5064	+	1
primer	PP645200.1	Livsmedelsverket_fw_primer_inner	5046	5064	+	1
primer	PP645199.1	Livsmedelsverket_fw_primer_inner	5046	5064	+	1
primer	PP658561.1	Livsmedelsverket_fw_primer_inner	5045	5063	+	1
primer	PP658560.1	Livsmedelsverket_fw_primer_inner	5042	5060	+	1
primer	PP658557.1	Livsmedelsverket_fw_primer_inner	5045	5063	+	1
primer	PP658555.1	Livsmedelsverket_fw_primer_inner	5042	5060	+	1
primer	PP658551.1	Livsmedelsverket_fw_primer_inner	5046	5064	+	1
primer	PQ304632.1	Livsmedelsverket_fw_primer_inner	5047	5065	+	1
primer	PQ304613.1	Livsmedelsverket_fw_primer_inner	5051	5069	+	1
primer	PQ304612.1	Livsmedelsverket_fw_primer_inner	5051	5069	+	1
primer	PQ310236.1	Livsmedelsverket_fw_primer_inner	5051	5069	+	1
primer	PQ310234.1	Livsmedelsverket_fw_primer_inner	5051	5069	+	1
primer	PQ310131.1	Livsmedelsverket_fw_primer_inner	5055	5073	+	1
primer	PQ310130.1	Livsmedelsverket_fw_primer_inner	5055	5073	+	1
primer	PQ310129.1	Livsmedelsverket_fw_primer_inner	5055	5073	+	1
primer	PQ310128.1	Livsmedelsverket_fw_primer_inner	5055	5073	+	1
primer	PQ310127.1	Livsmedelsverket_fw_primer_inner	5055	5073	+	1
primer	PQ310126.1	Livsmedelsverket_fw_primer_inner	5055	5073	+	1
primer	PQ310125.2	Livsmedelsverket_fw_primer_inner	5051	5069	+	1
primer	PQ310124.1	Livsmedelsverket_fw_primer_inner	5055	5073	+	1
primer	PQ308689.1	Livsmedelsverket_fw_primer_inner	5051	5069	+	1
primer	PQ308687.1	Livsmedelsverket_fw_primer_inner	5051	5069	+	1
primer	PQ308686.1	Livsmedelsverket_fw_primer_inner	5051	5069	+	1
primer	PQ308685.1	Livsmedelsverket_fw_primer_inner	5051	5069	+	1
primer	PQ308684.1	Livsmedelsverket_fw_primer_inner	5055	5073	+	1
primer	PX285873.1	Livsmedelsverket_fw_primer_inner	5046	5064	+	1
primer	PV920370.1	Livsmedelsverket_fw_primer_inner	5053	5071	+	1
primer	KJ710245.2	Livsmedelsverket_fw_primer_inner	5046	5064	+	1
primer	MH260504.1	Livsmedelsverket_fw_primer_inner	5046	5064	+	1
primer	MH260502.1	Livsmedelsverket_fw_primer_inner	5046	5064	+	1
primer	MH260492.1	Livsmedelsverket_fw_primer_inner	5046	5064	+	1
primer	MH260490.1	Livsmedelsverket_fw_primer_inner	5046	5064	+	1
primer	MH260488.1	Livsmedelsverket_fw_primer_inner	5046	5064	+	1
primer	MH260485.1	Livsmedelsverket_fw_primer_inner	5046	5064	+	1
primer	MH260484.1	Livsmedelsverket_fw_primer_inner	5046	5064	+	1
primer	MH260483.1	Livsmedelsverket_fw_primer_inner	5046	5064	+	1
primer	MK928499.1	Livsmedelsverket_fw_primer_inner	5046	5064	+	1
primer	MK928498.1	Livsmedelsverket_fw_primer_inner	5046	5064	+	1
primer	MK928497.1	Livsmedelsverket_fw_primer_inner	5046	5064	+	1
primer	MK928496.1	Livsmedelsverket_fw_primer_inner	5046	5064	+	1
primer	MT409884.1	Livsmedelsverket_fw_primer_inner	5045	5063	+	1
primer	MT362912.1	Livsmedelsverket_fw_primer_inner	5042	5060	+	1
primer	OK376252.1	Livsmedelsverket_fw_primer_inner	5045	5063	+	1
primer	OP805361.1	Livsmedelsverket_fw_primer_inner	5055	5073	+	1
primer	OP805360.1	Livsmedelsverket_fw_primer_inner	5055	5073	+	1
primer	OR084264.1	Livsmedelsverket_fw_primer_inner	5046	5064	+	1
primer	OR084263.1	Livsmedelsverket_fw_primer_inner	5046	5064	+	1
primer	OR084262.1	Livsmedelsverket_fw_primer_inner	5046	5064	+	1
primer	OR084261.1	Livsmedelsverket_fw_primer_inner	5046	5064	+	1
primer	OR084260.1	Livsmedelsverket_fw_primer_inner	5043	5061	+	1
primer	OR084259.1	Livsmedelsverket_fw_primer_inner	5046	5064	+	1
primer	OR084258.1	Livsmedelsverket_fw_primer_inner	5046	5064	+	1
primer	OR084257.1	Livsmedelsverket_fw_primer_inner	5046	5064	+	1
primer	OR084256.1	Livsmedelsverket_fw_primer_inner	5046	5064	+	1
primer	OP205582.1	Livsmedelsverket_fw_primer_inner	5046	5064	+	1
primer	OP205580.1	Livsmedelsverket_fw_primer_inner	5046	5064	+	1
primer	OP205579.1	Livsmedelsverket_fw_primer_inner	5042	5060	+	1
primer	OP205578.1	Livsmedelsverket_fw_primer_inner	5042	5060	+	1
primer	OP205577.1	Livsmedelsverket_fw_primer_inner	5046	5064	+	1
primer	OP205566.1	Livsmedelsverket_fw_primer_inner	5042	5060	+	1
primer	OP205541.1	Livsmedelsverket_fw_primer_inner	5042	5060	+	1
primer	OP205527.1	Livsmedelsverket_fw_primer_inner	5042	5060	+	1
primer	PQ373146.1	Livsmedelsverket_fw_primer_inner	5051	5069	+	1
primer	PQ373145.1	Livsmedelsverket_fw_primer_inner	5051	5069	+	1
primer	PQ373144.1	Livsmedelsverket_fw_primer_inner	5051	5069	+	1
primer	PQ373143.1	Livsmedelsverket_fw_primer_inner	5051	5069	+	1
primer	PQ373141.1	Livsmedelsverket_fw_primer_inner	5051	5069	+	1
primer	PQ373137.1	Livsmedelsverket_fw_primer_inner	5051	5069	+	1
primer	PQ373136.1	Livsmedelsverket_fw_primer_inner	5051	5069	+	1
primer	PQ373135.1	Livsmedelsverket_fw_primer_inner	5051	5069	+	1
primer	PQ373134.1	Livsmedelsverket_fw_primer_inner	5051	5069	+	1
primer	PQ373130.1	Livsmedelsverket_fw_primer_inner	5051	5069	+	1
primer	PQ373128.1	Livsmedelsverket_fw_primer_inner	5051	5069	+	1
primer	PQ373125.1	Livsmedelsverket_fw_primer_inner	5051	5069	+	1
primer	PQ373119.1	Livsmedelsverket_fw_primer_inner	5054	5072	+	1
primer	PQ442937.1	Livsmedelsverket_fw_primer_inner	5046	5064	+	1
primer	PQ442936.1	Livsmedelsverket_fw_primer_inner	5046	5064	+	1
primer	PQ442935.1	Livsmedelsverket_fw_primer_inner	5046	5064	+	1
primer	PQ507179.1	Livsmedelsverket_fw_primer_inner	5046	5064	+	1
primer	PQ507178.1	Livsmedelsverket_fw_primer_inner	5046	5064	+	1
primer	PQ507174.1	Livsmedelsverket_fw_primer_inner	5046	5064	+	1
primer	PQ507173.1	Livsmedelsverket_fw_primer_inner	5040	5058	+	1
primer	PQ641315.1	Livsmedelsverket_fw_primer_inner	5078	5096	+	1
primer	PQ219041.1	Livsmedelsverket_fw_primer_inner	5046	5064	+	1
primer	PQ215526.1	Livsmedelsverket_fw_primer_inner	5042	5060	+	1
primer	PQ215524.1	Livsmedelsverket_fw_primer_inner	5042	5060	+	1
primer	PQ214837.1	Livsmedelsverket_fw_primer_inner	5046	5064	+	1
primer	PQ214835.1	Livsmedelsverket_fw_primer_inner	5046	5064	+	1
primer	PQ214832.1	Livsmedelsverket_fw_primer_inner	5040	5058	+	1
primer	PQ208329.1	Livsmedelsverket_fw_primer_inner	5042	5060	+	1
primer	PQ208328.1	Livsmedelsverket_fw_primer_inner	5042	5060	+	1
primer	PQ208327.1	Livsmedelsverket_fw_primer_inner	5042	5060	+	1
primer	PQ208326.1	Livsmedelsverket_fw_primer_inner	5042	5060	+	1
primer	PQ208323.1	Livsmedelsverket_fw_primer_inner	5042	5060	+	1
primer	PQ208322.1	Livsmedelsverket_fw_primer_inner	5042	5060	+	1
primer	PQ208321.1	Livsmedelsverket_fw_primer_inner	5042	5060	+	1
primer	PQ208320.1	Livsmedelsverket_fw_primer_inner	5042	5060	+	1
primer	PQ208319.1	Livsmedelsverket_fw_primer_inner	5042	5060	+	1
primer	PQ208317.1	Livsmedelsverket_fw_primer_inner	5042	5060	+	1
primer	PQ208316.1	Livsmedelsverket_fw_primer_inner	5042	5060	+	1
primer	PQ208315.1	Livsmedelsverket_fw_primer_inner	5042	5060	+	1
primer	PQ207947.1	Livsmedelsverket_fw_primer_inner	5046	5064	+	1
primer	PQ207946.1	Livsmedelsverket_fw_primer_inner	5046	5064	+	1
primer	PQ207945.1	Livsmedelsverket_fw_primer_inner	5061	5079	+	1
primer	PQ207944.1	Livsmedelsverket_fw_primer_inner	5057	5075	+	1
primer	PQ207937.1	Livsmedelsverket_fw_primer_inner	5046	5064	+	1
primer	PQ207934.1	Livsmedelsverket_fw_primer_inner	5042	5060	+	1
primer	PQ207933.1	Livsmedelsverket_fw_primer_inner	5046	5064	+	1
primer	PQ207928.1	Livsmedelsverket_fw_primer_inner	5046	5064	+	1
primer	PQ207927.1	Livsmedelsverket_fw_primer_inner	5046	5064	+	1
primer	PQ207926.1	Livsmedelsverket_fw_primer_inner	5046	5064	+	1
primer	PQ207925.1	Livsmedelsverket_fw_primer_inner	5046	5064	+	1
primer	PQ207921.1	Livsmedelsverket_fw_primer_inner	5046	5064	+	1
primer	PQ195952.1	Livsmedelsverket_fw_primer_inner	5042	5060	+	1
primer	PQ195951.1	Livsmedelsverket_fw_primer_inner	5042	5060	+	1
primer	PQ195950.1	Livsmedelsverket_fw_primer_inner	5042	5060	+	1
primer	PQ195949.1	Livsmedelsverket_fw_primer_inner	5042	5060	+	1
primer	PQ195948.1	Livsmedelsverket_fw_primer_inner	5042	5060	+	1
primer	PQ195947.1	Livsmedelsverket_fw_primer_inner	5042	5060	+	1
primer	PQ195946.1	Livsmedelsverket_fw_primer_inner	5042	5060	+	1
primer	PQ195945.1	Livsmedelsverket_fw_primer_inner	5046	5064	+	1
primer	PQ195944.1	Livsmedelsverket_fw_primer_inner	5042	5060	+	1
primer	PQ195943.1	Livsmedelsverket_fw_primer_inner	5042	5060	+	1
primer	PQ195942.1	Livsmedelsverket_fw_primer_inner	5042	5060	+	1
primer	PQ195940.1	Livsmedelsverket_fw_primer_inner	5046	5064	+	1
primer	PQ195939.1	Livsmedelsverket_fw_primer_inner	5042	5060	+	1
primer	PQ195938.1	Livsmedelsverket_fw_primer_inner	5042	5060	+	1
primer	PQ195937.1	Livsmedelsverket_fw_primer_inner	5042	5060	+	1
primer	PQ195936.1	Livsmedelsverket_fw_primer_inner	5042	5060	+	1
primer	PQ195935.1	Livsmedelsverket_fw_primer_inner	5042	5060	+	1
primer	PQ195934.1	Livsmedelsverket_fw_primer_inner	5042	5060	+	1
primer	PQ195933.1	Livsmedelsverket_fw_primer_inner	5042	5060	+	1
primer	PQ195932.1	Livsmedelsverket_fw_primer_inner	5046	5064	+	1
primer	PQ195931.1	Livsmedelsverket_fw_primer_inner	5042	5060	+	1
primer	PQ195930.1	Livsmedelsverket_fw_primer_inner	5042	5060	+	1
primer	PQ195929.1	Livsmedelsverket_fw_primer_inner	5042	5060	+	1
primer	PQ195928.1	Livsmedelsverket_fw_primer_inner	5042	5060	+	1
primer	PQ195927.1	Livsmedelsverket_fw_primer_inner	5042	5060	+	1
primer	PQ195926.1	Livsmedelsverket_fw_primer_inner	5042	5060	+	1
primer	PQ195925.1	Livsmedelsverket_fw_primer_inner	5042	5060	+	1
primer	PQ195924.1	Livsmedelsverket_fw_primer_inner	5046	5064	+	1
primer	PQ195923.1	Livsmedelsverket_fw_primer_inner	5042	5060	+	1
primer	PQ195922.1	Livsmedelsverket_fw_primer_inner	5046	5064	+	1
primer	PQ195921.1	Livsmedelsverket_fw_primer_inner	5046	5064	+	1
primer	PQ195920.1	Livsmedelsverket_fw_primer_inner	5042	5060	+	1
primer	PQ195919.1	Livsmedelsverket_fw_primer_inner	5046	5064	+	1
primer	PQ195917.1	Livsmedelsverket_fw_primer_inner	5042	5060	+	1
primer	PQ195916.1	Livsmedelsverket_fw_primer_inner	5042	5060	+	1
primer	PQ195915.1	Livsmedelsverket_fw_primer_inner	5042	5060	+	1
primer	PQ195914.1	Livsmedelsverket_fw_primer_inner	5046	5064	+	1
primer	PQ195913.1	Livsmedelsverket_fw_primer_inner	5046	5064	+	1
primer	PQ195912.1	Livsmedelsverket_fw_primer_inner	5042	5060	+	1
primer	PQ195911.1	Livsmedelsverket_fw_primer_inner	5042	5060	+	1
primer	PQ195910.1	Livsmedelsverket_fw_primer_inner	5046	5064	+	1
primer	PQ195909.1	Livsmedelsverket_fw_primer_inner	5042	5060	+	1
primer	PQ195908.1	Livsmedelsverket_fw_primer_inner	5042	5060	+	1
primer	PQ195907.1	Livsmedelsverket_fw_primer_inner	5042	5060	+	1
primer	PQ195906.1	Livsmedelsverket_fw_primer_inner	5046	5064	+	1
primer	PQ195903.1	Livsmedelsverket_fw_primer_inner	5046	5064	+	1
primer	PQ195902.1	Livsmedelsverket_fw_primer_inner	5042	5060	+	1
primer	PQ195901.1	Livsmedelsverket_fw_primer_inner	5042	5060	+	1
primer	PQ195900.1	Livsmedelsverket_fw_primer_inner	5046	5064	+	1
primer	PQ195899.1	Livsmedelsverket_fw_primer_inner	5046	5064	+	1
primer	PQ195897.1	Livsmedelsverket_fw_primer_inner	5042	5060	+	1
primer	PQ195896.1	Livsmedelsverket_fw_primer_inner	5042	5060	+	1
primer	PQ195895.1	Livsmedelsverket_fw_primer_inner	5046	5064	+	1
primer	PQ195894.1	Livsmedelsverket_fw_primer_inner	5042	5060	+	1
primer	PQ195892.1	Livsmedelsverket_fw_primer_inner	5046	5064	+	1
primer	PQ195890.1	Livsmedelsverket_fw_primer_inner	5046	5064	+	1
primer	PQ195889.1	Livsmedelsverket_fw_primer_inner	5042	5060	+	1
primer	PQ195888.1	Livsmedelsverket_fw_primer_inner	5046	5064	+	1
primer	PQ195887.1	Livsmedelsverket_fw_primer_inner	5046	5064	+	1
primer	PQ195886.1	Livsmedelsverket_fw_primer_inner	5046	5064	+	1
primer	PQ195885.1	Livsmedelsverket_fw_primer_inner	5042	5060	+	1
primer	PQ195883.1	Livsmedelsverket_fw_primer_inner	5046	5064	+	1
primer	PQ195882.1	Livsmedelsverket_fw_primer_inner	5046	5064	+	1
primer	PQ195881.1	Livsmedelsverket_fw_primer_inner	5042	5060	+	1
primer	PQ195879.1	Livsmedelsverket_fw_primer_inner	5046	5064	+	1
primer	PQ273192.1	Livsmedelsverket_fw_primer_inner	5046	5064	+	1
primer	PQ273191.1	Livsmedelsverket_fw_primer_inner	5044	5062	+	1
primer	PQ482380.1	Livsmedelsverket_fw_primer_inner	5051	5069	+	1
primer	PQ482379.1	Livsmedelsverket_fw_primer_inner	5051	5069	+	1
primer	PQ482378.1	Livsmedelsverket_fw_primer_inner	5051	5069	+	1
primer	PQ475911.1	Livsmedelsverket_fw_primer_inner	5042	5060	+	1
primer	PV784280.1	Livsmedelsverket_fw_primer_inner	5055	5073	+	1
primer	PV784278.1	Livsmedelsverket_fw_primer_inner	5051	5069	+	1
primer	PV750898.1	Livsmedelsverket_fw_primer_inner	5052	5070	+	1
primer	PV750886.1	Livsmedelsverket_fw_primer_inner	5051	5069	+	1
primer	OR793101.1	Livsmedelsverket_fw_primer_inner	5042	5060	+	1
primer	OR793100.1	Livsmedelsverket_fw_primer_inner	5042	5060	+	1
primer	OR793099.1	Livsmedelsverket_fw_primer_inner	5042	5060	+	1
primer	OR793098.1	Livsmedelsverket_fw_primer_inner	5051	5069	+	1
primer	OR793097.1	Livsmedelsverket_fw_primer_inner	5036	5054	+	1
primer	OR793094.1	Livsmedelsverket_fw_primer_inner	5042	5060	+	1
primer	OR793093.1	Livsmedelsverket_fw_primer_inner	5042	5060	+	1
primer	OR793092.1	Livsmedelsverket_fw_primer_inner	5042	5060	+	1
primer	OR793091.1	Livsmedelsverket_fw_primer_inner	5042	5060	+	1
primer	OR793089.1	Livsmedelsverket_fw_primer_inner	5042	5060	+	1
primer	OR793088.1	Livsmedelsverket_fw_primer_inner	5042	5060	+	1
primer	OR793087.1	Livsmedelsverket_fw_primer_inner	5042	5060	+	1
primer	OR793086.1	Livsmedelsverket_fw_primer_inner	5042	5060	+	1
primer	OR793084.1	Livsmedelsverket_fw_primer_inner	5051	5069	+	1
primer	OR793083.1	Livsmedelsverket_fw_primer_inner	5051	5069	+	1
primer	OR793082.1	Livsmedelsverket_fw_primer_inner	5042	5060	+	1
primer	PX631122.1	Livsmedelsverket_fw_primer_inner	5040	5058	+	1
primer	KY947550.1	Livsmedelsverket_fw_primer_inner	5046	5064	+	1
primer	KY947549.1	Livsmedelsverket_fw_primer_inner	5045	5063	+	1
primer	KY947548.1	Livsmedelsverket_fw_primer_inner	5042	5060	+	1
primer	KY947547.1	Livsmedelsverket_fw_primer_inner	5045	5063	+	1
primer	KY947546.1	Livsmedelsverket_fw_primer_inner	5045	5063	+	1
primer	KY865307.1	Livsmedelsverket_fw_primer_inner	5044	5062	+	1
primer	KY865306.1	Livsmedelsverket_fw_primer_inner	5046	5064	+	1
primer	MW009072.1	Livsmedelsverket_fw_primer_inner	5081	5099	+	1
primer	MW009068.1	Livsmedelsverket_fw_primer_inner	5081	5099	+	1
primer	MW284784.1	Livsmedelsverket_fw_primer_inner	5040	5058	+	1
primer	MW284778.1	Livsmedelsverket_fw_primer_inner	5040	5058	+	1
primer	MW284776.1	Livsmedelsverket_fw_primer_inner	5040	5058	+	1
primer	MN588307.1	Livsmedelsverket_fw_primer_inner	5046	5064	+	1
primer	MN588306.1	Livsmedelsverket_fw_primer_inner	5046	5064	+	1
primer	MN588305.1	Livsmedelsverket_fw_primer_inner	5046	5064	+	1
primer	MN588304.1	Livsmedelsverket_fw_primer_inner	5046	5064	+	1
primer	MN588303.1	Livsmedelsverket_fw_primer_inner	5046	5064	+	1
primer	MN588302.1	Livsmedelsverket_fw_primer_inner	5046	5064	+	1
primer	MN588301.1	Livsmedelsverket_fw_primer_inner	5046	5064	+	1
primer	MN588300.1	Livsmedelsverket_fw_primer_inner	5046	5064	+	1
primer	MN588299.1	Livsmedelsverket_fw_primer_inner	5046	5064	+	1
primer	MT735394.1	Livsmedelsverket_fw_primer_inner	5042	5060	+	1
primer	LC597132.1	Livsmedelsverket_fw_primer_inner	5046	5064	+	1
primer	LC597127.1	Livsmedelsverket_fw_primer_inner	5038	5056	+	1
primer	LC597126.1	Livsmedelsverket_fw_primer_inner	5033	5051	+	1
primer	LC597124.1	Livsmedelsverket_fw_primer_inner	5032	5050	+	1
primer	LC597121.1	Livsmedelsverket_fw_primer_inner	5040	5058	+	1
primer	LC597120.1	Livsmedelsverket_fw_primer_inner	5046	5064	+	1
primer	LC597113.1	Livsmedelsverket_fw_primer_inner	5033	5051	+	1
primer	LC597111.1	Livsmedelsverket_fw_primer_inner	5036	5054	+	1
primer	OL721917.1	Livsmedelsverket_fw_primer_inner	5046	5064	+	1
primer	OL826943.1	Livsmedelsverket_fw_primer_inner	5046	5064	+	1
primer	OL826942.1	Livsmedelsverket_fw_primer_inner	5046	5064	+	1
primer	OL826941.1	Livsmedelsverket_fw_primer_inner	5046	5064	+	1
primer	OL826940.1	Livsmedelsverket_fw_primer_inner	5046	5064	+	1
primer	MZ478140.1	Livsmedelsverket_fw_primer_inner	5050	5068	+	1
primer	OR069406.1	Livsmedelsverket_fw_primer_inner	5036	5054	+	1
primer	OR069405.1	Livsmedelsverket_fw_primer_inner	5036	5054	+	1
primer	OR065090.1	Livsmedelsverket_fw_primer_inner	5042	5060	+	1
primer	OR065073.1	Livsmedelsverket_fw_primer_inner	5078	5096	+	1
primer	OR051927.1	Livsmedelsverket_fw_primer_inner	5042	5060	+	1
primer	OR051903.1	Livsmedelsverket_fw_primer_inner	5036	5054	+	1
primer	OR051787.1	Livsmedelsverket_fw_primer_inner	5042	5060	+	1
primer	OR069404.1	Livsmedelsverket_fw_primer_inner	5042	5060	+	1
primer	OR685283.1	Livsmedelsverket_fw_primer_inner	5051	5069	+	1
primer	OR700746.1	Livsmedelsverket_fw_primer_inner	5042	5060	+	1
primer	OR700742.1	Livsmedelsverket_fw_primer_inner	5042	5060	+	1
primer	OR700741.1	Livsmedelsverket_fw_primer_inner	5042	5060	+	1
primer	OR713748.1	Livsmedelsverket_fw_primer_inner	5042	5060	+	1
primer	PV174245.1	Livsmedelsverket_fw_primer_inner	5036	5054	+	1
primer	PV174244.1	Livsmedelsverket_fw_primer_inner	5042	5060	+	1
primer	PV174243.1	Livsmedelsverket_fw_primer_inner	5042	5060	+	1
primer	PV174239.1	Livsmedelsverket_fw_primer_inner	5036	5054	+	1
primer	PV275069.1	Livsmedelsverket_fw_primer_inner	5042	5060	+	1
primer	PV275066.1	Livsmedelsverket_fw_primer_inner	5060	5078	+	1
primer	PV275065.1	Livsmedelsverket_fw_primer_inner	5060	5078	+	1
primer	PV275064.1	Livsmedelsverket_fw_primer_inner	5060	5078	+	1
primer	PV275059.1	Livsmedelsverket_fw_primer_inner	5042	5060	+	1
primer	PV275057.1	Livsmedelsverket_fw_primer_inner	5042	5060	+	1
primer	PV275055.1	Livsmedelsverket_fw_primer_inner	5042	5060	+	1
primer	PV275048.1	Livsmedelsverket_fw_primer_inner	5042	5060	+	1
primer	PV275041.1	Livsmedelsverket_fw_primer_inner	5042	5060	+	1
primer	PV297973.1	Livsmedelsverket_fw_primer_inner	5042	5060	+	1
primer	PQ196568.1	Livsmedelsverket_fw_primer_inner	5046	5064	+	1
primer	PQ196566.1	Livsmedelsverket_fw_primer_inner	5042	5060	+	1
primer	PQ196565.1	Livsmedelsverket_fw_primer_inner	5042	5060	+	1
primer	PQ196564.1	Livsmedelsverket_fw_primer_inner	5046	5064	+	1
primer	PQ196562.1	Livsmedelsverket_fw_primer_inner	5046	5064	+	1
primer	PQ196561.1	Livsmedelsverket_fw_primer_inner	5046	5064	+	1
primer	PQ196557.1	Livsmedelsverket_fw_primer_inner	5042	5060	+	1
primer	PQ196556.1	Livsmedelsverket_fw_primer_inner	5042	5060	+	1
primer	PQ196551.1	Livsmedelsverket_fw_primer_inner	5046	5064	+	1
primer	PQ196549.1	Livsmedelsverket_fw_primer_inner	5046	5064	+	1
primer	PQ196547.1	Livsmedelsverket_fw_primer_inner	5042	5060	+	1
primer	PQ196546.1	Livsmedelsverket_fw_primer_inner	5046	5064	+	1
primer	PQ196543.1	Livsmedelsverket_fw_primer_inner	5046	5064	+	1
primer	PQ196541.1	Livsmedelsverket_fw_primer_inner	5042	5060	+	1
primer	PQ196539.1	Livsmedelsverket_fw_primer_inner	5042	5060	+	1
primer	PQ196538.1	Livsmedelsverket_fw_primer_inner	5042	5060	+	1
primer	PQ196537.1	Livsmedelsverket_fw_primer_inner	5046	5064	+	1
primer	PQ196536.1	Livsmedelsverket_fw_primer_inner	5046	5064	+	1
primer	PQ196534.1	Livsmedelsverket_fw_primer_inner	5042	5060	+	1
primer	PQ196533.1	Livsmedelsverket_fw_primer_inner	5046	5064	+	1
primer	PQ196532.1	Livsmedelsverket_fw_primer_inner	5046	5064	+	1
primer	PQ196530.1	Livsmedelsverket_fw_primer_inner	5042	5060	+	1
primer	PQ196529.1	Livsmedelsverket_fw_primer_inner	5042	5060	+	1
primer	PQ196528.1	Livsmedelsverket_fw_primer_inner	5042	5060	+	1
primer	PQ196526.1	Livsmedelsverket_fw_primer_inner	5046	5064	+	1
primer	PQ196525.1	Livsmedelsverket_fw_primer_inner	5046	5064	+	1
primer	PQ196523.1	Livsmedelsverket_fw_primer_inner	5046	5064	+	1
primer	PQ196520.1	Livsmedelsverket_fw_primer_inner	5046	5064	+	1
primer	PQ196518.1	Livsmedelsverket_fw_primer_inner	5046	5064	+	1
primer	PQ196517.1	Livsmedelsverket_fw_primer_inner	5046	5064	+	1
primer	PQ196516.1	Livsmedelsverket_fw_primer_inner	5042	5060	+	1
primer	PQ196514.1	Livsmedelsverket_fw_primer_inner	5042	5060	+	1
primer	PQ196512.1	Livsmedelsverket_fw_primer_inner	5046	5064	+	1
primer	PQ196508.1	Livsmedelsverket_fw_primer_inner	5042	5060	+	1
primer	MG002634.1	Livsmedelsverket_fw_primer_inner	5041	5059	+	1
primer	MG002632.1	Livsmedelsverket_fw_primer_inner	5041	5059	+	1
primer	MG214988.1	Livsmedelsverket_fw_primer_inner	5046	5064	+	1
primer	MK729086.1	Livsmedelsverket_fw_primer_inner	5046	5064	+	1
primer	MK756035.1	Livsmedelsverket_fw_primer_inner	5044	5062	+	1
primer	MK756034.1	Livsmedelsverket_fw_primer_inner	5046	5064	+	1
primer	MK754447.1	Livsmedelsverket_fw_primer_inner	5046	5064	+	1
primer	MK754445.1	Livsmedelsverket_fw_primer_inner	5042	5060	+	1
primer	MK754443.1	Livsmedelsverket_fw_primer_inner	5042	5060	+	1
primer	MK754442.1	Livsmedelsverket_fw_primer_inner	5045	5063	+	1
primer	MK753036.1	Livsmedelsverket_fw_primer_inner	5046	5064	+	1
primer	MK753035.1	Livsmedelsverket_fw_primer_inner	5044	5062	+	1
primer	MK753034.1	Livsmedelsverket_fw_primer_inner	5046	5064	+	1
primer	MK753033.1	Livsmedelsverket_fw_primer_inner	5042	5060	+	1
primer	MK753016.1	Livsmedelsverket_fw_primer_inner	5045	5063	+	1
primer	MK753012.1	Livsmedelsverket_fw_primer_inner	5045	5063	+	1
primer	MK753010.1	Livsmedelsverket_fw_primer_inner	5042	5060	+	1
primer	MK753009.1	Livsmedelsverket_fw_primer_inner	5042	5060	+	1
primer	MK753008.1	Livsmedelsverket_fw_primer_inner	5041	5059	+	1
primer	MK753007.1	Livsmedelsverket_fw_primer_inner	5043	5061	+	1
primer	MK752947.1	Livsmedelsverket_fw_primer_inner	5042	5060	+	1
primer	MK752946.1	Livsmedelsverket_fw_primer_inner	5042	5060	+	1
primer	MK752942.1	Livsmedelsverket_fw_primer_inner	5045	5063	+	1
primer	MK752941.1	Livsmedelsverket_fw_primer_inner	5043	5061	+	1
primer	MK752939.1	Livsmedelsverket_fw_primer_inner	5045	5063	+	1
primer	MK752937.1	Livsmedelsverket_fw_primer_inner	5045	5063	+	1
primer	MK752934.1	Livsmedelsverket_fw_primer_inner	5042	5060	+	1
primer	MH041322.1	Livsmedelsverket_fw_primer_inner	5042	5060	+	1
primer	MH041321.1	Livsmedelsverket_fw_primer_inner	5042	5060	+	1
primer	MK764041.1	Livsmedelsverket_fw_primer_inner	5046	5064	+	1
primer	MK764039.1	Livsmedelsverket_fw_primer_inner	5045	5063	+	1
primer	MK764022.1	Livsmedelsverket_fw_primer_inner	5043	5061	+	1
primer	MK764021.1	Livsmedelsverket_fw_primer_inner	5046	5064	+	1
primer	MK764015.1	Livsmedelsverket_fw_primer_inner	5045	5063	+	1
primer	MK764014.1	Livsmedelsverket_fw_primer_inner	5041	5059	+	1
primer	MK764013.1	Livsmedelsverket_fw_primer_inner	5045	5063	+	1
primer	MK762746.1	Livsmedelsverket_fw_primer_inner	5045	5063	+	1
primer	MK762745.1	Livsmedelsverket_fw_primer_inner	5042	5060	+	1
primer	MK762637.1	Livsmedelsverket_fw_primer_inner	5044	5062	+	1
primer	MK762636.1	Livsmedelsverket_fw_primer_inner	5046	5064	+	1
primer	MK762633.1	Livsmedelsverket_fw_primer_inner	5046	5064	+	1
primer	MK762632.1	Livsmedelsverket_fw_primer_inner	5043	5061	+	1
primer	MK762629.1	Livsmedelsverket_fw_primer_inner	5045	5063	+	1
primer	MK762627.1	Livsmedelsverket_fw_primer_inner	5045	5063	+	1
primer	MK762626.1	Livsmedelsverket_fw_primer_inner	5046	5064	+	1
primer	MK762568.1	Livsmedelsverket_fw_primer_inner	5042	5060	+	1
primer	MK762566.1	Livsmedelsverket_fw_primer_inner	5042	5060	+	1
primer	MK762564.1	Livsmedelsverket_fw_primer_inner	5042	5060	+	1
primer	MK762560.1	Livsmedelsverket_fw_primer_inner	5039	5057	+	1
primer	MK762558.1	Livsmedelsverket_fw_primer_inner	5042	5060	+	1
primer	MK773587.1	Livsmedelsverket_fw_primer_inner	5046	5064	+	1
primer	MK773585.1	Livsmedelsverket_fw_primer_inner	5043	5061	+	1
primer	MK775032.1	Livsmedelsverket_fw_primer_inner	5045	5063	+	1
primer	MK775029.1	Livsmedelsverket_fw_primer_inner	5045	5063	+	1
primer	MK614137.1	Livsmedelsverket_fw_primer_inner	5042	5060	+	1
primer	MK614136.1	Livsmedelsverket_fw_primer_inner	5042	5060	+	1
primer	MK614135.1	Livsmedelsverket_fw_primer_inner	5042	5060	+	1
primer	MK614134.1	Livsmedelsverket_fw_primer_inner	5042	5060	+	1
primer	MK614133.1	Livsmedelsverket_fw_primer_inner	5042	5060	+	1
primer	MK614132.1	Livsmedelsverket_fw_primer_inner	5042	5060	+	1
primer	MK614131.1	Livsmedelsverket_fw_primer_inner	5042	5060	+	1
primer	MK614130.1	Livsmedelsverket_fw_primer_inner	5042	5060	+	1
primer	MK614129.1	Livsmedelsverket_fw_primer_inner	5042	5060	+	1
primer	MK614128.1	Livsmedelsverket_fw_primer_inner	5042	5060	+	1
primer	MK614127.1	Livsmedelsverket_fw_primer_inner	5042	5060	+	1
primer	MK614126.1	Livsmedelsverket_fw_primer_inner	5042	5060	+	1
primer	MK614124.1	Livsmedelsverket_fw_primer_inner	5042	5060	+	1
primer	MN199033.1	Livsmedelsverket_fw_primer_inner	5043	5061	+	1
primer	MN308020.1	Livsmedelsverket_fw_primer_inner	5045	5063	+	1
primer	MN308019.1	Livsmedelsverket_fw_primer_inner	5045	5063	+	1
primer	MN308018.1	Livsmedelsverket_fw_primer_inner	5045	5063	+	1
primer	MN308015.1	Livsmedelsverket_fw_primer_inner	5045	5063	+	1
primer	MN308014.1	Livsmedelsverket_fw_primer_inner	5045	5063	+	1
primer	MN308012.1	Livsmedelsverket_fw_primer_inner	5045	5063	+	1
primer	MN308010.1	Livsmedelsverket_fw_primer_inner	5045	5063	+	1
primer	MN308003.1	Livsmedelsverket_fw_primer_inner	5045	5063	+	1
primer	MN308002.1	Livsmedelsverket_fw_primer_inner	5045	5063	+	1
primer	MN308001.1	Livsmedelsverket_fw_primer_inner	5045	5063	+	1
primer	MN307999.1	Livsmedelsverket_fw_primer_inner	5045	5063	+	1
primer	MN307998.1	Livsmedelsverket_fw_primer_inner	5045	5063	+	1
primer	MN307997.1	Livsmedelsverket_fw_primer_inner	5045	5063	+	1
primer	MN307996.1	Livsmedelsverket_fw_primer_inner	5045	5063	+	1
primer	MN307995.1	Livsmedelsverket_fw_primer_inner	5045	5063	+	1
primer	MN307993.1	Livsmedelsverket_fw_primer_inner	5045	5063	+	1
primer	MN394542.1	Livsmedelsverket_fw_primer_inner	5042	5060	+	1
primer	MT158862.1	Livsmedelsverket_fw_primer_inner	5046	5064	+	1
primer	MT158861.1	Livsmedelsverket_fw_primer_inner	5051	5069	+	1
primer	MT158860.1	Livsmedelsverket_fw_primer_inner	5051	5069	+	1
primer	MT158859.1	Livsmedelsverket_fw_primer_inner	5042	5060	+	1
primer	MT158858.1	Livsmedelsverket_fw_primer_inner	5042	5060	+	1
primer	MT158857.1	Livsmedelsverket_fw_primer_inner	5042	5060	+	1
primer	MT158856.1	Livsmedelsverket_fw_primer_inner	5042	5060	+	1
primer	MT158855.1	Livsmedelsverket_fw_primer_inner	5042	5060	+	1
primer	MT158854.1	Livsmedelsverket_fw_primer_inner	5042	5060	+	1
primer	MT158853.1	Livsmedelsverket_fw_primer_inner	5042	5060	+	1
primer	MT158852.1	Livsmedelsverket_fw_primer_inner	5042	5060	+	1
primer	MT158851.1	Livsmedelsverket_fw_primer_inner	5042	5060	+	1
primer	MT158850.1	Livsmedelsverket_fw_primer_inner	5036	5054	+	1
primer	MT316122.1	Livsmedelsverket_fw_primer_inner	5039	5057	+	1
primer	MT242482.1	Livsmedelsverket_fw_primer_inner	5048	5066	+	1
primer	MT218311.1	Livsmedelsverket_fw_primer_inner	5045	5063	+	1
primer	MT233268.1	Livsmedelsverket_fw_primer_inner	5051	5069	+	1
primer	MW661283.1	Livsmedelsverket_fw_primer_inner	5045	5063	+	1
primer	MW661280.1	Livsmedelsverket_fw_primer_inner	5045	5063	+	1
primer	MW661279.1	Livsmedelsverket_fw_primer_inner	5042	5060	+	1
primer	MW661277.1	Livsmedelsverket_fw_primer_inner	5045	5063	+	1
primer	MW661270.1	Livsmedelsverket_fw_primer_inner	5045	5063	+	1
primer	MW661269.1	Livsmedelsverket_fw_primer_inner	5044	5062	+	1
primer	MW661268.1	Livsmedelsverket_fw_primer_inner	5043	5061	+	1
primer	MW661267.1	Livsmedelsverket_fw_primer_inner	5046	5064	+	1
primer	MW661265.1	Livsmedelsverket_fw_primer_inner	5045	5063	+	1
primer	MW661263.1	Livsmedelsverket_fw_primer_inner	5046	5064	+	1
primer	MW661262.1	Livsmedelsverket_fw_primer_inner	5042	5060	+	1
primer	MW661261.1	Livsmedelsverket_fw_primer_inner	5042	5060	+	1
primer	MW661260.1	Livsmedelsverket_fw_primer_inner	5045	5063	+	1
primer	MW661259.1	Livsmedelsverket_fw_primer_inner	5045	5063	+	1
primer	MW661258.1	Livsmedelsverket_fw_primer_inner	5043	5061	+	1
primer	MW661257.1	Livsmedelsverket_fw_primer_inner	5045	5063	+	1
primer	MW661255.1	Livsmedelsverket_fw_primer_inner	5045	5063	+	1
primer	MW661254.1	Livsmedelsverket_fw_primer_inner	5045	5063	+	1
primer	MW661252.1	Livsmedelsverket_fw_primer_inner	5043	5061	+	1
primer	MW661251.1	Livsmedelsverket_fw_primer_inner	5045	5063	+	1
primer	MW661247.1	Livsmedelsverket_fw_primer_inner	5045	5063	+	1
primer	MZ233435.1	Livsmedelsverket_fw_primer_inner	5044	5062	+	1
primer	MZ265480.1	Livsmedelsverket_fw_primer_inner	5040	5058	+	1
primer	MZ265418.1	Livsmedelsverket_fw_primer_inner	5040	5058	+	1
primer	MZ265142.1	Livsmedelsverket_fw_primer_inner	5082	5100	+	1
primer	MZ265063.2	Livsmedelsverket_fw_primer_inner	5048	5066	+	1
primer	MZ272475.1	Livsmedelsverket_fw_primer_inner	5040	5058	+	1
primer	MZ272053.1	Livsmedelsverket_fw_primer_inner	5040	5058	+	1
primer	MZ268407.1	Livsmedelsverket_fw_primer_inner	5039	5057	+	1
primer	MZ291634.1	Livsmedelsverket_fw_primer_inner	5042	5060	+	1
primer	MZ291632.1	Livsmedelsverket_fw_primer_inner	5051	5069	+	1
primer	MZ291626.1	Livsmedelsverket_fw_primer_inner	5039	5057	+	1
primer	MZ291623.1	Livsmedelsverket_fw_primer_inner	5055	5073	+	1
primer	MZ292794.1	Livsmedelsverket_fw_primer_inner	5043	5061	+	1
primer	MZ292759.1	Livsmedelsverket_fw_primer_inner	5040	5058	+	1
primer	MW581012.1	Livsmedelsverket_fw_primer_inner	5046	5064	+	1
primer	MW581011.1	Livsmedelsverket_fw_primer_inner	5046	5064	+	1
primer	MW581010.1	Livsmedelsverket_fw_primer_inner	5046	5064	+	1
primer	MW581009.1	Livsmedelsverket_fw_primer_inner	5046	5064	+	1
primer	MW581008.1	Livsmedelsverket_fw_primer_inner	5046	5064	+	1
primer	MW581007.1	Livsmedelsverket_fw_primer_inner	5046	5064	+	1
primer	MW581006.1	Livsmedelsverket_fw_primer_inner	5046	5064	+	1
primer	MW581005.1	Livsmedelsverket_fw_primer_inner	5046	5064	+	1
primer	MW581004.1	Livsmedelsverket_fw_primer_inner	5046	5064	+	1
primer	ON706286.1	Livsmedelsverket_fw_primer_inner	5036	5054	+	1
primer	OP609646.1	Livsmedelsverket_fw_primer_inner	5046	5064	+	1
primer	OP609645.1	Livsmedelsverket_fw_primer_inner	5046	5064	+	1
primer	OP609644.1	Livsmedelsverket_fw_primer_inner	5046	5064	+	1
primer	OP691295.1	Livsmedelsverket_fw_primer_inner	5046	5064	+	1
primer	OP691294.1	Livsmedelsverket_fw_primer_inner	5046	5064	+	1
primer	OR397788.1	Livsmedelsverket_fw_primer_inner	5046	5064	+	1
primer	OR397787.1	Livsmedelsverket_fw_primer_inner	5046	5064	+	1
primer	OR397786.1	Livsmedelsverket_fw_primer_inner	5046	5064	+	1
primer	OR397785.1	Livsmedelsverket_fw_primer_inner	5046	5064	+	1
primer	OR397784.1	Livsmedelsverket_fw_primer_inner	5046	5064	+	1
primer	OR397783.1	Livsmedelsverket_fw_primer_inner	5046	5064	+	1
primer	OR397782.1	Livsmedelsverket_fw_primer_inner	5046	5064	+	1
primer	OR397781.1	Livsmedelsverket_fw_primer_inner	5046	5064	+	1
primer	OR397780.1	Livsmedelsverket_fw_primer_inner	5046	5064	+	1
primer	OR397779.1	Livsmedelsverket_fw_primer_inner	5046	5064	+	1
primer	OR397778.1	Livsmedelsverket_fw_primer_inner	5046	5064	+	1
primer	OR397777.1	Livsmedelsverket_fw_primer_inner	5046	5064	+	1
primer	OR397776.1	Livsmedelsverket_fw_primer_inner	5046	5064	+	1
primer	OR397775.1	Livsmedelsverket_fw_primer_inner	5046	5064	+	1
primer	OR397774.1	Livsmedelsverket_fw_primer_inner	5046	5064	+	1
primer	OR397773.1	Livsmedelsverket_fw_primer_inner	5046	5064	+	1
primer	OR397772.1	Livsmedelsverket_fw_primer_inner	5046	5064	+	1
primer	OR397771.1	Livsmedelsverket_fw_primer_inner	5046	5064	+	1
primer	OR397770.1	Livsmedelsverket_fw_primer_inner	5046	5064	+	1
primer	OR397769.1	Livsmedelsverket_fw_primer_inner	5046	5064	+	1
primer	OR397768.1	Livsmedelsverket_fw_primer_inner	5046	5064	+	1
primer	OR397767.1	Livsmedelsverket_fw_primer_inner	5046	5064	+	1
primer	OR397766.1	Livsmedelsverket_fw_primer_inner	5046	5064	+	1
primer	OR546400.1	Livsmedelsverket_fw_primer_inner	5042	5060	+	1
primer	OR546399.1	Livsmedelsverket_fw_primer_inner	5042	5060	+	1
primer	OR546398.1	Livsmedelsverket_fw_primer_inner	5042	5060	+	1
primer	OR546397.1	Livsmedelsverket_fw_primer_inner	5042	5060	+	1
primer	OR546396.1	Livsmedelsverket_fw_primer_inner	5042	5060	+	1
primer	OR546395.1	Livsmedelsverket_fw_primer_inner	5042	5060	+	1
primer	OR546394.1	Livsmedelsverket_fw_primer_inner	5042	5060	+	1
primer	OR546393.1	Livsmedelsverket_fw_primer_inner	5042	5060	+	1
primer	OR546392.1	Livsmedelsverket_fw_primer_inner	5042	5060	+	1
primer	OR546391.1	Livsmedelsverket_fw_primer_inner	5042	5060	+	1
primer	PP267298.1	Livsmedelsverket_fw_primer_inner	5055	5073	+	1
primer	PP267285.1	Livsmedelsverket_fw_primer_inner	5055	5073	+	1
primer	PP267284.1	Livsmedelsverket_fw_primer_inner	5055	5073	+	1
primer	PP267279.1	Livsmedelsverket_fw_primer_inner	5055	5073	+	1
primer	PP381831.1	Livsmedelsverket_fw_primer_inner	5046	5064	+	1
primer	OR536499.1	Livsmedelsverket_fw_primer_inner	5046	5064	+	1
primer	OR536498.1	Livsmedelsverket_fw_primer_inner	5046	5064	+	1
primer	OR536497.1	Livsmedelsverket_fw_primer_inner	5046	5064	+	1
primer	OR536496.1	Livsmedelsverket_fw_primer_inner	5046	5064	+	1
primer	OR536495.1	Livsmedelsverket_fw_primer_inner	5046	5064	+	1
primer	OR536474.1	Livsmedelsverket_fw_primer_inner	5046	5064	+	1
primer	OR536471.1	Livsmedelsverket_fw_primer_inner	5046	5064	+	1
primer	OR536463.1	Livsmedelsverket_fw_primer_inner	5039	5057	+	1
primer	OR536461.1	Livsmedelsverket_fw_primer_inner	5039	5057	+	1
primer	OR536456.1	Livsmedelsverket_fw_primer_inner	5039	5057	+	1
primer	OR536455.1	Livsmedelsverket_fw_primer_inner	5039	5057	+	1
primer	OR536453.1	Livsmedelsverket_fw_primer_inner	5039	5057	+	1
primer	OR536452.1	Livsmedelsverket_fw_primer_inner	5039	5057	+	1
primer	OR536451.1	Livsmedelsverket_fw_primer_inner	5039	5057	+	1
primer	OR536449.1	Livsmedelsverket_fw_primer_inner	5039	5057	+	1
primer	OR536448.1	Livsmedelsverket_fw_primer_inner	5039	5057	+	1
primer	OR536446.1	Livsmedelsverket_fw_primer_inner	5039	5057	+	1
primer	OR536445.1	Livsmedelsverket_fw_primer_inner	5039	5057	+	1
primer	OR536443.1	Livsmedelsverket_fw_primer_inner	5039	5057	+	1
primer	PP498989.1	Livsmedelsverket_fw_primer_inner	5042	5060	+	1
primer	PV553834.1	Livsmedelsverket_fw_primer_inner	5047	5065	+	1
primer	PV588797.1	Livsmedelsverket_fw_primer_inner	5051	5069	+	1
primer	PV588796.1	Livsmedelsverket_fw_primer_inner	5051	5069	+	1
primer	PV588658.1	Livsmedelsverket_fw_primer_inner	5051	5069	+	1
primer	PV588657.1	Livsmedelsverket_fw_primer_inner	5051	5069	+	1
primer	PV588656.1	Livsmedelsverket_fw_primer_inner	5051	5069	+	1
primer	PV588655.1	Livsmedelsverket_fw_primer_inner	5051	5069	+	1
primer	PQ461161.1	Livsmedelsverket_fw_primer_inner	5046	5064	+	1
primer	PV636607.1	Livsmedelsverket_fw_primer_inner	5045	5063	+	1
primer	PV655189.1	Livsmedelsverket_fw_primer_inner	5051	5069	+	1
primer	PV746278.1	Livsmedelsverket_fw_primer_inner	5046	5064	+	1
primer	PV746277.1	Livsmedelsverket_fw_primer_inner	5046	5064	+	1
primer	PV746276.1	Livsmedelsverket_fw_primer_inner	5046	5064	+	1
primer	PV765570.1	Livsmedelsverket_fw_primer_inner	5051	5069	+	1
primer	PV765568.1	Livsmedelsverket_fw_primer_inner	5051	5069	+	1
primer	PV765565.1	Livsmedelsverket_fw_primer_inner	5051	5069	+	1
primer	PV806174.1	Livsmedelsverket_fw_primer_inner	5040	5058	+	1
primer	PV806173.1	Livsmedelsverket_fw_primer_inner	5040	5058	+	1
primer	PV806172.1	Livsmedelsverket_fw_primer_inner	5040	5058	+	1
primer	PV843276.1	Livsmedelsverket_fw_primer_inner	5046	5064	+	1
primer	PV902474.1	Livsmedelsverket_fw_primer_inner	5051	5069	+	1
primer	PZ059672.1	Livsmedelsverket_fw_primer_inner	5055	5073	+	1
primer	PZ059671.1	Livsmedelsverket_fw_primer_inner	5055	5073	+	1
primer	PZ059670.1	Livsmedelsverket_fw_primer_inner	5055	5073	+	1
primer	PZ059669.1	Livsmedelsverket_fw_primer_inner	5055	5073	+	1
primer	PZ059668.1	Livsmedelsverket_fw_primer_inner	5055	5073	+	1
primer	PZ059667.1	Livsmedelsverket_fw_primer_inner	5055	5073	+	1
primer	PZ136057.1	Livsmedelsverket_fw_primer_inner	5044	5062	+	1
primer	PZ136054.1	Livsmedelsverket_fw_primer_inner	5044	5062	+	1
primer	GU292831.4	Livsmedelsverket_fw_primer_inner	5040	5058	+	1
primer	HM596590.4	Livsmedelsverket_fw_primer_inner	5043	5061	+	1
primer	KF944111.3	Livsmedelsverket_fw_primer_inner	5042	5060	+	1
primer	KF944110.2	Livsmedelsverket_fw_primer_inner	5042	5060	+	1
primer	KF920739.4	Livsmedelsverket_fw_primer_inner	5043	5061	+	1
primer	KF895841.2	Livsmedelsverket_fw_primer_inner	5042	5060	+	1
primer	KT779557.1	Livsmedelsverket_fw_primer_inner	5043	5061	+	1
primer	KX586330.1	Livsmedelsverket_fw_primer_inner	5042	5060	+	1
primer	KY210980.3	Livsmedelsverket_fw_primer_inner	5042	5060	+	1
primer	KY210920.3	Livsmedelsverket_fw_primer_inner	5043	5061	+	1
primer	KY496327.1	Livsmedelsverket_fw_primer_inner	5046	5064	+	1
primer	KY905331.1	Livsmedelsverket_fw_primer_inner	5047	5065	+	1
primer	LC369258.1	Livsmedelsverket_fw_primer_inner	4998	5016	+	1
primer	LC369257.1	Livsmedelsverket_fw_primer_inner	5050	5068	+	1
primer	LC369256.1	Livsmedelsverket_fw_primer_inner	5045	5063	+	1
primer	LC369255.1	Livsmedelsverket_fw_primer_inner	5045	5063	+	1
primer	LC369254.1	Livsmedelsverket_fw_primer_inner	5055	5073	+	1
primer	LC369253.1	Livsmedelsverket_fw_primer_inner	5040	5058	+	1
primer	LC369252.1	Livsmedelsverket_fw_primer_inner	5040	5058	+	1
primer	LC369251.1	Livsmedelsverket_fw_primer_inner	5040	5058	+	1
primer	LC369249.1	Livsmedelsverket_fw_primer_inner	5043	5061	+	1
primer	LC369248.1	Livsmedelsverket_fw_primer_inner	5041	5059	+	1
primer	LC369247.1	Livsmedelsverket_fw_primer_inner	5041	5059	+	1
primer	LC369246.1	Livsmedelsverket_fw_primer_inner	5041	5059	+	1
primer	LC369245.1	Livsmedelsverket_fw_primer_inner	5050	5068	+	1
primer	LC369244.1	Livsmedelsverket_fw_primer_inner	5055	5073	+	1
primer	LC369243.1	Livsmedelsverket_fw_primer_inner	5043	5061	+	1
primer	LC369242.1	Livsmedelsverket_fw_primer_inner	5050	5068	+	1
primer	LC369241.1	Livsmedelsverket_fw_primer_inner	5049	5067	+	1
primer	LC369240.1	Livsmedelsverket_fw_primer_inner	5043	5061	+	1
primer	LC369239.1	Livsmedelsverket_fw_primer_inner	5041	5059	+	1
primer	LC369238.1	Livsmedelsverket_fw_primer_inner	5049	5067	+	1
primer	LC369237.1	Livsmedelsverket_fw_primer_inner	5050	5068	+	1
primer	LC369236.1	Livsmedelsverket_fw_primer_inner	5055	5073	+	1
primer	LC369235.1	Livsmedelsverket_fw_primer_inner	5047	5065	+	1
primer	LC369234.1	Livsmedelsverket_fw_primer_inner	5047	5065	+	1
primer	LC369233.1	Livsmedelsverket_fw_primer_inner	5045	5063	+	1
primer	LC369232.1	Livsmedelsverket_fw_primer_inner	5045	5063	+	1
primer	LC369231.1	Livsmedelsverket_fw_primer_inner	5045	5063	+	1
primer	LC369230.1	Livsmedelsverket_fw_primer_inner	5045	5063	+	1
primer	LC369229.1	Livsmedelsverket_fw_primer_inner	5045	5063	+	1
primer	LC369228.1	Livsmedelsverket_fw_primer_inner	5045	5063	+	1
primer	LC369227.1	Livsmedelsverket_fw_primer_inner	5045	5063	+	1
primer	LC369225.1	Livsmedelsverket_fw_primer_inner	5043	5061	+	1
primer	LC369224.1	Livsmedelsverket_fw_primer_inner	5043	5061	+	1
primer	LC369222.1	Livsmedelsverket_fw_primer_inner	5043	5061	+	1
primer	LC369221.1	Livsmedelsverket_fw_primer_inner	5041	5059	+	1
primer	LC369220.1	Livsmedelsverket_fw_primer_inner	5041	5059	+	1
primer	LC369219.1	Livsmedelsverket_fw_primer_inner	5055	5073	+	1
primer	LC369218.1	Livsmedelsverket_fw_primer_inner	5047	5065	+	1
primer	LC369217.1	Livsmedelsverket_fw_primer_inner	5040	5058	+	1
primer	LC369216.1	Livsmedelsverket_fw_primer_inner	5040	5058	+	1
primer	LC369215.1	Livsmedelsverket_fw_primer_inner	5050	5068	+	1
primer	LC369214.1	Livsmedelsverket_fw_primer_inner	5055	5073	+	1
primer	LC342059.1	Livsmedelsverket_fw_primer_inner	5046	5064	+	1
primer	LC777250.1	Livsmedelsverket_fw_primer_inner	5046	5064	+	1
primer	LC769715.1	Livsmedelsverket_fw_primer_inner	5031	5049	+	1
primer	LC769714.1	Livsmedelsverket_fw_primer_inner	5034	5052	+	1
primer	LC769713.1	Livsmedelsverket_fw_primer_inner	5040	5058	+	1
primer	LC769712.1	Livsmedelsverket_fw_primer_inner	5041	5059	+	1
primer	LC769709.1	Livsmedelsverket_fw_primer_inner	5036	5054	+	1
primer	LC769708.1	Livsmedelsverket_fw_primer_inner	5046	5064	+	1
primer	LC769707.1	Livsmedelsverket_fw_primer_inner	5034	5052	+	1
primer	LC769706.1	Livsmedelsverket_fw_primer_inner	5025	5043	+	1
primer	LC769705.1	Livsmedelsverket_fw_primer_inner	5037	5055	+	1
primer	LC769704.1	Livsmedelsverket_fw_primer_inner	5045	5063	+	1
primer	LC769703.1	Livsmedelsverket_fw_primer_inner	5036	5054	+	1
primer	LC769702.1	Livsmedelsverket_fw_primer_inner	5034	5052	+	1
primer	LC769701.1	Livsmedelsverket_fw_primer_inner	5029	5047	+	1
primer	LC769700.1	Livsmedelsverket_fw_primer_inner	5082	5100	+	1
primer	LC769699.1	Livsmedelsverket_fw_primer_inner	5009	5027	+	1
primer	LC769698.1	Livsmedelsverket_fw_primer_inner	5038	5056	+	1
primer	LC769697.1	Livsmedelsverket_fw_primer_inner	5046	5064	+	1
primer	LC769696.1	Livsmedelsverket_fw_primer_inner	5033	5051	+	1
primer	LC769695.1	Livsmedelsverket_fw_primer_inner	5038	5056	+	1
primer	LC769694.1	Livsmedelsverket_fw_primer_inner	5046	5064	+	1
primer	LC769693.1	Livsmedelsverket_fw_primer_inner	5036	5054	+	1
primer	LC769692.1	Livsmedelsverket_fw_primer_inner	5025	5043	+	1
primer	LC769691.1	Livsmedelsverket_fw_primer_inner	5032	5050	+	1
primer	LC769689.1	Livsmedelsverket_fw_primer_inner	5036	5054	+	1
primer	LC769688.1	Livsmedelsverket_fw_primer_inner	5035	5053	+	1
primer	LC769685.1	Livsmedelsverket_fw_primer_inner	5046	5064	+	1
primer	LC769684.1	Livsmedelsverket_fw_primer_inner	5032	5050	+	1
primer	LC769683.1	Livsmedelsverket_fw_primer_inner	5035	5053	+	1
primer	LC769681.1	Livsmedelsverket_fw_primer_inner	5037	5055	+	1
primer	LC918524.1	Livsmedelsverket_fw_primer_inner	5040	5058	+	1
primer	LC918523.1	Livsmedelsverket_fw_primer_inner	5038	5056	+	1
primer	LC918522.1	Livsmedelsverket_fw_primer_inner	5040	5058	+	1
primer	LC918521.1	Livsmedelsverket_fw_primer_inner	5034	5052	+	1
primer	LC918520.1	Livsmedelsverket_fw_primer_inner	5044	5062	+	1
primer	LC918519.1	Livsmedelsverket_fw_primer_inner	5052	5070	+	1
primer	LC918518.1	Livsmedelsverket_fw_primer_inner	5051	5069	+	1
primer	LC918517.1	Livsmedelsverket_fw_primer_inner	5045	5063	+	1
primer	LC918516.1	Livsmedelsverket_fw_primer_inner	5043	5061	+	1
primer	LC918515.1	Livsmedelsverket_fw_primer_inner	5045	5063	+	1
primer	LC918514.1	Livsmedelsverket_fw_primer_inner	5045	5063	+	1
primer	LC918513.1	Livsmedelsverket_fw_primer_inner	5038	5056	+	1
primer	LC918512.1	Livsmedelsverket_fw_primer_inner	5045	5063	+	1
primer	LC918511.1	Livsmedelsverket_fw_primer_inner	5055	5073	+	1
primer	LC918510.1	Livsmedelsverket_fw_primer_inner	5055	5073	+	1
primer	LC918509.1	Livsmedelsverket_fw_primer_inner	5045	5063	+	1
primer	LC918508.1	Livsmedelsverket_fw_primer_inner	5031	5049	+	1
primer	LC918507.1	Livsmedelsverket_fw_primer_inner	5041	5059	+	1
primer	LC868438.1	Livsmedelsverket_fw_primer_inner	5034	5052	+	1
primer	LC868437.1	Livsmedelsverket_fw_primer_inner	5043	5061	+	1
primer	LC868436.1	Livsmedelsverket_fw_primer_inner	5041	5059	+	1
primer	LC868435.1	Livsmedelsverket_fw_primer_inner	5029	5047	+	1
primer	LC868434.1	Livsmedelsverket_fw_primer_inner	5041	5059	+	1
primer	LC868433.1	Livsmedelsverket_fw_primer_inner	5036	5054	+	1
primer	LC868432.1	Livsmedelsverket_fw_primer_inner	5034	5052	+	1
primer	LC868431.1	Livsmedelsverket_fw_primer_inner	5041	5059	+	1
primer	LC868430.1	Livsmedelsverket_fw_primer_inner	5041	5059	+	1
primer	LC868429.1	Livsmedelsverket_fw_primer_inner	5041	5059	+	1
primer	LC868428.1	Livsmedelsverket_fw_primer_inner	5041	5059	+	1
primer	LC868427.1	Livsmedelsverket_fw_primer_inner	5043	5061	+	1
primer	LC868426.1	Livsmedelsverket_fw_primer_inner	5040	5058	+	1
primer	MF352144.1	Livsmedelsverket_fw_primer_inner	5015	5033	+	1
primer	MF352143.1	Livsmedelsverket_fw_primer_inner	5015	5033	+	1
primer	MF352142.1	Livsmedelsverket_fw_primer_inner	5015	5033	+	1
primer	MG572732.1	Livsmedelsverket_fw_primer_inner	5015	5033	+	1
primer	MG572731.1	Livsmedelsverket_fw_primer_inner	5015	5033	+	1
primer	MG572730.1	Livsmedelsverket_fw_primer_inner	5015	5033	+	1
primer	MG572719.1	Livsmedelsverket_fw_primer_inner	5015	5033	+	1
primer	MG572182.1	Livsmedelsverket_fw_primer_inner	5046	5064	+	1
primer	MG548737.1	Livsmedelsverket_fw_primer_inner	5046	5064	+	1
primer	MG049692.1	Livsmedelsverket_fw_primer_inner	5042	5060	+	1
primer	MG746045.1	Livsmedelsverket_fw_primer_inner	5046	5064	+	1
primer	MG746044.1	Livsmedelsverket_fw_primer_inner	5046	5064	+	1
primer	MG746043.1	Livsmedelsverket_fw_primer_inner	5046	5064	+	1
primer	MG746042.1	Livsmedelsverket_fw_primer_inner	5046	5064	+	1
primer	MG746041.1	Livsmedelsverket_fw_primer_inner	5046	5064	+	1
primer	MG746040.1	Livsmedelsverket_fw_primer_inner	5046	5064	+	1
primer	MG746039.1	Livsmedelsverket_fw_primer_inner	5046	5064	+	1
primer	MG746038.1	Livsmedelsverket_fw_primer_inner	5046	5064	+	1
primer	MG746037.1	Livsmedelsverket_fw_primer_inner	5046	5064	+	1
primer	MG746036.1	Livsmedelsverket_fw_primer_inner	5046	5064	+	1
primer	MG746035.1	Livsmedelsverket_fw_primer_inner	5046	5064	+	1
primer	MG746034.1	Livsmedelsverket_fw_primer_inner	5046	5064	+	1
primer	MG746033.1	Livsmedelsverket_fw_primer_inner	5046	5064	+	1
primer	MG746032.1	Livsmedelsverket_fw_primer_inner	5046	5064	+	1
primer	MG746031.1	Livsmedelsverket_fw_primer_inner	5046	5064	+	1
primer	MG746030.1	Livsmedelsverket_fw_primer_inner	5046	5064	+	1
primer	MG746029.1	Livsmedelsverket_fw_primer_inner	5046	5064	+	1
primer	MG746028.1	Livsmedelsverket_fw_primer_inner	5046	5064	+	1
primer	MG746027.1	Livsmedelsverket_fw_primer_inner	5046	5064	+	1
primer	MG746026.1	Livsmedelsverket_fw_primer_inner	5046	5064	+	1
primer	MG746025.1	Livsmedelsverket_fw_primer_inner	5046	5064	+	1
primer	MG746024.1	Livsmedelsverket_fw_primer_inner	5046	5064	+	1
primer	MG746023.1	Livsmedelsverket_fw_primer_inner	5046	5064	+	1
primer	MG746022.1	Livsmedelsverket_fw_primer_inner	5046	5064	+	1
primer	MG746021.1	Livsmedelsverket_fw_primer_inner	5046	5064	+	1
primer	MG746020.1	Livsmedelsverket_fw_primer_inner	5046	5064	+	1
primer	MG746019.1	Livsmedelsverket_fw_primer_inner	5046	5064	+	1
primer	MG746018.1	Livsmedelsverket_fw_primer_inner	5046	5064	+	1
primer	MG746017.1	Livsmedelsverket_fw_primer_inner	5046	5064	+	1
primer	MG746016.1	Livsmedelsverket_fw_primer_inner	5046	5064	+	1
primer	MG746015.1	Livsmedelsverket_fw_primer_inner	5046	5064	+	1
primer	MG746014.1	Livsmedelsverket_fw_primer_inner	5046	5064	+	1
primer	MG746013.1	Livsmedelsverket_fw_primer_inner	5046	5064	+	1
primer	MG746012.1	Livsmedelsverket_fw_primer_inner	5046	5064	+	1
primer	MG746011.1	Livsmedelsverket_fw_primer_inner	5046	5064	+	1
primer	MG746010.1	Livsmedelsverket_fw_primer_inner	5046	5064	+	1
primer	MG746009.1	Livsmedelsverket_fw_primer_inner	5046	5064	+	1
primer	MG746008.1	Livsmedelsverket_fw_primer_inner	5046	5064	+	1
primer	MG746007.1	Livsmedelsverket_fw_primer_inner	5046	5064	+	1
primer	MG746006.1	Livsmedelsverket_fw_primer_inner	5046	5064	+	1
primer	MG746005.1	Livsmedelsverket_fw_primer_inner	5046	5064	+	1
primer	MG746004.1	Livsmedelsverket_fw_primer_inner	5046	5064	+	1
primer	MG746003.1	Livsmedelsverket_fw_primer_inner	5046	5064	+	1
primer	MG746002.1	Livsmedelsverket_fw_primer_inner	5046	5064	+	1
primer	MG746001.1	Livsmedelsverket_fw_primer_inner	5046	5064	+	1
primer	MG746000.1	Livsmedelsverket_fw_primer_inner	5046	5064	+	1
primer	MG745999.1	Livsmedelsverket_fw_primer_inner	5046	5064	+	1
primer	MG745998.1	Livsmedelsverket_fw_primer_inner	5046	5064	+	1
primer	MG745997.1	Livsmedelsverket_fw_primer_inner	5046	5064	+	1
primer	MG745996.1	Livsmedelsverket_fw_primer_inner	5046	5064	+	1
primer	MG745995.1	Livsmedelsverket_fw_primer_inner	5046	5064	+	1
primer	MG745994.1	Livsmedelsverket_fw_primer_inner	5046	5064	+	1
primer	MG745993.1	Livsmedelsverket_fw_primer_inner	5046	5064	+	1
primer	MG745992.1	Livsmedelsverket_fw_primer_inner	5046	5064	+	1
primer	MG745991.1	Livsmedelsverket_fw_primer_inner	5046	5064	+	1
primer	MG745990.1	Livsmedelsverket_fw_primer_inner	5046	5064	+	1
primer	MG745989.1	Livsmedelsverket_fw_primer_inner	5046	5064	+	1
primer	MG745988.1	Livsmedelsverket_fw_primer_inner	5046	5064	+	1
primer	MG745987.1	Livsmedelsverket_fw_primer_inner	5046	5064	+	1
primer	MG745986.1	Livsmedelsverket_fw_primer_inner	5046	5064	+	1
primer	MG745985.1	Livsmedelsverket_fw_primer_inner	5046	5064	+	1
primer	MG692610.1	Livsmedelsverket_fw_primer_inner	5055	5073	+	1
primer	MG892974.3	Livsmedelsverket_fw_primer_inner	5042	5060	+	1
primer	MG892953.3	Livsmedelsverket_fw_primer_inner	5046	5064	+	1
primer	MG892946.3	Livsmedelsverket_fw_primer_inner	5046	5064	+	1
primer	MG892929.3	Livsmedelsverket_fw_primer_inner	5046	5064	+	1
primer	MG892908.3	Livsmedelsverket_fw_primer_inner	5046	5064	+	1
primer	MH321825.1	Livsmedelsverket_fw_primer_inner	5046	5064	+	1
primer	MH218738.1	Livsmedelsverket_fw_primer_inner	5046	5064	+	1
primer	MH218737.1	Livsmedelsverket_fw_primer_inner	5046	5064	+	1
primer	MH218736.1	Livsmedelsverket_fw_primer_inner	5046	5064	+	1
primer	MH218735.1	Livsmedelsverket_fw_primer_inner	5046	5064	+	1
primer	MH218734.1	Livsmedelsverket_fw_primer_inner	5046	5064	+	1
primer	MH218733.1	Livsmedelsverket_fw_primer_inner	5046	5064	+	1
primer	MH218732.1	Livsmedelsverket_fw_primer_inner	5046	5064	+	1
primer	MH218731.1	Livsmedelsverket_fw_primer_inner	5052	5070	+	1
primer	MH218719.1	Livsmedelsverket_fw_primer_inner	5040	5058	+	1
primer	MH218718.1	Livsmedelsverket_fw_primer_inner	5046	5064	+	1
primer	MH218717.1	Livsmedelsverket_fw_primer_inner	5046	5064	+	1
primer	MH218716.1	Livsmedelsverket_fw_primer_inner	5046	5064	+	1
primer	MH218715.1	Livsmedelsverket_fw_primer_inner	5046	5064	+	1
primer	MH218714.1	Livsmedelsverket_fw_primer_inner	5046	5064	+	1
primer	MH218713.1	Livsmedelsverket_fw_primer_inner	5046	5064	+	1
primer	MH218712.1	Livsmedelsverket_fw_primer_inner	5046	5064	+	1
primer	MH218711.1	Livsmedelsverket_fw_primer_inner	5046	5064	+	1
primer	MH218710.1	Livsmedelsverket_fw_primer_inner	5046	5064	+	1
primer	MH218709.1	Livsmedelsverket_fw_primer_inner	5046	5064	+	1
primer	MH218708.1	Livsmedelsverket_fw_primer_inner	5046	5064	+	1
primer	MH218707.1	Livsmedelsverket_fw_primer_inner	5046	5064	+	1
primer	MH218706.1	Livsmedelsverket_fw_primer_inner	5046	5064	+	1
primer	MH218705.1	Livsmedelsverket_fw_primer_inner	5046	5064	+	1
primer	MH218704.1	Livsmedelsverket_fw_primer_inner	5046	5064	+	1
primer	MH218703.1	Livsmedelsverket_fw_primer_inner	5046	5064	+	1
primer	MH218702.1	Livsmedelsverket_fw_primer_inner	5046	5064	+	1
primer	MH218701.1	Livsmedelsverket_fw_primer_inner	5046	5064	+	1
primer	MH218700.1	Livsmedelsverket_fw_primer_inner	5046	5064	+	1
primer	MH218699.1	Livsmedelsverket_fw_primer_inner	5046	5064	+	1
primer	MH218698.1	Livsmedelsverket_fw_primer_inner	5046	5064	+	1
primer	MH218697.1	Livsmedelsverket_fw_primer_inner	5046	5064	+	1
primer	MH218696.1	Livsmedelsverket_fw_primer_inner	5046	5064	+	1
primer	MH218695.1	Livsmedelsverket_fw_primer_inner	5046	5064	+	1
primer	MH218694.1	Livsmedelsverket_fw_primer_inner	5046	5064	+	1
primer	MH218693.1	Livsmedelsverket_fw_primer_inner	5046	5064	+	1
primer	MH218692.1	Livsmedelsverket_fw_primer_inner	5040	5058	+	1
primer	MH218691.1	Livsmedelsverket_fw_primer_inner	5046	5064	+	1
primer	MH218690.1	Livsmedelsverket_fw_primer_inner	5046	5064	+	1
primer	MH218689.1	Livsmedelsverket_fw_primer_inner	5055	5073	+	1
primer	MH218688.1	Livsmedelsverket_fw_primer_inner	5046	5064	+	1
primer	MH218687.1	Livsmedelsverket_fw_primer_inner	5040	5058	+	1
primer	MH218686.1	Livsmedelsverket_fw_primer_inner	5046	5064	+	1
primer	MH218685.1	Livsmedelsverket_fw_primer_inner	5046	5064	+	1
primer	MH218684.1	Livsmedelsverket_fw_primer_inner	5046	5064	+	1
primer	MH218683.1	Livsmedelsverket_fw_primer_inner	5046	5064	+	1
primer	MH218682.1	Livsmedelsverket_fw_primer_inner	5046	5064	+	1
primer	MH218681.1	Livsmedelsverket_fw_primer_inner	5046	5064	+	1
primer	MH218680.1	Livsmedelsverket_fw_primer_inner	5046	5064	+	1
primer	MH218679.1	Livsmedelsverket_fw_primer_inner	5046	5064	+	1
primer	MH218678.1	Livsmedelsverket_fw_primer_inner	5046	5064	+	1
primer	MH218677.1	Livsmedelsverket_fw_primer_inner	5046	5064	+	1
primer	MH218676.1	Livsmedelsverket_fw_primer_inner	5046	5064	+	1
primer	MH218675.1	Livsmedelsverket_fw_primer_inner	5046	5064	+	1
primer	MH218674.1	Livsmedelsverket_fw_primer_inner	5046	5064	+	1
primer	MH218673.1	Livsmedelsverket_fw_primer_inner	5040	5058	+	1
primer	MH218672.1	Livsmedelsverket_fw_primer_inner	5046	5064	+	1
primer	MH218671.1	Livsmedelsverket_fw_primer_inner	5046	5064	+	1
primer	MH218670.1	Livsmedelsverket_fw_primer_inner	5046	5064	+	1
primer	MH218669.1	Livsmedelsverket_fw_primer_inner	5046	5064	+	1
primer	MH218668.1	Livsmedelsverket_fw_primer_inner	5046	5064	+	1
primer	MH218667.1	Livsmedelsverket_fw_primer_inner	5040	5058	+	1
primer	MH218666.1	Livsmedelsverket_fw_primer_inner	5040	5058	+	1
primer	MH218665.1	Livsmedelsverket_fw_primer_inner	5046	5064	+	1
primer	MH218663.1	Livsmedelsverket_fw_primer_inner	5046	5064	+	1
primer	MH218662.1	Livsmedelsverket_fw_primer_inner	5046	5064	+	1
primer	MH218661.1	Livsmedelsverket_fw_primer_inner	5040	5058	+	1
primer	MH218660.1	Livsmedelsverket_fw_primer_inner	5046	5064	+	1
primer	MH218658.1	Livsmedelsverket_fw_primer_inner	5040	5058	+	1
primer	MH218657.1	Livsmedelsverket_fw_primer_inner	5046	5064	+	1
primer	MH218655.1	Livsmedelsverket_fw_primer_inner	5046	5064	+	1
primer	MH218654.1	Livsmedelsverket_fw_primer_inner	5046	5064	+	1
primer	MH218653.1	Livsmedelsverket_fw_primer_inner	5046	5064	+	1
primer	MH218652.1	Livsmedelsverket_fw_primer_inner	5046	5064	+	1
primer	MH218651.1	Livsmedelsverket_fw_primer_inner	5046	5064	+	1
primer	MH218650.1	Livsmedelsverket_fw_primer_inner	5040	5058	+	1
primer	MH218646.1	Livsmedelsverket_fw_primer_inner	5046	5064	+	1
primer	MH218645.1	Livsmedelsverket_fw_primer_inner	5040	5058	+	1
primer	MH218644.1	Livsmedelsverket_fw_primer_inner	5040	5058	+	1
primer	MH218643.1	Livsmedelsverket_fw_primer_inner	5040	5058	+	1
primer	MH218642.1	Livsmedelsverket_fw_primer_inner	5040	5058	+	1
primer	MH218641.1	Livsmedelsverket_fw_primer_inner	5040	5058	+	1
primer	MH218640.1	Livsmedelsverket_fw_primer_inner	5040	5058	+	1
primer	MH218639.1	Livsmedelsverket_fw_primer_inner	5040	5058	+	1
primer	MH218638.1	Livsmedelsverket_fw_primer_inner	5046	5064	+	1
primer	MH218637.1	Livsmedelsverket_fw_primer_inner	5046	5064	+	1
primer	MH218636.1	Livsmedelsverket_fw_primer_inner	5046	5064	+	1
primer	MH218635.1	Livsmedelsverket_fw_primer_inner	5046	5064	+	1
primer	MH218634.1	Livsmedelsverket_fw_primer_inner	5046	5064	+	1
primer	MH218633.1	Livsmedelsverket_fw_primer_inner	5046	5064	+	1
primer	MH218632.1	Livsmedelsverket_fw_primer_inner	5046	5064	+	1
primer	MH218631.1	Livsmedelsverket_fw_primer_inner	5046	5064	+	1
primer	MH218630.1	Livsmedelsverket_fw_primer_inner	5046	5064	+	1
primer	MH218629.1	Livsmedelsverket_fw_primer_inner	5046	5064	+	1
primer	MH218628.1	Livsmedelsverket_fw_primer_inner	5046	5064	+	1
primer	MH218627.1	Livsmedelsverket_fw_primer_inner	5046	5064	+	1
primer	MH218626.1	Livsmedelsverket_fw_primer_inner	5046	5064	+	1
primer	MH218625.1	Livsmedelsverket_fw_primer_inner	5046	5064	+	1
primer	MH218624.1	Livsmedelsverket_fw_primer_inner	5046	5064	+	1
primer	MH218623.1	Livsmedelsverket_fw_primer_inner	5046	5064	+	1
primer	MH218622.1	Livsmedelsverket_fw_primer_inner	5046	5064	+	1
primer	MH218621.1	Livsmedelsverket_fw_primer_inner	5046	5064	+	1
primer	MH218620.1	Livsmedelsverket_fw_primer_inner	5046	5064	+	1
primer	MH218619.1	Livsmedelsverket_fw_primer_inner	5046	5064	+	1
primer	MH218618.1	Livsmedelsverket_fw_primer_inner	5046	5064	+	1
primer	MH218617.1	Livsmedelsverket_fw_primer_inner	5046	5064	+	1
primer	MH218616.1	Livsmedelsverket_fw_primer_inner	5046	5064	+	1
primer	MH218615.1	Livsmedelsverket_fw_primer_inner	5046	5064	+	1
primer	MH218614.1	Livsmedelsverket_fw_primer_inner	5046	5064	+	1
primer	MH218613.1	Livsmedelsverket_fw_primer_inner	5046	5064	+	1
primer	MH218612.1	Livsmedelsverket_fw_primer_inner	5046	5064	+	1
primer	MH218611.1	Livsmedelsverket_fw_primer_inner	5046	5064	+	1
primer	MH218610.1	Livsmedelsverket_fw_primer_inner	5046	5064	+	1
primer	MH218609.1	Livsmedelsverket_fw_primer_inner	5046	5064	+	1
primer	MH218608.1	Livsmedelsverket_fw_primer_inner	5046	5064	+	1
primer	MH218607.1	Livsmedelsverket_fw_primer_inner	5046	5064	+	1
primer	MH218606.1	Livsmedelsverket_fw_primer_inner	5046	5064	+	1
primer	MH218605.1	Livsmedelsverket_fw_primer_inner	5046	5064	+	1
primer	MH218604.1	Livsmedelsverket_fw_primer_inner	5046	5064	+	1
primer	MH218603.1	Livsmedelsverket_fw_primer_inner	5046	5064	+	1
primer	MH218602.1	Livsmedelsverket_fw_primer_inner	5046	5064	+	1
primer	MH218601.1	Livsmedelsverket_fw_primer_inner	5046	5064	+	1
primer	MH218600.1	Livsmedelsverket_fw_primer_inner	5046	5064	+	1
primer	MH218599.1	Livsmedelsverket_fw_primer_inner	5046	5064	+	1
primer	MH218598.1	Livsmedelsverket_fw_primer_inner	5046	5064	+	1
primer	MH218597.1	Livsmedelsverket_fw_primer_inner	5046	5064	+	1
primer	MH218596.1	Livsmedelsverket_fw_primer_inner	5046	5064	+	1
primer	MH218595.1	Livsmedelsverket_fw_primer_inner	5046	5064	+	1
primer	MH218594.1	Livsmedelsverket_fw_primer_inner	5046	5064	+	1
primer	MH218593.1	Livsmedelsverket_fw_primer_inner	5046	5064	+	1
primer	MH218592.1	Livsmedelsverket_fw_primer_inner	5046	5064	+	1
primer	MH218591.1	Livsmedelsverket_fw_primer_inner	5043	5061	+	1
primer	MH218590.1	Livsmedelsverket_fw_primer_inner	5046	5064	+	1
primer	MH218589.1	Livsmedelsverket_fw_primer_inner	5046	5064	+	1
primer	MH218588.1	Livsmedelsverket_fw_primer_inner	5046	5064	+	1
primer	MH218587.1	Livsmedelsverket_fw_primer_inner	5046	5064	+	1
primer	MH218586.1	Livsmedelsverket_fw_primer_inner	5046	5064	+	1
primer	MH218585.1	Livsmedelsverket_fw_primer_inner	5046	5064	+	1
primer	MH218584.1	Livsmedelsverket_fw_primer_inner	5046	5064	+	1
primer	MH218583.1	Livsmedelsverket_fw_primer_inner	5046	5064	+	1
primer	MH218582.1	Livsmedelsverket_fw_primer_inner	5046	5064	+	1
primer	MH218581.1	Livsmedelsverket_fw_primer_inner	5046	5064	+	1
primer	MH218580.1	Livsmedelsverket_fw_primer_inner	5046	5064	+	1
primer	MH218579.1	Livsmedelsverket_fw_primer_inner	5046	5064	+	1
primer	MH218578.1	Livsmedelsverket_fw_primer_inner	5046	5064	+	1
primer	MH218577.1	Livsmedelsverket_fw_primer_inner	5046	5064	+	1
primer	MH218576.1	Livsmedelsverket_fw_primer_inner	5046	5064	+	1
primer	MH218575.1	Livsmedelsverket_fw_primer_inner	5046	5064	+	1
primer	MH218574.1	Livsmedelsverket_fw_primer_inner	5046	5064	+	1
primer	MH218573.1	Livsmedelsverket_fw_primer_inner	5046	5064	+	1
primer	MH218572.1	Livsmedelsverket_fw_primer_inner	5046	5064	+	1
primer	MH218571.1	Livsmedelsverket_fw_primer_inner	5046	5064	+	1
primer	MH218570.1	Livsmedelsverket_fw_primer_inner	5046	5064	+	1
primer	MH671553.1	Livsmedelsverket_fw_primer_inner	5046	5064	+	1
primer	MH413070.1	Livsmedelsverket_fw_primer_inner	5044	5062	+	1
primer	MK282258.1	Livsmedelsverket_fw_primer_inner	5055	5073	+	1
primer	MK282257.1	Livsmedelsverket_fw_primer_inner	5055	5073	+	1
primer	MK282256.1	Livsmedelsverket_fw_primer_inner	5055	5073	+	1
primer	MH979230.1	Livsmedelsverket_fw_primer_inner	5049	5067	+	1
primer	MH979229.1	Livsmedelsverket_fw_primer_inner	5046	5064	+	1
primer	MK483909.2	Livsmedelsverket_fw_primer_inner	5044	5062	+	1
primer	MK483908.2	Livsmedelsverket_fw_primer_inner	5046	5064	+	1
primer	MK641589.1	Livsmedelsverket_fw_primer_inner	5040	5058	+	1
primer	MK629457.1	Livsmedelsverket_fw_primer_inner	5046	5064	+	1
primer	MK934772.1	Livsmedelsverket_fw_primer_inner	5046	5064	+	1
primer	MK789435.1	Livsmedelsverket_fw_primer_inner	5046	5064	+	1
primer	MK789432.1	Livsmedelsverket_fw_primer_inner	5055	5073	+	1
primer	MK773584.1	Livsmedelsverket_fw_primer_inner	5046	5064	+	1
primer	MK764040.1	Livsmedelsverket_fw_primer_inner	5043	5061	+	1
primer	MK764016.1	Livsmedelsverket_fw_primer_inner	5046	5064	+	1
primer	MK762638.1	Livsmedelsverket_fw_primer_inner	5046	5064	+	1
primer	MK762635.1	Livsmedelsverket_fw_primer_inner	5046	5064	+	1
primer	MK762624.1	Livsmedelsverket_fw_primer_inner	5046	5064	+	1
primer	MK762621.1	Livsmedelsverket_fw_primer_inner	5046	5064	+	1
primer	MK753032.1	Livsmedelsverket_fw_primer_inner	5046	5064	+	1
primer	MK752938.1	Livsmedelsverket_fw_primer_inner	5046	5064	+	1
primer	MK752936.1	Livsmedelsverket_fw_primer_inner	5046	5064	+	1
primer	MK752935.1	Livsmedelsverket_fw_primer_inner	5046	5064	+	1
primer	MN525276.1	Livsmedelsverket_fw_primer_inner	5046	5064	+	1
primer	MN453358.1	Livsmedelsverket_fw_primer_inner	5037	5055	+	1
primer	MN447471.1	Livsmedelsverket_fw_primer_inner	5040	5058	+	1
primer	MN447470.1	Livsmedelsverket_fw_primer_inner	5040	5058	+	1
primer	MN400355.2	Livsmedelsverket_fw_primer_inner	5046	5064	+	1
primer	MT238671.1	Livsmedelsverket_fw_primer_inner	5046	5064	+	1
primer	MT232050.1	Livsmedelsverket_fw_primer_inner	5046	5064	+	1
primer	MT032004.1	Livsmedelsverket_fw_primer_inner	5046	5064	+	1
primer	MT031821.1	Livsmedelsverket_fw_primer_inner	5046	5064	+	1
primer	MT031761.1	Livsmedelsverket_fw_primer_inner	5046	5064	+	1
primer	MT029316.1	Livsmedelsverket_fw_primer_inner	5046	5064	+	1
primer	MT028542.1	Livsmedelsverket_fw_primer_inner	5046	5064	+	1
primer	MT026582.1	Livsmedelsverket_fw_primer_inner	5046	5064	+	1
primer	MN897756.1	Livsmedelsverket_fw_primer_inner	5046	5064	+	1
primer	MN897755.1	Livsmedelsverket_fw_primer_inner	5046	5064	+	1
primer	MN897754.1	Livsmedelsverket_fw_primer_inner	5046	5064	+	1
primer	MN853414.1	Livsmedelsverket_fw_primer_inner	5055	5073	+	1
primer	MT755733.1	Livsmedelsverket_fw_primer_inner	5046	5064	+	1
primer	MT738527.1	Livsmedelsverket_fw_primer_inner	5046	5064	+	1
primer	MT731332.1	Livsmedelsverket_fw_primer_inner	5040	5058	+	1
primer	MT731279.1	Livsmedelsverket_fw_primer_inner	5040	5058	+	1
primer	MT729791.1	Livsmedelsverket_fw_primer_inner	5055	5073	+	1
primer	MT729788.1	Livsmedelsverket_fw_primer_inner	5046	5064	+	1
primer	MT726225.1	Livsmedelsverket_fw_primer_inner	5046	5064	+	1
primer	MT725762.1	Livsmedelsverket_fw_primer_inner	5046	5064	+	1
primer	MT724793.1	Livsmedelsverket_fw_primer_inner	5046	5064	+	1
primer	MT720841.1	Livsmedelsverket_fw_primer_inner	5043	5061	+	1
primer	MT712157.1	Livsmedelsverket_fw_primer_inner	5046	5064	+	1
primer	MT712147.1	Livsmedelsverket_fw_primer_inner	5052	5070	+	1
primer	MT712130.1	Livsmedelsverket_fw_primer_inner	5052	5070	+	1
primer	MW305737.1	Livsmedelsverket_fw_primer_inner	5040	5058	+	1
primer	MW243610.2	Livsmedelsverket_fw_primer_inner	5040	5058	+	1
primer	MW661284.1	Livsmedelsverket_fw_primer_inner	5040	5058	+	1
primer	MW661282.1	Livsmedelsverket_fw_primer_inner	5046	5064	+	1
primer	MW661281.1	Livsmedelsverket_fw_primer_inner	5046	5064	+	1
primer	MW661278.1	Livsmedelsverket_fw_primer_inner	5046	5064	+	1
primer	MW661275.1	Livsmedelsverket_fw_primer_inner	5040	5058	+	1
primer	MW661274.1	Livsmedelsverket_fw_primer_inner	5040	5058	+	1
primer	MW661273.1	Livsmedelsverket_fw_primer_inner	5046	5064	+	1
primer	MW661272.1	Livsmedelsverket_fw_primer_inner	5046	5064	+	1
primer	MW661271.1	Livsmedelsverket_fw_primer_inner	5046	5064	+	1
primer	MW661266.1	Livsmedelsverket_fw_primer_inner	5046	5064	+	1
primer	MW661264.1	Livsmedelsverket_fw_primer_inner	5046	5064	+	1
primer	MW661253.1	Livsmedelsverket_fw_primer_inner	5055	5073	+	1
primer	MW661246.1	Livsmedelsverket_fw_primer_inner	5043	5061	+	1
primer	MZ268408.1	Livsmedelsverket_fw_primer_inner	5043	5061	+	1
primer	MZ233536.1	Livsmedelsverket_fw_primer_inner	5046	5064	+	1
primer	MW981327.1	Livsmedelsverket_fw_primer_inner	5046	5064	+	1
primer	MZ312111.1	Livsmedelsverket_fw_primer_inner	5040	5058	+	1
primer	MZ291631.1	Livsmedelsverket_fw_primer_inner	5055	5073	+	1
primer	NC_040876.1	Livsmedelsverket_fw_primer_inner	5040	5058	+	1
primer	NC_039477.1	Livsmedelsverket_fw_primer_inner	5046	5064	+	1
primer	OL943802.1	Livsmedelsverket_fw_primer_inner	5046	5064	+	1
primer	OL943801.1	Livsmedelsverket_fw_primer_inner	5043	5061	+	1
primer	OL943800.1	Livsmedelsverket_fw_primer_inner	5046	5064	+	1
primer	OL943799.1	Livsmedelsverket_fw_primer_inner	5046	5064	+	1
primer	OL913977.1	Livsmedelsverket_fw_primer_inner	5046	5064	+	1
primer	OL913976.1	Livsmedelsverket_fw_primer_inner	5046	5064	+	1
primer	OL913975.1	Livsmedelsverket_fw_primer_inner	5046	5064	+	1
primer	OL898516.1	Livsmedelsverket_fw_primer_inner	5046	5064	+	1
primer	OL898515.1	Livsmedelsverket_fw_primer_inner	5046	5064	+	1
primer	OL898514.1	Livsmedelsverket_fw_primer_inner	5046	5064	+	1
primer	OL898513.1	Livsmedelsverket_fw_primer_inner	5040	5058	+	1
primer	OL898512.1	Livsmedelsverket_fw_primer_inner	5046	5064	+	1
primer	OL898511.1	Livsmedelsverket_fw_primer_inner	5046	5064	+	1
primer	OL898510.1	Livsmedelsverket_fw_primer_inner	5046	5064	+	1
primer	OL898509.1	Livsmedelsverket_fw_primer_inner	5046	5064	+	1
primer	OL898508.1	Livsmedelsverket_fw_primer_inner	5046	5064	+	1
primer	OL898507.1	Livsmedelsverket_fw_primer_inner	5046	5064	+	1
primer	OL898506.1	Livsmedelsverket_fw_primer_inner	5052	5070	+	1
primer	OL451533.1	Livsmedelsverket_fw_primer_inner	5082	5100	+	1
primer	OL451532.1	Livsmedelsverket_fw_primer_inner	5082	5100	+	1
primer	OK376264.1	Livsmedelsverket_fw_primer_inner	5046	5064	+	1
primer	OK376263.1	Livsmedelsverket_fw_primer_inner	5046	5064	+	1
primer	OK376262.1	Livsmedelsverket_fw_primer_inner	5046	5064	+	1
primer	OK376261.1	Livsmedelsverket_fw_primer_inner	5046	5064	+	1
primer	OK376260.1	Livsmedelsverket_fw_primer_inner	5046	5064	+	1
primer	OK376259.1	Livsmedelsverket_fw_primer_inner	5046	5064	+	1
primer	OK376258.1	Livsmedelsverket_fw_primer_inner	5046	5064	+	1
primer	OK376256.1	Livsmedelsverket_fw_primer_inner	5046	5064	+	1
primer	OK376255.1	Livsmedelsverket_fw_primer_inner	5046	5064	+	1
primer	OK376254.1	Livsmedelsverket_fw_primer_inner	5046	5064	+	1
primer	OK376253.1	Livsmedelsverket_fw_primer_inner	5046	5064	+	1
primer	ON569431.1	Livsmedelsverket_fw_primer_inner	5046	5064	+	1
primer	ON329737.1	Livsmedelsverket_fw_primer_inner	5046	5064	+	1
primer	OP037983.1	Livsmedelsverket_fw_primer_inner	5046	5064	+	1
primer	OP037982.1	Livsmedelsverket_fw_primer_inner	5046	5064	+	1
primer	OP037981.1	Livsmedelsverket_fw_primer_inner	5046	5064	+	1
primer	OP037980.1	Livsmedelsverket_fw_primer_inner	5046	5064	+	1
primer	OP037979.1	Livsmedelsverket_fw_primer_inner	5046	5064	+	1
primer	OP037978.1	Livsmedelsverket_fw_primer_inner	5046	5064	+	1
primer	OP037977.1	Livsmedelsverket_fw_primer_inner	5046	5064	+	1
primer	OP037976.1	Livsmedelsverket_fw_primer_inner	5046	5064	+	1
primer	OP712199.1	Livsmedelsverket_fw_primer_inner	5055	5073	+	1
primer	OP712198.1	Livsmedelsverket_fw_primer_inner	5046	5064	+	1
primer	OP712197.1	Livsmedelsverket_fw_primer_inner	5046	5064	+	1
primer	OP712196.1	Livsmedelsverket_fw_primer_inner	5040	5058	+	1
primer	OP690505.1	Livsmedelsverket_fw_primer_inner	5082	5100	+	1
primer	OP690427.1	Livsmedelsverket_fw_primer_inner	5046	5064	+	1
primer	OP690426.1	Livsmedelsverket_fw_primer_inner	5040	5058	+	1
primer	OP690425.1	Livsmedelsverket_fw_primer_inner	5040	5058	+	1
primer	OP689689.1	Livsmedelsverket_fw_primer_inner	5055	5073	+	1
primer	OP689558.1	Livsmedelsverket_fw_primer_inner	5046	5064	+	1
primer	OP689557.1	Livsmedelsverket_fw_primer_inner	5046	5064	+	1
primer	OP686904.1	Livsmedelsverket_fw_primer_inner	5046	5064	+	1
primer	OP686903.1	Livsmedelsverket_fw_primer_inner	5046	5064	+	1
primer	OQ342793.1	Livsmedelsverket_fw_primer_inner	5082	5100	+	1
primer	OP901694.1	Livsmedelsverket_fw_primer_inner	5046	5064	+	1
primer	OP901693.1	Livsmedelsverket_fw_primer_inner	5046	5064	+	1
primer	OP901692.1	Livsmedelsverket_fw_primer_inner	5040	5058	+	1
primer	OQ940082.1	Livsmedelsverket_fw_primer_inner	5046	5064	+	1
primer	OQ940081.1	Livsmedelsverket_fw_primer_inner	5046	5064	+	1
primer	OQ940080.1	Livsmedelsverket_fw_primer_inner	5046	5064	+	1
primer	OQ940079.1	Livsmedelsverket_fw_primer_inner	5046	5064	+	1
primer	OQ940078.1	Livsmedelsverket_fw_primer_inner	5046	5064	+	1
primer	OQ940077.1	Livsmedelsverket_fw_primer_inner	5046	5064	+	1
primer	OQ940076.1	Livsmedelsverket_fw_primer_inner	5046	5064	+	1
primer	OQ940075.1	Livsmedelsverket_fw_primer_inner	5046	5064	+	1
primer	OQ940074.1	Livsmedelsverket_fw_primer_inner	5046	5064	+	1
primer	OQ940073.1	Livsmedelsverket_fw_primer_inner	5046	5064	+	1
primer	OQ940072.1	Livsmedelsverket_fw_primer_inner	5046	5064	+	1
primer	OQ940071.1	Livsmedelsverket_fw_primer_inner	5046	5064	+	1
primer	OQ940070.1	Livsmedelsverket_fw_primer_inner	5046	5064	+	1
primer	OQ940069.1	Livsmedelsverket_fw_primer_inner	5046	5064	+	1
primer	OQ940068.1	Livsmedelsverket_fw_primer_inner	5046	5064	+	1
primer	OR536492.1	Livsmedelsverket_fw_primer_inner	5046	5064	+	1
primer	OR536491.1	Livsmedelsverket_fw_primer_inner	5046	5064	+	1
primer	OR536490.1	Livsmedelsverket_fw_primer_inner	5046	5064	+	1
primer	OR536489.1	Livsmedelsverket_fw_primer_inner	5046	5064	+	1
primer	OR536488.1	Livsmedelsverket_fw_primer_inner	5046	5064	+	1
primer	OR536487.1	Livsmedelsverket_fw_primer_inner	5046	5064	+	1
primer	OR536486.1	Livsmedelsverket_fw_primer_inner	5046	5064	+	1
primer	OR536485.1	Livsmedelsverket_fw_primer_inner	5046	5064	+	1
primer	OR536484.1	Livsmedelsverket_fw_primer_inner	5046	5064	+	1
primer	OR536483.1	Livsmedelsverket_fw_primer_inner	5046	5064	+	1
primer	OR536482.1	Livsmedelsverket_fw_primer_inner	5046	5064	+	1
primer	OR536481.1	Livsmedelsverket_fw_primer_inner	5046	5064	+	1
primer	OR536480.1	Livsmedelsverket_fw_primer_inner	5046	5064	+	1
primer	OR536479.1	Livsmedelsverket_fw_primer_inner	5046	5064	+	1
primer	OR536478.1	Livsmedelsverket_fw_primer_inner	5046	5064	+	1
primer	OR536477.1	Livsmedelsverket_fw_primer_inner	5046	5064	+	1
primer	OR536476.1	Livsmedelsverket_fw_primer_inner	5046	5064	+	1
primer	OR536475.1	Livsmedelsverket_fw_primer_inner	5046	5064	+	1
primer	OR536473.1	Livsmedelsverket_fw_primer_inner	5046	5064	+	1
primer	OR536472.1	Livsmedelsverket_fw_primer_inner	5046	5064	+	1
primer	OR536470.1	Livsmedelsverket_fw_primer_inner	5046	5064	+	1
primer	OR536469.1	Livsmedelsverket_fw_primer_inner	5046	5064	+	1
primer	OR536468.1	Livsmedelsverket_fw_primer_inner	5046	5064	+	1
primer	OR536467.1	Livsmedelsverket_fw_primer_inner	5046	5064	+	1
primer	OR536466.1	Livsmedelsverket_fw_primer_inner	5046	5064	+	1
primer	OR262325.1	Livsmedelsverket_fw_primer_inner	5046	5064	+	1
primer	OR062612.1	Livsmedelsverket_fw_primer_inner	5055	5073	+	1
primer	PP381824.1	Livsmedelsverket_fw_primer_inner	5055	5073	+	1
primer	OR844383.1	Livsmedelsverket_fw_primer_inner	5046	5064	+	1
primer	OR844382.1	Livsmedelsverket_fw_primer_inner	5046	5064	+	1
primer	OR844381.1	Livsmedelsverket_fw_primer_inner	5046	5064	+	1
primer	OR844380.1	Livsmedelsverket_fw_primer_inner	5046	5064	+	1
primer	OR844379.1	Livsmedelsverket_fw_primer_inner	5046	5064	+	1
primer	OR844378.1	Livsmedelsverket_fw_primer_inner	5046	5064	+	1
primer	OR844377.1	Livsmedelsverket_fw_primer_inner	5046	5064	+	1
primer	OR844376.1	Livsmedelsverket_fw_primer_inner	5046	5064	+	1
primer	OR844375.1	Livsmedelsverket_fw_primer_inner	5046	5064	+	1
primer	OR844374.1	Livsmedelsverket_fw_primer_inner	5046	5064	+	1
primer	OR844373.1	Livsmedelsverket_fw_primer_inner	5046	5064	+	1
primer	OR844372.1	Livsmedelsverket_fw_primer_inner	5046	5064	+	1
primer	OR844371.1	Livsmedelsverket_fw_primer_inner	5046	5064	+	1
primer	OR844370.1	Livsmedelsverket_fw_primer_inner	5046	5064	+	1
primer	PP661667.1	Livsmedelsverket_fw_primer_inner	5046	5064	+	1
primer	PP658553.1	Livsmedelsverket_fw_primer_inner	5046	5064	+	1
primer	PP658552.1	Livsmedelsverket_fw_primer_inner	5046	5064	+	1
primer	PP587393.1	Livsmedelsverket_fw_primer_inner	5055	5073	+	1
primer	PP587392.1	Livsmedelsverket_fw_primer_inner	5055	5073	+	1
primer	PP549885.1	Livsmedelsverket_fw_primer_inner	5046	5064	+	1
primer	PP549884.1	Livsmedelsverket_fw_primer_inner	5046	5064	+	1
primer	PP549883.1	Livsmedelsverket_fw_primer_inner	5046	5064	+	1
primer	PP549882.1	Livsmedelsverket_fw_primer_inner	5046	5064	+	1
primer	PP549881.1	Livsmedelsverket_fw_primer_inner	5046	5064	+	1
primer	PP549880.1	Livsmedelsverket_fw_primer_inner	5046	5064	+	1
primer	PP549879.1	Livsmedelsverket_fw_primer_inner	5046	5064	+	1
primer	PP549878.1	Livsmedelsverket_fw_primer_inner	5046	5064	+	1
primer	PP549877.1	Livsmedelsverket_fw_primer_inner	5046	5064	+	1
primer	PP549876.1	Livsmedelsverket_fw_primer_inner	5046	5064	+	1
primer	PP498988.1	Livsmedelsverket_fw_primer_inner	5048	5066	+	1
primer	PP498987.1	Livsmedelsverket_fw_primer_inner	5046	5064	+	1
primer	PP498986.1	Livsmedelsverket_fw_primer_inner	5046	5064	+	1
primer	PQ100949.1	Livsmedelsverket_fw_primer_inner	5040	5058	+	1
primer	PQ100948.1	Livsmedelsverket_fw_primer_inner	5040	5058	+	1
primer	PQ100947.1	Livsmedelsverket_fw_primer_inner	5040	5058	+	1
primer	PQ100946.1	Livsmedelsverket_fw_primer_inner	5040	5058	+	1
primer	PQ373142.1	Livsmedelsverket_fw_primer_inner	5055	5073	+	1
primer	PQ373140.1	Livsmedelsverket_fw_primer_inner	5055	5073	+	1
primer	PQ373139.1	Livsmedelsverket_fw_primer_inner	5055	5073	+	1
primer	PQ373138.1	Livsmedelsverket_fw_primer_inner	5055	5073	+	1
primer	PQ373133.1	Livsmedelsverket_fw_primer_inner	5055	5073	+	1
primer	PQ373132.1	Livsmedelsverket_fw_primer_inner	5055	5073	+	1
primer	PQ373131.1	Livsmedelsverket_fw_primer_inner	5055	5073	+	1
primer	PQ373127.1	Livsmedelsverket_fw_primer_inner	5055	5073	+	1
primer	PQ373126.1	Livsmedelsverket_fw_primer_inner	5055	5073	+	1
primer	PQ373124.1	Livsmedelsverket_fw_primer_inner	5055	5073	+	1
primer	PQ373123.1	Livsmedelsverket_fw_primer_inner	5055	5073	+	1
primer	PQ373122.1	Livsmedelsverket_fw_primer_inner	5055	5073	+	1
primer	PQ373121.1	Livsmedelsverket_fw_primer_inner	5055	5073	+	1
primer	PQ373120.1	Livsmedelsverket_fw_primer_inner	5055	5073	+	1
primer	PQ310522.1	Livsmedelsverket_fw_primer_inner	5055	5073	+	1
primer	PQ310521.1	Livsmedelsverket_fw_primer_inner	5055	5073	+	1
primer	PQ310520.1	Livsmedelsverket_fw_primer_inner	5055	5073	+	1
primer	PQ310519.1	Livsmedelsverket_fw_primer_inner	5055	5073	+	1
primer	PQ310518.1	Livsmedelsverket_fw_primer_inner	5055	5073	+	1
primer	PQ310459.1	Livsmedelsverket_fw_primer_inner	5055	5073	+	1
primer	PQ310235.1	Livsmedelsverket_fw_primer_inner	5055	5073	+	1
primer	PQ304633.1	Livsmedelsverket_fw_primer_inner	5056	5074	+	1
primer	PQ304614.1	Livsmedelsverket_fw_primer_inner	5055	5073	+	1
primer	PQ304611.1	Livsmedelsverket_fw_primer_inner	5055	5073	+	1
primer	PQ304610.1	Livsmedelsverket_fw_primer_inner	5055	5073	+	1
primer	PQ273200.1	Livsmedelsverket_fw_primer_inner	5046	5064	+	1
primer	PQ273196.1	Livsmedelsverket_fw_primer_inner	5055	5073	+	1
primer	PQ273195.1	Livsmedelsverket_fw_primer_inner	5046	5064	+	1
primer	PQ273194.1	Livsmedelsverket_fw_primer_inner	5046	5064	+	1
primer	PQ273190.1	Livsmedelsverket_fw_primer_inner	5046	5064	+	1
primer	PQ273187.1	Livsmedelsverket_fw_primer_inner	5040	5058	+	1
primer	PQ273185.1	Livsmedelsverket_fw_primer_inner	5046	5064	+	1
primer	PQ273184.1	Livsmedelsverket_fw_primer_inner	5046	5064	+	1
primer	PQ273182.1	Livsmedelsverket_fw_primer_inner	5046	5064	+	1
primer	PQ218468.1	Livsmedelsverket_fw_primer_inner	5046	5064	+	1
primer	PQ215579.1	Livsmedelsverket_fw_primer_inner	5046	5064	+	1
primer	PQ215578.1	Livsmedelsverket_fw_primer_inner	5046	5064	+	1
primer	PQ215575.1	Livsmedelsverket_fw_primer_inner	5046	5064	+	1
primer	PQ215546.1	Livsmedelsverket_fw_primer_inner	5046	5064	+	1
primer	PQ215545.1	Livsmedelsverket_fw_primer_inner	5046	5064	+	1
primer	PQ215544.1	Livsmedelsverket_fw_primer_inner	5046	5064	+	1
primer	PQ215543.1	Livsmedelsverket_fw_primer_inner	5046	5064	+	1
primer	PQ215542.1	Livsmedelsverket_fw_primer_inner	5046	5064	+	1
primer	PQ215541.1	Livsmedelsverket_fw_primer_inner	5046	5064	+	1
primer	PQ215540.1	Livsmedelsverket_fw_primer_inner	5046	5064	+	1
primer	PQ215539.1	Livsmedelsverket_fw_primer_inner	5046	5064	+	1
primer	PQ215538.1	Livsmedelsverket_fw_primer_inner	5046	5064	+	1
primer	PQ215528.1	Livsmedelsverket_fw_primer_inner	5046	5064	+	1
primer	PQ215525.1	Livsmedelsverket_fw_primer_inner	5046	5064	+	1
primer	PQ213437.1	Livsmedelsverket_fw_primer_inner	5046	5064	+	1
primer	PQ213436.1	Livsmedelsverket_fw_primer_inner	5046	5064	+	1
primer	PV275062.1	Livsmedelsverket_fw_primer_inner	5064	5082	+	1
primer	PV275060.1	Livsmedelsverket_fw_primer_inner	5046	5064	+	1
primer	PV275052.1	Livsmedelsverket_fw_primer_inner	5046	5064	+	1
primer	PV275046.1	Livsmedelsverket_fw_primer_inner	5046	5064	+	1
primer	PV275045.1	Livsmedelsverket_fw_primer_inner	5046	5064	+	1
primer	PV275044.1	Livsmedelsverket_fw_primer_inner	5046	5064	+	1
primer	PV275040.1	Livsmedelsverket_fw_primer_inner	5046	5064	+	1
primer	PV635313.1	Livsmedelsverket_fw_primer_inner	5055	5073	+	1
primer	PV765571.1	Livsmedelsverket_fw_primer_inner	5055	5073	+	1
primer	PV765567.1	Livsmedelsverket_fw_primer_inner	5055	5073	+	1
primer	PV750894.1	Livsmedelsverket_fw_primer_inner	5055	5073	+	1
primer	PV750891.1	Livsmedelsverket_fw_primer_inner	5055	5073	+	1
primer	PV750882.1	Livsmedelsverket_fw_primer_inner	5055	5073	+	1
primer	PV750877.1	Livsmedelsverket_fw_primer_inner	5055	5073	+	1
primer	PV784347.1	Livsmedelsverket_fw_primer_inner	5055	5073	+	1
primer	PV784345.1	Livsmedelsverket_fw_primer_inner	5055	5073	+	1
primer	PV784344.1	Livsmedelsverket_fw_primer_inner	5055	5073	+	1
primer	PV784338.1	Livsmedelsverket_fw_primer_inner	5055	5073	+	1
primer	PV784331.1	Livsmedelsverket_fw_primer_inner	5055	5073	+	1
primer	PV784324.1	Livsmedelsverket_fw_primer_inner	5055	5073	+	1
primer	PV784323.1	Livsmedelsverket_fw_primer_inner	5055	5073	+	1
primer	PV784318.1	Livsmedelsverket_fw_primer_inner	5055	5073	+	1
primer	PV784304.1	Livsmedelsverket_fw_primer_inner	5055	5073	+	1
primer	PV784303.1	Livsmedelsverket_fw_primer_inner	5055	5073	+	1
primer	PV784302.1	Livsmedelsverket_fw_primer_inner	5055	5073	+	1
primer	PV784298.1	Livsmedelsverket_fw_primer_inner	5055	5073	+	1
primer	PV784297.1	Livsmedelsverket_fw_primer_inner	5055	5073	+	1
primer	PV784296.1	Livsmedelsverket_fw_primer_inner	5055	5073	+	1
primer	PV784287.1	Livsmedelsverket_fw_primer_inner	5055	5073	+	1
primer	PV784285.1	Livsmedelsverket_fw_primer_inner	5055	5073	+	1
primer	PV784279.1	Livsmedelsverket_fw_primer_inner	5055	5073	+	1
primer	PV784277.1	Livsmedelsverket_fw_primer_inner	5055	5073	+	1
primer	PV784275.1	Livsmedelsverket_fw_primer_inner	5055	5073	+	1
primer	PV784273.1	Livsmedelsverket_fw_primer_inner	5055	5073	+	1
primer	PV784272.1	Livsmedelsverket_fw_primer_inner	5055	5073	+	1
primer	PX563327.1	Livsmedelsverket_fw_primer_inner	5046	5064	+	1
primer	PX285874.1	Livsmedelsverket_fw_primer_inner	5046	5064	+	1
primer	PX285872.1	Livsmedelsverket_fw_primer_inner	5046	5064	+	1
primer	PX631121.1	Livsmedelsverket_fw_primer_inner	5046	5064	+	1
primer	PZ136058.1	Livsmedelsverket_fw_primer_inner	5046	5064	+	1
primer	PZ136053.1	Livsmedelsverket_fw_primer_inner	5046	5064	+	1
primer	PZ240506.1	Livsmedelsverket_fw_primer_inner	5043	5061	+	1
primer	PZ240487.1	Livsmedelsverket_fw_primer_inner	5043	5061	+	1
primer	PZ234772.1	Livsmedelsverket_fw_primer_inner	5055	5073	+	1
primer	PZ221927.1	Livsmedelsverket_fw_primer_inner	5046	5064	+	1
primer	PZ221922.1	Livsmedelsverket_fw_primer_inner	5046	5064	+	1
primer	PZ221917.1	Livsmedelsverket_fw_primer_inner	5046	5064	+	1
primer	PZ221915.1	Livsmedelsverket_fw_primer_inner	5046	5064	+	1
primer	PP564829.1	Livsmedelsverket_fw_primer_inner	5048	5064	+	2
primer	PP658559.1	Livsmedelsverket_fw_primer_inner	5047	5063	+	2
primer	MK614125.1	Livsmedelsverket_fw_primer_inner	5044	5060	+	2
primer	MN308017.1	Livsmedelsverket_fw_primer_inner	5047	5063	+	2
primer	MN308008.1	Livsmedelsverket_fw_primer_inner	5047	5063	+	2
primer	OR793090.1	Livsmedelsverket_fw_primer_inner	5042	5060	+	2
primer	LC597112.1	Livsmedelsverket_fw_primer_inner	5055	5073	+	2
primer	PV746275.1	Livsmedelsverket_fw_primer_inner	5046	5064	+	2
primer	LC769682.1	Livsmedelsverket_fw_primer_inner	5039	5057	+	2
primer	LC919492.1	Livsmedelsverket_fw_primer_inner	5039	5057	+	2
primer	MG706448.1	Livsmedelsverket_fw_primer_inner	5037	5055	+	2
primer	MK753015.1	Livsmedelsverket_fw_primer_inner	5046	5064	+	2
primer	MN453359.1	Livsmedelsverket_fw_primer_inner	5037	5055	+	2
primer	NC_044932.1	Livsmedelsverket_fw_primer_inner	5037	5055	+	2
primer	OR069405.1	Livsmedelsverket_rw_primer_inner1	5360	5382	-	1
primer	OR065073.1	Livsmedelsverket_rw_primer_inner1	5402	5424	-	1
primer	MH218687.1	Livsmedelsverket_rw_primer_inner1	5364	5386	-	1
primer	MH218650.1	Livsmedelsverket_rw_primer_inner1	5364	5386	-	1
primer	MH218639.1	Livsmedelsverket_rw_primer_inner1	5364	5386	-	1
primer	MH260504.1	Livsmedelsverket_rw_primer_inner1	5370	5392	-	2
primer	MT362912.1	Livsmedelsverket_rw_primer_inner1	5366	5388	-	2
primer	OP205527.1	Livsmedelsverket_rw_primer_inner1	5366	5388	-	2
primer	PQ373145.1	Livsmedelsverket_rw_primer_inner1	5375	5397	-	2
primer	PQ641315.1	Livsmedelsverket_rw_primer_inner1	5402	5424	-	2
primer	PQ219041.1	Livsmedelsverket_rw_primer_inner1	5370	5392	-	2
primer	PQ208326.1	Livsmedelsverket_rw_primer_inner1	5366	5388	-	2
primer	PQ208317.1	Livsmedelsverket_rw_primer_inner1	5366	5388	-	2
primer	PQ208315.1	Livsmedelsverket_rw_primer_inner1	5366	5388	-	2
primer	PQ207946.1	Livsmedelsverket_rw_primer_inner1	5370	5392	-	2
primer	PQ207925.1	Livsmedelsverket_rw_primer_inner1	5370	5392	-	2
primer	PQ207921.1	Livsmedelsverket_rw_primer_inner1	5370	5392	-	2
primer	PQ195949.1	Livsmedelsverket_rw_primer_inner1	5366	5388	-	2
primer	PQ195948.1	Livsmedelsverket_rw_primer_inner1	5366	5388	-	2
primer	PQ195947.1	Livsmedelsverket_rw_primer_inner1	5366	5388	-	2
primer	PQ195946.1	Livsmedelsverket_rw_primer_inner1	5366	5388	-	2
primer	PQ195945.1	Livsmedelsverket_rw_primer_inner1	5370	5392	-	2
primer	PQ195942.1	Livsmedelsverket_rw_primer_inner1	5366	5388	-	2
primer	PQ195916.1	Livsmedelsverket_rw_primer_inner1	5366	5388	-	2
primer	PQ195915.1	Livsmedelsverket_rw_primer_inner1	5366	5388	-	2
primer	PQ195914.1	Livsmedelsverket_rw_primer_inner1	5370	5392	-	2
primer	PQ195883.1	Livsmedelsverket_rw_primer_inner1	5370	5392	-	2
primer	MW009072.1	Livsmedelsverket_rw_primer_inner1	5405	5427	-	2
primer	MW009068.1	Livsmedelsverket_rw_primer_inner1	5405	5427	-	2
primer	MN588304.1	Livsmedelsverket_rw_primer_inner1	5370	5392	-	2
primer	MN588301.1	Livsmedelsverket_rw_primer_inner1	5370	5392	-	2
primer	MN588300.1	Livsmedelsverket_rw_primer_inner1	5370	5392	-	2
primer	LC597124.1	Livsmedelsverket_rw_primer_inner1	5356	5378	-	2
primer	LC597121.1	Livsmedelsverket_rw_primer_inner1	5364	5386	-	2
primer	OR051927.1	Livsmedelsverket_rw_primer_inner1	5366	5388	-	2
primer	OR051903.1	Livsmedelsverket_rw_primer_inner1	5360	5382	-	2
primer	PV275069.1	Livsmedelsverket_rw_primer_inner1	5366	5388	-	2
primer	PV275048.1	Livsmedelsverket_rw_primer_inner1	5366	5388	-	2
primer	MW661283.1	Livsmedelsverket_rw_primer_inner1	5369	5391	-	2
primer	MW661247.1	Livsmedelsverket_rw_primer_inner1	5369	5391	-	2
primer	MZ265480.1	Livsmedelsverket_rw_primer_inner1	5364	5386	-	2
primer	MZ265142.1	Livsmedelsverket_rw_primer_inner1	5406	5428	-	2
primer	MZ291634.1	Livsmedelsverket_rw_primer_inner1	5366	5388	-	2
primer	PV553834.1	Livsmedelsverket_rw_primer_inner1	5371	5393	-	2
primer	HM596590.4	Livsmedelsverket_rw_primer_inner1	5367	5389	-	2
primer	KY905331.1	Livsmedelsverket_rw_primer_inner1	5371	5393	-	2
primer	LC769701.1	Livsmedelsverket_rw_primer_inner1	5353	5375	-	2
primer	LC769681.1	Livsmedelsverket_rw_primer_inner1	5361	5383	-	2
primer	MG548737.1	Livsmedelsverket_rw_primer_inner1	5370	5392	-	2
primer	MG049692.1	Livsmedelsverket_rw_primer_inner1	5366	5388	-	2
primer	MH218707.1	Livsmedelsverket_rw_primer_inner1	5370	5392	-	2
primer	MH218706.1	Livsmedelsverket_rw_primer_inner1	5370	5392	-	2
primer	MH218691.1	Livsmedelsverket_rw_primer_inner1	5370	5392	-	2
primer	MH218670.1	Livsmedelsverket_rw_primer_inner1	5370	5392	-	2
primer	MH218667.1	Livsmedelsverket_rw_primer_inner1	5364	5386	-	2
primer	MH218665.1	Livsmedelsverket_rw_primer_inner1	5370	5392	-	2
primer	MH218652.1	Livsmedelsverket_rw_primer_inner1	5370	5392	-	2
primer	MH218642.1	Livsmedelsverket_rw_primer_inner1	5364	5386	-	2
primer	MH218641.1	Livsmedelsverket_rw_primer_inner1	5364	5386	-	2
primer	MH218636.1	Livsmedelsverket_rw_primer_inner1	5370	5392	-	2
primer	MH218633.1	Livsmedelsverket_rw_primer_inner1	5370	5392	-	2
primer	MH218619.1	Livsmedelsverket_rw_primer_inner1	5370	5392	-	2
primer	MH218613.1	Livsmedelsverket_rw_primer_inner1	5370	5392	-	2
primer	MH218612.1	Livsmedelsverket_rw_primer_inner1	5370	5392	-	2
primer	MH218611.1	Livsmedelsverket_rw_primer_inner1	5370	5392	-	2
primer	MH218610.1	Livsmedelsverket_rw_primer_inner1	5370	5392	-	2
primer	MH218609.1	Livsmedelsverket_rw_primer_inner1	5370	5392	-	2
primer	MH218607.1	Livsmedelsverket_rw_primer_inner1	5370	5392	-	2
primer	MH218571.1	Livsmedelsverket_rw_primer_inner1	5370	5392	-	2
primer	MK483909.2	Livsmedelsverket_rw_primer_inner1	5368	5390	-	2
primer	MT026582.1	Livsmedelsverket_rw_primer_inner1	5370	5392	-	2
primer	MT731279.1	Livsmedelsverket_rw_primer_inner1	5364	5386	-	2
primer	MT725762.1	Livsmedelsverket_rw_primer_inner1	5370	5392	-	2
primer	MW661275.1	Livsmedelsverket_rw_primer_inner1	5364	5386	-	2
primer	MW661274.1	Livsmedelsverket_rw_primer_inner1	5364	5386	-	2
primer	OL943799.1	Livsmedelsverket_rw_primer_inner1	5370	5392	-	2
primer	OL898516.1	Livsmedelsverket_rw_primer_inner1	5370	5392	-	2
primer	OL898515.1	Livsmedelsverket_rw_primer_inner1	5370	5392	-	2
primer	OL898514.1	Livsmedelsverket_rw_primer_inner1	5370	5392	-	2
primer	OP712196.1	Livsmedelsverket_rw_primer_inner1	5364	5386	-	2
primer	OP901692.1	Livsmedelsverket_rw_primer_inner1	5364	5386	-	2
primer	OQ940073.1	Livsmedelsverket_rw_primer_inner1	5370	5392	-	2
primer	OR262325.1	Livsmedelsverket_rw_primer_inner1	5370	5392	-	2
primer	PQ310519.1	Livsmedelsverket_rw_primer_inner1	5379	5401	-	2
primer	PQ215578.1	Livsmedelsverket_rw_primer_inner1	5370	5392	-	2
primer	PQ213437.1	Livsmedelsverket_rw_primer_inner1	5370	5392	-	2
primer	PQ213436.1	Livsmedelsverket_rw_primer_inner1	5370	5392	-	2
primer	PV784344.1	Livsmedelsverket_rw_primer_inner1	5379	5401	-	2
primer	PV784338.1	Livsmedelsverket_rw_primer_inner1	5379	5401	-	2
primer	PV784324.1	Livsmedelsverket_rw_primer_inner1	5379	5401	-	2
primer	PV784323.1	Livsmedelsverket_rw_primer_inner1	5379	5401	-	2
primer	PV784304.1	Livsmedelsverket_rw_primer_inner1	5379	5401	-	2
primer	PV784303.1	Livsmedelsverket_rw_primer_inner1	5379	5401	-	2
primer	PZ240506.1	Livsmedelsverket_rw_primer_inner1	5367	5389	-	2
primer	PZ240487.1	Livsmedelsverket_rw_primer_inner1	5367	5389	-	2
primer	OR065073.1	Livsmedelsverket_rw_primer_inner2	5402	5424	-	0
primer	PQ641315.1	Livsmedelsverket_rw_primer_inner2	5402	5424	-	1
primer	MW009072.1	Livsmedelsverket_rw_primer_inner2	5405	5427	-	1
primer	MW009068.1	Livsmedelsverket_rw_primer_inner2	5405	5427	-	1
primer	MZ265142.1	Livsmedelsverket_rw_primer_inner2	5406	5428	-	1
primer	HM596590.4	Livsmedelsverket_rw_primer_inner2	5367	5389	-	1
primer	MH218706.1	Livsmedelsverket_rw_primer_inner2	5370	5392	-	1
primer	MH218571.1	Livsmedelsverket_rw_primer_inner2	5370	5392	-	1
primer	KC962462.3	Livsmedelsverket_rw_primer_inner2	5370	5392	-	2
primer	KC962453.2	Livsmedelsverket_rw_primer_inner2	5370	5392	-	2
primer	MN525275.1	Livsmedelsverket_rw_primer_inner2	5366	5388	-	2
primer	PP658561.1	Livsmedelsverket_rw_primer_inner2	5369	5391	-	2
primer	PP658551.1	Livsmedelsverket_rw_primer_inner2	5370	5392	-	2
primer	PV920370.1	Livsmedelsverket_rw_primer_inner2	5377	5399	-	2
primer	KJ710245.2	Livsmedelsverket_rw_primer_inner2	5370	5392	-	2
primer	MH260502.1	Livsmedelsverket_rw_primer_inner2	5370	5392	-	2
primer	MH260492.1	Livsmedelsverket_rw_primer_inner2	5370	5392	-	2
primer	MH260490.1	Livsmedelsverket_rw_primer_inner2	5370	5392	-	2
primer	MH260488.1	Livsmedelsverket_rw_primer_inner2	5370	5392	-	2
primer	MH260485.1	Livsmedelsverket_rw_primer_inner2	5370	5392	-	2
primer	MH260484.1	Livsmedelsverket_rw_primer_inner2	5370	5392	-	2
primer	MH260483.1	Livsmedelsverket_rw_primer_inner2	5370	5392	-	2
primer	MK928499.1	Livsmedelsverket_rw_primer_inner2	5370	5392	-	2
primer	MK928498.1	Livsmedelsverket_rw_primer_inner2	5370	5392	-	2
primer	MK928497.1	Livsmedelsverket_rw_primer_inner2	5370	5392	-	2
primer	MK928496.1	Livsmedelsverket_rw_primer_inner2	5370	5392	-	2
primer	OR084264.1	Livsmedelsverket_rw_primer_inner2	5370	5392	-	2
primer	OR084263.1	Livsmedelsverket_rw_primer_inner2	5370	5392	-	2
primer	OR084262.1	Livsmedelsverket_rw_primer_inner2	5370	5392	-	2
primer	OR084261.1	Livsmedelsverket_rw_primer_inner2	5370	5392	-	2
primer	OR084260.1	Livsmedelsverket_rw_primer_inner2	5367	5389	-	2
primer	OR084259.1	Livsmedelsverket_rw_primer_inner2	5370	5392	-	2
primer	OR084257.1	Livsmedelsverket_rw_primer_inner2	5370	5392	-	2
primer	OP205582.1	Livsmedelsverket_rw_primer_inner2	5370	5392	-	2
primer	OP205580.1	Livsmedelsverket_rw_primer_inner2	5370	5392	-	2
primer	OP205579.1	Livsmedelsverket_rw_primer_inner2	5366	5388	-	2
primer	PQ507179.1	Livsmedelsverket_rw_primer_inner2	5370	5392	-	2
primer	PQ507178.1	Livsmedelsverket_rw_primer_inner2	5370	5392	-	2
primer	PQ507174.1	Livsmedelsverket_rw_primer_inner2	5370	5392	-	2
primer	PQ215526.1	Livsmedelsverket_rw_primer_inner2	5366	5388	-	2
primer	PQ215524.1	Livsmedelsverket_rw_primer_inner2	5366	5388	-	2
primer	PQ214837.1	Livsmedelsverket_rw_primer_inner2	5370	5392	-	2
primer	PQ214835.1	Livsmedelsverket_rw_primer_inner2	5370	5392	-	2
primer	PQ214832.1	Livsmedelsverket_rw_primer_inner2	5364	5386	-	2
primer	PQ208329.1	Livsmedelsverket_rw_primer_inner2	5366	5388	-	2
primer	PQ208328.1	Livsmedelsverket_rw_primer_inner2	5366	5388	-	2
primer	PQ208327.1	Livsmedelsverket_rw_primer_inner2	5366	5388	-	2
primer	PQ208323.1	Livsmedelsverket_rw_primer_inner2	5366	5388	-	2
primer	PQ208322.1	Livsmedelsverket_rw_primer_inner2	5366	5388	-	2
primer	PQ208321.1	Livsmedelsverket_rw_primer_inner2	5366	5388	-	2
primer	PQ208320.1	Livsmedelsverket_rw_primer_inner2	5366	5388	-	2
primer	PQ208319.1	Livsmedelsverket_rw_primer_inner2	5366	5388	-	2
primer	PQ208316.1	Livsmedelsverket_rw_primer_inner2	5366	5388	-	2
primer	PQ207947.1	Livsmedelsverket_rw_primer_inner2	5370	5392	-	2
primer	PQ207945.1	Livsmedelsverket_rw_primer_inner2	5385	5407	-	2
primer	PQ207944.1	Livsmedelsverket_rw_primer_inner2	5381	5403	-	2
primer	PQ207937.1	Livsmedelsverket_rw_primer_inner2	5370	5392	-	2
primer	PQ207928.1	Livsmedelsverket_rw_primer_inner2	5370	5392	-	2
primer	PQ207927.1	Livsmedelsverket_rw_primer_inner2	5370	5392	-	2
primer	PQ195952.1	Livsmedelsverket_rw_primer_inner2	5366	5388	-	2
primer	PQ195951.1	Livsmedelsverket_rw_primer_inner2	5366	5388	-	2
primer	PQ195950.1	Livsmedelsverket_rw_primer_inner2	5366	5388	-	2
primer	PQ195944.1	Livsmedelsverket_rw_primer_inner2	5366	5388	-	2
primer	PQ195943.1	Livsmedelsverket_rw_primer_inner2	5366	5388	-	2
primer	PQ195939.1	Livsmedelsverket_rw_primer_inner2	5366	5388	-	2
primer	PQ195938.1	Livsmedelsverket_rw_primer_inner2	5366	5388	-	2
primer	PQ195937.1	Livsmedelsverket_rw_primer_inner2	5366	5388	-	2
primer	PQ195936.1	Livsmedelsverket_rw_primer_inner2	5366	5388	-	2
primer	PQ195935.1	Livsmedelsverket_rw_primer_inner2	5366	5388	-	2
primer	PQ195934.1	Livsmedelsverket_rw_primer_inner2	5366	5388	-	2
primer	PQ195933.1	Livsmedelsverket_rw_primer_inner2	5366	5388	-	2
primer	PQ195930.1	Livsmedelsverket_rw_primer_inner2	5366	5388	-	2
primer	PQ195929.1	Livsmedelsverket_rw_primer_inner2	5366	5388	-	2
primer	PQ195928.1	Livsmedelsverket_rw_primer_inner2	5366	5388	-	2
primer	PQ195927.1	Livsmedelsverket_rw_primer_inner2	5366	5388	-	2
primer	PQ195926.1	Livsmedelsverket_rw_primer_inner2	5366	5388	-	2
primer	PQ195925.1	Livsmedelsverket_rw_primer_inner2	5366	5388	-	2
primer	PQ195924.1	Livsmedelsverket_rw_primer_inner2	5370	5392	-	2
primer	PQ195923.1	Livsmedelsverket_rw_primer_inner2	5366	5388	-	2
primer	PQ195922.1	Livsmedelsverket_rw_primer_inner2	5370	5392	-	2
primer	PQ195921.1	Livsmedelsverket_rw_primer_inner2	5370	5392	-	2
primer	PQ195920.1	Livsmedelsverket_rw_primer_inner2	5366	5388	-	2
primer	PQ195919.1	Livsmedelsverket_rw_primer_inner2	5370	5392	-	2
primer	PQ195917.1	Livsmedelsverket_rw_primer_inner2	5366	5388	-	2
primer	PQ195912.1	Livsmedelsverket_rw_primer_inner2	5366	5388	-	2
primer	PQ195911.1	Livsmedelsverket_rw_primer_inner2	5366	5388	-	2
primer	PQ195910.1	Livsmedelsverket_rw_primer_inner2	5370	5392	-	2
primer	PQ195907.1	Livsmedelsverket_rw_primer_inner2	5366	5388	-	2
primer	PQ195906.1	Livsmedelsverket_rw_primer_inner2	5370	5392	-	2
primer	PQ195903.1	Livsmedelsverket_rw_primer_inner2	5370	5392	-	2
primer	PQ195902.1	Livsmedelsverket_rw_primer_inner2	5366	5388	-	2
primer	PQ195901.1	Livsmedelsverket_rw_primer_inner2	5366	5388	-	2
primer	PQ195900.1	Livsmedelsverket_rw_primer_inner2	5370	5392	-	2
primer	PQ195899.1	Livsmedelsverket_rw_primer_inner2	5370	5392	-	2
primer	PQ195897.1	Livsmedelsverket_rw_primer_inner2	5366	5388	-	2
primer	PQ195896.1	Livsmedelsverket_rw_primer_inner2	5366	5388	-	2
primer	PQ195895.1	Livsmedelsverket_rw_primer_inner2	5370	5392	-	2
primer	PQ195894.1	Livsmedelsverket_rw_primer_inner2	5366	5388	-	2
primer	PQ195892.1	Livsmedelsverket_rw_primer_inner2	5370	5392	-	2
primer	PQ195890.1	Livsmedelsverket_rw_primer_inner2	5370	5392	-	2
primer	PQ195889.1	Livsmedelsverket_rw_primer_inner2	5366	5388	-	2
primer	PQ195888.1	Livsmedelsverket_rw_primer_inner2	5370	5392	-	2
primer	PQ195887.1	Livsmedelsverket_rw_primer_inner2	5370	5392	-	2
primer	PQ195886.1	Livsmedelsverket_rw_primer_inner2	5370	5392	-	2
primer	PQ195885.1	Livsmedelsverket_rw_primer_inner2	5366	5388	-	2
primer	PQ195882.1	Livsmedelsverket_rw_primer_inner2	5370	5392	-	2
primer	PQ195881.1	Livsmedelsverket_rw_primer_inner2	5366	5388	-	2
primer	PQ195879.1	Livsmedelsverket_rw_primer_inner2	5370	5392	-	2
primer	PQ273191.1	Livsmedelsverket_rw_primer_inner2	5368	5390	-	2
primer	PQ475911.1	Livsmedelsverket_rw_primer_inner2	5366	5388	-	2
primer	OR793089.1	Livsmedelsverket_rw_primer_inner2	5366	5388	-	2
primer	KY947550.1	Livsmedelsverket_rw_primer_inner2	5370	5392	-	2
primer	KY947549.1	Livsmedelsverket_rw_primer_inner2	5369	5391	-	2
primer	KY947547.1	Livsmedelsverket_rw_primer_inner2	5369	5391	-	2
primer	MN588307.1	Livsmedelsverket_rw_primer_inner2	5370	5392	-	2
primer	MN588306.1	Livsmedelsverket_rw_primer_inner2	5370	5392	-	2
primer	MN588305.1	Livsmedelsverket_rw_primer_inner2	5370	5392	-	2
primer	MN588302.1	Livsmedelsverket_rw_primer_inner2	5370	5392	-	2
primer	LC597127.1	Livsmedelsverket_rw_primer_inner2	5362	5384	-	2
primer	OL721917.1	Livsmedelsverket_rw_primer_inner2	5370	5392	-	2
primer	MZ478140.1	Livsmedelsverket_rw_primer_inner2	5374	5396	-	2
primer	OR069405.1	Livsmedelsverket_rw_primer_inner2	5360	5382	-	2
primer	OR065090.1	Livsmedelsverket_rw_primer_inner2	5366	5388	-	2
primer	OR051787.1	Livsmedelsverket_rw_primer_inner2	5366	5388	-	2
primer	OR700746.1	Livsmedelsverket_rw_primer_inner2	5366	5388	-	2
primer	OR700742.1	Livsmedelsverket_rw_primer_inner2	5366	5388	-	2
primer	OR700741.1	Livsmedelsverket_rw_primer_inner2	5366	5388	-	2
primer	PV174245.1	Livsmedelsverket_rw_primer_inner2	5360	5382	-	2
primer	PV174244.1	Livsmedelsverket_rw_primer_inner2	5366	5388	-	2
primer	PV174243.1	Livsmedelsverket_rw_primer_inner2	5366	5388	-	2
primer	PV174239.1	Livsmedelsverket_rw_primer_inner2	5360	5382	-	2
primer	PV275066.1	Livsmedelsverket_rw_primer_inner2	5384	5406	-	2
primer	PV275065.1	Livsmedelsverket_rw_primer_inner2	5384	5406	-	2
primer	PV275064.1	Livsmedelsverket_rw_primer_inner2	5384	5406	-	2
primer	PV275059.1	Livsmedelsverket_rw_primer_inner2	5366	5388	-	2
primer	PV275057.1	Livsmedelsverket_rw_primer_inner2	5366	5388	-	2
primer	PV275055.1	Livsmedelsverket_rw_primer_inner2	5366	5388	-	2
primer	PV275041.1	Livsmedelsverket_rw_primer_inner2	5366	5388	-	2
primer	PV297973.1	Livsmedelsverket_rw_primer_inner2	5366	5388	-	2
primer	PQ196568.1	Livsmedelsverket_rw_primer_inner2	5370	5392	-	2
primer	PQ196566.1	Livsmedelsverket_rw_primer_inner2	5366	5388	-	2
primer	PQ196565.1	Livsmedelsverket_rw_primer_inner2	5366	5388	-	2
primer	PQ196564.1	Livsmedelsverket_rw_primer_inner2	5370	5392	-	2
primer	PQ196562.1	Livsmedelsverket_rw_primer_inner2	5370	5392	-	2
primer	PQ196561.1	Livsmedelsverket_rw_primer_inner2	5370	5392	-	2
primer	PQ196557.1	Livsmedelsverket_rw_primer_inner2	5366	5388	-	2
primer	PQ196556.1	Livsmedelsverket_rw_primer_inner2	5366	5388	-	2
primer	PQ196551.1	Livsmedelsverket_rw_primer_inner2	5370	5392	-	2
primer	PQ196549.1	Livsmedelsverket_rw_primer_inner2	5370	5392	-	2
primer	PQ196547.1	Livsmedelsverket_rw_primer_inner2	5366	5388	-	2
primer	PQ196546.1	Livsmedelsverket_rw_primer_inner2	5370	5392	-	2
primer	PQ196543.1	Livsmedelsverket_rw_primer_inner2	5370	5392	-	2
primer	PQ196541.1	Livsmedelsverket_rw_primer_inner2	5366	5388	-	2
primer	PQ196539.1	Livsmedelsverket_rw_primer_inner2	5366	5388	-	2
primer	PQ196538.1	Livsmedelsverket_rw_primer_inner2	5366	5388	-	2
primer	PQ196537.1	Livsmedelsverket_rw_primer_inner2	5370	5392	-	2
primer	PQ196536.1	Livsmedelsverket_rw_primer_inner2	5370	5392	-	2
primer	PQ196534.1	Livsmedelsverket_rw_primer_inner2	5366	5388	-	2
primer	PQ196533.1	Livsmedelsverket_rw_primer_inner2	5370	5392	-	2
primer	PQ196532.1	Livsmedelsverket_rw_primer_inner2	5370	5392	-	2
primer	PQ196530.1	Livsmedelsverket_rw_primer_inner2	5366	5388	-	2
primer	PQ196529.1	Livsmedelsverket_rw_primer_inner2	5366	5388	-	2
primer	PQ196528.1	Livsmedelsverket_rw_primer_inner2	5366	5388	-	2
primer	PQ196526.1	Livsmedelsverket_rw_primer_inner2	5370	5392	-	2
primer	PQ196525.1	Livsmedelsverket_rw_primer_inner2	5370	5392	-	2
primer	PQ196523.1	Livsmedelsverket_rw_primer_inner2	5370	5392	-	2
primer	PQ196520.1	Livsmedelsverket_rw_primer_inner2	5370	5392	-	2
primer	PQ196518.1	Livsmedelsverket_rw_primer_inner2	5370	5392	-	2
primer	PQ196517.1	Livsmedelsverket_rw_primer_inner2	5370	5392	-	2
primer	PQ196516.1	Livsmedelsverket_rw_primer_inner2	5366	5388	-	2
primer	PQ196514.1	Livsmedelsverket_rw_primer_inner2	5366	5388	-	2
primer	PQ196512.1	Livsmedelsverket_rw_primer_inner2	5370	5392	-	2
primer	PQ196508.1	Livsmedelsverket_rw_primer_inner2	5366	5388	-	2
primer	MG002634.1	Livsmedelsverket_rw_primer_inner2	5365	5387	-	2
primer	MG002632.1	Livsmedelsverket_rw_primer_inner2	5365	5387	-	2
primer	MG214988.1	Livsmedelsverket_rw_primer_inner2	5370	5392	-	2
primer	MK756035.1	Livsmedelsverket_rw_primer_inner2	5368	5390	-	2
primer	MK756034.1	Livsmedelsverket_rw_primer_inner2	5370	5392	-	2
primer	MK754442.1	Livsmedelsverket_rw_primer_inner2	5369	5391	-	2
primer	MK752942.1	Livsmedelsverket_rw_primer_inner2	5369	5391	-	2
primer	MK752937.1	Livsmedelsverket_rw_primer_inner2	5369	5391	-	2
primer	MK752934.1	Livsmedelsverket_rw_primer_inner2	5366	5388	-	2
primer	MH041321.1	Livsmedelsverket_rw_primer_inner2	5366	5388	-	2
primer	MK764021.1	Livsmedelsverket_rw_primer_inner2	5370	5392	-	2
primer	MK764015.1	Livsmedelsverket_rw_primer_inner2	5369	5391	-	2
primer	MK764013.1	Livsmedelsverket_rw_primer_inner2	5369	5391	-	2
primer	MK762746.1	Livsmedelsverket_rw_primer_inner2	5369	5391	-	2
primer	MK762637.1	Livsmedelsverket_rw_primer_inner2	5368	5390	-	2
primer	MK762636.1	Livsmedelsverket_rw_primer_inner2	5370	5392	-	2
primer	MK762632.1	Livsmedelsverket_rw_primer_inner2	5367	5389	-	2
primer	MK762629.1	Livsmedelsverket_rw_primer_inner2	5369	5391	-	2
primer	MK762568.1	Livsmedelsverket_rw_primer_inner2	5366	5388	-	2
primer	MK762566.1	Livsmedelsverket_rw_primer_inner2	5366	5388	-	2
primer	MK762564.1	Livsmedelsverket_rw_primer_inner2	5366	5388	-	2
primer	MK762558.1	Livsmedelsverket_rw_primer_inner2	5366	5388	-	2
primer	MK773587.1	Livsmedelsverket_rw_primer_inner2	5370	5392	-	2
primer	MK773585.1	Livsmedelsverket_rw_primer_inner2	5367	5389	-	2
primer	MK775032.1	Livsmedelsverket_rw_primer_inner2	5369	5391	-	2
primer	MK614129.1	Livsmedelsverket_rw_primer_inner2	5366	5388	-	2
primer	MK614125.1	Livsmedelsverket_rw_primer_inner2	5366	5388	-	2
primer	MK614124.1	Livsmedelsverket_rw_primer_inner2	5366	5388	-	2
primer	MN308020.1	Livsmedelsverket_rw_primer_inner2	5369	5391	-	2
primer	MN308019.1	Livsmedelsverket_rw_primer_inner2	5369	5391	-	2
primer	MN308018.1	Livsmedelsverket_rw_primer_inner2	5369	5391	-	2
primer	MN308017.1	Livsmedelsverket_rw_primer_inner2	5369	5391	-	2
primer	MN308015.1	Livsmedelsverket_rw_primer_inner2	5369	5391	-	2
primer	MN308014.1	Livsmedelsverket_rw_primer_inner2	5369	5391	-	2
primer	MN308012.1	Livsmedelsverket_rw_primer_inner2	5369	5391	-	2
primer	MN308010.1	Livsmedelsverket_rw_primer_inner2	5369	5391	-	2
primer	MN308008.1	Livsmedelsverket_rw_primer_inner2	5369	5391	-	2
primer	MN308003.1	Livsmedelsverket_rw_primer_inner2	5369	5391	-	2
primer	MN308002.1	Livsmedelsverket_rw_primer_inner2	5369	5391	-	2
primer	MN308001.1	Livsmedelsverket_rw_primer_inner2	5369	5391	-	2
primer	MN307999.1	Livsmedelsverket_rw_primer_inner2	5369	5391	-	2
primer	MN307998.1	Livsmedelsverket_rw_primer_inner2	5369	5391	-	2
primer	MN307997.1	Livsmedelsverket_rw_primer_inner2	5369	5391	-	2
primer	MN307996.1	Livsmedelsverket_rw_primer_inner2	5369	5391	-	2
primer	MN307995.1	Livsmedelsverket_rw_primer_inner2	5369	5391	-	2
primer	MN307993.1	Livsmedelsverket_rw_primer_inner2	5369	5391	-	2
primer	MT158859.1	Livsmedelsverket_rw_primer_inner2	5366	5388	-	2
primer	MT158858.1	Livsmedelsverket_rw_primer_inner2	5366	5388	-	2
primer	MT158850.1	Livsmedelsverket_rw_primer_inner2	5360	5382	-	2
primer	MT218311.1	Livsmedelsverket_rw_primer_inner2	5369	5391	-	2
primer	MW661280.1	Livsmedelsverket_rw_primer_inner2	5369	5391	-	2
primer	MW661279.1	Livsmedelsverket_rw_primer_inner2	5366	5388	-	2
primer	MW661261.1	Livsmedelsverket_rw_primer_inner2	5366	5388	-	2
primer	MW661260.1	Livsmedelsverket_rw_primer_inner2	5369	5391	-	2
primer	MW661259.1	Livsmedelsverket_rw_primer_inner2	5369	5391	-	2
primer	MW661258.1	Livsmedelsverket_rw_primer_inner2	5367	5389	-	2
primer	MW661254.1	Livsmedelsverket_rw_primer_inner2	5369	5391	-	2
primer	MW661252.1	Livsmedelsverket_rw_primer_inner2	5367	5389	-	2
primer	MW661251.1	Livsmedelsverket_rw_primer_inner2	5369	5391	-	2
primer	MZ233435.1	Livsmedelsverket_rw_primer_inner2	5368	5390	-	2
primer	MZ265418.1	Livsmedelsverket_rw_primer_inner2	5364	5386	-	2
primer	ON706286.1	Livsmedelsverket_rw_primer_inner2	5360	5382	-	2
primer	PP498989.1	Livsmedelsverket_rw_primer_inner2	5366	5388	-	2
primer	PV746278.1	Livsmedelsverket_rw_primer_inner2	5370	5392	-	2
primer	PV746277.1	Livsmedelsverket_rw_primer_inner2	5370	5392	-	2
primer	PV746276.1	Livsmedelsverket_rw_primer_inner2	5370	5392	-	2
primer	KX586330.1	Livsmedelsverket_rw_primer_inner2	5366	5388	-	2
primer	KY210980.3	Livsmedelsverket_rw_primer_inner2	5366	5388	-	2
primer	KY496327.1	Livsmedelsverket_rw_primer_inner2	5370	5392	-	2
primer	LC769714.1	Livsmedelsverket_rw_primer_inner2	5358	5380	-	2
primer	LC769708.1	Livsmedelsverket_rw_primer_inner2	5370	5392	-	2
primer	LC769707.1	Livsmedelsverket_rw_primer_inner2	5358	5380	-	2
primer	LC769705.1	Livsmedelsverket_rw_primer_inner2	5361	5383	-	2
primer	LC769704.1	Livsmedelsverket_rw_primer_inner2	5369	5391	-	2
primer	LC769699.1	Livsmedelsverket_rw_primer_inner2	5333	5355	-	2
primer	LC769698.1	Livsmedelsverket_rw_primer_inner2	5362	5384	-	2
primer	LC769697.1	Livsmedelsverket_rw_primer_inner2	5370	5392	-	2
primer	LC769696.1	Livsmedelsverket_rw_primer_inner2	5357	5379	-	2
primer	LC769695.1	Livsmedelsverket_rw_primer_inner2	5362	5384	-	2
primer	LC769694.1	Livsmedelsverket_rw_primer_inner2	5370	5392	-	2
primer	LC769693.1	Livsmedelsverket_rw_primer_inner2	5360	5382	-	2
primer	LC769692.1	Livsmedelsverket_rw_primer_inner2	5349	5371	-	2
primer	LC769691.1	Livsmedelsverket_rw_primer_inner2	5356	5378	-	2
primer	LC769688.1	Livsmedelsverket_rw_primer_inner2	5359	5381	-	2
primer	LC769685.1	Livsmedelsverket_rw_primer_inner2	5370	5392	-	2
primer	LC769684.1	Livsmedelsverket_rw_primer_inner2	5356	5378	-	2
primer	LC769683.1	Livsmedelsverket_rw_primer_inner2	5359	5381	-	2
primer	MG746040.1	Livsmedelsverket_rw_primer_inner2	5370	5392	-	2
primer	MG746037.1	Livsmedelsverket_rw_primer_inner2	5370	5392	-	2
primer	MG746036.1	Livsmedelsverket_rw_primer_inner2	5370	5392	-	2
primer	MG746035.1	Livsmedelsverket_rw_primer_inner2	5370	5392	-	2
primer	MG746032.1	Livsmedelsverket_rw_primer_inner2	5370	5392	-	2
primer	MG746030.1	Livsmedelsverket_rw_primer_inner2	5370	5392	-	2
primer	MG746029.1	Livsmedelsverket_rw_primer_inner2	5370	5392	-	2
primer	MG746028.1	Livsmedelsverket_rw_primer_inner2	5370	5392	-	2
primer	MG746027.1	Livsmedelsverket_rw_primer_inner2	5370	5392	-	2
primer	MG746023.1	Livsmedelsverket_rw_primer_inner2	5370	5392	-	2
primer	MG746022.1	Livsmedelsverket_rw_primer_inner2	5370	5392	-	2
primer	MG746021.1	Livsmedelsverket_rw_primer_inner2	5370	5392	-	2
primer	MG746016.1	Livsmedelsverket_rw_primer_inner2	5370	5392	-	2
primer	MG746010.1	Livsmedelsverket_rw_primer_inner2	5370	5392	-	2
primer	MG746009.1	Livsmedelsverket_rw_primer_inner2	5370	5392	-	2
primer	MG746008.1	Livsmedelsverket_rw_primer_inner2	5370	5392	-	2
primer	MG746005.1	Livsmedelsverket_rw_primer_inner2	5370	5392	-	2
primer	MG746004.1	Livsmedelsverket_rw_primer_inner2	5370	5392	-	2
primer	MG746003.1	Livsmedelsverket_rw_primer_inner2	5370	5392	-	2
primer	MG745994.1	Livsmedelsverket_rw_primer_inner2	5370	5392	-	2
primer	MG745987.1	Livsmedelsverket_rw_primer_inner2	5370	5392	-	2
primer	MG745986.1	Livsmedelsverket_rw_primer_inner2	5370	5392	-	2
primer	MG745985.1	Livsmedelsverket_rw_primer_inner2	5370	5392	-	2
primer	MG892974.3	Livsmedelsverket_rw_primer_inner2	5366	5388	-	2
primer	MG892929.3	Livsmedelsverket_rw_primer_inner2	5370	5392	-	2
primer	MH218719.1	Livsmedelsverket_rw_primer_inner2	5364	5386	-	2
primer	MH218715.1	Livsmedelsverket_rw_primer_inner2	5370	5392	-	2
primer	MH218711.1	Livsmedelsverket_rw_primer_inner2	5370	5392	-	2
primer	MH218710.1	Livsmedelsverket_rw_primer_inner2	5370	5392	-	2
primer	MH218709.1	Livsmedelsverket_rw_primer_inner2	5370	5392	-	2
primer	MH218708.1	Livsmedelsverket_rw_primer_inner2	5370	5392	-	2
primer	MH218705.1	Livsmedelsverket_rw_primer_inner2	5370	5392	-	2
primer	MH218702.1	Livsmedelsverket_rw_primer_inner2	5370	5392	-	2
primer	MH218701.1	Livsmedelsverket_rw_primer_inner2	5370	5392	-	2
primer	MH218700.1	Livsmedelsverket_rw_primer_inner2	5370	5392	-	2
primer	MH218699.1	Livsmedelsverket_rw_primer_inner2	5370	5392	-	2
primer	MH218694.1	Livsmedelsverket_rw_primer_inner2	5370	5392	-	2
primer	MH218687.1	Livsmedelsverket_rw_primer_inner2	5364	5386	-	2
primer	MH218685.1	Livsmedelsverket_rw_primer_inner2	5370	5392	-	2
primer	MH218684.1	Livsmedelsverket_rw_primer_inner2	5370	5392	-	2
primer	MH218663.1	Livsmedelsverket_rw_primer_inner2	5370	5392	-	2
primer	MH218662.1	Livsmedelsverket_rw_primer_inner2	5370	5392	-	2
primer	MH218650.1	Livsmedelsverket_rw_primer_inner2	5364	5386	-	2
primer	MH218644.1	Livsmedelsverket_rw_primer_inner2	5364	5386	-	2
primer	MH218643.1	Livsmedelsverket_rw_primer_inner2	5364	5386	-	2
primer	MH218640.1	Livsmedelsverket_rw_primer_inner2	5364	5386	-	2
primer	MH218639.1	Livsmedelsverket_rw_primer_inner2	5364	5386	-	2
primer	MH218638.1	Livsmedelsverket_rw_primer_inner2	5370	5392	-	2
primer	MH218637.1	Livsmedelsverket_rw_primer_inner2	5370	5392	-	2
primer	MH218635.1	Livsmedelsverket_rw_primer_inner2	5370	5392	-	2
primer	MH218634.1	Livsmedelsverket_rw_primer_inner2	5370	5392	-	2
primer	MH218632.1	Livsmedelsverket_rw_primer_inner2	5370	5392	-	2
primer	MH218631.1	Livsmedelsverket_rw_primer_inner2	5370	5392	-	2
primer	MH218629.1	Livsmedelsverket_rw_primer_inner2	5370	5392	-	2
primer	MH218628.1	Livsmedelsverket_rw_primer_inner2	5370	5392	-	2
primer	MH218627.1	Livsmedelsverket_rw_primer_inner2	5370	5392	-	2
primer	MH218626.1	Livsmedelsverket_rw_primer_inner2	5370	5392	-	2
primer	MH218625.1	Livsmedelsverket_rw_primer_inner2	5370	5392	-	2
primer	MH218624.1	Livsmedelsverket_rw_primer_inner2	5370	5392	-	2
primer	MH218623.1	Livsmedelsverket_rw_primer_inner2	5370	5392	-	2
primer	MH218622.1	Livsmedelsverket_rw_primer_inner2	5370	5392	-	2
primer	MH218621.1	Livsmedelsverket_rw_primer_inner2	5370	5392	-	2
primer	MH218620.1	Livsmedelsverket_rw_primer_inner2	5370	5392	-	2
primer	MH218616.1	Livsmedelsverket_rw_primer_inner2	5370	5392	-	2
primer	MH218615.1	Livsmedelsverket_rw_primer_inner2	5370	5392	-	2
primer	MH218614.1	Livsmedelsverket_rw_primer_inner2	5370	5392	-	2
primer	MH218608.1	Livsmedelsverket_rw_primer_inner2	5370	5392	-	2
primer	MH218605.1	Livsmedelsverket_rw_primer_inner2	5370	5392	-	2
primer	MH413070.1	Livsmedelsverket_rw_primer_inner2	5368	5390	-	2
primer	MH979230.1	Livsmedelsverket_rw_primer_inner2	5373	5395	-	2
primer	MK629457.1	Livsmedelsverket_rw_primer_inner2	5370	5392	-	2
primer	MK934772.1	Livsmedelsverket_rw_primer_inner2	5370	5392	-	2
primer	MK789435.1	Livsmedelsverket_rw_primer_inner2	5370	5392	-	2
primer	MK773584.1	Livsmedelsverket_rw_primer_inner2	5370	5392	-	2
primer	MK764016.1	Livsmedelsverket_rw_primer_inner2	5370	5392	-	2
primer	MK762638.1	Livsmedelsverket_rw_primer_inner2	5370	5392	-	2
primer	MK762635.1	Livsmedelsverket_rw_primer_inner2	5370	5392	-	2
primer	MK762624.1	Livsmedelsverket_rw_primer_inner2	5370	5392	-	2
primer	MK762621.1	Livsmedelsverket_rw_primer_inner2	5370	5392	-	2
primer	MK753032.1	Livsmedelsverket_rw_primer_inner2	5370	5392	-	2
primer	MK752938.1	Livsmedelsverket_rw_primer_inner2	5370	5392	-	2
primer	MK752936.1	Livsmedelsverket_rw_primer_inner2	5370	5392	-	2
primer	MN525276.1	Livsmedelsverket_rw_primer_inner2	5370	5392	-	2
primer	MN453358.1	Livsmedelsverket_rw_primer_inner2	5361	5383	-	2
primer	MT238671.1	Livsmedelsverket_rw_primer_inner2	5370	5392	-	2
primer	MT232050.1	Livsmedelsverket_rw_primer_inner2	5370	5392	-	2
primer	MT031821.1	Livsmedelsverket_rw_primer_inner2	5370	5392	-	2
primer	MT031761.1	Livsmedelsverket_rw_primer_inner2	5370	5392	-	2
primer	MT029316.1	Livsmedelsverket_rw_primer_inner2	5370	5392	-	2
primer	MT028542.1	Livsmedelsverket_rw_primer_inner2	5370	5392	-	2
primer	MN897756.1	Livsmedelsverket_rw_primer_inner2	5370	5392	-	2
primer	MN897755.1	Livsmedelsverket_rw_primer_inner2	5370	5392	-	2
primer	MN897754.1	Livsmedelsverket_rw_primer_inner2	5370	5392	-	2
primer	MT726225.1	Livsmedelsverket_rw_primer_inner2	5370	5392	-	2
primer	MT712157.1	Livsmedelsverket_rw_primer_inner2	5370	5392	-	2
primer	MW243610.2	Livsmedelsverket_rw_primer_inner2	5364	5386	-	2
primer	MW661284.1	Livsmedelsverket_rw_primer_inner2	5364	5386	-	2
primer	MW661282.1	Livsmedelsverket_rw_primer_inner2	5370	5392	-	2
primer	MW661281.1	Livsmedelsverket_rw_primer_inner2	5370	5392	-	2
primer	MW661278.1	Livsmedelsverket_rw_primer_inner2	5370	5392	-	2
primer	MW661264.1	Livsmedelsverket_rw_primer_inner2	5370	5392	-	2
primer	MZ233536.1	Livsmedelsverket_rw_primer_inner2	5370	5392	-	2
primer	MW981327.1	Livsmedelsverket_rw_primer_inner2	5370	5392	-	2
primer	NC_039477.1	Livsmedelsverket_rw_primer_inner2	5370	5392	-	2
primer	OL943800.1	Livsmedelsverket_rw_primer_inner2	5370	5392	-	2
primer	OL898512.1	Livsmedelsverket_rw_primer_inner2	5370	5392	-	2
primer	OL898510.1	Livsmedelsverket_rw_primer_inner2	5370	5392	-	2
primer	OL898509.1	Livsmedelsverket_rw_primer_inner2	5370	5392	-	2
primer	OL898508.1	Livsmedelsverket_rw_primer_inner2	5370	5392	-	2
primer	ON329737.1	Livsmedelsverket_rw_primer_inner2	5370	5392	-	2
primer	OP037983.1	Livsmedelsverket_rw_primer_inner2	5370	5392	-	2
primer	OP037982.1	Livsmedelsverket_rw_primer_inner2	5370	5392	-	2
primer	OP037981.1	Livsmedelsverket_rw_primer_inner2	5370	5392	-	2
primer	OP037980.1	Livsmedelsverket_rw_primer_inner2	5370	5392	-	2
primer	OP037979.1	Livsmedelsverket_rw_primer_inner2	5370	5392	-	2
primer	OP037978.1	Livsmedelsverket_rw_primer_inner2	5370	5392	-	2
primer	OP037977.1	Livsmedelsverket_rw_primer_inner2	5370	5392	-	2
primer	OP037976.1	Livsmedelsverket_rw_primer_inner2	5370	5392	-	2
primer	OP712198.1	Livsmedelsverket_rw_primer_inner2	5370	5392	-	2
primer	OP901694.1	Livsmedelsverket_rw_primer_inner2	5370	5392	-	2
primer	OQ940082.1	Livsmedelsverket_rw_primer_inner2	5370	5392	-	2
primer	OQ940081.1	Livsmedelsverket_rw_primer_inner2	5370	5392	-	2
primer	OQ940080.1	Livsmedelsverket_rw_primer_inner2	5370	5392	-	2
primer	OQ940079.1	Livsmedelsverket_rw_primer_inner2	5370	5392	-	2
primer	OQ940078.1	Livsmedelsverket_rw_primer_inner2	5370	5392	-	2
primer	OQ940077.1	Livsmedelsverket_rw_primer_inner2	5370	5392	-	2
primer	OQ940076.1	Livsmedelsverket_rw_primer_inner2	5370	5392	-	2
primer	OQ940075.1	Livsmedelsverket_rw_primer_inner2	5370	5392	-	2
primer	OQ940074.1	Livsmedelsverket_rw_primer_inner2	5370	5392	-	2
primer	OQ940072.1	Livsmedelsverket_rw_primer_inner2	5370	5392	-	2
primer	OQ940071.1	Livsmedelsverket_rw_primer_inner2	5370	5392	-	2
primer	OQ940070.1	Livsmedelsverket_rw_primer_inner2	5370	5392	-	2
primer	OQ940069.1	Livsmedelsverket_rw_primer_inner2	5370	5392	-	2
primer	OQ940068.1	Livsmedelsverket_rw_primer_inner2	5370	5392	-	2
primer	OR844382.1	Livsmedelsverket_rw_primer_inner2	5370	5392	-	2
primer	OR844381.1	Livsmedelsverket_rw_primer_inner2	5370	5392	-	2
primer	OR844380.1	Livsmedelsverket_rw_primer_inner2	5370	5392	-	2
primer	OR844379.1	Livsmedelsverket_rw_primer_inner2	5370	5392	-	2
primer	OR844378.1	Livsmedelsverket_rw_primer_inner2	5370	5392	-	2
primer	OR844377.1	Livsmedelsverket_rw_primer_inner2	5370	5392	-	2
primer	OR844376.1	Livsmedelsverket_rw_primer_inner2	5370	5392	-	2
primer	OR844375.1	Livsmedelsverket_rw_primer_inner2	5370	5392	-	2
primer	OR844374.1	Livsmedelsverket_rw_primer_inner2	5370	5392	-	2
primer	OR844373.1	Livsmedelsverket_rw_primer_inner2	5370	5392	-	2
primer	OR844372.1	Livsmedelsverket_rw_primer_inner2	5370	5392	-	2
primer	OR844371.1	Livsmedelsverket_rw_primer_inner2	5370	5392	-	2
primer	OR844370.1	Livsmedelsverket_rw_primer_inner2	5370	5392	-	2
primer	PP658553.1	Livsmedelsverket_rw_primer_inner2	5370	5392	-	2
primer	PP658552.1	Livsmedelsverket_rw_primer_inner2	5370	5392	-	2
primer	PP498988.1	Livsmedelsverket_rw_primer_inner2	5372	5394	-	2
primer	PP498987.1	Livsmedelsverket_rw_primer_inner2	5370	5392	-	2
primer	PP498986.1	Livsmedelsverket_rw_primer_inner2	5370	5392	-	2
primer	PQ218468.1	Livsmedelsverket_rw_primer_inner2	5370	5392	-	2
primer	PQ215575.1	Livsmedelsverket_rw_primer_inner2	5370	5392	-	2
primer	PQ215546.1	Livsmedelsverket_rw_primer_inner2	5370	5392	-	2
primer	PQ215545.1	Livsmedelsverket_rw_primer_inner2	5370	5392	-	2
primer	PQ215544.1	Livsmedelsverket_rw_primer_inner2	5370	5392	-	2
primer	PQ215543.1	Livsmedelsverket_rw_primer_inner2	5370	5392	-	2
primer	PQ215542.1	Livsmedelsverket_rw_primer_inner2	5370	5392	-	2
primer	PQ215541.1	Livsmedelsverket_rw_primer_inner2	5370	5392	-	2
primer	PQ215540.1	Livsmedelsverket_rw_primer_inner2	5370	5392	-	2
primer	PQ215539.1	Livsmedelsverket_rw_primer_inner2	5370	5392	-	2
primer	PQ215538.1	Livsmedelsverket_rw_primer_inner2	5370	5392	-	2
primer	PQ215528.1	Livsmedelsverket_rw_primer_inner2	5370	5392	-	2
primer	PQ215525.1	Livsmedelsverket_rw_primer_inner2	5370	5392	-	2
primer	PV275062.1	Livsmedelsverket_rw_primer_inner2	5388	5410	-	2
primer	PV275060.1	Livsmedelsverket_rw_primer_inner2	5370	5392	-	2
primer	PV275052.1	Livsmedelsverket_rw_primer_inner2	5370	5392	-	2
primer	PV275046.1	Livsmedelsverket_rw_primer_inner2	5370	5392	-	2
primer	PV275044.1	Livsmedelsverket_rw_primer_inner2	5370	5392	-	2
primer	PV275040.1	Livsmedelsverket_rw_primer_inner2	5370	5392	-	2
primer	PX563327.1	Livsmedelsverket_rw_primer_inner2	5370	5392	-	2
primer	PX285874.1	Livsmedelsverket_rw_primer_inner2	5370	5392	-	2
primer	PX631121.1	Livsmedelsverket_rw_primer_inner2	5370	5392	-	2
primer	LC597124.1	Livsmedelsverket_rw_primer_inner3	5356	5378	-	1
primer	LC597121.1	Livsmedelsverket_rw_primer_inner3	5364	5386	-	1
primer	MH218641.1	Livsmedelsverket_rw_primer_inner3	5364	5386	-	1
primer	OP712196.1	Livsmedelsverket_rw_primer_inner3	5364	5386	-	1
primer	OP901692.1	Livsmedelsverket_rw_primer_inner3	5364	5386	-	1
primer	OR069405.1	Livsmedelsverket_rw_primer_inner3	5360	5382	-	2
primer	OR065073.1	Livsmedelsverket_rw_primer_inner3	5402	5424	-	2
primer	OR713748.1	Livsmedelsverket_rw_primer_inner3	5366	5388	-	2
primer	PV174245.1	Livsmedelsverket_rw_primer_inner3	5360	5382	-	2
primer	PV174244.1	Livsmedelsverket_rw_primer_inner3	5366	5388	-	2
primer	PV174243.1	Livsmedelsverket_rw_primer_inner3	5366	5388	-	2
primer	PV174239.1	Livsmedelsverket_rw_primer_inner3	5360	5382	-	2
primer	MH218719.1	Livsmedelsverket_rw_primer_inner3	5364	5386	-	2
primer	MH218687.1	Livsmedelsverket_rw_primer_inner3	5364	5386	-	2
primer	MH218673.1	Livsmedelsverket_rw_primer_inner3	5364	5386	-	2
primer	MH218666.1	Livsmedelsverket_rw_primer_inner3	5364	5386	-	2
primer	MH218650.1	Livsmedelsverket_rw_primer_inner3	5364	5386	-	2
primer	MH218645.1	Livsmedelsverket_rw_primer_inner3	5364	5386	-	2
primer	MH218644.1	Livsmedelsverket_rw_primer_inner3	5364	5386	-	2
primer	MH218643.1	Livsmedelsverket_rw_primer_inner3	5364	5386	-	2
primer	MH218640.1	Livsmedelsverket_rw_primer_inner3	5364	5386	-	2
primer	MH218639.1	Livsmedelsverket_rw_primer_inner3	5364	5386	-	2
primer	MW305737.1	Livsmedelsverket_rw_primer_inner3	5364	5386	-	2
primer	NC_040876.1	Livsmedelsverket_rw_primer_inner3	5364	5386	-	2
primer	OR065073.1	Livsmedelsverket_rw_primer_inner4	5402	5424	-	1
primer	PV174245.1	Livsmedelsverket_rw_primer_inner4	5360	5382	-	1
primer	PV174244.1	Livsmedelsverket_rw_primer_inner4	5366	5388	-	1
primer	PV174243.1	Livsmedelsverket_rw_primer_inner4	5366	5388	-	1
primer	PV174239.1	Livsmedelsverket_rw_primer_inner4	5360	5382	-	1
primer	MH218719.1	Livsmedelsverket_rw_primer_inner4	5364	5386	-	1
primer	MH218644.1	Livsmedelsverket_rw_primer_inner4	5364	5386	-	1
primer	MH218643.1	Livsmedelsverket_rw_primer_inner4	5364	5386	-	1
primer	MH218640.1	Livsmedelsverket_rw_primer_inner4	5364	5386	-	1
primer	OR084258.1	Livsmedelsverket_rw_primer_inner4	5370	5392	-	2
primer	PQ641315.1	Livsmedelsverket_rw_primer_inner4	5402	5424	-	2
primer	MW009072.1	Livsmedelsverket_rw_primer_inner4	5405	5427	-	2
primer	MW009068.1	Livsmedelsverket_rw_primer_inner4	5405	5427	-	2
primer	LC597124.1	Livsmedelsverket_rw_primer_inner4	5356	5378	-	2
primer	LC597121.1	Livsmedelsverket_rw_primer_inner4	5364	5386	-	2
primer	MZ265142.1	Livsmedelsverket_rw_primer_inner4	5406	5428	-	2
primer	HM596590.4	Livsmedelsverket_rw_primer_inner4	5367	5389	-	2
primer	MH218733.1	Livsmedelsverket_rw_primer_inner4	5370	5392	-	2
primer	MH218706.1	Livsmedelsverket_rw_primer_inner4	5370	5392	-	2
primer	MH218674.1	Livsmedelsverket_rw_primer_inner4	5370	5392	-	2
primer	MH218641.1	Livsmedelsverket_rw_primer_inner4	5364	5386	-	2
primer	MH218571.1	Livsmedelsverket_rw_primer_inner4	5370	5392	-	2
primer	OP712196.1	Livsmedelsverket_rw_primer_inner4	5364	5386	-	2
primer	OP690426.1	Livsmedelsverket_rw_primer_inner4	5364	5386	-	2
primer	OP690425.1	Livsmedelsverket_rw_primer_inner4	5364	5386	-	2
primer	OP901692.1	Livsmedelsverket_rw_primer_inner4	5364	5386	-	2
primer	PQ273187.1	Livsmedelsverket_rw_primer_inner4	5364	5386	-	2
