accession,rdrp_start,rdrp_end,rdrp_source,vp1_start,vp1_end,has_overlap,overlap
PZ418323.1,3502.0,5031.0,annotated_rdrp,5015.0,6637.0,True,17
PZ336229.1,3546.0,5075.0,annotated_rdrp,5059.0,6675.0,True,17
PZ336226.1,3546.0,5075.0,annotated_rdrp,5059.0,6675.0,True,17
PZ336224.1,3546.0,5075.0,annotated_rdrp,5059.0,6675.0,True,17
PZ336222.1,3546.0,5075.0,annotated_rdrp,5059.0,6675.0,True,17
PZ336220.1,3546.0,5075.0,annotated_rdrp,5059.0,6675.0,True,17
PZ336219.1,3546.0,5075.0,annotated_rdrp,5059.0,6675.0,True,17
PZ336218.1,3537.0,5066.0,annotated_rdrp,5050.0,6672.0,True,17
PZ336215.1,3537.0,5066.0,annotated_rdrp,5050.0,6672.0,True,17
PZ336214.1,3537.0,5066.0,annotated_rdrp,5050.0,6672.0,True,17
PZ336212.1,3546.0,5075.0,annotated_rdrp,5059.0,6675.0,True,17
PZ336211.1,3537.0,5066.0,annotated_rdrp,5050.0,6672.0,True,17
PZ336210.1,3546.0,5075.0,annotated_rdrp,5059.0,6675.0,True,17
PX925260.1,3572.0,5101.0,annotated_rdrp,5085.0,6707.0,True,17
PX925254.1,3572.0,5101.0,annotated_rdrp,5085.0,6707.0,True,17
PX925253.1,3572.0,5101.0,annotated_rdrp,5085.0,6707.0,True,17
PZ240518.1,3567.0,5096.0,annotated_rdrp,5080.0,6687.0,True,17
PZ240517.1,3564.0,5093.0,annotated_rdrp,5077.0,6684.0,True,17
PZ240516.1,3566.0,5095.0,annotated_rdrp,5079.0,6707.0,True,17
PZ240515.1,3566.0,5095.0,annotated_rdrp,5079.0,6707.0,True,17
PZ240514.1,3493.0,5022.0,annotated_rdrp,5006.0,6613.0,True,17
PZ240513.1,3503.0,5032.0,annotated_rdrp,5016.0,6638.0,True,17
PZ240512.1,3526.0,5055.0,annotated_rdrp,5039.0,6667.0,True,17
PZ240511.1,3561.0,5090.0,annotated_rdrp,5074.0,6696.0,True,17
PZ240510.1,3572.0,5101.0,annotated_rdrp,5085.0,6707.0,True,17
PZ240509.1,3561.0,5090.0,annotated_rdrp,5074.0,6696.0,True,17
PZ240508.1,3572.0,5101.0,annotated_rdrp,5085.0,6707.0,True,17
PZ240507.1,3563.0,5092.0,annotated_rdrp,5076.0,6698.0,True,17
PZ240506.1,3569.0,5098.0,annotated_rdrp,5082.0,6704.0,True,17
PZ240505.1,3571.0,5100.0,annotated_rdrp,5084.0,6706.0,True,17
PZ240504.1,3561.0,5090.0,annotated_rdrp,5074.0,6696.0,True,17
PZ240503.1,3572.0,5101.0,annotated_rdrp,5085.0,6707.0,True,17
PZ240502.1,3572.0,5101.0,annotated_rdrp,5085.0,6707.0,True,17
PZ240501.1,3568.0,5097.0,annotated_rdrp,5081.0,6703.0,True,17
PZ240500.1,3572.0,5101.0,annotated_rdrp,5085.0,6707.0,True,17
PZ240499.1,3572.0,5101.0,annotated_rdrp,5085.0,6707.0,True,17
PZ240498.1,3570.0,5099.0,annotated_rdrp,5083.0,6705.0,True,17
PZ240497.1,3572.0,5101.0,annotated_rdrp,5085.0,6707.0,True,17
PZ240496.1,3572.0,5101.0,annotated_rdrp,5085.0,6707.0,True,17
PZ240495.1,3572.0,5101.0,annotated_rdrp,5085.0,6707.0,True,17
PZ240494.1,3557.0,5086.0,annotated_rdrp,5070.0,6692.0,True,17
PZ240493.1,3567.0,5096.0,annotated_rdrp,5080.0,6702.0,True,17
PZ240492.1,3572.0,5101.0,annotated_rdrp,5085.0,6707.0,True,17
PZ240491.1,3567.0,5096.0,annotated_rdrp,5080.0,6702.0,True,17
PZ240490.1,3572.0,5101.0,annotated_rdrp,5085.0,6707.0,True,17
PZ240489.1,3572.0,5101.0,annotated_rdrp,5085.0,6707.0,True,17
PZ240488.1,3572.0,5101.0,annotated_rdrp,5085.0,6707.0,True,17
PZ240487.1,3569.0,5098.0,annotated_rdrp,5082.0,6704.0,True,17
PZ240486.1,3567.0,5096.0,annotated_rdrp,5080.0,6702.0,True,17
PZ240485.1,3572.0,5101.0,annotated_rdrp,5085.0,6707.0,True,17
PZ240484.1,3572.0,5101.0,annotated_rdrp,5085.0,6707.0,True,17
PZ240483.1,3572.0,5101.0,annotated_rdrp,5085.0,6707.0,True,17
PZ240482.1,3572.0,5101.0,annotated_rdrp,5085.0,6707.0,True,17
PZ240481.1,3572.0,5101.0,annotated_rdrp,5085.0,6707.0,True,17
PZ240480.1,3569.0,5098.0,annotated_rdrp,5082.0,6704.0,True,17
PZ240479.1,3572.0,5101.0,annotated_rdrp,5085.0,6707.0,True,17
PZ240478.1,3569.0,5098.0,annotated_rdrp,5082.0,6704.0,True,17
PZ240477.1,3572.0,5101.0,annotated_rdrp,5085.0,6707.0,True,17
PZ240476.1,3569.0,5098.0,annotated_rdrp,5082.0,6704.0,True,17
PZ240475.1,3572.0,5101.0,annotated_rdrp,5085.0,6707.0,True,17
PZ240474.1,3572.0,5101.0,annotated_rdrp,5085.0,6707.0,True,17
PZ240473.1,3572.0,5101.0,annotated_rdrp,5085.0,6707.0,True,17
PZ240472.1,3572.0,5101.0,annotated_rdrp,5085.0,6707.0,True,17
PZ240471.1,3572.0,5101.0,annotated_rdrp,5085.0,6707.0,True,17
PZ240470.1,3572.0,5101.0,annotated_rdrp,5085.0,6707.0,True,17
PZ240469.1,3572.0,5101.0,annotated_rdrp,5085.0,6707.0,True,17
PZ240468.1,3572.0,5101.0,annotated_rdrp,5085.0,6707.0,True,17
PZ240467.1,3544.0,5073.0,annotated_rdrp,5057.0,6709.0,True,17
PZ240466.1,3500.0,5029.0,annotated_rdrp,5013.0,6665.0,True,17
PZ240465.1,3558.0,5087.0,annotated_rdrp,5071.0,6723.0,True,17
PZ240464.1,3522.0,5051.0,annotated_rdrp,5035.0,6687.0,True,17
PZ240463.1,3544.0,5073.0,annotated_rdrp,5057.0,6709.0,True,17
PZ239816.1,1.0,282.0,annotated_rdrp,266.0,1888.0,True,17
PZ234825.1,3577.0,5106.0,annotated_rdrp,5090.0,6706.0,True,17
PZ234824.1,3576.0,5105.0,annotated_rdrp,5089.0,6705.0,True,17
PZ234823.1,3576.0,5105.0,annotated_rdrp,5089.0,6705.0,True,17
PZ234822.1,3563.0,5092.0,annotated_rdrp,5076.0,6692.0,True,17
PZ234821.1,3553.0,5082.0,annotated_rdrp,5066.0,6682.0,True,17
PZ234820.1,3576.0,5105.0,annotated_rdrp,5089.0,6705.0,True,17
PZ234819.1,3553.0,5082.0,annotated_rdrp,5066.0,6682.0,True,17
PZ234818.1,3552.0,5081.0,annotated_rdrp,5065.0,6681.0,True,17
PZ234817.1,3568.0,5097.0,annotated_rdrp,5081.0,6697.0,True,17
PZ234816.1,3576.0,5105.0,annotated_rdrp,5089.0,6705.0,True,17
PZ234815.1,3576.0,5105.0,annotated_rdrp,5089.0,6705.0,True,17
PZ234814.1,3553.0,5082.0,annotated_rdrp,5066.0,6682.0,True,17
PZ234813.1,3576.0,5105.0,annotated_rdrp,5089.0,6705.0,True,17
PZ234812.1,3577.0,5106.0,annotated_rdrp,5090.0,6706.0,True,17
PZ234811.1,3577.0,5106.0,annotated_rdrp,5090.0,6706.0,True,17
PZ234810.1,3576.0,5105.0,annotated_rdrp,5089.0,6705.0,True,17
PZ234809.1,3548.0,5077.0,annotated_rdrp,5061.0,6677.0,True,17
PZ234808.1,3545.0,5074.0,annotated_rdrp,5058.0,6674.0,True,17
PZ234807.1,3576.0,5105.0,annotated_rdrp,5089.0,6711.0,True,17
PZ234806.1,3576.0,5105.0,annotated_rdrp,5089.0,6711.0,True,17
PZ234805.1,3545.0,5074.0,annotated_rdrp,5058.0,6674.0,True,17
PZ234804.1,3545.0,5074.0,annotated_rdrp,5058.0,6674.0,True,17
PZ234803.1,3538.0,5067.0,annotated_rdrp,5051.0,6667.0,True,17
PZ234802.1,3576.0,5105.0,annotated_rdrp,5089.0,6705.0,True,17
PZ234801.1,3559.0,5088.0,annotated_rdrp,5072.0,6688.0,True,17
PZ234800.1,3551.0,5080.0,annotated_rdrp,5064.0,6680.0,True,17
PZ234799.1,3538.0,5067.0,annotated_rdrp,5051.0,6667.0,True,17
PZ234798.1,3538.0,5067.0,annotated_rdrp,5051.0,6673.0,True,17
PZ234797.1,3559.0,5088.0,annotated_rdrp,5072.0,6688.0,True,17
PZ234796.1,3576.0,5105.0,annotated_rdrp,5089.0,6705.0,True,17
PZ234795.1,3559.0,5088.0,annotated_rdrp,5072.0,6688.0,True,17
PZ234794.1,3577.0,5106.0,annotated_rdrp,5090.0,6706.0,True,17
PZ234793.1,3557.0,5086.0,annotated_rdrp,5070.0,6686.0,True,17
PZ234792.1,3559.0,5088.0,annotated_rdrp,5072.0,6688.0,True,17
PZ234791.1,3576.0,5105.0,annotated_rdrp,5089.0,6705.0,True,17
PZ234790.1,3577.0,5106.0,annotated_rdrp,5090.0,6706.0,True,17
PZ234789.1,3576.0,5105.0,annotated_rdrp,5089.0,6705.0,True,17
PZ234788.1,3577.0,5106.0,annotated_rdrp,5090.0,6706.0,True,17
PZ234787.1,3576.0,5105.0,annotated_rdrp,5089.0,6705.0,True,17
PZ234786.1,3548.0,5077.0,annotated_rdrp,5061.0,6677.0,True,17
PZ234785.1,3552.0,5081.0,annotated_rdrp,5065.0,6681.0,True,17
PZ234784.1,3576.0,5105.0,annotated_rdrp,5089.0,6705.0,True,17
PZ234783.1,3576.0,5105.0,annotated_rdrp,5089.0,6711.0,True,17
PZ234782.1,3577.0,5106.0,annotated_rdrp,5090.0,6706.0,True,17
PZ234781.1,3577.0,5106.0,annotated_rdrp,5090.0,6706.0,True,17
PZ234780.1,3576.0,5105.0,annotated_rdrp,5089.0,6705.0,True,17
PZ234779.1,3559.0,5088.0,annotated_rdrp,5072.0,6688.0,True,17
PZ234778.1,3577.0,5106.0,annotated_rdrp,5090.0,6706.0,True,17
PZ234777.1,3538.0,5067.0,annotated_rdrp,5051.0,6667.0,True,17
PZ234776.1,3559.0,5088.0,annotated_rdrp,5072.0,6694.0,True,17
PZ234775.1,3581.0,5110.0,annotated_rdrp,5094.0,6716.0,True,17
PZ234774.1,3553.0,5082.0,annotated_rdrp,5066.0,6688.0,True,17
PZ234773.1,3562.0,5091.0,annotated_rdrp,5075.0,6697.0,True,17
PZ234772.1,3581.0,5110.0,annotated_rdrp,5094.0,6716.0,True,17
PZ234771.1,3572.0,5101.0,annotated_rdrp,5085.0,6707.0,True,17
PZ234770.1,3576.0,5105.0,annotated_rdrp,5089.0,6711.0,True,17
PZ234769.1,3581.0,5110.0,annotated_rdrp,5094.0,6716.0,True,17
PZ234768.1,3559.0,5088.0,annotated_rdrp,5072.0,6694.0,True,17
PZ234767.1,3576.0,5105.0,annotated_rdrp,5089.0,6711.0,True,17
PZ234766.1,3547.0,5076.0,annotated_rdrp,5060.0,6682.0,True,17
PZ234765.1,3545.0,5074.0,annotated_rdrp,5058.0,6680.0,True,17
PZ234764.1,3576.0,5105.0,annotated_rdrp,5089.0,6711.0,True,17
PZ234763.1,3576.0,5105.0,annotated_rdrp,5089.0,6711.0,True,17
PZ234762.1,3581.0,5110.0,annotated_rdrp,5094.0,6716.0,True,17
PZ234761.1,3576.0,5105.0,annotated_rdrp,5089.0,6711.0,True,17
PZ234760.1,3545.0,5074.0,annotated_rdrp,5058.0,6680.0,True,17
PZ234759.1,3576.0,5105.0,annotated_rdrp,5089.0,6711.0,True,17
PZ234758.1,3576.0,5105.0,annotated_rdrp,5089.0,6711.0,True,17
PZ234757.1,3568.0,5097.0,annotated_rdrp,5081.0,6703.0,True,17
PZ234756.1,3552.0,5081.0,annotated_rdrp,5065.0,6687.0,True,17
PZ234755.1,3576.0,5105.0,annotated_rdrp,5089.0,6711.0,True,17
PZ231306.1,3533.0,5062.0,annotated_rdrp,5046.0,6692.0,True,17
PZ231305.1,3504.0,5033.0,annotated_rdrp,5017.0,6663.0,True,17
PZ231304.1,3529.0,5058.0,annotated_rdrp,5042.0,6688.0,True,17
PZ231303.1,3503.0,5032.0,annotated_rdrp,5016.0,6662.0,True,17
PZ231302.1,3503.0,5032.0,annotated_rdrp,5016.0,6662.0,True,17
PZ231301.1,3503.0,5032.0,annotated_rdrp,5016.0,6662.0,True,17
PZ231300.1,3503.0,5032.0,annotated_rdrp,5016.0,6662.0,True,17
PZ231299.1,3560.0,5089.0,annotated_rdrp,5073.0,6719.0,True,17
PZ231298.1,3528.0,5057.0,annotated_rdrp,5041.0,6687.0,True,17
PZ231297.1,3496.0,5025.0,annotated_rdrp,5009.0,6655.0,True,17
PZ231296.1,3560.0,5089.0,annotated_rdrp,5073.0,6719.0,True,17
PZ231295.1,3560.0,5089.0,annotated_rdrp,5073.0,6719.0,True,17
PZ231294.1,3516.0,5045.0,annotated_rdrp,5029.0,6675.0,True,17
PZ221930.1,3568.0,5097.0,annotated_rdrp,5081.0,6727.0,True,17
PZ221929.1,3570.0,5099.0,annotated_rdrp,5083.0,6729.0,True,17
PZ221928.1,3570.0,5099.0,annotated_rdrp,5083.0,6729.0,True,17
PZ221927.1,3572.0,5101.0,annotated_rdrp,5085.0,6731.0,True,17
PZ221926.1,3561.0,5090.0,annotated_rdrp,5074.0,6720.0,True,17
PZ221925.1,3568.0,5097.0,annotated_rdrp,5081.0,6727.0,True,17
PZ221924.1,3570.0,5099.0,annotated_rdrp,5083.0,6729.0,True,17
PZ221923.1,3565.0,5094.0,annotated_rdrp,5078.0,6724.0,True,17
PZ221922.1,3572.0,5101.0,annotated_rdrp,5085.0,6731.0,True,17
PZ221920.1,3563.0,5092.0,annotated_rdrp,5076.0,6722.0,True,17
PZ221919.1,3568.0,5097.0,annotated_rdrp,5081.0,6727.0,True,17
PZ221918.1,3570.0,5099.0,annotated_rdrp,5083.0,6729.0,True,17
PZ221917.1,3572.0,5101.0,annotated_rdrp,5085.0,6731.0,True,17
PZ221916.1,3571.0,5100.0,annotated_rdrp,5084.0,6730.0,True,17
PZ221915.1,3572.0,5101.0,annotated_rdrp,5085.0,6731.0,True,17
LC918524.1,3500.0,5098.0,polyprotein_fallback,5079.0,6695.0,True,20
LC918523.1,3500.0,5096.0,polyprotein_fallback,5077.0,6693.0,True,20
LC918522.1,3500.0,5098.0,polyprotein_fallback,5079.0,6695.0,True,20
LC918521.1,3500.0,5092.0,polyprotein_fallback,5073.0,6689.0,True,20
LC918520.1,3500.0,5102.0,polyprotein_fallback,5083.0,6705.0,True,20
LC918519.1,3500.0,5110.0,polyprotein_fallback,5091.0,6713.0,True,20
LC918518.1,3500.0,5109.0,polyprotein_fallback,5090.0,6706.0,True,20
LC918517.1,3500.0,5103.0,polyprotein_fallback,5084.0,6700.0,True,20
LC918516.1,3500.0,5101.0,polyprotein_fallback,5082.0,6698.0,True,20
LC918515.1,3500.0,5103.0,polyprotein_fallback,5084.0,6700.0,True,20
LC918514.1,3500.0,5103.0,polyprotein_fallback,5084.0,6700.0,True,20
LC918513.1,3500.0,5096.0,polyprotein_fallback,5077.0,6693.0,True,20
LC918512.1,3500.0,5103.0,polyprotein_fallback,5084.0,6700.0,True,20
LC918511.1,3500.0,5113.0,polyprotein_fallback,5094.0,6710.0,True,20
LC918510.1,3500.0,5113.0,polyprotein_fallback,5094.0,6710.0,True,20
LC918509.1,3500.0,5103.0,polyprotein_fallback,5084.0,6706.0,True,20
LC918508.1,3500.0,5089.0,polyprotein_fallback,5070.0,6686.0,True,20
LC918507.1,3500.0,5099.0,polyprotein_fallback,5080.0,6696.0,True,20
LC923386.1,3500.0,5096.0,polyprotein_fallback,5077.0,6684.0,True,20
OR477993.3,3572.0,5101.0,annotated_rdrp,5085.0,6707.0,True,17
PZ208572.1,3546.0,5075.0,annotated_rdrp,5059.0,6675.0,True,17
PZ208571.1,3546.0,5075.0,annotated_rdrp,5059.0,6675.0,True,17
PZ208570.1,3546.0,5075.0,annotated_rdrp,5059.0,6675.0,True,17
PZ208567.1,3546.0,5075.0,annotated_rdrp,5059.0,6675.0,True,17
PZ208566.1,3546.0,5075.0,annotated_rdrp,5059.0,6675.0,True,17
PZ208565.1,3546.0,5075.0,annotated_rdrp,5059.0,6675.0,True,17
PZ208564.1,3546.0,5075.0,annotated_rdrp,5059.0,6675.0,True,17
PZ208563.1,3546.0,5075.0,annotated_rdrp,5059.0,6675.0,True,17
PZ208562.1,3546.0,5075.0,annotated_rdrp,5059.0,6675.0,True,17
PZ208561.1,3546.0,5075.0,annotated_rdrp,5059.0,6675.0,True,17
PZ208560.1,3546.0,5075.0,annotated_rdrp,5059.0,6675.0,True,17
PZ208559.1,3546.0,5075.0,annotated_rdrp,5059.0,6675.0,True,17
PZ208558.1,3546.0,5075.0,annotated_rdrp,5059.0,6675.0,True,17
PZ208555.1,3546.0,5075.0,annotated_rdrp,5059.0,6675.0,True,17
PZ208554.1,3546.0,5075.0,annotated_rdrp,5059.0,6675.0,True,17
PZ208553.1,3546.0,5075.0,annotated_rdrp,5059.0,6675.0,True,17
PZ208552.1,3546.0,5075.0,annotated_rdrp,5059.0,6675.0,True,17
PZ208551.1,3546.0,5075.0,annotated_rdrp,5059.0,6675.0,True,17
PZ208550.1,3546.0,5075.0,annotated_rdrp,5059.0,6675.0,True,17
PZ208549.1,3546.0,5075.0,annotated_rdrp,5059.0,6675.0,True,17
PZ208546.1,3537.0,5066.0,annotated_rdrp,5050.0,6672.0,True,17
PZ208545.1,3546.0,5075.0,annotated_rdrp,5059.0,6675.0,True,17
PZ208542.1,3546.0,5075.0,annotated_rdrp,5059.0,6675.0,True,17
PZ208541.1,3546.0,5075.0,annotated_rdrp,5059.0,6675.0,True,17
PZ208539.1,3546.0,5075.0,annotated_rdrp,5059.0,6675.0,True,17
PZ208538.1,3546.0,5075.0,annotated_rdrp,5059.0,6675.0,True,17
PZ208537.1,3546.0,5075.0,annotated_rdrp,5059.0,6675.0,True,17
PZ208536.1,3546.0,5075.0,annotated_rdrp,5059.0,6675.0,True,17
PZ136061.1,3558.0,5087.0,annotated_rdrp,5071.0,6717.0,True,17
PZ136060.1,3558.0,5087.0,annotated_rdrp,5071.0,6717.0,True,17
PZ136058.1,3572.0,5101.0,annotated_rdrp,5085.0,6731.0,True,17
PZ136057.1,3570.0,5099.0,annotated_rdrp,5083.0,6729.0,True,17
PZ136056.1,3558.0,5087.0,annotated_rdrp,5071.0,6717.0,True,17
PZ136055.1,3565.0,5094.0,annotated_rdrp,5078.0,6724.0,True,17
PZ136054.1,3570.0,5099.0,annotated_rdrp,5083.0,6729.0,True,17
PZ136053.1,3572.0,5101.0,annotated_rdrp,5085.0,6731.0,True,17
PZ136052.1,3561.0,5090.0,annotated_rdrp,5074.0,6720.0,True,17
PZ136051.1,3565.0,5094.0,annotated_rdrp,5078.0,6724.0,True,17
PV920384.1,3594.0,5123.0,annotated_rdrp,5107.0,6729.0,True,17
PV920383.1,3592.0,5121.0,annotated_rdrp,5105.0,6727.0,True,17
PV920382.1,3568.0,5097.0,annotated_rdrp,5081.0,6703.0,True,17
PV920381.1,3571.0,5100.0,annotated_rdrp,5084.0,6700.0,True,17
PV920380.1,3570.0,5099.0,annotated_rdrp,5083.0,6699.0,True,17
PV920379.1,3560.0,5089.0,annotated_rdrp,5073.0,6695.0,True,17
PV920378.1,3570.0,5099.0,annotated_rdrp,5083.0,6699.0,True,17
PV920377.1,3568.0,5097.0,annotated_rdrp,5081.0,6703.0,True,17
PV920376.1,3593.0,5122.0,annotated_rdrp,5106.0,6728.0,True,17
PV920375.1,3568.0,5097.0,annotated_rdrp,5081.0,6703.0,True,17
PV920374.1,3566.0,5095.0,annotated_rdrp,5079.0,6701.0,True,17
PV920373.1,3565.0,5094.0,annotated_rdrp,5078.0,6700.0,True,17
PV920372.1,3567.0,5096.0,annotated_rdrp,5080.0,6696.0,True,17
PV920371.1,3566.0,5095.0,annotated_rdrp,5079.0,6701.0,True,17
PV920370.1,3579.0,5108.0,annotated_rdrp,5092.0,6705.0,True,17
PV920369.1,3568.0,5097.0,annotated_rdrp,5081.0,6694.0,True,17
PV920368.1,3565.0,5094.0,annotated_rdrp,5078.0,6691.0,True,17
PV920367.1,3523.0,5052.0,annotated_rdrp,5036.0,6652.0,True,17
PX353865.1,3534.0,5063.0,annotated_rdrp,5047.0,6657.0,True,17
PX285875.1,3563.0,5092.0,annotated_rdrp,5076.0,6692.0,True,17
PX285874.1,3572.0,5101.0,annotated_rdrp,5085.0,6707.0,True,17
PX285873.1,3572.0,5101.0,annotated_rdrp,5085.0,6731.0,True,17
PX285872.1,3572.0,5101.0,annotated_rdrp,5085.0,6713.0,True,17
PV297973.1,3568.0,5097.0,annotated_rdrp,5081.0,6703.0,True,17
PV297972.1,3558.0,5087.0,annotated_rdrp,5071.0,6717.0,True,17
PV282529.1,3561.0,5090.0,annotated_rdrp,5074.0,6717.0,True,17
PV282528.1,3561.0,5090.0,annotated_rdrp,5074.0,6717.0,True,17
PV282527.1,3560.0,5089.0,annotated_rdrp,5073.0,6695.0,True,17
PV282526.1,3561.0,5090.0,annotated_rdrp,5074.0,6696.0,True,17
PV282524.1,3563.0,5092.0,annotated_rdrp,5076.0,6698.0,True,17
PV282523.1,3554.0,5083.0,annotated_rdrp,5067.0,6710.0,True,17
PV282522.1,3558.0,5087.0,annotated_rdrp,5071.0,6693.0,True,17
PV282521.1,3561.0,5090.0,annotated_rdrp,5074.0,6696.0,True,17
PV282520.1,3560.0,5089.0,annotated_rdrp,5073.0,6695.0,True,17
PV282517.1,3555.0,5084.0,annotated_rdrp,5068.0,6711.0,True,17
PV282516.1,3561.0,5090.0,annotated_rdrp,5074.0,6696.0,True,17
PV282515.1,3569.0,5098.0,annotated_rdrp,5082.0,6707.0,True,17
PV282514.1,3558.0,5087.0,annotated_rdrp,5071.0,6693.0,True,17
PV282513.1,3558.0,5087.0,annotated_rdrp,5071.0,6693.0,True,17
PV282512.1,3558.0,5087.0,annotated_rdrp,5071.0,6693.0,True,17
PV282510.1,3552.0,5081.0,annotated_rdrp,5065.0,6708.0,True,17
PV282509.1,3558.0,5087.0,annotated_rdrp,5071.0,6693.0,True,17
PV282508.1,3552.0,5081.0,annotated_rdrp,5065.0,6708.0,True,17
PV282507.1,3558.0,5087.0,annotated_rdrp,5071.0,6693.0,True,17
PV241703.1,3560.0,5089.0,annotated_rdrp,5073.0,6695.0,True,17
PV902474.1,3577.0,5106.0,annotated_rdrp,5090.0,6706.0,True,17
LC769715.1,3500.0,5089.0,polyprotein_fallback,5070.0,6716.0,True,20
LC769714.1,3500.0,5092.0,polyprotein_fallback,5073.0,6695.0,True,20
LC769713.1,3500.0,5098.0,polyprotein_fallback,5079.0,6725.0,True,20
LC769712.1,3500.0,5099.0,polyprotein_fallback,5080.0,6726.0,True,20
MW305670.1,3531.0,5060.0,annotated_rdrp,5044.0,6654.0,True,17
MW305669.1,3531.0,5060.0,annotated_rdrp,5044.0,6654.0,True,17
MW305668.1,3531.0,5060.0,annotated_rdrp,5044.0,6654.0,True,17
MW305667.1,3531.0,5060.0,annotated_rdrp,5044.0,6654.0,True,17
MW305666.1,3531.0,5060.0,annotated_rdrp,5044.0,6654.0,True,17
MW305665.1,3531.0,5060.0,annotated_rdrp,5044.0,6654.0,True,17
MW305664.1,3531.0,5060.0,annotated_rdrp,5044.0,6654.0,True,17
MW305663.1,3531.0,5060.0,annotated_rdrp,5044.0,6654.0,True,17
MW305662.1,3537.0,5066.0,annotated_rdrp,5050.0,6669.0,True,17
MW305661.1,3537.0,5066.0,annotated_rdrp,5050.0,6669.0,True,17
MW305660.1,3546.0,5075.0,annotated_rdrp,5059.0,6684.0,True,17
MW305659.1,3537.0,5066.0,annotated_rdrp,5050.0,6672.0,True,17
MW305658.1,3531.0,5060.0,annotated_rdrp,5044.0,6666.0,True,17
MW305657.1,3537.0,5066.0,annotated_rdrp,5050.0,6678.0,True,17
MW305656.1,3537.0,5066.0,annotated_rdrp,5050.0,6669.0,True,17
MW305655.1,3537.0,5066.0,annotated_rdrp,5050.0,6669.0,True,17
MW305654.1,3546.0,5075.0,annotated_rdrp,5059.0,6684.0,True,17
MW305653.1,3537.0,5066.0,annotated_rdrp,5050.0,6669.0,True,17
MW305652.1,3537.0,5066.0,annotated_rdrp,5050.0,6669.0,True,17
MW305651.1,3537.0,5066.0,annotated_rdrp,5050.0,6669.0,True,17
MW305650.1,3546.0,5075.0,annotated_rdrp,5059.0,6705.0,True,17
MW305649.1,3537.0,5066.0,annotated_rdrp,5050.0,6678.0,True,17
MW305648.1,3531.0,5060.0,annotated_rdrp,5044.0,6654.0,True,17
MW305647.1,3537.0,5066.0,annotated_rdrp,5050.0,6672.0,True,17
MW305646.1,3536.0,5065.0,annotated_rdrp,5049.0,6677.0,True,17
MW305645.1,3536.0,5065.0,annotated_rdrp,5049.0,6677.0,True,17
MW305644.1,3536.0,5065.0,annotated_rdrp,5049.0,6677.0,True,17
MW305643.1,3537.0,5066.0,annotated_rdrp,5050.0,6678.0,True,17
MW305642.1,3537.0,5066.0,annotated_rdrp,5050.0,6678.0,True,17
MW305641.1,3537.0,5066.0,annotated_rdrp,5050.0,6678.0,True,17
MW305640.1,3537.0,5066.0,annotated_rdrp,5050.0,6678.0,True,17
MW305639.1,3537.0,5066.0,annotated_rdrp,5050.0,6672.0,True,17
MW305638.1,3531.0,5060.0,annotated_rdrp,5044.0,6687.0,True,17
MW305637.1,3537.0,5066.0,annotated_rdrp,5050.0,6672.0,True,17
MW305636.1,3537.0,5066.0,annotated_rdrp,5050.0,6672.0,True,17
MW305635.1,3531.0,5060.0,annotated_rdrp,5044.0,6687.0,True,17
MW305634.1,3537.0,5066.0,annotated_rdrp,5050.0,6672.0,True,17
MW305633.1,3537.0,5066.0,annotated_rdrp,5050.0,6672.0,True,17
MW305632.1,3537.0,5066.0,annotated_rdrp,5050.0,6672.0,True,17
MW305631.1,3537.0,5066.0,annotated_rdrp,5050.0,6696.0,True,17
MW305630.1,3543.0,5072.0,annotated_rdrp,5056.0,6663.0,True,17
MW305629.1,3543.0,5072.0,annotated_rdrp,5056.0,6663.0,True,17
MW305628.1,3543.0,5072.0,annotated_rdrp,5056.0,6663.0,True,17
MW305627.1,3537.0,5066.0,annotated_rdrp,5050.0,6678.0,True,17
MW305626.1,3537.0,5066.0,annotated_rdrp,5050.0,6672.0,True,17
MW305625.1,3546.0,5075.0,annotated_rdrp,5059.0,6678.0,True,17
MW305624.1,3537.0,5066.0,annotated_rdrp,5050.0,6672.0,True,17
MW305623.1,3537.0,5066.0,annotated_rdrp,5050.0,6672.0,True,17
MW305622.1,3543.0,5072.0,annotated_rdrp,5056.0,6663.0,True,17
MW305621.1,3537.0,5066.0,annotated_rdrp,5050.0,6672.0,True,17
MW305620.1,3500.0,5029.0,annotated_rdrp,5013.0,6635.0,True,17
MW305619.1,3531.0,5060.0,annotated_rdrp,5044.0,6687.0,True,17
MW305618.1,3531.0,5060.0,annotated_rdrp,5044.0,6687.0,True,17
MW305617.1,3537.0,5066.0,annotated_rdrp,5050.0,6672.0,True,17
MW305616.1,3531.0,5060.0,annotated_rdrp,5044.0,6696.0,True,17
MW305615.1,3531.0,5060.0,annotated_rdrp,5044.0,6696.0,True,17
MW305614.1,3531.0,5060.0,annotated_rdrp,5044.0,6687.0,True,17
MW305613.1,3531.0,5060.0,annotated_rdrp,5044.0,6696.0,True,17
MW305612.1,3537.0,5066.0,annotated_rdrp,5050.0,6678.0,True,17
MW305611.1,3531.0,5060.0,annotated_rdrp,5044.0,6687.0,True,17
MW305610.1,3546.0,5075.0,annotated_rdrp,5059.0,6684.0,True,17
MW305609.1,3546.0,5075.0,annotated_rdrp,5059.0,6684.0,True,17
MW305608.1,3537.0,5066.0,annotated_rdrp,5050.0,6696.0,True,17
MW305607.1,3537.0,5066.0,annotated_rdrp,5050.0,6672.0,True,17
MW305606.1,3502.0,5031.0,annotated_rdrp,5015.0,6637.0,True,17
MW305605.1,3531.0,5060.0,annotated_rdrp,5044.0,6666.0,True,17
MW305604.1,3546.0,5075.0,annotated_rdrp,5059.0,6684.0,True,17
MW305603.1,3531.0,5060.0,annotated_rdrp,5044.0,6666.0,True,17
MW305602.1,3531.0,5060.0,annotated_rdrp,5044.0,6666.0,True,17
MW305601.1,3537.0,5066.0,annotated_rdrp,5050.0,6678.0,True,17
MW305600.1,3537.0,5066.0,annotated_rdrp,5050.0,6678.0,True,17
MW305599.1,3531.0,5060.0,annotated_rdrp,5044.0,6696.0,True,17
MW305598.1,3531.0,5060.0,annotated_rdrp,5044.0,6687.0,True,17
MW305597.1,3543.0,5072.0,annotated_rdrp,5056.0,6663.0,True,17
MW305596.1,3543.0,5072.0,annotated_rdrp,5056.0,6663.0,True,17
MW305595.1,3543.0,5072.0,annotated_rdrp,5056.0,6663.0,True,17
MW305594.1,3537.0,5066.0,annotated_rdrp,5050.0,6669.0,True,17
MW305593.1,3543.0,5072.0,annotated_rdrp,5056.0,6663.0,True,17
MW305592.1,3546.0,5075.0,annotated_rdrp,5059.0,6705.0,True,17
MW305591.1,3546.0,5075.0,annotated_rdrp,5059.0,6705.0,True,17
MW305590.1,3537.0,5066.0,annotated_rdrp,5050.0,6669.0,True,17
MW305589.1,3537.0,5066.0,annotated_rdrp,5050.0,6669.0,True,17
MW305588.1,3537.0,5066.0,annotated_rdrp,5050.0,6669.0,True,17
MW305587.1,3537.0,5066.0,annotated_rdrp,5050.0,6669.0,True,17
MW305586.1,3537.0,5066.0,annotated_rdrp,5050.0,6669.0,True,17
MW305585.1,3537.0,5066.0,annotated_rdrp,5050.0,6669.0,True,17
MW305584.1,3537.0,5066.0,annotated_rdrp,5050.0,6678.0,True,17
MW305583.1,3537.0,5066.0,annotated_rdrp,5050.0,6666.0,True,17
MW305582.1,3508.0,5037.0,annotated_rdrp,5021.0,6634.0,True,17
MW305581.1,3531.0,5060.0,annotated_rdrp,5044.0,6696.0,True,17
MW305580.1,3573.0,5102.0,annotated_rdrp,5086.0,6708.0,True,17
MW305579.1,3537.0,5066.0,annotated_rdrp,5050.0,6678.0,True,17
MW305578.1,3537.0,5066.0,annotated_rdrp,5050.0,6678.0,True,17
MW305577.1,3543.0,5072.0,annotated_rdrp,5056.0,6684.0,True,17
MW305576.1,3531.0,5060.0,annotated_rdrp,5044.0,6660.0,True,17
MW305575.1,3543.0,5072.0,annotated_rdrp,5056.0,6702.0,True,17
MW305574.1,3543.0,5072.0,annotated_rdrp,5056.0,6702.0,True,17
MW305573.1,3528.0,5057.0,annotated_rdrp,5041.0,6663.0,True,17
MW305572.1,3537.0,5066.0,annotated_rdrp,5050.0,6669.0,True,17
MW305571.1,3531.0,5060.0,annotated_rdrp,5044.0,6696.0,True,17
MW305570.1,3528.0,5057.0,annotated_rdrp,5041.0,6669.0,True,17
MW305569.1,3498.0,5027.0,annotated_rdrp,5011.0,6627.0,True,17
MW305568.1,3537.0,5066.0,annotated_rdrp,5050.0,6672.0,True,17
MW305567.1,3529.0,5058.0,annotated_rdrp,5042.0,6664.0,True,17
MW305566.1,3531.0,5060.0,annotated_rdrp,5044.0,6666.0,True,17
MW305565.1,3530.0,5059.0,annotated_rdrp,5043.0,6665.0,True,17
MW305564.1,3531.0,5060.0,annotated_rdrp,5044.0,6687.0,True,17
MW305563.1,3531.0,5060.0,annotated_rdrp,5044.0,6687.0,True,17
MW305562.1,3531.0,5060.0,annotated_rdrp,5044.0,6666.0,True,17
MW305561.1,3531.0,5060.0,annotated_rdrp,5044.0,6687.0,True,17
MW305560.1,3537.0,5066.0,annotated_rdrp,5050.0,6672.0,True,17
MW305559.1,3531.0,5060.0,annotated_rdrp,5044.0,6687.0,True,17
MW305558.1,3537.0,5066.0,annotated_rdrp,5050.0,6672.0,True,17
MW305557.1,3537.0,5066.0,annotated_rdrp,5050.0,6672.0,True,17
MW305556.1,3531.0,5060.0,annotated_rdrp,5044.0,6687.0,True,17
MW305555.1,3531.0,5060.0,annotated_rdrp,5044.0,6696.0,True,17
MW305554.1,3531.0,5060.0,annotated_rdrp,5044.0,6687.0,True,17
MW305553.1,3537.0,5066.0,annotated_rdrp,5050.0,6672.0,True,17
MW305552.1,3531.0,5060.0,annotated_rdrp,5044.0,6666.0,True,17
MW305551.1,3531.0,5060.0,annotated_rdrp,5044.0,6687.0,True,17
MW305550.1,3531.0,5060.0,annotated_rdrp,5044.0,6666.0,True,17
MW305549.1,3531.0,5060.0,annotated_rdrp,5044.0,6687.0,True,17
MW305548.1,3537.0,5066.0,annotated_rdrp,5050.0,6672.0,True,17
MW305547.1,3531.0,5060.0,annotated_rdrp,5044.0,6696.0,True,17
MW305546.1,3537.0,5066.0,annotated_rdrp,5050.0,6672.0,True,17
MW305545.1,3535.0,5064.0,annotated_rdrp,5048.0,6670.0,True,17
MW305544.1,3531.0,5060.0,annotated_rdrp,5044.0,6696.0,True,17
MW305543.1,3537.0,5066.0,annotated_rdrp,5050.0,6672.0,True,17
MW305542.1,3537.0,5066.0,annotated_rdrp,5050.0,6672.0,True,17
MW305541.1,3537.0,5066.0,annotated_rdrp,5050.0,6696.0,True,17
MW305540.1,3531.0,5060.0,annotated_rdrp,5044.0,6696.0,True,17
MW305539.1,3537.0,5066.0,annotated_rdrp,5050.0,6672.0,True,17
MW305538.1,3537.0,5066.0,annotated_rdrp,5050.0,6672.0,True,17
MW305537.1,3573.0,5102.0,annotated_rdrp,5086.0,6708.0,True,17
MW305536.1,3534.0,5063.0,annotated_rdrp,5047.0,6693.0,True,17
MW305535.1,3537.0,5066.0,annotated_rdrp,5050.0,6672.0,True,17
MW305534.1,3537.0,5066.0,annotated_rdrp,5050.0,6672.0,True,17
MW305533.1,3573.0,5102.0,annotated_rdrp,5086.0,6708.0,True,17
MW305532.1,3531.0,5060.0,annotated_rdrp,5044.0,6696.0,True,17
MW305531.1,3531.0,5060.0,annotated_rdrp,5044.0,6696.0,True,17
MW305530.1,3537.0,5066.0,annotated_rdrp,5050.0,6672.0,True,17
MW305529.1,3531.0,5060.0,annotated_rdrp,5044.0,6696.0,True,17
MW305528.1,3537.0,5066.0,annotated_rdrp,5050.0,6672.0,True,17
MW305527.1,3537.0,5066.0,annotated_rdrp,5050.0,6672.0,True,17
MW305526.1,3519.0,5048.0,annotated_rdrp,5032.0,6660.0,True,17
MW305525.1,3537.0,5066.0,annotated_rdrp,5050.0,6672.0,True,17
MW305524.1,3537.0,5066.0,annotated_rdrp,5050.0,6672.0,True,17
MW305523.1,3531.0,5060.0,annotated_rdrp,5044.0,6696.0,True,17
MW305522.1,3537.0,5066.0,annotated_rdrp,5050.0,6696.0,True,17
MW305521.1,3537.0,5066.0,annotated_rdrp,5050.0,6672.0,True,17
MW305520.1,3531.0,5060.0,annotated_rdrp,5044.0,6657.0,True,17
MW305519.1,3531.0,5060.0,annotated_rdrp,5044.0,6654.0,True,17
MW305518.1,3531.0,5060.0,annotated_rdrp,5044.0,6654.0,True,17
MW305517.1,3546.0,5075.0,annotated_rdrp,5059.0,6684.0,True,17
MW305516.1,3531.0,5060.0,annotated_rdrp,5044.0,6657.0,True,17
MW305515.1,3537.0,5066.0,annotated_rdrp,5050.0,6672.0,True,17
MW305514.1,3531.0,5060.0,annotated_rdrp,5044.0,6657.0,True,17
MW305512.1,3546.0,5075.0,annotated_rdrp,5059.0,6684.0,True,17
MW305511.1,3531.0,5060.0,annotated_rdrp,5044.0,6696.0,True,17
PP658561.1,3571.0,5100.0,annotated_rdrp,5084.0,6706.0,True,17
PP658560.1,3568.0,5097.0,annotated_rdrp,5081.0,6688.0,True,17
PP658559.1,3571.0,5100.0,annotated_rdrp,5084.0,6706.0,True,17
PP658557.1,3571.0,5100.0,annotated_rdrp,5084.0,6706.0,True,17
PP658556.1,3532.0,5061.0,annotated_rdrp,5045.0,6691.0,True,17
PP658555.1,3568.0,5097.0,annotated_rdrp,5081.0,6727.0,True,17
PP658554.1,3568.0,5097.0,annotated_rdrp,5081.0,6727.0,True,17
PP658553.1,3572.0,5101.0,annotated_rdrp,5085.0,6707.0,True,17
PP658552.1,3572.0,5101.0,annotated_rdrp,5085.0,6710.0,True,17
PP658551.1,3572.0,5101.0,annotated_rdrp,5085.0,6710.0,True,17
PP825703.1,3554.0,5083.0,annotated_rdrp,5067.0,6713.0,True,17
PP661667.1,3572.0,5101.0,annotated_rdrp,5085.0,6707.0,True,17
PP645200.1,3572.0,5101.0,annotated_rdrp,5085.0,6731.0,True,17
PP645199.1,3572.0,5101.0,annotated_rdrp,5085.0,6698.0,True,17
PP645198.1,3397.0,4926.0,annotated_rdrp,4910.0,6523.0,True,17
KY210919.3,538.0,2067.0,annotated_rdrp,2051.0,3697.0,True,17
MG892920.2,1.0,797.0,annotated_rdrp,781.0,2427.0,True,17
KY210918.3,538.0,2067.0,annotated_rdrp,2051.0,3697.0,True,17
KY210977.2,1.0,822.0,annotated_rdrp,806.0,2428.0,True,17
KY210971.2,1.0,816.0,annotated_rdrp,800.0,2422.0,True,17
KY210980.3,3568.0,5097.0,annotated_rdrp,5081.0,6703.0,True,17
KY210920.3,3569.0,5098.0,annotated_rdrp,5082.0,6710.0,True,17
MG892915.2,1.0,797.0,annotated_rdrp,781.0,2427.0,True,17
PP564834.1,3572.0,5101.0,annotated_rdrp,5085.0,6707.0,True,17
PP564833.1,3572.0,5101.0,annotated_rdrp,5085.0,6707.0,True,17
PP564832.1,3572.0,5101.0,annotated_rdrp,5085.0,6707.0,True,17
PP564831.1,3572.0,5101.0,annotated_rdrp,5085.0,6707.0,True,17
PP564830.1,3572.0,5101.0,annotated_rdrp,5085.0,6707.0,True,17
PP564829.1,3572.0,5101.0,annotated_rdrp,5085.0,6707.0,True,17
PP564828.1,3572.0,5101.0,annotated_rdrp,5085.0,6707.0,True,17
PP564827.1,3572.0,5101.0,annotated_rdrp,5085.0,6707.0,True,17
PP564826.1,3572.0,5101.0,annotated_rdrp,5085.0,6707.0,True,17
PP549876.1,3572.0,5101.0,annotated_rdrp,5085.0,6707.0,True,17
OQ451908.1,2881.0,4410.0,annotated_rdrp,4394.0,6016.0,True,17
OQ451907.1,2903.0,4432.0,annotated_rdrp,4416.0,6038.0,True,17
OQ451906.1,2883.0,4412.0,annotated_rdrp,4396.0,6018.0,True,17
OK012404.1,3464.0,4993.0,annotated_rdrp,4977.0,6605.0,True,17
OK012403.1,3490.0,5019.0,annotated_rdrp,5003.0,6631.0,True,17
MZ958411.1,3562.0,5091.0,annotated_rdrp,5075.0,6697.0,True,17
LC646333.1,3500.0,5090.0,polyprotein_fallback,5071.0,6699.0,True,20
LC646332.1,3500.0,5092.0,polyprotein_fallback,5073.0,6701.0,True,20
LC644993.1,3500.0,5093.0,polyprotein_fallback,5074.0,6696.0,True,20
LC644992.1,3500.0,5088.0,polyprotein_fallback,5069.0,6688.0,True,20
MT316122.1,3565.0,5094.0,annotated_rdrp,5078.0,6724.0,True,17
MT316113.1,3559.0,5088.0,annotated_rdrp,5072.0,6718.0,True,17
MT242487.1,3574.0,5103.0,annotated_rdrp,5087.0,6694.0,True,17
MT242482.1,3574.0,5103.0,annotated_rdrp,5087.0,6694.0,True,17
MT233269.1,3373.0,4902.0,annotated_rdrp,4886.0,6502.0,True,17
MT233268.1,3577.0,5106.0,annotated_rdrp,5090.0,6706.0,True,17
MT233102.1,3560.0,5089.0,annotated_rdrp,5073.0,6689.0,True,17
MT229168.1,3562.0,5091.0,annotated_rdrp,5075.0,6727.0,True,17
MT228630.1,3562.0,5091.0,annotated_rdrp,5075.0,6697.0,True,17
MT227832.1,3562.0,5091.0,annotated_rdrp,5075.0,6727.0,True,17
MT227824.1,3562.0,5091.0,annotated_rdrp,5075.0,6727.0,True,17
MT227816.1,3562.0,5091.0,annotated_rdrp,5075.0,6727.0,True,17
MT221255.1,3560.0,5089.0,annotated_rdrp,5073.0,6716.0,True,17
MT221254.1,3562.0,5091.0,annotated_rdrp,5075.0,6718.0,True,17
MT221253.1,3544.0,5073.0,annotated_rdrp,5057.0,6700.0,True,17
MT218311.1,3571.0,5100.0,annotated_rdrp,5084.0,6706.0,True,17
MN308022.1,3565.0,5094.0,annotated_rdrp,5078.0,6700.0,True,17
MN308021.1,3565.0,5094.0,annotated_rdrp,5078.0,6700.0,True,17
MN308020.1,3571.0,5100.0,annotated_rdrp,5084.0,6706.0,True,17
MN308019.1,3571.0,5100.0,annotated_rdrp,5084.0,6706.0,True,17
MN308018.1,3571.0,5100.0,annotated_rdrp,5084.0,6706.0,True,17
MN308017.1,3571.0,5100.0,annotated_rdrp,5084.0,6706.0,True,17
MN308016.1,3565.0,5094.0,annotated_rdrp,5078.0,6700.0,True,17
EU366113.1,,,,807.0,2429.0,False,0
MK956199.1,718.0,2247.0,annotated_rdrp,2231.0,3874.0,True,17
MK956198.1,1150.0,2679.0,annotated_rdrp,2663.0,4306.0,True,17
MK956197.1,85.0,1614.0,annotated_rdrp,1598.0,3241.0,True,17
MK907802.1,678.0,2207.0,annotated_rdrp,2191.0,3819.0,True,17
MK907799.1,3367.0,4896.0,annotated_rdrp,4880.0,6502.0,True,17
MK907798.1,3567.0,5096.0,annotated_rdrp,5080.0,6726.0,True,17
MK907797.1,3145.0,4674.0,annotated_rdrp,4658.0,6280.0,True,17
MK907796.1,3560.0,5089.0,annotated_rdrp,5073.0,6695.0,True,17
MK907793.1,1.0,695.0,annotated_rdrp,679.0,2301.0,True,17
MK907792.1,1.0,802.0,annotated_rdrp,786.0,2408.0,True,17
MK907791.1,2879.0,4408.0,annotated_rdrp,4392.0,6014.0,True,17
MK907790.1,3370.0,4899.0,annotated_rdrp,4883.0,6499.0,True,17
MK907789.1,3527.0,5056.0,annotated_rdrp,5040.0,6683.0,True,17
MK907788.1,3506.0,5035.0,annotated_rdrp,5019.0,6641.0,True,17
MK907787.1,3367.0,4896.0,annotated_rdrp,4880.0,6526.0,True,17
MK907786.1,3530.0,5059.0,annotated_rdrp,5043.0,6686.0,True,17
MK907785.1,3506.0,5035.0,annotated_rdrp,5019.0,6641.0,True,17
MN525276.1,3572.0,5101.0,annotated_rdrp,5085.0,6707.0,True,17
MN525275.1,3568.0,5097.0,annotated_rdrp,5081.0,6703.0,True,17
MN493873.1,3570.0,5099.0,annotated_rdrp,5083.0,6711.0,True,17
NC_044932.1,3563.0,5092.0,annotated_rdrp,5076.0,6704.0,True,17
MN453359.1,3563.0,5092.0,annotated_rdrp,5076.0,6704.0,True,17
MN453358.1,3563.0,5092.0,annotated_rdrp,5076.0,6707.0,True,17
MN447471.1,3566.0,5095.0,annotated_rdrp,5079.0,6701.0,True,17
MN447470.1,3566.0,5095.0,annotated_rdrp,5079.0,6701.0,True,17
MN394546.1,3547.0,5076.0,annotated_rdrp,5060.0,6682.0,True,17
MN394544.1,3535.0,5064.0,annotated_rdrp,5048.0,6676.0,True,17
MN394542.1,3568.0,5097.0,annotated_rdrp,5081.0,6709.0,True,17
NC_040876.1,3566.0,5095.0,annotated_rdrp,5079.0,6722.0,True,17
NC_039477.1,3572.0,5101.0,annotated_rdrp,5085.0,6707.0,True,17
MH671553.1,3572.0,5101.0,annotated_rdrp,5085.0,6713.0,True,17
NC_039475.1,3581.0,5110.0,annotated_rdrp,5094.0,6716.0,True,17
KJ184256.3,538.0,2067.0,annotated_rdrp,2051.0,3697.0,True,17
KF944259.3,1.0,822.0,annotated_rdrp,806.0,2428.0,True,17
KF944232.3,1.0,797.0,annotated_rdrp,781.0,2427.0,True,17
KF944227.3,1.0,797.0,annotated_rdrp,781.0,2427.0,True,17
KF944266.2,1.0,825.0,annotated_rdrp,806.0,2452.0,True,20
KF944065.2,1.0,825.0,annotated_rdrp,806.0,2452.0,True,20
LC318754.1,,,,1712.0,3334.0,False,0
LC318753.1,,,,1724.0,3346.0,False,0
LC318747.1,,,,1689.0,3311.0,False,0
HM590538.3,1.0,825.0,annotated_rdrp,806.0,2452.0,True,20
KY424349.1,3500.0,5078.0,polyprotein_fallback,5059.0,6681.0,True,20
KY424345.1,3500.0,5063.0,polyprotein_fallback,5044.0,6687.0,True,20
KY424344.1,3500.0,5060.0,polyprotein_fallback,5041.0,6684.0,True,20
KY424343.1,3500.0,5060.0,polyprotein_fallback,5041.0,6684.0,True,20
KY424342.1,3500.0,5060.0,polyprotein_fallback,5041.0,6684.0,True,20
KY424341.1,3500.0,5060.0,polyprotein_fallback,5041.0,6684.0,True,20
KY424340.1,3500.0,5069.0,polyprotein_fallback,5050.0,6669.0,True,20
KY424338.1,3500.0,5069.0,polyprotein_fallback,5050.0,6669.0,True,20
KY424337.1,3500.0,5069.0,polyprotein_fallback,5050.0,6669.0,True,20
KY424336.1,3500.0,5069.0,polyprotein_fallback,5050.0,6669.0,True,20
KY424334.1,3500.0,5069.0,polyprotein_fallback,5050.0,6669.0,True,20
KY424333.1,3500.0,5069.0,polyprotein_fallback,5050.0,6669.0,True,20
KY424332.1,3500.0,5069.0,polyprotein_fallback,5050.0,6669.0,True,20
KY424329.1,3500.0,5069.0,polyprotein_fallback,5050.0,6672.0,True,20
KY424328.1,3500.0,5069.0,polyprotein_fallback,5050.0,6672.0,True,20
MG746045.1,3572.0,5101.0,annotated_rdrp,5085.0,6713.0,True,17
MG746044.1,3572.0,5101.0,annotated_rdrp,5085.0,6713.0,True,17
MG746043.1,3572.0,5101.0,annotated_rdrp,5085.0,6713.0,True,17
MG746042.1,3572.0,5101.0,annotated_rdrp,5085.0,6713.0,True,17
MG746041.1,3572.0,5101.0,annotated_rdrp,5085.0,6713.0,True,17
MG746040.1,3572.0,5101.0,annotated_rdrp,5085.0,6713.0,True,17
MG746039.1,3572.0,5101.0,annotated_rdrp,5085.0,6713.0,True,17
MG746038.1,3572.0,5101.0,annotated_rdrp,5085.0,6713.0,True,17
MG746037.1,3572.0,5101.0,annotated_rdrp,5085.0,6713.0,True,17
MG746036.1,3572.0,5101.0,annotated_rdrp,5085.0,6713.0,True,17
MG746035.1,3572.0,5101.0,annotated_rdrp,5085.0,6713.0,True,17
MG746034.1,3572.0,5101.0,annotated_rdrp,5085.0,6713.0,True,17
MG746033.1,3572.0,5101.0,annotated_rdrp,5085.0,6713.0,True,17
MG746032.1,3572.0,5101.0,annotated_rdrp,5085.0,6713.0,True,17
MG746031.1,3572.0,5101.0,annotated_rdrp,5085.0,6713.0,True,17
MG746030.1,3572.0,5101.0,annotated_rdrp,5085.0,6713.0,True,17
MG746029.1,3572.0,5101.0,annotated_rdrp,5085.0,6713.0,True,17
MG746028.1,3572.0,5101.0,annotated_rdrp,5085.0,6713.0,True,17
MG746027.1,3572.0,5101.0,annotated_rdrp,5085.0,6713.0,True,17
MG746026.1,3572.0,5101.0,annotated_rdrp,5085.0,6713.0,True,17
MG746025.1,3572.0,5101.0,annotated_rdrp,5085.0,6713.0,True,17
MG746024.1,3572.0,5101.0,annotated_rdrp,5085.0,6713.0,True,17
MG746023.1,3572.0,5101.0,annotated_rdrp,5085.0,6713.0,True,17
MG746022.1,3572.0,5101.0,annotated_rdrp,5085.0,6713.0,True,17
MG746021.1,3572.0,5101.0,annotated_rdrp,5085.0,6713.0,True,17
MG746020.1,3572.0,5101.0,annotated_rdrp,5085.0,6713.0,True,17
MG746019.1,3572.0,5101.0,annotated_rdrp,5085.0,6713.0,True,17
MG746018.1,3572.0,5101.0,annotated_rdrp,5085.0,6713.0,True,17
MG746017.1,3572.0,5101.0,annotated_rdrp,5085.0,6713.0,True,17
MG746016.1,3572.0,5101.0,annotated_rdrp,5085.0,6713.0,True,17
MG746015.1,3572.0,5101.0,annotated_rdrp,5085.0,6713.0,True,17
MG746014.1,3572.0,5101.0,annotated_rdrp,5085.0,6713.0,True,17
MG746013.1,3572.0,5101.0,annotated_rdrp,5085.0,6713.0,True,17
MG746012.1,3572.0,5101.0,annotated_rdrp,5085.0,6713.0,True,17
MG746011.1,3572.0,5101.0,annotated_rdrp,5085.0,6713.0,True,17
MG746010.1,3572.0,5101.0,annotated_rdrp,5085.0,6713.0,True,17
MG746009.1,3572.0,5101.0,annotated_rdrp,5085.0,6713.0,True,17
MG746008.1,3572.0,5101.0,annotated_rdrp,5085.0,6713.0,True,17
MG746007.1,3572.0,5101.0,annotated_rdrp,5085.0,6713.0,True,17
MG746006.1,3572.0,5101.0,annotated_rdrp,5085.0,6713.0,True,17
MG746005.1,3572.0,5101.0,annotated_rdrp,5085.0,6713.0,True,17
MG746004.1,3572.0,5101.0,annotated_rdrp,5085.0,6713.0,True,17
MG746003.1,3572.0,5101.0,annotated_rdrp,5085.0,6713.0,True,17
MG746002.1,3572.0,5101.0,annotated_rdrp,5085.0,6713.0,True,17
MG746001.1,3572.0,5101.0,annotated_rdrp,5085.0,6713.0,True,17
MG746000.1,3572.0,5101.0,annotated_rdrp,5085.0,6713.0,True,17
MG745999.1,3572.0,5101.0,annotated_rdrp,5085.0,6713.0,True,17
MG745998.1,3572.0,5101.0,annotated_rdrp,5085.0,6713.0,True,17
MG745997.1,3572.0,5101.0,annotated_rdrp,5085.0,6713.0,True,17
MG745996.1,3572.0,5101.0,annotated_rdrp,5085.0,6713.0,True,17
MG745995.1,3572.0,5101.0,annotated_rdrp,5085.0,6713.0,True,17
MG745994.1,3572.0,5101.0,annotated_rdrp,5085.0,6713.0,True,17
MG745993.1,3572.0,5101.0,annotated_rdrp,5085.0,6713.0,True,17
MG745992.1,3572.0,5101.0,annotated_rdrp,5085.0,6713.0,True,17
MG745991.1,3572.0,5101.0,annotated_rdrp,5085.0,6713.0,True,17
MG745990.1,3572.0,5101.0,annotated_rdrp,5085.0,6713.0,True,17
MG745989.1,3572.0,5101.0,annotated_rdrp,5085.0,6713.0,True,17
MG745988.1,3572.0,5101.0,annotated_rdrp,5085.0,6713.0,True,17
MG745987.1,3572.0,5101.0,annotated_rdrp,5085.0,6713.0,True,17
MG745986.1,3572.0,5101.0,annotated_rdrp,5085.0,6713.0,True,17
MG745985.1,3572.0,5101.0,annotated_rdrp,5085.0,6713.0,True,17
MG706448.1,3563.0,5092.0,annotated_rdrp,5076.0,6704.0,True,17
KU935739.1,3500.0,5098.0,polyprotein_fallback,,,False,0
KU870455.1,,,,5079.0,6731.0,False,0
AB665364.1,3500.0,5086.0,polyprotein_fallback,,,False,0
KT732274.1,,,,756.0,2402.0,False,0
KU557790.1,,,,5094.0,6710.0,False,0
KU557788.1,,,,5094.0,6704.0,False,0
KU557787.1,,,,5094.0,6710.0,False,0
KU557786.1,,,,5094.0,6710.0,False,0
KU557785.1,,,,5094.0,6710.0,False,0
KU557784.1,,,,5094.0,6710.0,False,0
KU557783.1,,,,5094.0,6710.0,False,0
DQ078814.2,3500.0,5104.0,polyprotein_fallback,,,False,0
AY823307.1,1.0,784.0,annotated_rdrp,,,False,0
AY823306.1,1.0,784.0,annotated_rdrp,,,False,0
AY823304.1,1.0,787.0,annotated_rdrp,,,False,0
AY823303.1,1.0,784.0,annotated_rdrp,,,False,0
AY652979.1,1.0,784.0,annotated_rdrp,,,False,0
AY502010.1,,,,,,False,0
AY502009.1,,,,,,False,0
AY502022.1,,,,,,False,0
AY502021.1,,,,,,False,0
AY502019.1,,,,,,False,0
AY502018.1,,,,,,False,0
AY502017.1,,,,,,False,0
EU921389.2,3500.0,5104.0,polyprotein_fallback,,,False,0
EU921388.2,3500.0,5104.0,polyprotein_fallback,,,False,0
EU921344.2,3500.0,5104.0,polyprotein_fallback,,,False,0
KR083017.1,3500.0,5078.0,polyprotein_fallback,5059.0,6681.0,True,20
KR020503.1,3500.0,5046.0,polyprotein_fallback,5027.0,6649.0,True,20
KP244322.1,1.0,822.0,annotated_rdrp,803.0,2425.0,True,20
KP244321.1,1.0,822.0,annotated_rdrp,803.0,2425.0,True,20
KP244320.1,1.0,822.0,annotated_rdrp,803.0,2425.0,True,20
KP244319.1,1.0,822.0,annotated_rdrp,803.0,2425.0,True,20
KP244318.1,1.0,822.0,annotated_rdrp,803.0,2425.0,True,20
KP244317.1,1.0,822.0,annotated_rdrp,803.0,2425.0,True,20
KP244316.1,1.0,822.0,annotated_rdrp,803.0,2425.0,True,20
KP244315.1,1.0,822.0,annotated_rdrp,803.0,2425.0,True,20
KP244314.1,1.0,822.0,annotated_rdrp,803.0,2425.0,True,20
KP244313.1,1.0,822.0,annotated_rdrp,803.0,2425.0,True,20
KJ710245.2,3500.0,5104.0,polyprotein_fallback,5085.0,6707.0,True,20
KC962462.3,3500.0,5104.0,polyprotein_fallback,5085.0,6707.0,True,20
KC962453.2,3500.0,5104.0,polyprotein_fallback,5085.0,6707.0,True,20
LC043305.1,3500.0,5092.0,polyprotein_fallback,5073.0,6689.0,True,20
LC043139.1,3500.0,5092.0,polyprotein_fallback,5073.0,6689.0,True,20
KC517378.1,,,,5081.0,6703.0,False,0
KC517377.1,,,,5081.0,6703.0,False,0
KC517376.1,,,,5081.0,6703.0,False,0
KC517372.1,,,,5081.0,6703.0,False,0
KC517369.1,,,,5081.0,6703.0,False,0
KC517368.1,,,,5081.0,6703.0,False,0
KC517365.1,,,,5081.0,6703.0,False,0
KC517364.1,,,,5081.0,6703.0,False,0
KC517362.1,,,,5081.0,6703.0,False,0
KC517361.1,,,,5081.0,6703.0,False,0
KM272334.1,,,,5085.0,6707.0,False,0
KJ685417.1,3500.0,5100.0,polyprotein_fallback,5081.0,6703.0,True,20
KJ685415.1,3500.0,5100.0,polyprotein_fallback,5081.0,6703.0,True,20
KJ685414.1,3500.0,5100.0,polyprotein_fallback,5081.0,6703.0,True,20
KJ685413.1,3500.0,5100.0,polyprotein_fallback,5081.0,6703.0,True,20
KJ685412.1,3500.0,5100.0,polyprotein_fallback,5081.0,6703.0,True,20
KJ685411.1,3500.0,5033.0,polyprotein_fallback,5014.0,6636.0,True,20
KJ685409.1,3500.0,5041.0,polyprotein_fallback,5022.0,6644.0,True,20
KJ685408.1,3500.0,5100.0,polyprotein_fallback,5081.0,6703.0,True,20
KJ685406.1,3500.0,5036.0,polyprotein_fallback,5017.0,6639.0,True,20
KJ685405.1,3500.0,5100.0,polyprotein_fallback,5081.0,6703.0,True,20
KJ685403.1,3500.0,5100.0,polyprotein_fallback,5081.0,6703.0,True,20
KJ685402.1,3500.0,5041.0,polyprotein_fallback,5022.0,6644.0,True,20
KJ533134.1,,,,1700.0,3322.0,False,0
KJ533133.1,,,,1700.0,3322.0,False,0
KJ533132.1,,,,1700.0,3322.0,False,0
KJ451060.1,,,,1700.0,3322.0,False,0
KJ451059.1,,,,1700.0,3322.0,False,0
KM198591.1,3500.0,5088.0,polyprotein_fallback,5069.0,6691.0,True,20
KM198590.1,3500.0,5100.0,polyprotein_fallback,5081.0,6727.0,True,20
KM198589.1,3500.0,5100.0,polyprotein_fallback,5081.0,6703.0,True,20
KM198588.1,3500.0,5088.0,polyprotein_fallback,5069.0,6691.0,True,20
KM198587.1,3500.0,5100.0,polyprotein_fallback,5081.0,6703.0,True,20
KM198586.1,3500.0,5097.0,polyprotein_fallback,5078.0,6724.0,True,20
KM198585.1,3500.0,5088.0,polyprotein_fallback,5069.0,6691.0,True,20
KM198584.1,3500.0,5088.0,polyprotein_fallback,5069.0,6691.0,True,20
KM198583.1,3500.0,5100.0,polyprotein_fallback,5081.0,6727.0,True,20
KM198582.1,3500.0,5095.0,polyprotein_fallback,5076.0,6698.0,True,20
KM198580.1,3500.0,5080.0,polyprotein_fallback,5061.0,6683.0,True,20
KM198576.1,3500.0,5088.0,polyprotein_fallback,5069.0,6691.0,True,20
KM198575.1,3500.0,5100.0,polyprotein_fallback,5081.0,6703.0,True,20
KM198574.1,3500.0,5088.0,polyprotein_fallback,5069.0,6691.0,True,20
KM198573.1,3500.0,5100.0,polyprotein_fallback,5081.0,6727.0,True,20
KM198572.1,3500.0,5100.0,polyprotein_fallback,5081.0,6727.0,True,20
KM198571.1,3500.0,5100.0,polyprotein_fallback,5081.0,6703.0,True,20
KM198570.1,3500.0,5100.0,polyprotein_fallback,5081.0,6703.0,True,20
KM198569.1,3500.0,5100.0,polyprotein_fallback,5081.0,6703.0,True,20
KM198568.1,3500.0,5071.0,polyprotein_fallback,5052.0,6674.0,True,20
KM198567.1,3500.0,5100.0,polyprotein_fallback,5081.0,6703.0,True,20
KM198566.1,3500.0,5100.0,polyprotein_fallback,5081.0,6703.0,True,20
KM198565.1,3500.0,5100.0,polyprotein_fallback,5081.0,6703.0,True,20
KM198564.1,3500.0,5056.0,polyprotein_fallback,5037.0,6659.0,True,20
KM198563.1,3500.0,5100.0,polyprotein_fallback,5081.0,6727.0,True,20
KM198562.1,3500.0,5100.0,polyprotein_fallback,5081.0,6703.0,True,20
KM198561.1,3500.0,5100.0,polyprotein_fallback,5081.0,6727.0,True,20
KM198560.1,3500.0,5100.0,polyprotein_fallback,5081.0,6703.0,True,20
KM198558.1,3500.0,5100.0,polyprotein_fallback,5081.0,6703.0,True,20
KM198556.1,3500.0,5100.0,polyprotein_fallback,5081.0,6703.0,True,20
KM198555.1,3500.0,5088.0,polyprotein_fallback,5069.0,6691.0,True,20
KM198554.1,3500.0,5100.0,polyprotein_fallback,5081.0,6727.0,True,20
KM198552.1,3500.0,5100.0,polyprotein_fallback,5081.0,6703.0,True,20
KM198551.1,3500.0,5100.0,polyprotein_fallback,5081.0,6703.0,True,20
KM198550.1,3500.0,5100.0,polyprotein_fallback,5081.0,6703.0,True,20
KM198549.1,3500.0,5094.0,polyprotein_fallback,5075.0,6724.0,True,20
KM198548.1,3500.0,5100.0,polyprotein_fallback,5081.0,6703.0,True,20
KM198547.1,3500.0,5100.0,polyprotein_fallback,5081.0,6727.0,True,20
KM198546.1,3500.0,5100.0,polyprotein_fallback,5081.0,6703.0,True,20
KM198545.1,3500.0,5100.0,polyprotein_fallback,5081.0,6703.0,True,20
KM198543.1,3500.0,5088.0,polyprotein_fallback,5069.0,6691.0,True,20
KM198539.1,3500.0,5100.0,polyprotein_fallback,5081.0,6703.0,True,20
KM198538.1,3500.0,5100.0,polyprotein_fallback,5081.0,6703.0,True,20
KM198537.1,3500.0,5100.0,polyprotein_fallback,5081.0,6703.0,True,20
KM198536.1,3500.0,5100.0,polyprotein_fallback,5081.0,6703.0,True,20
KM198535.1,3500.0,5088.0,polyprotein_fallback,5069.0,6691.0,True,20
KM198534.1,3500.0,5094.0,polyprotein_fallback,5075.0,6727.0,True,20
KM198532.1,3500.0,5089.0,polyprotein_fallback,5070.0,6692.0,True,20
KM198531.1,3500.0,5094.0,polyprotein_fallback,5075.0,6724.0,True,20
KM198530.1,3500.0,5094.0,polyprotein_fallback,5075.0,6724.0,True,20
KM198529.1,3500.0,5088.0,polyprotein_fallback,5069.0,6715.0,True,20
KM198528.1,3500.0,5100.0,polyprotein_fallback,5081.0,6727.0,True,20
KM198527.1,3500.0,5100.0,polyprotein_fallback,5081.0,6703.0,True,20
KM198526.1,3500.0,5088.0,polyprotein_fallback,5069.0,6691.0,True,20
KM198524.1,3500.0,5100.0,polyprotein_fallback,5081.0,6703.0,True,20
KM198523.1,3500.0,5100.0,polyprotein_fallback,5081.0,6703.0,True,20
KM198521.1,3500.0,5088.0,polyprotein_fallback,5069.0,6691.0,True,20
KM198518.1,3500.0,5088.0,polyprotein_fallback,5069.0,6691.0,True,20
KM198517.1,3500.0,5088.0,polyprotein_fallback,5069.0,6691.0,True,20
KM198516.1,3500.0,5088.0,polyprotein_fallback,5069.0,6691.0,True,20
KM198515.1,3500.0,5088.0,polyprotein_fallback,5069.0,6691.0,True,20
KM198514.1,3500.0,5088.0,polyprotein_fallback,5069.0,6691.0,True,20
KM198513.1,3500.0,5100.0,polyprotein_fallback,5081.0,6703.0,True,20
KM198512.1,3500.0,5100.0,polyprotein_fallback,5081.0,6703.0,True,20
KM198511.1,3500.0,5100.0,polyprotein_fallback,5081.0,6727.0,True,20
KM198510.1,3500.0,5100.0,polyprotein_fallback,5081.0,6703.0,True,20
KM198509.1,3500.0,5100.0,polyprotein_fallback,5081.0,6727.0,True,20
KM198508.1,3500.0,5100.0,polyprotein_fallback,5081.0,6703.0,True,20
KM198507.1,3500.0,5088.0,polyprotein_fallback,5069.0,6691.0,True,20
KM198506.1,3500.0,5088.0,polyprotein_fallback,5069.0,6691.0,True,20
KM198504.1,3500.0,5100.0,polyprotein_fallback,5081.0,6703.0,True,20
KM198503.1,3500.0,5094.0,polyprotein_fallback,5075.0,6682.0,True,20
KM198502.1,3500.0,5100.0,polyprotein_fallback,5081.0,6703.0,True,20
KM198501.1,3500.0,5100.0,polyprotein_fallback,5081.0,6703.0,True,20
KM198500.1,3500.0,5088.0,polyprotein_fallback,5069.0,6715.0,True,20
KM198499.1,3500.0,5100.0,polyprotein_fallback,5081.0,6703.0,True,20
KM198498.1,3500.0,5094.0,polyprotein_fallback,5075.0,6727.0,True,20
KM198496.1,3500.0,5100.0,polyprotein_fallback,5081.0,6727.0,True,20
KM198495.1,3500.0,5087.0,polyprotein_fallback,5068.0,6690.0,True,20
KM198493.1,3500.0,5088.0,polyprotein_fallback,5069.0,6715.0,True,20
KM198492.1,3500.0,5094.0,polyprotein_fallback,5075.0,6682.0,True,20
KM198490.1,3500.0,5088.0,polyprotein_fallback,5069.0,6691.0,True,20
KM198489.1,3500.0,5088.0,polyprotein_fallback,5069.0,6691.0,True,20
KM198488.1,3500.0,5100.0,polyprotein_fallback,5081.0,6703.0,True,20
KM198487.1,3500.0,5082.0,polyprotein_fallback,5063.0,6685.0,True,20
KM198486.1,3500.0,5076.0,polyprotein_fallback,5057.0,6679.0,True,20
KM198485.1,3500.0,5100.0,polyprotein_fallback,5081.0,6703.0,True,20
KM198484.1,3500.0,5100.0,polyprotein_fallback,5081.0,6727.0,True,20
KM198483.1,3500.0,5100.0,polyprotein_fallback,5081.0,6703.0,True,20
KM198482.1,3500.0,5088.0,polyprotein_fallback,5069.0,6691.0,True,20
KM198481.1,3500.0,5100.0,polyprotein_fallback,5081.0,6703.0,True,20
KM198480.1,3500.0,5100.0,polyprotein_fallback,5081.0,6703.0,True,20
GQ856476.1,1.0,787.0,annotated_rdrp,,,False,0
GQ856469.1,1.0,787.0,annotated_rdrp,,,False,0
GQ856468.1,1.0,787.0,annotated_rdrp,,,False,0
GQ856467.1,1.0,787.0,annotated_rdrp,,,False,0
GQ856466.1,1.0,787.0,annotated_rdrp,,,False,0
GQ856461.1,1.0,811.0,annotated_rdrp,,,False,0
GQ856460.1,1.0,811.0,annotated_rdrp,,,False,0
GQ856459.1,1.0,811.0,annotated_rdrp,,,False,0
GQ856458.1,1.0,811.0,annotated_rdrp,,,False,0
GQ856457.1,1.0,811.0,annotated_rdrp,,,False,0
GQ856456.1,1.0,811.0,annotated_rdrp,,,False,0
GQ856455.1,1.0,811.0,annotated_rdrp,,,False,0
GQ856454.1,1.0,811.0,annotated_rdrp,,,False,0
GQ856453.1,1.0,811.0,annotated_rdrp,,,False,0
GQ856452.1,1.0,811.0,annotated_rdrp,,,False,0
GQ856451.1,1.0,811.0,annotated_rdrp,,,False,0
GQ856450.1,1.0,811.0,annotated_rdrp,,,False,0
GQ856449.1,1.0,811.0,annotated_rdrp,,,False,0
GQ856447.1,1.0,811.0,annotated_rdrp,,,False,0
GQ856446.1,1.0,811.0,annotated_rdrp,,,False,0
GQ856445.1,1.0,811.0,annotated_rdrp,,,False,0
HQ664990.1,3500.0,5110.0,polyprotein_fallback,5091.0,6698.0,True,20
GU325839.2,3500.0,5104.0,polyprotein_fallback,5085.0,6707.0,True,20
HQ449728.1,,,,5091.0,6698.0,False,0
GU445325.2,,,,5085.0,6707.0,False,0
AB629946.1,,,,789.0,2411.0,False,0
AB629944.1,,,,783.0,2405.0,False,0
AB629943.1,,,,783.0,2429.0,False,0
AB629942.1,,,,783.0,2405.0,False,0
AB629941.1,,,,792.0,2414.0,False,0
FJ514242.1,3500.0,5104.0,polyprotein_fallback,,,False,0
GQ845367.2,,,,5085.0,6707.0,False,0
AB541361.1,3500.0,5100.0,polyprotein_fallback,5081.0,6703.0,True,20
AB541360.1,3500.0,5100.0,polyprotein_fallback,5081.0,6703.0,True,20
AB541359.1,3500.0,5100.0,polyprotein_fallback,5081.0,6703.0,True,20
AB541358.1,3500.0,5100.0,polyprotein_fallback,5081.0,6703.0,True,20
AB541357.1,3500.0,5103.0,polyprotein_fallback,5084.0,6706.0,True,20
AB541356.1,3500.0,5100.0,polyprotein_fallback,5081.0,6703.0,True,20
AB541355.1,3500.0,5100.0,polyprotein_fallback,5081.0,6703.0,True,20
AB541354.1,3500.0,5100.0,polyprotein_fallback,5081.0,6703.0,True,20
AB541353.1,3500.0,5100.0,polyprotein_fallback,5081.0,6703.0,True,20
AB541352.1,3500.0,5100.0,polyprotein_fallback,5081.0,6703.0,True,20
AB541351.1,3500.0,5100.0,polyprotein_fallback,5081.0,6703.0,True,20
AB541350.1,3500.0,5100.0,polyprotein_fallback,5081.0,6703.0,True,20
AB541349.1,3500.0,5100.0,polyprotein_fallback,5081.0,6703.0,True,20
AB541348.1,,,,4973.0,6595.0,False,0
AB541347.1,3500.0,5100.0,polyprotein_fallback,5081.0,6703.0,True,20
AB541346.1,3500.0,5100.0,polyprotein_fallback,5081.0,6703.0,True,20
AB541345.1,3500.0,5100.0,polyprotein_fallback,5081.0,6703.0,True,20
AB541344.1,3500.0,5100.0,polyprotein_fallback,5081.0,6703.0,True,20
AB541343.1,3500.0,5100.0,polyprotein_fallback,5081.0,6703.0,True,20
AB541342.1,3500.0,5100.0,polyprotein_fallback,5081.0,6703.0,True,20
AB541341.1,3500.0,5100.0,polyprotein_fallback,5081.0,6703.0,True,20
AB541340.1,3500.0,5100.0,polyprotein_fallback,5081.0,6703.0,True,20
AB541339.1,3500.0,5100.0,polyprotein_fallback,5081.0,6703.0,True,20
AB541338.1,3500.0,5100.0,polyprotein_fallback,5081.0,6703.0,True,20
AB541337.1,3500.0,5100.0,polyprotein_fallback,5081.0,6703.0,True,20
AB541336.1,3500.0,5100.0,polyprotein_fallback,5081.0,6703.0,True,20
AB541335.1,3500.0,5100.0,polyprotein_fallback,5081.0,6703.0,True,20
AB541334.1,3500.0,5100.0,polyprotein_fallback,5081.0,6703.0,True,20
AB541333.1,3500.0,5100.0,polyprotein_fallback,5081.0,6703.0,True,20
AB541332.1,3500.0,5100.0,polyprotein_fallback,5081.0,6703.0,True,20
AB541331.1,3500.0,5100.0,polyprotein_fallback,5081.0,6703.0,True,20
AB541330.1,3500.0,5100.0,polyprotein_fallback,5081.0,6703.0,True,20
AB541329.1,3500.0,5100.0,polyprotein_fallback,5081.0,6703.0,True,20
AB541328.1,3500.0,5100.0,polyprotein_fallback,5081.0,6703.0,True,20
AB541327.1,3500.0,5100.0,polyprotein_fallback,5081.0,6703.0,True,20
AB541326.1,3500.0,5100.0,polyprotein_fallback,5081.0,6703.0,True,20
AB541325.1,3500.0,5100.0,polyprotein_fallback,5081.0,6703.0,True,20
AB541323.1,3500.0,5100.0,polyprotein_fallback,5081.0,6703.0,True,20
AB541322.1,3500.0,5100.0,polyprotein_fallback,5081.0,6703.0,True,20
AB541321.1,3500.0,5100.0,polyprotein_fallback,5081.0,6703.0,True,20
AB541320.1,3500.0,5100.0,polyprotein_fallback,5081.0,6703.0,True,20
AB541319.1,3500.0,5100.0,polyprotein_fallback,5081.0,6703.0,True,20
AB541318.1,3500.0,5100.0,polyprotein_fallback,5081.0,6703.0,True,20
AB541317.1,3500.0,5100.0,polyprotein_fallback,5081.0,6703.0,True,20
AB541316.1,3500.0,5100.0,polyprotein_fallback,5081.0,6703.0,True,20
AB541315.1,3500.0,5100.0,polyprotein_fallback,5081.0,6703.0,True,20
AB541314.1,3500.0,5100.0,polyprotein_fallback,5081.0,6703.0,True,20
AB541313.1,3500.0,5100.0,polyprotein_fallback,5081.0,6703.0,True,20
AB541312.1,3500.0,5100.0,polyprotein_fallback,5081.0,6703.0,True,20
AB541311.1,3500.0,5100.0,polyprotein_fallback,5081.0,6703.0,True,20
AB541310.1,3500.0,5100.0,polyprotein_fallback,5081.0,6703.0,True,20
AB541309.1,3500.0,5100.0,polyprotein_fallback,5081.0,6703.0,True,20
AB541308.1,3500.0,5100.0,polyprotein_fallback,5081.0,6703.0,True,20
AB541307.1,3500.0,5100.0,polyprotein_fallback,5081.0,6703.0,True,20
AB541306.1,3500.0,5100.0,polyprotein_fallback,5081.0,6703.0,True,20
AB541305.1,3500.0,5103.0,polyprotein_fallback,5084.0,6706.0,True,20
AB541304.1,3500.0,5100.0,polyprotein_fallback,5081.0,6703.0,True,20
AB541303.1,3500.0,5100.0,polyprotein_fallback,5081.0,6703.0,True,20
AB541302.1,3500.0,5100.0,polyprotein_fallback,5081.0,6703.0,True,20
AB541301.1,3500.0,5100.0,polyprotein_fallback,5081.0,6703.0,True,20
AB541299.1,3500.0,5100.0,polyprotein_fallback,5081.0,6703.0,True,20
AB541298.1,3500.0,5100.0,polyprotein_fallback,5081.0,6703.0,True,20
AB541297.1,3500.0,5100.0,polyprotein_fallback,5081.0,6703.0,True,20
AB541296.1,3500.0,5100.0,polyprotein_fallback,5081.0,6703.0,True,20
AB541295.1,3500.0,5100.0,polyprotein_fallback,5081.0,6703.0,True,20
AB541294.1,3500.0,5100.0,polyprotein_fallback,5081.0,6703.0,True,20
AB541293.1,3500.0,5100.0,polyprotein_fallback,5081.0,6703.0,True,20
AB541292.1,3500.0,5100.0,polyprotein_fallback,5081.0,6703.0,True,20
AB541291.1,3500.0,5100.0,polyprotein_fallback,5081.0,6703.0,True,20
AB541290.1,3500.0,5100.0,polyprotein_fallback,5081.0,6703.0,True,20
AB541289.1,3500.0,5100.0,polyprotein_fallback,5081.0,6703.0,True,20
AB541288.1,3500.0,5100.0,polyprotein_fallback,5081.0,6703.0,True,20
AB541287.1,3500.0,5100.0,polyprotein_fallback,5081.0,6703.0,True,20
AB541286.1,3500.0,5100.0,polyprotein_fallback,5081.0,6703.0,True,20
AB541285.1,3500.0,5100.0,polyprotein_fallback,5081.0,6703.0,True,20
AB541284.1,3500.0,5100.0,polyprotein_fallback,5081.0,6703.0,True,20
AB541283.1,3500.0,5100.0,polyprotein_fallback,5081.0,6703.0,True,20
AB541282.1,3500.0,5100.0,polyprotein_fallback,5081.0,6703.0,True,20
AB541281.1,3500.0,5100.0,polyprotein_fallback,5081.0,6703.0,True,20
AB541280.1,3500.0,5100.0,polyprotein_fallback,5081.0,6703.0,True,20
AB541279.1,3500.0,5100.0,polyprotein_fallback,5081.0,6703.0,True,20
AB541278.1,3500.0,5100.0,polyprotein_fallback,5081.0,6703.0,True,20
AB541276.1,3500.0,5100.0,polyprotein_fallback,5081.0,6703.0,True,20
AB541275.1,3500.0,5100.0,polyprotein_fallback,5081.0,6703.0,True,20
AB541274.1,3500.0,5100.0,polyprotein_fallback,5081.0,6703.0,True,20
AB541273.1,3500.0,5100.0,polyprotein_fallback,5081.0,6703.0,True,20
AB541272.1,3500.0,5100.0,polyprotein_fallback,5081.0,6703.0,True,20
AB541271.1,3500.0,5100.0,polyprotein_fallback,5081.0,6703.0,True,20
AB541269.1,3500.0,5100.0,polyprotein_fallback,5081.0,6703.0,True,20
AB541268.1,3500.0,5100.0,polyprotein_fallback,5081.0,6703.0,True,20
AB541267.1,3500.0,5100.0,polyprotein_fallback,5081.0,6703.0,True,20
AB541266.1,3500.0,5100.0,polyprotein_fallback,5081.0,6703.0,True,20
AB541265.1,3500.0,5100.0,polyprotein_fallback,5081.0,6703.0,True,20
AB541264.1,3500.0,5100.0,polyprotein_fallback,5081.0,6703.0,True,20
AB541263.1,3500.0,5100.0,polyprotein_fallback,5081.0,6703.0,True,20
AB541262.1,3500.0,5100.0,polyprotein_fallback,5081.0,6703.0,True,20
AB541261.1,3500.0,5100.0,polyprotein_fallback,5081.0,6703.0,True,20
AB541260.1,3500.0,5100.0,polyprotein_fallback,5081.0,6703.0,True,20
AB541257.1,3500.0,5100.0,polyprotein_fallback,5081.0,6703.0,True,20
AB541256.1,3500.0,5100.0,polyprotein_fallback,5081.0,6703.0,True,20
AB541255.1,3500.0,5100.0,polyprotein_fallback,5081.0,6703.0,True,20
AB541254.1,3500.0,5100.0,polyprotein_fallback,5081.0,6703.0,True,20
AB541253.1,3500.0,5100.0,polyprotein_fallback,5081.0,6703.0,True,20
AB541252.1,3500.0,5100.0,polyprotein_fallback,5081.0,6703.0,True,20
AB541251.1,3500.0,5100.0,polyprotein_fallback,5081.0,6703.0,True,20
AB541250.1,3500.0,5100.0,polyprotein_fallback,5081.0,6703.0,True,20
AB541249.1,3500.0,5100.0,polyprotein_fallback,5081.0,6703.0,True,20
AB541248.1,3500.0,5100.0,polyprotein_fallback,5081.0,6703.0,True,20
AB541247.1,3500.0,5100.0,polyprotein_fallback,5081.0,6703.0,True,20
AB541246.1,3500.0,5100.0,polyprotein_fallback,5081.0,6703.0,True,20
AB541245.1,3500.0,5100.0,polyprotein_fallback,5081.0,6703.0,True,20
AB541243.1,3500.0,5100.0,polyprotein_fallback,5081.0,6703.0,True,20
AB541242.1,3500.0,5100.0,polyprotein_fallback,5081.0,6703.0,True,20
AB541241.1,3500.0,5100.0,polyprotein_fallback,5081.0,6703.0,True,20
AB541240.1,3500.0,5100.0,polyprotein_fallback,5081.0,6703.0,True,20
AB541239.1,3500.0,5100.0,polyprotein_fallback,5081.0,6703.0,True,20
AB541238.1,3500.0,5100.0,polyprotein_fallback,5081.0,6703.0,True,20
AB541237.1,3500.0,5100.0,polyprotein_fallback,5081.0,6703.0,True,20
AB541236.1,3500.0,5100.0,polyprotein_fallback,5081.0,6703.0,True,20
AB541235.1,3500.0,5100.0,polyprotein_fallback,5081.0,6703.0,True,20
AB541234.1,3500.0,5100.0,polyprotein_fallback,5081.0,6703.0,True,20
AB541233.1,3500.0,5100.0,polyprotein_fallback,5081.0,6703.0,True,20
AB541232.1,3500.0,5100.0,polyprotein_fallback,5081.0,6703.0,True,20
AB541231.1,3500.0,5100.0,polyprotein_fallback,5081.0,6703.0,True,20
AB541230.1,3500.0,5100.0,polyprotein_fallback,5081.0,6703.0,True,20
AB541229.1,3500.0,5100.0,polyprotein_fallback,5081.0,6703.0,True,20
AB541228.1,3500.0,5100.0,polyprotein_fallback,5081.0,6703.0,True,20
AB541227.1,3500.0,5100.0,polyprotein_fallback,5081.0,6703.0,True,20
AB541226.1,3500.0,5100.0,polyprotein_fallback,5081.0,6703.0,True,20
AB541225.1,3500.0,5100.0,polyprotein_fallback,5081.0,6703.0,True,20
AB541224.1,3500.0,5100.0,polyprotein_fallback,5081.0,6703.0,True,20
AB541222.1,3500.0,5100.0,polyprotein_fallback,5081.0,6703.0,True,20
AB541221.1,,,,4976.0,6598.0,False,0
AB541220.1,3500.0,5100.0,polyprotein_fallback,5081.0,6703.0,True,20
AB541219.1,3500.0,5100.0,polyprotein_fallback,5081.0,6703.0,True,20
AB541218.1,3500.0,5100.0,polyprotein_fallback,5081.0,6703.0,True,20
AB541217.1,3500.0,5100.0,polyprotein_fallback,5081.0,6703.0,True,20
AB541216.1,3500.0,5100.0,polyprotein_fallback,5081.0,6703.0,True,20
AB541215.1,3500.0,5100.0,polyprotein_fallback,5081.0,6703.0,True,20
AB541214.1,3500.0,5100.0,polyprotein_fallback,5081.0,6703.0,True,20
AB541213.1,3500.0,5100.0,polyprotein_fallback,5081.0,6703.0,True,20
AB541212.1,,,,4976.0,6598.0,False,0
AB541211.1,3500.0,5100.0,polyprotein_fallback,5081.0,6703.0,True,20
AB541210.1,3500.0,5100.0,polyprotein_fallback,5081.0,6703.0,True,20
AB541209.1,3500.0,5100.0,polyprotein_fallback,5081.0,6703.0,True,20
AB541208.1,3500.0,5100.0,polyprotein_fallback,5081.0,6703.0,True,20
AB541207.1,3500.0,5100.0,polyprotein_fallback,5081.0,6703.0,True,20
AB541206.1,3500.0,5100.0,polyprotein_fallback,5081.0,6703.0,True,20
AB541205.1,3500.0,5100.0,polyprotein_fallback,5081.0,6703.0,True,20
AB541204.1,3500.0,5100.0,polyprotein_fallback,5081.0,6703.0,True,20
AB541203.1,3500.0,5100.0,polyprotein_fallback,5081.0,6703.0,True,20
AB541202.1,3500.0,5100.0,polyprotein_fallback,5081.0,6703.0,True,20
AB541201.1,3500.0,5100.0,polyprotein_fallback,5081.0,6703.0,True,20
AB541195.1,,,,323.0,1945.0,False,0
AB541192.1,,,,323.0,1945.0,False,0
AB541190.1,,,,323.0,1945.0,False,0
U07611.2,3500.0,5104.0,polyprotein_fallback,,,False,0
AY134748.1,3500.0,5104.0,polyprotein_fallback,5085.0,6713.0,True,20
PZ059672.1,3581.0,5110.0,annotated_rdrp,5094.0,6710.0,True,17
PZ059671.1,3581.0,5110.0,annotated_rdrp,5094.0,6710.0,True,17
PZ059670.1,3581.0,5110.0,annotated_rdrp,5094.0,6710.0,True,17
PZ059669.1,3581.0,5110.0,annotated_rdrp,5094.0,6710.0,True,17
PZ059668.1,3581.0,5110.0,annotated_rdrp,5094.0,6710.0,True,17
PZ059667.1,3581.0,5110.0,annotated_rdrp,5094.0,6710.0,True,17
PZ053853.1,3546.0,5075.0,annotated_rdrp,5059.0,6675.0,True,17
PZ053852.1,3546.0,5075.0,annotated_rdrp,5059.0,6675.0,True,17
PZ053851.1,3546.0,5075.0,annotated_rdrp,5059.0,6675.0,True,17
PZ053850.1,3546.0,5075.0,annotated_rdrp,5059.0,6675.0,True,17
PZ053849.1,3546.0,5075.0,annotated_rdrp,5059.0,6675.0,True,17
PZ053848.1,3546.0,5075.0,annotated_rdrp,5059.0,6675.0,True,17
PZ053847.1,3546.0,5075.0,annotated_rdrp,5059.0,6675.0,True,17
PZ053845.1,3546.0,5075.0,annotated_rdrp,5059.0,6675.0,True,17
PZ053844.1,3546.0,5075.0,annotated_rdrp,5059.0,6675.0,True,17
PX700459.1,3460.0,4989.0,annotated_rdrp,4973.0,6589.0,True,17
PX700456.1,3480.0,5009.0,annotated_rdrp,4993.0,6609.0,True,17
PX700455.1,3462.0,4991.0,annotated_rdrp,4975.0,6591.0,True,17
PX700454.1,3477.0,5006.0,annotated_rdrp,4990.0,6606.0,True,17
PX700453.1,3437.0,4966.0,annotated_rdrp,4950.0,6566.0,True,17
PX700452.1,3458.0,4987.0,annotated_rdrp,4971.0,6587.0,True,17
PX700451.1,3459.0,4988.0,annotated_rdrp,4972.0,6588.0,True,17
PX700450.1,3460.0,4989.0,annotated_rdrp,4973.0,6589.0,True,17
PX700449.1,3461.0,4990.0,annotated_rdrp,4974.0,6590.0,True,17
PX700448.1,3462.0,4991.0,annotated_rdrp,4975.0,6591.0,True,17
PX700447.1,3462.0,4991.0,annotated_rdrp,4975.0,6591.0,True,17
PZ043826.1,3500.0,5042.0,polyprotein_fallback,5026.0,6762.0,True,17
LC919492.1,3500.0,5097.0,polyprotein_fallback,5084.0,6694.0,True,14
LC769709.1,3500.0,5094.0,polyprotein_fallback,5075.0,6721.0,True,20
LC769708.1,3500.0,5104.0,polyprotein_fallback,5085.0,6707.0,True,20
LC769707.1,3500.0,5092.0,polyprotein_fallback,5073.0,6695.0,True,20
LC769706.1,3500.0,5083.0,polyprotein_fallback,5064.0,6710.0,True,20
LC769705.1,3500.0,5095.0,polyprotein_fallback,5076.0,6698.0,True,20
LC769704.1,3500.0,5103.0,polyprotein_fallback,5084.0,6730.0,True,20
LC769703.1,3500.0,5094.0,polyprotein_fallback,5075.0,6703.0,True,20
LC769702.1,3500.0,5092.0,polyprotein_fallback,5073.0,6695.0,True,20
LC769701.1,3500.0,5087.0,polyprotein_fallback,5068.0,6693.0,True,20
LC769700.1,3500.0,5140.0,polyprotein_fallback,5121.0,6734.0,True,20
LC769699.1,3500.0,5067.0,polyprotein_fallback,5048.0,6670.0,True,20
LC769698.1,3500.0,5096.0,polyprotein_fallback,5077.0,6699.0,True,20
LC769697.1,3500.0,5104.0,polyprotein_fallback,5085.0,6707.0,True,20
LC769696.1,3500.0,5091.0,polyprotein_fallback,5072.0,6694.0,True,20
LC769695.1,3500.0,5096.0,polyprotein_fallback,5077.0,6699.0,True,20
LC769694.1,3500.0,5104.0,polyprotein_fallback,5085.0,6707.0,True,20
LC769693.1,3500.0,5094.0,polyprotein_fallback,5075.0,6697.0,True,20
LC769692.1,3500.0,5083.0,polyprotein_fallback,5064.0,6686.0,True,20
LC769691.1,3500.0,5090.0,polyprotein_fallback,5071.0,6693.0,True,20
LC769689.1,3500.0,5094.0,polyprotein_fallback,5075.0,6721.0,True,20
LC769688.1,3500.0,5093.0,polyprotein_fallback,5074.0,6696.0,True,20
LC769685.1,3500.0,5104.0,polyprotein_fallback,5085.0,6707.0,True,20
LC769684.1,3500.0,5090.0,polyprotein_fallback,5071.0,6693.0,True,20
LC769683.1,3500.0,5093.0,polyprotein_fallback,5074.0,6696.0,True,20
LC769682.1,3500.0,5097.0,polyprotein_fallback,5078.0,6724.0,True,20
LC769681.1,3500.0,5095.0,polyprotein_fallback,5076.0,6701.0,True,20
PV843276.1,3572.0,5101.0,annotated_rdrp,5085.0,6713.0,True,17
PV806174.1,3566.0,5095.0,annotated_rdrp,5079.0,6701.0,True,17
PV806173.1,3566.0,5095.0,annotated_rdrp,5079.0,6701.0,True,17
PV806172.1,3566.0,5095.0,annotated_rdrp,5079.0,6701.0,True,17
PQ593082.1,3591.0,5120.0,annotated_rdrp,5104.0,6750.0,True,17
PQ590551.1,3559.0,5088.0,annotated_rdrp,5072.0,6694.0,True,17
PV765588.1,3576.0,5105.0,annotated_rdrp,5089.0,6705.0,True,17
PV765587.1,3576.0,5105.0,annotated_rdrp,5089.0,6705.0,True,17
PV765586.1,3560.0,5089.0,annotated_rdrp,5073.0,6689.0,True,17
PV765583.1,3576.0,5105.0,annotated_rdrp,5089.0,6705.0,True,17
PV765579.1,3576.0,5105.0,annotated_rdrp,5089.0,6705.0,True,17
PV765575.1,3576.0,5105.0,annotated_rdrp,5089.0,6705.0,True,17
PV765572.1,3576.0,5105.0,annotated_rdrp,5089.0,6705.0,True,17
PV765570.1,3577.0,5106.0,annotated_rdrp,5090.0,6706.0,True,17
PV765568.1,3577.0,5106.0,annotated_rdrp,5090.0,6706.0,True,17
PV765567.1,3581.0,5110.0,annotated_rdrp,5094.0,6710.0,True,17
PV765566.1,3576.0,5105.0,annotated_rdrp,5089.0,6705.0,True,17
PV765565.1,3577.0,5106.0,annotated_rdrp,5090.0,6706.0,True,17
PQ557608.1,3552.0,5081.0,annotated_rdrp,5065.0,6687.0,True,17
PQ557607.1,3551.0,5080.0,annotated_rdrp,5064.0,6686.0,True,17
PQ557606.1,3528.0,5057.0,annotated_rdrp,5041.0,6663.0,True,17
PQ557605.1,3552.0,5081.0,annotated_rdrp,5065.0,6687.0,True,17
PQ557604.1,3547.0,5076.0,annotated_rdrp,5060.0,6682.0,True,17
PQ557603.1,3552.0,5081.0,annotated_rdrp,5065.0,6687.0,True,17
PV746280.1,3566.0,5095.0,annotated_rdrp,5079.0,6722.0,True,17
PV746278.1,3572.0,5101.0,annotated_rdrp,5085.0,6707.0,True,17
PV746277.1,3572.0,5101.0,annotated_rdrp,5085.0,6707.0,True,17
PV746276.1,3572.0,5101.0,annotated_rdrp,5085.0,6707.0,True,17
PV746275.1,3572.0,5101.0,annotated_rdrp,5085.0,6707.0,True,17
LC877034.1,3500.0,5077.0,polyprotein_fallback,,,False,0
LC877033.1,3500.0,5098.0,polyprotein_fallback,,,False,0
LC877032.1,3500.0,5080.0,polyprotein_fallback,,,False,0
LC877031.1,3500.0,5080.0,polyprotein_fallback,,,False,0
LC877030.1,3500.0,5052.0,polyprotein_fallback,,,False,0
LC877029.1,3500.0,5077.0,polyprotein_fallback,,,False,0
LC877028.1,3500.0,5086.0,polyprotein_fallback,,,False,0
LC877027.1,3500.0,5077.0,polyprotein_fallback,,,False,0
LC877026.1,3500.0,5077.0,polyprotein_fallback,,,False,0
LC877025.1,3500.0,5080.0,polyprotein_fallback,,,False,0
LC877024.1,3500.0,5086.0,polyprotein_fallback,,,False,0
LC877023.1,3500.0,5077.0,polyprotein_fallback,,,False,0
LC877022.1,3500.0,5084.0,polyprotein_fallback,,,False,0
LC877021.1,3500.0,5077.0,polyprotein_fallback,,,False,0
PV655189.1,3577.0,5106.0,annotated_rdrp,5090.0,6706.0,True,17
PV636607.1,3571.0,5100.0,annotated_rdrp,5084.0,6730.0,True,17
PV635313.1,3581.0,5110.0,annotated_rdrp,5094.0,6716.0,True,17
PQ461163.1,3561.0,5090.0,annotated_rdrp,5074.0,6720.0,True,17
PQ461161.1,3572.0,5101.0,annotated_rdrp,5085.0,6731.0,True,17
PV588797.1,3577.0,5106.0,annotated_rdrp,5090.0,6706.0,True,17
PV588796.1,3577.0,5106.0,annotated_rdrp,5090.0,6706.0,True,17
PV588658.1,3577.0,5106.0,annotated_rdrp,5090.0,6706.0,True,17
PV588656.1,3577.0,5106.0,annotated_rdrp,5090.0,6706.0,True,17
PV588657.1,3577.0,5106.0,annotated_rdrp,5090.0,6706.0,True,17
PV588655.1,3577.0,5106.0,annotated_rdrp,5090.0,6706.0,True,17
PP576343.1,3562.0,5091.0,annotated_rdrp,5075.0,6697.0,True,17
PV394770.1,3558.0,5087.0,annotated_rdrp,5071.0,6693.0,True,17
PV394769.1,3576.0,5105.0,annotated_rdrp,5089.0,6705.0,True,17
PV394767.1,3549.0,5078.0,annotated_rdrp,5062.0,6684.0,True,17
PV394766.1,3559.0,5088.0,annotated_rdrp,5072.0,6694.0,True,17
PV394763.1,3553.0,5082.0,annotated_rdrp,5066.0,6688.0,True,17
PV394762.1,3557.0,5086.0,annotated_rdrp,5070.0,6692.0,True,17
PV394760.1,3540.0,5069.0,annotated_rdrp,5053.0,6675.0,True,17
PV394759.1,3553.0,5082.0,annotated_rdrp,5066.0,6688.0,True,17
LC868438.1,3500.0,5092.0,polyprotein_fallback,5073.0,6689.0,True,20
LC868437.1,3500.0,5101.0,polyprotein_fallback,5082.0,6698.0,True,20
LC868436.1,3500.0,5099.0,polyprotein_fallback,5080.0,6696.0,True,20
LC868435.1,3500.0,5087.0,polyprotein_fallback,5068.0,6684.0,True,20
LC868434.1,3500.0,5099.0,polyprotein_fallback,5080.0,6696.0,True,20
LC868433.1,3500.0,5094.0,polyprotein_fallback,5075.0,6691.0,True,20
LC868432.1,3500.0,5092.0,polyprotein_fallback,5073.0,6689.0,True,20
LC868431.1,3500.0,5099.0,polyprotein_fallback,5080.0,6696.0,True,20
LC868430.1,3500.0,5099.0,polyprotein_fallback,5080.0,6696.0,True,20
LC868429.1,3500.0,5099.0,polyprotein_fallback,5080.0,6696.0,True,20
LC868428.1,3500.0,5099.0,polyprotein_fallback,5080.0,6696.0,True,20
LC868427.1,3500.0,5101.0,polyprotein_fallback,5082.0,6698.0,True,20
LC868426.1,3500.0,5098.0,polyprotein_fallback,5079.0,6695.0,True,20
PV553834.1,3573.0,5102.0,annotated_rdrp,5086.0,6729.0,True,17
PV553833.1,654.0,2183.0,annotated_rdrp,2167.0,3777.0,True,17
PV553832.1,1.0,514.0,annotated_rdrp,498.0,2150.0,True,17
PV416744.1,3568.0,5097.0,annotated_rdrp,5081.0,6694.0,True,17
PQ196568.1,3572.0,5101.0,annotated_rdrp,5085.0,6707.0,True,17
PQ196567.1,1.0,262.0,annotated_rdrp,246.0,1868.0,True,17
PQ196566.1,3568.0,5097.0,annotated_rdrp,5081.0,6703.0,True,17
PQ196565.1,3568.0,5097.0,annotated_rdrp,5081.0,6703.0,True,17
PQ196564.1,3572.0,5101.0,annotated_rdrp,5085.0,6707.0,True,17
PQ196562.1,3572.0,5101.0,annotated_rdrp,5085.0,6707.0,True,17
PQ196561.1,3572.0,5101.0,annotated_rdrp,5085.0,6707.0,True,17
PQ196559.1,1.0,262.0,annotated_rdrp,246.0,1868.0,True,17
PQ196558.1,1.0,262.0,annotated_rdrp,246.0,1868.0,True,17
PQ196557.1,3568.0,5097.0,annotated_rdrp,5081.0,6703.0,True,17
PQ196556.1,3568.0,5097.0,annotated_rdrp,5081.0,6703.0,True,17
PQ196555.1,1.0,262.0,annotated_rdrp,246.0,1868.0,True,17
PQ196553.1,1.0,262.0,annotated_rdrp,246.0,1868.0,True,17
PQ196552.1,1.0,262.0,annotated_rdrp,246.0,1868.0,True,17
PQ196551.1,3572.0,5101.0,annotated_rdrp,5085.0,6707.0,True,17
PQ196550.1,3560.0,5089.0,annotated_rdrp,5073.0,6695.0,True,17
PQ196549.1,3572.0,5101.0,annotated_rdrp,5085.0,6707.0,True,17
PQ196547.1,3568.0,5097.0,annotated_rdrp,5081.0,6703.0,True,17
PQ196546.1,3572.0,5101.0,annotated_rdrp,5085.0,6707.0,True,17
PQ196544.1,3466.0,4995.0,annotated_rdrp,4979.0,6601.0,True,17
PQ196543.1,3572.0,5101.0,annotated_rdrp,5085.0,6707.0,True,17
PQ196542.1,1.0,262.0,annotated_rdrp,246.0,1868.0,True,17
PQ196541.1,3568.0,5097.0,annotated_rdrp,5081.0,6703.0,True,17
PQ196539.1,3568.0,5097.0,annotated_rdrp,5081.0,6703.0,True,17
PQ196538.1,3568.0,5097.0,annotated_rdrp,5081.0,6703.0,True,17
PQ196537.1,3572.0,5101.0,annotated_rdrp,5085.0,6707.0,True,17
PQ196536.1,3572.0,5101.0,annotated_rdrp,5085.0,6707.0,True,17
PP549885.1,3572.0,5101.0,annotated_rdrp,5085.0,6707.0,True,17
PP549884.1,3572.0,5101.0,annotated_rdrp,5085.0,6707.0,True,17
PP549883.1,3572.0,5101.0,annotated_rdrp,5085.0,6707.0,True,17
PP549882.1,3572.0,5101.0,annotated_rdrp,5085.0,6707.0,True,17
PP549881.1,3572.0,5101.0,annotated_rdrp,5085.0,6707.0,True,17
PP549880.1,3572.0,5101.0,annotated_rdrp,5085.0,6707.0,True,17
PP549879.1,3572.0,5101.0,annotated_rdrp,5085.0,6707.0,True,17
PP549878.1,3572.0,5101.0,annotated_rdrp,5085.0,6707.0,True,17
PP549877.1,3572.0,5101.0,annotated_rdrp,5085.0,6707.0,True,17
PP498989.1,3568.0,5097.0,annotated_rdrp,5081.0,6703.0,True,17
PP498988.1,3574.0,5103.0,annotated_rdrp,5087.0,6709.0,True,17
PP498987.1,3572.0,5101.0,annotated_rdrp,5085.0,6707.0,True,17
PP498986.1,3572.0,5101.0,annotated_rdrp,5085.0,6707.0,True,17
PP423020.1,3569.0,5098.0,annotated_rdrp,5082.0,6704.0,True,17
PP423019.1,3566.0,5095.0,annotated_rdrp,5079.0,6701.0,True,17
OR536499.1,3572.0,5101.0,annotated_rdrp,5085.0,6731.0,True,17
OR536498.1,3572.0,5101.0,annotated_rdrp,5085.0,6731.0,True,17
OR536497.1,3572.0,5101.0,annotated_rdrp,5085.0,6731.0,True,17
OR536496.1,3572.0,5101.0,annotated_rdrp,5085.0,6731.0,True,17
OR536495.1,3572.0,5101.0,annotated_rdrp,5085.0,6731.0,True,17
OR536493.1,3572.0,5101.0,annotated_rdrp,5085.0,6731.0,True,17
OR536492.1,3572.0,5101.0,annotated_rdrp,5085.0,6731.0,True,17
OR536491.1,3572.0,5101.0,annotated_rdrp,5085.0,6731.0,True,17
OR536490.1,3572.0,5101.0,annotated_rdrp,5085.0,6731.0,True,17
OR536489.1,3572.0,5101.0,annotated_rdrp,5085.0,6731.0,True,17
OR536488.1,3572.0,5101.0,annotated_rdrp,5085.0,6731.0,True,17
OR536487.1,3572.0,5101.0,annotated_rdrp,5085.0,6731.0,True,17
OR536486.1,3572.0,5101.0,annotated_rdrp,5085.0,6731.0,True,17
OR536485.1,3572.0,5101.0,annotated_rdrp,5085.0,6731.0,True,17
OR536484.1,3572.0,5101.0,annotated_rdrp,5085.0,6731.0,True,17
OR536483.1,3572.0,5101.0,annotated_rdrp,5085.0,6731.0,True,17
OR536482.1,3572.0,5101.0,annotated_rdrp,5085.0,6731.0,True,17
OR536481.1,3572.0,5101.0,annotated_rdrp,5085.0,6731.0,True,17
OR536480.1,3572.0,5101.0,annotated_rdrp,5085.0,6731.0,True,17
OR536479.1,3572.0,5101.0,annotated_rdrp,5085.0,6731.0,True,17
OR536477.1,3572.0,5101.0,annotated_rdrp,5085.0,6731.0,True,17
OR536476.1,3572.0,5101.0,annotated_rdrp,5085.0,6731.0,True,17
OR536475.1,3572.0,5101.0,annotated_rdrp,5085.0,6731.0,True,17
OR536474.1,3572.0,5101.0,annotated_rdrp,5085.0,6731.0,True,17
OR536473.1,3572.0,5101.0,annotated_rdrp,5085.0,6731.0,True,17
OR536472.1,3572.0,5101.0,annotated_rdrp,5085.0,6731.0,True,17
OR536471.1,3572.0,5101.0,annotated_rdrp,5085.0,6731.0,True,17
OR536470.1,3572.0,5101.0,annotated_rdrp,5085.0,6731.0,True,17
OR536469.1,3572.0,5101.0,annotated_rdrp,5085.0,6731.0,True,17
OR536468.1,3572.0,5101.0,annotated_rdrp,5085.0,6731.0,True,17
OR536467.1,3572.0,5101.0,annotated_rdrp,5085.0,6731.0,True,17
OR536466.1,3572.0,5101.0,annotated_rdrp,5085.0,6731.0,True,17
OR536465.1,3505.0,5034.0,annotated_rdrp,5018.0,6628.0,True,17
OR536464.1,3494.0,5023.0,annotated_rdrp,5007.0,6617.0,True,17
OR536463.1,3565.0,5094.0,annotated_rdrp,5078.0,6688.0,True,17
OR536462.1,3553.0,5082.0,annotated_rdrp,5066.0,6676.0,True,17
OR536461.1,3565.0,5094.0,annotated_rdrp,5078.0,6688.0,True,17
OR536460.1,3557.0,5086.0,annotated_rdrp,5070.0,6680.0,True,17
OR536459.1,3390.0,4919.0,annotated_rdrp,4903.0,6513.0,True,17
OR536458.1,3553.0,5082.0,annotated_rdrp,5066.0,6676.0,True,17
OR536457.1,3565.0,5094.0,annotated_rdrp,5078.0,6688.0,True,17
OR536456.1,3565.0,5094.0,annotated_rdrp,5078.0,6688.0,True,17
OR536455.1,3565.0,5094.0,annotated_rdrp,5078.0,6688.0,True,17
OR536453.1,3565.0,5094.0,annotated_rdrp,5078.0,6688.0,True,17
OR536452.1,3565.0,5094.0,annotated_rdrp,5078.0,6688.0,True,17
OR536451.1,3565.0,5094.0,annotated_rdrp,5078.0,6688.0,True,17
OR536450.1,3565.0,5094.0,annotated_rdrp,5078.0,6688.0,True,17
OR536449.1,3565.0,5094.0,annotated_rdrp,5078.0,6688.0,True,17
OR536448.1,3565.0,5094.0,annotated_rdrp,5078.0,6688.0,True,17
OR536447.1,3544.0,5073.0,annotated_rdrp,5057.0,6667.0,True,17
OR536446.1,3565.0,5094.0,annotated_rdrp,5078.0,6688.0,True,17
OR536445.1,3565.0,5094.0,annotated_rdrp,5078.0,6688.0,True,17
OR536444.1,3544.0,5073.0,annotated_rdrp,5057.0,6667.0,True,17
OR536443.1,3565.0,5094.0,annotated_rdrp,5078.0,6688.0,True,17
OR536442.1,3531.0,5060.0,annotated_rdrp,5044.0,6696.0,True,17
OR536441.1,3531.0,5060.0,annotated_rdrp,5044.0,6687.0,True,17
OQ190312.1,3596.0,5125.0,annotated_rdrp,5109.0,6755.0,True,17
PP381831.1,3572.0,5101.0,annotated_rdrp,5085.0,6707.0,True,17
OL451532.1,3608.0,5137.0,annotated_rdrp,5121.0,6767.0,True,17
PP267300.1,3560.0,5089.0,annotated_rdrp,5073.0,6701.0,True,17
PP267299.1,3566.0,5095.0,annotated_rdrp,5079.0,6707.0,True,17
PP267298.1,3581.0,5110.0,annotated_rdrp,5094.0,6716.0,True,17
PP267297.1,3563.0,5092.0,annotated_rdrp,5076.0,6704.0,True,17
PP267296.1,3567.0,5096.0,annotated_rdrp,5080.0,6702.0,True,17
PP267295.1,3569.0,5098.0,annotated_rdrp,5082.0,6704.0,True,17
PP267294.1,3567.0,5096.0,annotated_rdrp,5080.0,6702.0,True,17
PP267293.1,3569.0,5098.0,annotated_rdrp,5082.0,6704.0,True,17
PP267292.1,3568.0,5097.0,annotated_rdrp,5081.0,6703.0,True,17
PP267291.1,3567.0,5096.0,annotated_rdrp,5080.0,6702.0,True,17
PP267290.1,3567.0,5096.0,annotated_rdrp,5080.0,6702.0,True,17
PP267289.1,3568.0,5097.0,annotated_rdrp,5081.0,6703.0,True,17
PP267288.1,3572.0,5101.0,annotated_rdrp,5085.0,6707.0,True,17
PP267287.1,3566.0,5095.0,annotated_rdrp,5079.0,6701.0,True,17
PP267286.1,3568.0,5097.0,annotated_rdrp,5081.0,6703.0,True,17
PP267285.1,3581.0,5110.0,annotated_rdrp,5094.0,6716.0,True,17
PP267284.1,3581.0,5110.0,annotated_rdrp,5094.0,6716.0,True,17
PP267283.1,3569.0,5098.0,annotated_rdrp,5082.0,6704.0,True,17
PP267282.1,3566.0,5095.0,annotated_rdrp,5079.0,6701.0,True,17
PP267281.1,3569.0,5098.0,annotated_rdrp,5082.0,6704.0,True,17
PP267280.1,3569.0,5098.0,annotated_rdrp,5082.0,6704.0,True,17
PP267279.1,3581.0,5110.0,annotated_rdrp,5094.0,6716.0,True,17
PP267278.1,3571.0,5100.0,annotated_rdrp,5084.0,6706.0,True,17
PP267277.1,3572.0,5101.0,annotated_rdrp,5085.0,6707.0,True,17
PP267276.1,3572.0,5101.0,annotated_rdrp,5085.0,6707.0,True,17
PP267275.1,3551.0,5080.0,annotated_rdrp,5064.0,6686.0,True,17
PP267274.1,3552.0,5081.0,annotated_rdrp,5065.0,6717.0,True,17
PP267273.1,3558.0,5087.0,annotated_rdrp,5071.0,6714.0,True,17
PP267272.1,3541.0,5070.0,annotated_rdrp,5054.0,6676.0,True,17
PP267271.1,3560.0,5089.0,annotated_rdrp,5073.0,6725.0,True,17
PP267270.1,3566.0,5095.0,annotated_rdrp,5079.0,6707.0,True,17
PP267269.1,3563.0,5092.0,annotated_rdrp,5076.0,6698.0,True,17
PP267268.1,3566.0,5095.0,annotated_rdrp,5079.0,6707.0,True,17
OR546400.1,3568.0,5097.0,annotated_rdrp,5081.0,6694.0,True,17
OR546399.1,3568.0,5097.0,annotated_rdrp,5081.0,6694.0,True,17
OR546398.1,3568.0,5097.0,annotated_rdrp,5081.0,6694.0,True,17
OR546397.1,3568.0,5097.0,annotated_rdrp,5081.0,6694.0,True,17
OR546396.1,3568.0,5097.0,annotated_rdrp,5081.0,6694.0,True,17
OR546395.1,3568.0,5097.0,annotated_rdrp,5081.0,6694.0,True,17
OR546394.1,3568.0,5097.0,annotated_rdrp,5081.0,6694.0,True,17
OR546393.1,3568.0,5097.0,annotated_rdrp,5081.0,6694.0,True,17
OR546392.1,3568.0,5097.0,annotated_rdrp,5081.0,6694.0,True,17
OR546391.1,3568.0,5097.0,annotated_rdrp,5081.0,6694.0,True,17
OR797351.1,57.0,1586.0,annotated_rdrp,1570.0,3216.0,True,17
OR797350.1,57.0,1586.0,annotated_rdrp,1570.0,3216.0,True,17
OR797347.1,57.0,1586.0,annotated_rdrp,1570.0,3216.0,True,17
OR797346.1,57.0,1586.0,annotated_rdrp,1570.0,3216.0,True,17
OQ342793.1,3608.0,5137.0,annotated_rdrp,5121.0,6767.0,True,17
LC790071.1,,,,3517.0,5124.0,False,0
LC790070.1,3500.0,5050.0,polyprotein_fallback,5031.0,6653.0,True,20
LC790069.1,,,,4685.0,6307.0,False,0
LC790068.1,3500.0,5095.0,polyprotein_fallback,5076.0,6698.0,True,20
LC790067.1,3500.0,5090.0,polyprotein_fallback,5071.0,6693.0,True,20
LC790066.1,3500.0,5089.0,polyprotein_fallback,5070.0,6692.0,True,20
LC790065.1,3500.0,5090.0,polyprotein_fallback,5071.0,6693.0,True,20
LC790064.1,3500.0,5094.0,polyprotein_fallback,5075.0,6697.0,True,20
LC790063.1,,,,4686.0,6308.0,False,0
LC790062.1,3500.0,5092.0,polyprotein_fallback,5073.0,6701.0,True,20
LC790061.1,3500.0,5083.0,polyprotein_fallback,5064.0,6686.0,True,20
LC790060.1,3500.0,5092.0,polyprotein_fallback,5073.0,6695.0,True,20
LC790059.1,3500.0,5093.0,polyprotein_fallback,5074.0,6696.0,True,20
LC790058.1,3500.0,5090.0,polyprotein_fallback,5071.0,6693.0,True,20
LC790057.1,3500.0,5090.0,polyprotein_fallback,5071.0,6693.0,True,20
LC790056.1,3500.0,5081.0,polyprotein_fallback,5062.0,6705.0,True,20
LC790055.1,,,,3379.0,5007.0,False,0
LC790054.1,3500.0,5092.0,polyprotein_fallback,5073.0,6695.0,True,20
LC790053.1,3500.0,5087.0,polyprotein_fallback,5068.0,6690.0,True,20
LC790052.1,3500.0,5087.0,polyprotein_fallback,5068.0,6690.0,True,20
OR262329.1,3546.0,5075.0,annotated_rdrp,5059.0,6684.0,True,17
OR262328.1,3561.0,5090.0,annotated_rdrp,5074.0,6699.0,True,17
OR262327.1,3556.0,5085.0,annotated_rdrp,5069.0,6694.0,True,17
OR262326.1,3551.0,5080.0,annotated_rdrp,5064.0,6689.0,True,17
OR262325.1,3572.0,5101.0,annotated_rdrp,5085.0,6710.0,True,17
LC373451.1,3500.0,5079.0,polyprotein_fallback,5060.0,6703.0,True,20
LC373450.1,3500.0,5084.0,polyprotein_fallback,5065.0,6708.0,True,20
LC373449.1,3500.0,5091.0,polyprotein_fallback,5072.0,6694.0,True,20
OR844383.1,3572.0,5101.0,annotated_rdrp,5085.0,6707.0,True,17
OR844382.1,3572.0,5101.0,annotated_rdrp,5085.0,6707.0,True,17
OR844381.1,3572.0,5101.0,annotated_rdrp,5085.0,6707.0,True,17
OR844380.1,3572.0,5101.0,annotated_rdrp,5085.0,6707.0,True,17
OR844379.1,3572.0,5101.0,annotated_rdrp,5085.0,6707.0,True,17
OR844378.1,3572.0,5101.0,annotated_rdrp,5085.0,6707.0,True,17
OR844377.1,3572.0,5101.0,annotated_rdrp,5085.0,6707.0,True,17
OR844376.1,3572.0,5101.0,annotated_rdrp,5085.0,6707.0,True,17
OR844375.1,3572.0,5101.0,annotated_rdrp,5085.0,6707.0,True,17
OR844374.1,3572.0,5101.0,annotated_rdrp,5085.0,6707.0,True,17
OR844373.1,3572.0,5101.0,annotated_rdrp,5085.0,6707.0,True,17
OR844372.1,3572.0,5101.0,annotated_rdrp,5085.0,6707.0,True,17
OR844371.1,3572.0,5101.0,annotated_rdrp,5085.0,6707.0,True,17
OR844370.1,3572.0,5101.0,annotated_rdrp,5085.0,6707.0,True,17
OR397788.1,3572.0,5101.0,annotated_rdrp,5085.0,6692.0,True,17
OR397787.1,3572.0,5101.0,annotated_rdrp,5085.0,6692.0,True,17
OR397786.1,3572.0,5101.0,annotated_rdrp,5085.0,6692.0,True,17
OR397785.1,3572.0,5101.0,annotated_rdrp,5085.0,6692.0,True,17
OR397784.1,3572.0,5101.0,annotated_rdrp,5085.0,6692.0,True,17
OR397783.1,3572.0,5101.0,annotated_rdrp,5085.0,6692.0,True,17
OR397782.1,3572.0,5101.0,annotated_rdrp,5085.0,6692.0,True,17
OR397781.1,3572.0,5101.0,annotated_rdrp,5085.0,6692.0,True,17
OR397780.1,3572.0,5101.0,annotated_rdrp,5085.0,6692.0,True,17
OR397779.1,3572.0,5101.0,annotated_rdrp,5085.0,6692.0,True,17
OR397778.1,3572.0,5101.0,annotated_rdrp,5085.0,6692.0,True,17
OR397777.1,3572.0,5101.0,annotated_rdrp,5085.0,6692.0,True,17
OR397776.1,3572.0,5101.0,annotated_rdrp,5085.0,6692.0,True,17
OR397775.1,3572.0,5101.0,annotated_rdrp,5085.0,6692.0,True,17
OR397774.1,3572.0,5101.0,annotated_rdrp,5085.0,6692.0,True,17
OR397773.1,3572.0,5101.0,annotated_rdrp,5085.0,6692.0,True,17
OR397772.1,3572.0,5101.0,annotated_rdrp,5085.0,6692.0,True,17
OR397771.1,3572.0,5101.0,annotated_rdrp,5085.0,6692.0,True,17
OR397770.1,3572.0,5101.0,annotated_rdrp,5085.0,6692.0,True,17
OR397769.1,3572.0,5101.0,annotated_rdrp,5085.0,6692.0,True,17
OR397768.1,3572.0,5101.0,annotated_rdrp,5085.0,6692.0,True,17
OR397767.1,3572.0,5101.0,annotated_rdrp,5085.0,6692.0,True,17
OR397766.1,3572.0,5101.0,annotated_rdrp,5085.0,6692.0,True,17
OP901694.1,3572.0,5101.0,annotated_rdrp,5085.0,6707.0,True,17
OP901693.1,3572.0,5101.0,annotated_rdrp,5085.0,6731.0,True,17
OP901692.1,3566.0,5095.0,annotated_rdrp,5079.0,6722.0,True,17
OP037983.1,3572.0,5101.0,annotated_rdrp,5085.0,6707.0,True,17
OP037982.1,3572.0,5101.0,annotated_rdrp,5085.0,6707.0,True,17
OP037981.1,3572.0,5101.0,annotated_rdrp,5085.0,6707.0,True,17
OP037980.1,3572.0,5101.0,annotated_rdrp,5085.0,6707.0,True,17
OP037979.1,3572.0,5101.0,annotated_rdrp,5085.0,6707.0,True,17
OP037978.1,3572.0,5101.0,annotated_rdrp,5085.0,6707.0,True,17
OP037977.1,3572.0,5101.0,annotated_rdrp,5085.0,6707.0,True,17
OP037976.1,3572.0,5101.0,annotated_rdrp,5085.0,6707.0,True,17
ON595846.1,3500.0,5256.0,polyprotein_fallback,,,False,0
OP729314.1,3338.0,4867.0,annotated_rdrp,4851.0,6464.0,True,17
OP729313.1,3338.0,4867.0,annotated_rdrp,4851.0,6464.0,True,17
OP729312.1,3338.0,4867.0,annotated_rdrp,4851.0,6464.0,True,17
OP729311.1,3338.0,4867.0,annotated_rdrp,4851.0,6464.0,True,17
OP729310.1,3338.0,4867.0,annotated_rdrp,4851.0,6464.0,True,17
OP727614.1,3573.0,5102.0,annotated_rdrp,5086.0,6708.0,True,17
OP727613.1,3574.0,5103.0,annotated_rdrp,5087.0,6709.0,True,17
OP727612.1,3575.0,5104.0,annotated_rdrp,5088.0,6710.0,True,17
OP727611.1,3553.0,5082.0,annotated_rdrp,5066.0,6688.0,True,17
OP727610.1,3548.0,5077.0,annotated_rdrp,5061.0,6683.0,True,17
OP727609.1,3548.0,5077.0,annotated_rdrp,5061.0,6683.0,True,17
OP727607.1,3560.0,5089.0,annotated_rdrp,5073.0,6695.0,True,17
OP727606.1,3560.0,5089.0,annotated_rdrp,5073.0,6695.0,True,17
OP727605.1,3560.0,5089.0,annotated_rdrp,5073.0,6695.0,True,17
OP712199.1,3581.0,5110.0,annotated_rdrp,5094.0,6710.0,True,17
OP712198.1,3572.0,5101.0,annotated_rdrp,5085.0,6707.0,True,17
OP712197.1,3572.0,5101.0,annotated_rdrp,5085.0,6731.0,True,17
OP712196.1,3566.0,5095.0,annotated_rdrp,5079.0,6722.0,True,17
OP691295.1,3572.0,5101.0,annotated_rdrp,5085.0,6731.0,True,17
OP691294.1,3572.0,5101.0,annotated_rdrp,5085.0,6731.0,True,17
OP690505.1,3608.0,5137.0,annotated_rdrp,5121.0,6767.0,True,17
OP690427.1,3572.0,5101.0,annotated_rdrp,5085.0,6692.0,True,17
OP690426.1,3566.0,5095.0,annotated_rdrp,5079.0,6728.0,True,17
OP690425.1,3566.0,5095.0,annotated_rdrp,5079.0,6728.0,True,17
OP689689.1,3581.0,5110.0,annotated_rdrp,5094.0,6710.0,True,17
OP689558.1,3572.0,5101.0,annotated_rdrp,5085.0,6713.0,True,17
OP689557.1,3572.0,5101.0,annotated_rdrp,5085.0,6713.0,True,17
OP686904.1,3572.0,5101.0,annotated_rdrp,5085.0,6698.0,True,17
OP686903.1,3572.0,5101.0,annotated_rdrp,5085.0,6731.0,True,17
OP609646.1,3572.0,5101.0,annotated_rdrp,5085.0,6731.0,True,17
OP609645.1,3572.0,5101.0,annotated_rdrp,5085.0,6731.0,True,17
OP609644.1,3572.0,5101.0,annotated_rdrp,5085.0,6731.0,True,17
LC726090.1,3500.0,5083.0,polyprotein_fallback,5064.0,6692.0,True,20
LC726089.1,3500.0,5083.0,polyprotein_fallback,5064.0,6692.0,True,20
LC726088.1,3500.0,5083.0,polyprotein_fallback,5064.0,6692.0,True,20
LC726087.1,3500.0,5079.0,polyprotein_fallback,5060.0,6688.0,True,20
LC726086.1,3500.0,5083.0,polyprotein_fallback,5064.0,6692.0,True,20
LC726085.1,3500.0,5087.0,polyprotein_fallback,5068.0,6696.0,True,20
LC726084.1,,,,4940.0,6568.0,False,0
LC726083.1,3500.0,5088.0,polyprotein_fallback,5069.0,6697.0,True,20
LC726082.1,3500.0,5087.0,polyprotein_fallback,5068.0,6696.0,True,20
LC726080.1,3500.0,5058.0,polyprotein_fallback,5039.0,6667.0,True,20
LC726079.1,,,,4951.0,6579.0,False,0
LC726078.1,,,,4758.0,6380.0,False,0
LC726077.1,3500.0,5083.0,polyprotein_fallback,5064.0,6686.0,True,20
LC726076.1,3500.0,5088.0,polyprotein_fallback,5069.0,6691.0,True,20
LC726075.1,3500.0,5070.0,polyprotein_fallback,5051.0,6673.0,True,20
LC726074.1,3500.0,5076.0,polyprotein_fallback,5057.0,6679.0,True,20
LC726073.1,3500.0,5001.0,polyprotein_fallback,4982.0,6604.0,True,20
LC726063.1,3500.0,5077.0,polyprotein_fallback,5058.0,6704.0,True,20
LC726059.1,3500.0,5084.0,polyprotein_fallback,5065.0,6708.0,True,20
OM884056.1,3558.0,5087.0,annotated_rdrp,5071.0,6717.0,True,17
OK376714.1,3546.0,5075.0,annotated_rdrp,5059.0,6681.0,True,17
ON706295.1,1.0,306.0,annotated_rdrp,290.0,1942.0,True,17
ON706294.1,1.0,1344.0,annotated_rdrp,1328.0,2980.0,True,17
ON706290.1,1906.0,3435.0,annotated_rdrp,3419.0,5071.0,True,17
ON706289.1,3465.0,4994.0,annotated_rdrp,4978.0,6630.0,True,17
ON706288.1,3526.0,5055.0,annotated_rdrp,5039.0,6691.0,True,17
ON706287.1,3556.0,5085.0,annotated_rdrp,5069.0,6721.0,True,17
ON706286.1,3562.0,5091.0,annotated_rdrp,5075.0,6727.0,True,17
ON569431.1,3572.0,5101.0,annotated_rdrp,5085.0,6731.0,True,17
ON329737.1,3572.0,5101.0,annotated_rdrp,5085.0,6707.0,True,17
MN308014.1,3571.0,5100.0,annotated_rdrp,5084.0,6706.0,True,17
MN308013.1,3486.0,5015.0,annotated_rdrp,4999.0,6621.0,True,17
MN308012.1,3571.0,5100.0,annotated_rdrp,5084.0,6706.0,True,17
MN308011.1,3462.0,4991.0,annotated_rdrp,4975.0,6597.0,True,17
MN308010.1,3571.0,5100.0,annotated_rdrp,5084.0,6706.0,True,17
MN308009.1,3565.0,5094.0,annotated_rdrp,5078.0,6700.0,True,17
MN308008.1,3571.0,5100.0,annotated_rdrp,5084.0,6706.0,True,17
MN308007.1,3564.0,5093.0,annotated_rdrp,5077.0,6699.0,True,17
MN308006.1,3564.0,5093.0,annotated_rdrp,5077.0,6699.0,True,17
MN308005.1,3462.0,4991.0,annotated_rdrp,4975.0,6597.0,True,17
MN308004.1,3565.0,5094.0,annotated_rdrp,5078.0,6700.0,True,17
MN308003.1,3571.0,5100.0,annotated_rdrp,5084.0,6706.0,True,17
MN308002.1,3571.0,5100.0,annotated_rdrp,5084.0,6706.0,True,17
MN308001.1,3571.0,5100.0,annotated_rdrp,5084.0,6706.0,True,17
MN308000.1,3565.0,5094.0,annotated_rdrp,5078.0,6700.0,True,17
MN307999.1,3571.0,5100.0,annotated_rdrp,5084.0,6706.0,True,17
MN307998.1,3571.0,5100.0,annotated_rdrp,5084.0,6706.0,True,17
MN307997.1,3571.0,5100.0,annotated_rdrp,5084.0,6706.0,True,17
MN307996.1,3571.0,5100.0,annotated_rdrp,5084.0,6706.0,True,17
MN307995.1,3571.0,5100.0,annotated_rdrp,5084.0,6706.0,True,17
MN307994.1,3569.0,5098.0,annotated_rdrp,5082.0,6704.0,True,17
MN307993.1,3571.0,5100.0,annotated_rdrp,5084.0,6706.0,True,17
MZ312111.1,3566.0,5095.0,annotated_rdrp,5079.0,6692.0,True,17
MW981327.1,3572.0,5101.0,annotated_rdrp,5085.0,6707.0,True,17
MZ265063.2,3574.0,5103.0,annotated_rdrp,5087.0,6694.0,True,17
MZ292794.1,3569.0,5098.0,annotated_rdrp,5082.0,6695.0,True,17
MZ292759.1,3566.0,5095.0,annotated_rdrp,5079.0,6701.0,True,17
MZ291634.1,3568.0,5097.0,annotated_rdrp,5081.0,6703.0,True,17
MZ291632.1,3577.0,5106.0,annotated_rdrp,5090.0,6712.0,True,17
MZ291626.1,3565.0,5094.0,annotated_rdrp,5078.0,6706.0,True,17
MZ291631.1,3581.0,5110.0,annotated_rdrp,5094.0,6716.0,True,17
MZ291623.1,3581.0,5110.0,annotated_rdrp,5094.0,6716.0,True,17
MZ279715.1,3562.0,5091.0,annotated_rdrp,5075.0,6697.0,True,17
MZ279714.1,3562.0,5091.0,annotated_rdrp,5075.0,6697.0,True,17
MZ279713.1,3562.0,5091.0,annotated_rdrp,5075.0,6697.0,True,17
MZ272475.1,3566.0,5095.0,annotated_rdrp,5079.0,6689.0,True,17
MZ272053.1,3566.0,5095.0,annotated_rdrp,5079.0,6689.0,True,17
MZ268408.1,3569.0,5098.0,annotated_rdrp,5082.0,6710.0,True,17
MZ268407.1,3565.0,5094.0,annotated_rdrp,5078.0,6706.0,True,17
MZ265480.1,3566.0,5095.0,annotated_rdrp,5079.0,6722.0,True,17
MZ265418.1,3566.0,5095.0,annotated_rdrp,5079.0,6731.0,True,17
MZ265142.1,3608.0,5137.0,annotated_rdrp,5121.0,6743.0,True,17
MZ233536.1,3572.0,5101.0,annotated_rdrp,5085.0,6707.0,True,17
MZ233435.1,3570.0,5099.0,annotated_rdrp,5083.0,6705.0,True,17
MT364242.1,3560.0,5089.0,annotated_rdrp,5073.0,6716.0,True,17
MT363962.1,3562.0,5091.0,annotated_rdrp,5075.0,6718.0,True,17
MT158862.1,3572.0,5101.0,annotated_rdrp,5085.0,6713.0,True,17
MT158861.1,3577.0,5106.0,annotated_rdrp,5090.0,6712.0,True,17
MT158860.1,3577.0,5106.0,annotated_rdrp,5090.0,6712.0,True,17
MT158859.1,3568.0,5097.0,annotated_rdrp,5081.0,6703.0,True,17
MT158858.1,3568.0,5097.0,annotated_rdrp,5081.0,6703.0,True,17
MT158857.1,3568.0,5097.0,annotated_rdrp,5081.0,6709.0,True,17
MT158856.1,3568.0,5097.0,annotated_rdrp,5081.0,6709.0,True,17
MT158855.1,3568.0,5097.0,annotated_rdrp,5081.0,6709.0,True,17
MT158854.1,3568.0,5097.0,annotated_rdrp,5081.0,6727.0,True,17
MT158853.1,3568.0,5097.0,annotated_rdrp,5081.0,6709.0,True,17
MT158852.1,3568.0,5097.0,annotated_rdrp,5081.0,6709.0,True,17
MT158851.1,3568.0,5097.0,annotated_rdrp,5081.0,6709.0,True,17
MT158850.1,3562.0,5091.0,annotated_rdrp,5075.0,6727.0,True,17
MW559994.1,3568.0,5097.0,annotated_rdrp,5081.0,6703.0,True,17
MW559993.1,3568.0,5097.0,annotated_rdrp,5081.0,6703.0,True,17
MW559992.1,3568.0,5097.0,annotated_rdrp,5081.0,6703.0,True,17
MW559991.1,3568.0,5097.0,annotated_rdrp,5081.0,6703.0,True,17
MW559990.1,3568.0,5097.0,annotated_rdrp,5081.0,6703.0,True,17
LC597134.1,,,,2942.0,4588.0,False,0
LC597133.1,3500.0,5089.0,polyprotein_fallback,5070.0,6692.0,True,20
LC597132.1,3500.0,5104.0,polyprotein_fallback,5085.0,6731.0,True,20
LC597131.1,3500.0,5086.0,polyprotein_fallback,5067.0,6710.0,True,20
LC597130.1,3500.0,5080.0,polyprotein_fallback,5061.0,6683.0,True,20
LC597128.1,3500.0,5083.0,polyprotein_fallback,5064.0,6686.0,True,20
LC597127.1,3500.0,5096.0,polyprotein_fallback,5077.0,6699.0,True,20
LC597126.1,3500.0,5091.0,polyprotein_fallback,5072.0,6700.0,True,20
LC597125.1,3500.0,5090.0,polyprotein_fallback,5071.0,6717.0,True,20
LC597124.1,3500.0,5090.0,polyprotein_fallback,5071.0,6714.0,True,20
LC597123.1,3500.0,5086.0,polyprotein_fallback,5067.0,6710.0,True,20
LC597121.1,3500.0,5098.0,polyprotein_fallback,5079.0,6722.0,True,20
LC597120.1,3500.0,5104.0,polyprotein_fallback,5085.0,6692.0,True,20
LC597119.1,3500.0,5087.0,polyprotein_fallback,5068.0,6696.0,True,20
LC597117.1,3500.0,5092.0,polyprotein_fallback,5073.0,6719.0,True,20
LC597116.1,3500.0,5086.0,polyprotein_fallback,5067.0,6689.0,True,20
LC597115.1,3500.0,5075.0,polyprotein_fallback,5056.0,6678.0,True,20
LC597114.1,3500.0,5089.0,polyprotein_fallback,5070.0,6692.0,True,20
LC597113.1,3500.0,5091.0,polyprotein_fallback,5072.0,6700.0,True,20
LC597112.1,3500.0,5113.0,polyprotein_fallback,5094.0,6716.0,True,20
LC597111.1,3500.0,5094.0,polyprotein_fallback,5075.0,6703.0,True,20
MT735394.1,3568.0,5097.0,annotated_rdrp,5081.0,6703.0,True,17
MK355712.1,3562.0,5091.0,annotated_rdrp,5075.0,6682.0,True,17
MN199033.1,3569.0,5098.0,annotated_rdrp,5082.0,6728.0,True,17
GU138177.3,541.0,2067.0,annotated_rdrp,2051.0,3670.0,True,17
GU138176.3,541.0,2067.0,annotated_rdrp,2051.0,3670.0,True,17
GU138163.3,541.0,2067.0,annotated_rdrp,2051.0,3670.0,True,17
GU138162.3,541.0,2067.0,annotated_rdrp,2051.0,3670.0,True,17
GU292851.3,1.0,822.0,annotated_rdrp,806.0,2452.0,True,17
HM590541.3,541.0,2067.0,annotated_rdrp,2051.0,3670.0,True,17
KF931180.3,1.0,822.0,annotated_rdrp,806.0,2452.0,True,17
KF895859.3,,,,800.0,2446.0,False,0
MK934772.1,3572.0,5101.0,annotated_rdrp,5085.0,6707.0,True,17
MG892956.3,1.0,795.0,annotated_rdrp,779.0,2425.0,True,17
MG892955.4,438.0,1967.0,annotated_rdrp,1951.0,3597.0,True,17
MG892954.3,538.0,2067.0,annotated_rdrp,2051.0,3697.0,True,17
MG892952.3,438.0,1967.0,annotated_rdrp,1951.0,3597.0,True,17
MG892950.2,1.0,797.0,annotated_rdrp,781.0,2427.0,True,17
MG892953.3,3572.0,5101.0,annotated_rdrp,5085.0,6731.0,True,17
MG892946.3,3572.0,5101.0,annotated_rdrp,5085.0,6731.0,True,17
MG892951.2,409.0,1938.0,annotated_rdrp,1922.0,3568.0,True,17
MG892949.2,1.0,795.0,annotated_rdrp,779.0,2425.0,True,17
MG892947.2,409.0,1938.0,annotated_rdrp,1922.0,3568.0,True,17
MK864096.1,1.0,701.0,annotated_rdrp,685.0,2313.0,True,17
MH279839.1,1.0,823.0,annotated_rdrp,807.0,2450.0,True,17
MH279838.1,1.0,823.0,annotated_rdrp,807.0,2450.0,True,17
MH279837.1,1.0,823.0,annotated_rdrp,807.0,2450.0,True,17
MH279836.1,1.0,823.0,annotated_rdrp,807.0,2450.0,True,17
MH279835.1,1.0,809.0,annotated_rdrp,793.0,2436.0,True,17
MH279834.1,1.0,794.0,annotated_rdrp,778.0,2430.0,True,17
MH279833.1,1.0,824.0,annotated_rdrp,808.0,2430.0,True,17
MH279832.1,1.0,823.0,annotated_rdrp,807.0,2459.0,True,17
MH279831.1,1.0,824.0,annotated_rdrp,808.0,2460.0,True,17
MH279830.1,1.0,823.0,annotated_rdrp,807.0,2429.0,True,17
MH279829.1,1.0,823.0,annotated_rdrp,807.0,2429.0,True,17
MH279828.1,1.0,804.0,annotated_rdrp,788.0,2431.0,True,17
MH279827.1,1.0,823.0,annotated_rdrp,807.0,2450.0,True,17
MH279826.1,1.0,802.0,annotated_rdrp,786.0,2396.0,True,17
MK614137.1,3568.0,5097.0,annotated_rdrp,5081.0,6709.0,True,17
MK614136.1,3568.0,5097.0,annotated_rdrp,5081.0,6709.0,True,17
MK614135.1,3568.0,5097.0,annotated_rdrp,5081.0,6709.0,True,17
MK614134.1,3568.0,5097.0,annotated_rdrp,5081.0,6709.0,True,17
MK614133.1,3568.0,5097.0,annotated_rdrp,5081.0,6709.0,True,17
MK614132.1,3568.0,5097.0,annotated_rdrp,5081.0,6709.0,True,17
MK614131.1,3568.0,5097.0,annotated_rdrp,5081.0,6709.0,True,17
MK614130.1,3568.0,5097.0,annotated_rdrp,5081.0,6709.0,True,17
MK614129.1,3568.0,5097.0,annotated_rdrp,5081.0,6709.0,True,17
MK614128.1,3568.0,5097.0,annotated_rdrp,5081.0,6709.0,True,17
MK614127.1,3568.0,5097.0,annotated_rdrp,5081.0,6709.0,True,17
MK614126.1,3568.0,5097.0,annotated_rdrp,5081.0,6709.0,True,17
MK614125.1,3568.0,5097.0,annotated_rdrp,5081.0,6709.0,True,17
MK614124.1,3568.0,5097.0,annotated_rdrp,5081.0,6709.0,True,17
MG892974.3,3568.0,5097.0,annotated_rdrp,5081.0,6709.0,True,17
MG892929.3,3572.0,5101.0,annotated_rdrp,5085.0,6707.0,True,17
MK483909.2,3570.0,5099.0,annotated_rdrp,5083.0,6705.0,True,17
MK483908.2,3572.0,5101.0,annotated_rdrp,5085.0,6692.0,True,17
MG892908.3,3572.0,5101.0,annotated_rdrp,5085.0,6713.0,True,17
MK789436.1,3558.0,5087.0,annotated_rdrp,5071.0,6693.0,True,17
MK789435.1,3572.0,5101.0,annotated_rdrp,5085.0,6707.0,True,17
MK789434.1,3561.0,5090.0,annotated_rdrp,5074.0,6696.0,True,17
MK789433.1,3567.0,5096.0,annotated_rdrp,5080.0,6702.0,True,17
MK789432.1,3581.0,5110.0,annotated_rdrp,5094.0,6716.0,True,17
MK789431.1,3565.0,5094.0,annotated_rdrp,5078.0,6700.0,True,17
MK789430.1,3562.0,5091.0,annotated_rdrp,5075.0,6703.0,True,17
MK775032.1,3571.0,5100.0,annotated_rdrp,5084.0,6706.0,True,17
MK775031.1,3508.0,5037.0,annotated_rdrp,5021.0,6649.0,True,17
MK775030.1,3567.0,5096.0,annotated_rdrp,5080.0,6708.0,True,17
MK775029.1,3571.0,5100.0,annotated_rdrp,5084.0,6712.0,True,17
MK775028.1,3353.0,4882.0,annotated_rdrp,4866.0,6494.0,True,17
MK773587.1,3572.0,5101.0,annotated_rdrp,5085.0,6713.0,True,17
MK773586.1,3570.0,5099.0,annotated_rdrp,5083.0,6705.0,True,17
MK773585.1,3569.0,5098.0,annotated_rdrp,5082.0,6704.0,True,17
MK773584.1,3572.0,5101.0,annotated_rdrp,5085.0,6707.0,True,17
MK773583.1,3570.0,5099.0,annotated_rdrp,5083.0,6711.0,True,17
MK773582.1,3436.0,4965.0,annotated_rdrp,4949.0,6577.0,True,17
MK773581.1,3476.0,5005.0,annotated_rdrp,4989.0,6617.0,True,17
MK773580.1,3478.0,5007.0,annotated_rdrp,4991.0,6619.0,True,17
MK773571.1,3496.0,5025.0,annotated_rdrp,5009.0,6637.0,True,17
MK764043.1,3496.0,5025.0,annotated_rdrp,5009.0,6637.0,True,17
MK764042.1,3565.0,5094.0,annotated_rdrp,5078.0,6706.0,True,17
MK764041.1,3572.0,5101.0,annotated_rdrp,5085.0,6692.0,True,17
MK764040.1,3569.0,5098.0,annotated_rdrp,5082.0,6710.0,True,17
MK764039.1,3571.0,5100.0,annotated_rdrp,5084.0,6712.0,True,17
MK764022.1,3569.0,5098.0,annotated_rdrp,5082.0,6710.0,True,17
MK764021.1,3572.0,5101.0,annotated_rdrp,5085.0,6707.0,True,17
MK764020.1,3517.0,5046.0,annotated_rdrp,5030.0,6676.0,True,17
MK764019.1,3523.0,5052.0,annotated_rdrp,5036.0,6658.0,True,17
MK764018.1,3465.0,4994.0,annotated_rdrp,4978.0,6600.0,True,17
MK764017.1,3571.0,5100.0,annotated_rdrp,5084.0,6712.0,True,17
MK764016.1,3572.0,5101.0,annotated_rdrp,5085.0,6707.0,True,17
MK764015.1,3571.0,5100.0,annotated_rdrp,5084.0,6706.0,True,17
MK764014.1,3567.0,5096.0,annotated_rdrp,5080.0,6708.0,True,17
MK764013.1,3571.0,5100.0,annotated_rdrp,5084.0,6706.0,True,17
MK762746.1,3571.0,5100.0,annotated_rdrp,5084.0,6706.0,True,17
MK762745.1,3568.0,5097.0,annotated_rdrp,5081.0,6709.0,True,17
MK762641.1,3465.0,4994.0,annotated_rdrp,4978.0,6606.0,True,17
MK762640.1,3568.0,5097.0,annotated_rdrp,5081.0,6727.0,True,17
MK762639.1,3568.0,5097.0,annotated_rdrp,5081.0,6703.0,True,17
MK762638.1,3572.0,5101.0,annotated_rdrp,5085.0,6707.0,True,17
MK762637.1,3570.0,5099.0,annotated_rdrp,5083.0,6705.0,True,17
MK762636.1,3572.0,5101.0,annotated_rdrp,5085.0,6707.0,True,17
MK762635.1,3572.0,5101.0,annotated_rdrp,5085.0,6707.0,True,17
MK762634.1,3526.0,5055.0,annotated_rdrp,5039.0,6667.0,True,17
MK762633.1,3572.0,5101.0,annotated_rdrp,5085.0,6713.0,True,17
MK762632.1,3569.0,5098.0,annotated_rdrp,5082.0,6704.0,True,17
MK762631.1,3559.0,5088.0,annotated_rdrp,5072.0,6700.0,True,17
MK762630.1,3520.0,5049.0,annotated_rdrp,5033.0,6655.0,True,17
MK762629.1,3571.0,5100.0,annotated_rdrp,5084.0,6706.0,True,17
MK762628.1,3566.0,5095.0,annotated_rdrp,5079.0,6707.0,True,17
MK762627.1,3571.0,5100.0,annotated_rdrp,5084.0,6691.0,True,17
MK762626.1,3572.0,5101.0,annotated_rdrp,5085.0,6713.0,True,17
MK762625.1,3572.0,5101.0,annotated_rdrp,5085.0,6713.0,True,17
MK762624.1,3572.0,5101.0,annotated_rdrp,5085.0,6707.0,True,17
MK762623.1,3557.0,5086.0,annotated_rdrp,5070.0,6692.0,True,17
MK762622.1,3560.0,5089.0,annotated_rdrp,5073.0,6695.0,True,17
MK762621.1,3572.0,5101.0,annotated_rdrp,5085.0,6707.0,True,17
MK762570.1,3562.0,5091.0,annotated_rdrp,5075.0,6697.0,True,17
MK762569.1,3568.0,5097.0,annotated_rdrp,5081.0,6703.0,True,17
MK762568.1,3568.0,5097.0,annotated_rdrp,5081.0,6703.0,True,17
MK762567.1,3517.0,5046.0,annotated_rdrp,5030.0,6652.0,True,17
MK762566.1,3568.0,5097.0,annotated_rdrp,5081.0,6703.0,True,17
MK762565.1,3541.0,5070.0,annotated_rdrp,5054.0,6682.0,True,17
MK762564.1,3568.0,5097.0,annotated_rdrp,5081.0,6703.0,True,17
MK762563.1,3544.0,5073.0,annotated_rdrp,5057.0,6679.0,True,17
MK762562.1,3400.0,4929.0,annotated_rdrp,4913.0,6535.0,True,17
MK762561.1,3358.0,4887.0,annotated_rdrp,4871.0,6493.0,True,17
MK762560.1,3565.0,5094.0,annotated_rdrp,5078.0,6706.0,True,17
MK762559.1,3511.0,5040.0,annotated_rdrp,5024.0,6652.0,True,17
MK762558.1,3568.0,5097.0,annotated_rdrp,5081.0,6703.0,True,17
MK756038.1,3560.0,5089.0,annotated_rdrp,5073.0,6695.0,True,17
MK756037.1,3465.0,4994.0,annotated_rdrp,4978.0,6600.0,True,17
MK756036.1,3566.0,5095.0,annotated_rdrp,5079.0,6701.0,True,17
MK756035.1,3570.0,5099.0,annotated_rdrp,5083.0,6705.0,True,17
MK756034.1,3572.0,5101.0,annotated_rdrp,5085.0,6707.0,True,17
MK756033.1,3564.0,5093.0,annotated_rdrp,5077.0,6699.0,True,17
MK754447.1,3572.0,5101.0,annotated_rdrp,5085.0,6692.0,True,17
MK754446.1,3551.0,5080.0,annotated_rdrp,5064.0,6686.0,True,17
MK754445.1,3568.0,5097.0,annotated_rdrp,5081.0,6688.0,True,17
MK754444.1,3569.0,5098.0,annotated_rdrp,5082.0,6704.0,True,17
MK754443.1,3568.0,5097.0,annotated_rdrp,5081.0,6709.0,True,17
MK754442.1,3571.0,5100.0,annotated_rdrp,5084.0,6706.0,True,17
MK753036.1,3572.0,5101.0,annotated_rdrp,5085.0,6692.0,True,17
MK753035.1,3570.0,5099.0,annotated_rdrp,5083.0,6711.0,True,17
MK753034.1,3572.0,5101.0,annotated_rdrp,5085.0,6692.0,True,17
MK753033.1,3568.0,5097.0,annotated_rdrp,5081.0,6688.0,True,17
MK753032.1,3572.0,5101.0,annotated_rdrp,5085.0,6707.0,True,17
MK753031.1,3343.0,4872.0,annotated_rdrp,4856.0,6484.0,True,17
MK753030.1,3567.0,5096.0,annotated_rdrp,5080.0,6702.0,True,17
MK753029.1,3204.0,4733.0,annotated_rdrp,4717.0,6339.0,True,17
MK753028.1,3567.0,5096.0,annotated_rdrp,5080.0,6702.0,True,17
MK753021.1,3496.0,5025.0,annotated_rdrp,5009.0,6637.0,True,17
MK753020.1,3534.0,5063.0,annotated_rdrp,5047.0,6675.0,True,17
MK753018.1,3521.0,5050.0,annotated_rdrp,5034.0,6656.0,True,17
MK753017.1,3522.0,5051.0,annotated_rdrp,5035.0,6657.0,True,17
MK753016.1,3571.0,5100.0,annotated_rdrp,5084.0,6712.0,True,17
MK753015.1,3572.0,5101.0,annotated_rdrp,5085.0,6713.0,True,17
MK753014.1,3393.0,4922.0,annotated_rdrp,4906.0,6534.0,True,17
MK753013.1,3517.0,5046.0,annotated_rdrp,5030.0,6658.0,True,17
MK753012.1,3571.0,5100.0,annotated_rdrp,5084.0,6712.0,True,17
MK753011.1,3400.0,4929.0,annotated_rdrp,4913.0,6541.0,True,17
MK753010.1,3568.0,5097.0,annotated_rdrp,5081.0,6709.0,True,17
MK753009.1,3568.0,5097.0,annotated_rdrp,5081.0,6709.0,True,17
MK753008.1,3567.0,5096.0,annotated_rdrp,5080.0,6708.0,True,17
MK753007.1,3569.0,5098.0,annotated_rdrp,5082.0,6710.0,True,17
MK752949.1,3472.0,5001.0,annotated_rdrp,4985.0,6613.0,True,17
MK752948.1,3520.0,5049.0,annotated_rdrp,5033.0,6655.0,True,17
MK752947.1,3568.0,5097.0,annotated_rdrp,5081.0,6709.0,True,17
MK752946.1,3568.0,5097.0,annotated_rdrp,5081.0,6709.0,True,17
MK752945.1,3562.0,5091.0,annotated_rdrp,5075.0,6703.0,True,17
MK752944.1,3520.0,5049.0,annotated_rdrp,5033.0,6661.0,True,17
MK752943.1,3570.0,5099.0,annotated_rdrp,5083.0,6705.0,True,17
MK752942.1,3571.0,5100.0,annotated_rdrp,5084.0,6706.0,True,17
MK752941.1,3569.0,5098.0,annotated_rdrp,5082.0,6710.0,True,17
MK752940.1,3567.0,5096.0,annotated_rdrp,5080.0,6708.0,True,17
MK752939.1,3571.0,5100.0,annotated_rdrp,5084.0,6712.0,True,17
MK752938.1,3572.0,5101.0,annotated_rdrp,5085.0,6707.0,True,17
MK752937.1,3571.0,5100.0,annotated_rdrp,5084.0,6706.0,True,17
MK752936.1,3572.0,5101.0,annotated_rdrp,5085.0,6707.0,True,17
MK752935.1,3572.0,5101.0,annotated_rdrp,5085.0,6713.0,True,17
MK752934.1,3568.0,5097.0,annotated_rdrp,5081.0,6703.0,True,17
MK752933.1,3478.0,5007.0,annotated_rdrp,4991.0,6613.0,True,17
MH041322.1,3568.0,5097.0,annotated_rdrp,5081.0,6709.0,True,17
MH041321.1,3568.0,5097.0,annotated_rdrp,5081.0,6709.0,True,17
MK588004.1,3553.0,5082.0,annotated_rdrp,5066.0,6676.0,True,17
MK729086.1,3572.0,5101.0,annotated_rdrp,5085.0,6713.0,True,17
MK301293.1,3556.0,5085.0,annotated_rdrp,5069.0,6712.0,True,17
LC342059.1,3500.0,5104.0,polyprotein_fallback,5085.0,6692.0,True,20
MK641589.1,3566.0,5095.0,annotated_rdrp,5079.0,6689.0,True,17
MK629457.1,3572.0,5101.0,annotated_rdrp,5085.0,6707.0,True,17
MK616585.1,3550.0,5079.0,annotated_rdrp,5063.0,6670.0,True,17
MK616584.1,3532.0,5061.0,annotated_rdrp,5045.0,6652.0,True,17
MK616561.1,3520.0,5049.0,annotated_rdrp,5033.0,6640.0,True,17
MK616560.1,3505.0,5034.0,annotated_rdrp,5018.0,6625.0,True,17
MK616559.1,3520.0,5049.0,annotated_rdrp,5033.0,6640.0,True,17
MK616558.1,3520.0,5049.0,annotated_rdrp,5033.0,6640.0,True,17
MK590974.1,3567.0,5096.0,annotated_rdrp,5080.0,6708.0,True,17
MK590973.1,3525.0,5054.0,annotated_rdrp,5038.0,6666.0,True,17
MK590972.1,3420.0,4949.0,annotated_rdrp,4933.0,6561.0,True,17
MF421542.1,3500.0,5109.0,polyprotein_fallback,5090.0,6712.0,True,20
MF421541.1,3500.0,5109.0,polyprotein_fallback,5090.0,6712.0,True,20
MF421540.1,3500.0,5109.0,polyprotein_fallback,5090.0,6712.0,True,20
MF421539.1,3500.0,5109.0,polyprotein_fallback,5090.0,6712.0,True,20
MF421538.1,3500.0,5109.0,polyprotein_fallback,5090.0,6712.0,True,20
GU138208.2,1.0,825.0,annotated_rdrp,806.0,2452.0,True,20
KR232647.2,,,,4856.0,6487.0,False,0
MG572182.1,3500.0,5104.0,polyprotein_fallback,5085.0,6692.0,True,20
MG495081.1,,,,4849.0,6477.0,False,0
MG495080.1,3500.0,5044.0,polyprotein_fallback,5025.0,6656.0,True,20
MG495079.1,,,,4847.0,6475.0,False,0
MG495078.1,,,,4850.0,6481.0,False,0
MG495077.1,,,,4856.0,6487.0,False,0
KU306738.1,,,,4856.0,6484.0,False,0
LC145808.1,3500.0,5094.0,polyprotein_fallback,5075.0,6703.0,True,20
LC145807.1,3500.0,5094.0,polyprotein_fallback,5075.0,6703.0,True,20
LC145806.1,3500.0,5094.0,polyprotein_fallback,5075.0,6703.0,True,20
LC145805.1,3500.0,5094.0,polyprotein_fallback,5075.0,6703.0,True,20
LC145804.1,3500.0,5094.0,polyprotein_fallback,5075.0,6703.0,True,20
LC145803.1,3500.0,5094.0,polyprotein_fallback,5075.0,6703.0,True,20
LC145802.1,3500.0,5094.0,polyprotein_fallback,5075.0,6703.0,True,20
LC145801.1,3500.0,5094.0,polyprotein_fallback,5075.0,6703.0,True,20
LC145800.1,3500.0,5094.0,polyprotein_fallback,5075.0,6703.0,True,20
LC145799.1,3500.0,5094.0,polyprotein_fallback,5075.0,6703.0,True,20
LC145798.1,3500.0,5094.0,polyprotein_fallback,5075.0,6703.0,True,20
LC145797.1,3500.0,5094.0,polyprotein_fallback,5075.0,6703.0,True,20
LC145796.1,3500.0,5094.0,polyprotein_fallback,5075.0,6703.0,True,20
LC145795.1,3500.0,5094.0,polyprotein_fallback,5075.0,6703.0,True,20
LC145794.1,3500.0,5094.0,polyprotein_fallback,5075.0,6703.0,True,20
LC145793.1,3500.0,5094.0,polyprotein_fallback,5075.0,6703.0,True,20
LC145792.1,3500.0,5094.0,polyprotein_fallback,5075.0,6703.0,True,20
LC145791.1,3500.0,5094.0,polyprotein_fallback,5075.0,6703.0,True,20
LC145790.1,3500.0,5094.0,polyprotein_fallback,5075.0,6703.0,True,20
LC145789.1,3500.0,5094.0,polyprotein_fallback,5075.0,6703.0,True,20
LC145788.1,3500.0,5094.0,polyprotein_fallback,5075.0,6703.0,True,20
LC145787.1,3500.0,5097.0,polyprotein_fallback,5078.0,6706.0,True,20
LC145786.1,3500.0,5094.0,polyprotein_fallback,5075.0,6703.0,True,20
LC228948.1,,,,5057.0,6685.0,False,0
MG551869.1,,,,4865.0,6496.0,False,0
MG495085.1,,,,4844.0,6472.0,False,0
MG495084.1,,,,4849.0,6477.0,False,0
MG495083.1,,,,4842.0,6467.0,False,0
MG495082.1,,,,4787.0,6412.0,False,0
LC209481.1,3500.0,5101.0,polyprotein_fallback,5082.0,6710.0,True,20
LC209480.1,3500.0,5101.0,polyprotein_fallback,5082.0,6710.0,True,20
LC209479.1,3500.0,5093.0,polyprotein_fallback,5074.0,6702.0,True,20
LC209478.1,3500.0,5090.0,polyprotein_fallback,5071.0,6699.0,True,20
LC209477.1,3500.0,5083.0,polyprotein_fallback,5064.0,6692.0,True,20
LC209476.1,3500.0,5084.0,polyprotein_fallback,5065.0,6693.0,True,20
LC209475.1,3500.0,5083.0,polyprotein_fallback,5064.0,6692.0,True,20
LC209474.1,3500.0,5089.0,polyprotein_fallback,5070.0,6698.0,True,20
LC209473.1,3500.0,5090.0,polyprotein_fallback,5071.0,6699.0,True,20
LC209472.1,3500.0,5092.0,polyprotein_fallback,5073.0,6701.0,True,20
LC209471.1,3500.0,5087.0,polyprotein_fallback,5068.0,6696.0,True,20
LC209470.1,3500.0,5092.0,polyprotein_fallback,5073.0,6701.0,True,20
LC209469.1,3500.0,5093.0,polyprotein_fallback,5074.0,6702.0,True,20
LC209468.1,,,,3771.0,5399.0,False,0
LC209467.1,3500.0,5101.0,polyprotein_fallback,5082.0,6710.0,True,20
LC209466.1,3500.0,5088.0,polyprotein_fallback,5069.0,6697.0,True,20
LC209465.1,3500.0,5093.0,polyprotein_fallback,5074.0,6702.0,True,20
LC209464.1,3500.0,5099.0,polyprotein_fallback,5080.0,6708.0,True,20
LC209463.1,3500.0,5104.0,polyprotein_fallback,5085.0,6713.0,True,20
LC209462.1,3500.0,5090.0,polyprotein_fallback,5071.0,6699.0,True,20
LC209461.1,3500.0,5088.0,polyprotein_fallback,5069.0,6697.0,True,20
LC209460.1,3500.0,5096.0,polyprotein_fallback,5077.0,6705.0,True,20
LC209459.1,3500.0,5092.0,polyprotein_fallback,5073.0,6701.0,True,20
LC209458.1,3500.0,5088.0,polyprotein_fallback,5069.0,6697.0,True,20
LC209457.1,3500.0,5089.0,polyprotein_fallback,5070.0,6698.0,True,20
LC209456.1,3500.0,5083.0,polyprotein_fallback,5064.0,6692.0,True,20
LC209455.1,3500.0,5088.0,polyprotein_fallback,5069.0,6697.0,True,20
LC209454.1,3500.0,5088.0,polyprotein_fallback,5069.0,6697.0,True,20
LC209453.1,3500.0,5087.0,polyprotein_fallback,5068.0,6696.0,True,20
LC209452.1,3500.0,5089.0,polyprotein_fallback,5070.0,6698.0,True,20
LC209451.1,3500.0,5087.0,polyprotein_fallback,5068.0,6696.0,True,20
LC209450.1,3500.0,5088.0,polyprotein_fallback,5069.0,6697.0,True,20
LC209449.1,3500.0,5101.0,polyprotein_fallback,5082.0,6710.0,True,20
LC209448.1,3500.0,5084.0,polyprotein_fallback,5065.0,6693.0,True,20
LC209447.1,3500.0,5089.0,polyprotein_fallback,5070.0,6698.0,True,20
LC209446.1,3500.0,5085.0,polyprotein_fallback,5066.0,6694.0,True,20
LC209445.1,3500.0,5098.0,polyprotein_fallback,5079.0,6707.0,True,20
LC209444.1,3500.0,5088.0,polyprotein_fallback,5069.0,6697.0,True,20
LC209441.1,3500.0,5085.0,polyprotein_fallback,5066.0,6694.0,True,20
LC209440.1,3500.0,5090.0,polyprotein_fallback,5071.0,6699.0,True,20
LC209439.1,3500.0,5104.0,polyprotein_fallback,5085.0,6713.0,True,20
LC209438.1,3500.0,5098.0,polyprotein_fallback,5079.0,6707.0,True,20
LC209437.1,3500.0,5094.0,polyprotein_fallback,5075.0,6703.0,True,20
LC209436.1,3500.0,5094.0,polyprotein_fallback,5075.0,6703.0,True,20
LC209435.1,3500.0,5099.0,polyprotein_fallback,5080.0,6708.0,True,20
LC209434.1,3500.0,5083.0,polyprotein_fallback,5064.0,6692.0,True,20
LC209433.1,3500.0,5092.0,polyprotein_fallback,5073.0,6701.0,True,20
LC209432.1,3500.0,5083.0,polyprotein_fallback,5064.0,6692.0,True,20
LC209431.1,3500.0,5086.0,polyprotein_fallback,5067.0,6695.0,True,20
KY421039.1,,,,4985.0,6607.0,False,0
MG214988.1,3500.0,5104.0,polyprotein_fallback,5085.0,6707.0,True,20
MG002631.1,3500.0,5082.0,polyprotein_fallback,5063.0,6685.0,True,20
MG002634.1,3500.0,5099.0,polyprotein_fallback,5080.0,6702.0,True,20
MG002633.1,3500.0,5082.0,polyprotein_fallback,5063.0,6685.0,True,20
MG002632.1,3500.0,5099.0,polyprotein_fallback,5080.0,6702.0,True,20
MG002630.1,3500.0,5083.0,polyprotein_fallback,5064.0,6686.0,True,20
JN616378.1,1.0,783.0,annotated_rdrp,,,False,0
HQ688986.1,,,,875.0,2482.0,False,0
HQ115742.1,1.0,775.0,annotated_rdrp,,,False,0
HM625866.1,1.0,775.0,annotated_rdrp,756.0,2378.0,True,20
HM346627.1,1.0,784.0,annotated_rdrp,,,False,0
GU930737.1,3500.0,5062.0,polyprotein_fallback,5043.0,6689.0,True,20
EF670650.2,,,,,,False,0
GQ413969.1,,,,806.0,2428.0,False,0
AF539440.1,1.0,420.0,annotated_rdrp,,,False,0
AF539439.1,1.0,515.0,annotated_rdrp,,,False,0
EF202568.1,3500.0,5078.0,polyprotein_fallback,,,False,0
EF202567.1,,,,,,False,0
HQ169542.2,3500.0,5098.0,polyprotein_fallback,5079.0,6722.0,True,20
KX356908.1,3500.0,5113.0,polyprotein_fallback,5094.0,6716.0,True,20
KX079488.1,3500.0,5104.0,polyprotein_fallback,5085.0,6707.0,True,20
KT290889.1,,,,801.0,2432.0,False,0
KX024652.1,,,,761.0,2383.0,False,0
KU561256.1,3500.0,5113.0,polyprotein_fallback,5094.0,6716.0,True,20
KJ196299.1,3500.0,5104.0,polyprotein_fallback,5085.0,6692.0,True,20
KJ196297.1,3500.0,5098.0,polyprotein_fallback,5079.0,6689.0,True,20
KJ196296.1,3500.0,5104.0,polyprotein_fallback,5085.0,6707.0,True,20
KJ196295.1,3500.0,5098.0,polyprotein_fallback,5079.0,6701.0,True,20
KJ196294.1,3500.0,5104.0,polyprotein_fallback,5085.0,6692.0,True,20
KJ196293.1,3500.0,5104.0,polyprotein_fallback,5085.0,6707.0,True,20
KJ196289.1,3500.0,5104.0,polyprotein_fallback,5085.0,6707.0,True,20
KJ196288.1,3500.0,5098.0,polyprotein_fallback,5079.0,6701.0,True,20
KJ196287.1,3500.0,5104.0,polyprotein_fallback,5085.0,6707.0,True,20
KJ196286.1,3500.0,5101.0,polyprotein_fallback,5082.0,6704.0,True,20
KJ196285.1,3500.0,5104.0,polyprotein_fallback,5085.0,6707.0,True,20
KJ196284.1,3500.0,5104.0,polyprotein_fallback,5085.0,6704.0,True,20
KJ196283.1,3500.0,5104.0,polyprotein_fallback,5085.0,6707.0,True,20
KJ196282.1,3500.0,5104.0,polyprotein_fallback,5085.0,6692.0,True,20
KJ196281.1,3500.0,5104.0,polyprotein_fallback,5085.0,6707.0,True,20
KJ196280.1,3500.0,5104.0,polyprotein_fallback,5085.0,6707.0,True,20
KJ196279.1,3500.0,5104.0,polyprotein_fallback,5085.0,6707.0,True,20
KJ196278.1,3500.0,5098.0,polyprotein_fallback,5079.0,6689.0,True,20
KJ196277.1,3500.0,5140.0,polyprotein_fallback,5121.0,6743.0,True,20
KJ196276.1,3500.0,5104.0,polyprotein_fallback,5085.0,6713.0,True,20
KF145148.1,,,,1718.0,3340.0,False,0
KJ649705.1,,,,5085.0,6707.0,False,0
KF768522.1,1.0,793.0,annotated_rdrp,,,False,0
KF768521.1,1.0,793.0,annotated_rdrp,,,False,0
KF768519.1,1.0,793.0,annotated_rdrp,,,False,0
KF768517.1,1.0,793.0,annotated_rdrp,,,False,0
KF768516.1,1.0,793.0,annotated_rdrp,,,False,0
KF768515.1,1.0,793.0,annotated_rdrp,,,False,0
KF768514.1,1.0,793.0,annotated_rdrp,,,False,0
KF768513.1,1.0,793.0,annotated_rdrp,,,False,0
KF768512.1,1.0,793.0,annotated_rdrp,,,False,0
KF768472.1,1.0,793.0,annotated_rdrp,,,False,0
KF768471.1,1.0,793.0,annotated_rdrp,,,False,0
KF768470.1,1.0,793.0,annotated_rdrp,,,False,0
KJ541743.1,3500.0,5104.0,polyprotein_fallback,5085.0,6707.0,True,20
JX989075.1,,,,5079.0,6722.0,False,0
JX989074.1,,,,5085.0,6707.0,False,0
JX989073.1,,,,5083.0,6705.0,False,0
KF668569.1,1.0,825.0,annotated_rdrp,,,False,0
KF668568.1,1.0,822.0,annotated_rdrp,,,False,0
KF668567.1,1.0,822.0,annotated_rdrp,,,False,0
JQ613552.2,,,,5085.0,6707.0,False,0
JQ613568.1,,,,5091.0,6698.0,False,0
KF306214.1,,,,5085.0,6707.0,False,0
KF306213.1,,,,5085.0,6731.0,False,0
AB447456.2,3500.0,5104.0,polyprotein_fallback,5085.0,6707.0,True,20
KC576915.1,,,,5053.0,6672.0,False,0
JX846927.1,3500.0,5098.0,polyprotein_fallback,5079.0,6731.0,True,20
JN400619.2,,,,5081.0,6703.0,False,0
JN400618.2,,,,5081.0,6673.0,False,0
KC464500.1,,,,5087.0,6694.0,False,0
KC464499.1,,,,5087.0,6694.0,False,0
KC464498.1,,,,5090.0,6697.0,False,0
KC464497.1,,,,5087.0,6694.0,False,0
KC464496.1,,,,5087.0,6694.0,False,0
JN400626.1,,,,5081.0,6703.0,False,0
JN400625.1,,,,5081.0,6703.0,False,0
JN400624.1,,,,5081.0,6703.0,False,0
JN400623.1,,,,5081.0,6703.0,False,0
JN400622.1,,,,5081.0,6703.0,False,0
JN400621.1,,,,5081.0,6703.0,False,0
JN400620.1,,,,5081.0,6703.0,False,0
JN400617.1,,,,5081.0,6703.0,False,0
JN400616.1,,,,5081.0,6703.0,False,0
JN400615.1,,,,5081.0,6703.0,False,0
JN400614.1,,,,5081.0,6703.0,False,0
JN400613.1,,,,5081.0,6703.0,False,0
JN400612.1,,,,5081.0,6703.0,False,0
JN400611.1,,,,5081.0,6703.0,False,0
JN400610.1,,,,5081.0,6703.0,False,0
JN400609.1,,,,5081.0,6703.0,False,0
JN400608.1,,,,5081.0,6703.0,False,0
JN400607.1,,,,5081.0,6703.0,False,0
JN400606.1,,,,5081.0,6703.0,False,0
JN400605.1,,,,5081.0,6703.0,False,0
JN400604.1,,,,5081.0,6703.0,False,0
JN400603.1,,,,5081.0,6703.0,False,0
JN400602.1,,,,5081.0,6703.0,False,0
JN400601.1,,,,5081.0,6703.0,False,0
JN400600.1,,,,5081.0,6703.0,False,0
JN400599.1,,,,5081.0,6703.0,False,0
KC577174.1,,,,5085.0,6707.0,False,0
KF378731.1,1.0,826.0,annotated_rdrp,807.0,2429.0,True,20
KC409317.1,3500.0,5102.0,polyprotein_fallback,5083.0,6705.0,True,20
KF712507.1,,,,5078.0,6694.0,False,0
KF712506.1,,,,5080.0,6696.0,False,0
KF712501.1,3500.0,5100.0,polyprotein_fallback,5081.0,6703.0,True,20
KF712500.1,,,,5078.0,6694.0,False,0
KF712499.1,3500.0,5100.0,polyprotein_fallback,5081.0,6697.0,True,20
KF712497.1,3500.0,5100.0,polyprotein_fallback,5081.0,6703.0,True,20
KF712494.1,,,,4566.0,6185.0,False,0
KF712493.1,,,,5080.0,6699.0,False,0
KF712492.1,,,,4853.0,6472.0,False,0
AF145896.1,3500.0,5104.0,polyprotein_fallback,,,False,0
AB543808.1,3500.0,5100.0,polyprotein_fallback,5081.0,6703.0,True,20
FJ537138.1,3500.0,5104.0,polyprotein_fallback,5085.0,6704.0,True,20
FJ537137.1,3500.0,5104.0,polyprotein_fallback,5085.0,6704.0,True,20
FJ537136.1,3500.0,5104.0,polyprotein_fallback,5085.0,6704.0,True,20
FJ537135.1,3500.0,5104.0,polyprotein_fallback,5085.0,6704.0,True,20
FJ537134.1,3500.0,5104.0,polyprotein_fallback,5085.0,6704.0,True,20
AY741811.1,3500.0,5103.0,polyprotein_fallback,,,False,0
AF504671.2,3500.0,5104.0,polyprotein_fallback,,,False,0
AY237415.2,3500.0,5104.0,polyprotein_fallback,,,False,0
AY502023.1,3500.0,5104.0,polyprotein_fallback,,,False,0
AY502020.1,3500.0,5104.0,polyprotein_fallback,,,False,0
AB083780.1,3500.0,5140.0,polyprotein_fallback,,,False,0
AB045603.2,3500.0,5104.0,polyprotein_fallback,,,False,0
AB447463.1,3500.0,5102.0,polyprotein_fallback,5083.0,6705.0,True,20
AB447462.1,3500.0,5102.0,polyprotein_fallback,5083.0,6705.0,True,20
AB447461.1,3500.0,5102.0,polyprotein_fallback,5083.0,6705.0,True,20
AB447460.1,3500.0,5102.0,polyprotein_fallback,5083.0,6705.0,True,20
AB447459.1,3500.0,5102.0,polyprotein_fallback,5083.0,6705.0,True,20
AB447458.1,3500.0,5102.0,polyprotein_fallback,5083.0,6705.0,True,20
AB447457.1,3500.0,5102.0,polyprotein_fallback,5083.0,6705.0,True,20
AB447455.1,3500.0,5102.0,polyprotein_fallback,5083.0,6705.0,True,20
AB447454.1,3500.0,5102.0,polyprotein_fallback,5083.0,6705.0,True,20
AB447453.1,3500.0,5102.0,polyprotein_fallback,5083.0,6705.0,True,20
AB447452.1,3500.0,5102.0,polyprotein_fallback,5083.0,6705.0,True,20
AB447451.1,3500.0,5102.0,polyprotein_fallback,5083.0,6705.0,True,20
AB447450.1,3500.0,5102.0,polyprotein_fallback,5083.0,6705.0,True,20
AB447449.1,3500.0,5102.0,polyprotein_fallback,5083.0,6705.0,True,20
AB447448.1,3500.0,5102.0,polyprotein_fallback,5083.0,6705.0,True,20
AB447447.1,3500.0,5102.0,polyprotein_fallback,5083.0,6705.0,True,20
AB447446.1,3500.0,5102.0,polyprotein_fallback,5083.0,6705.0,True,20
AB447445.1,3500.0,5102.0,polyprotein_fallback,5083.0,6705.0,True,20
AB447444.1,3500.0,5102.0,polyprotein_fallback,5083.0,6705.0,True,20
AB447443.1,3500.0,5102.0,polyprotein_fallback,5083.0,6705.0,True,20
AB447442.1,3500.0,5102.0,polyprotein_fallback,5083.0,6705.0,True,20
AB447441.1,3500.0,5102.0,polyprotein_fallback,5083.0,6705.0,True,20
AB447440.1,3500.0,5102.0,polyprotein_fallback,5083.0,6705.0,True,20
AB447439.1,3500.0,5102.0,polyprotein_fallback,5083.0,6705.0,True,20
AB447438.1,3500.0,5102.0,polyprotein_fallback,5083.0,6705.0,True,20
AB447437.1,3500.0,5102.0,polyprotein_fallback,5083.0,6705.0,True,20
AB447436.1,3500.0,5102.0,polyprotein_fallback,5083.0,6705.0,True,20
AB447435.1,3500.0,5102.0,polyprotein_fallback,5083.0,6705.0,True,20
AB447434.1,3500.0,5102.0,polyprotein_fallback,5083.0,6705.0,True,20
AB447433.1,3500.0,5102.0,polyprotein_fallback,5083.0,6705.0,True,20
AB447432.1,3500.0,5102.0,polyprotein_fallback,5083.0,6705.0,True,20
AB447431.1,3500.0,5102.0,polyprotein_fallback,5083.0,6705.0,True,20
AB447430.1,3500.0,5102.0,polyprotein_fallback,5083.0,6705.0,True,20
AB447429.1,3500.0,5102.0,polyprotein_fallback,5083.0,6705.0,True,20
AB447428.1,3500.0,5102.0,polyprotein_fallback,5083.0,6705.0,True,20
AB447427.1,3500.0,5102.0,polyprotein_fallback,5083.0,6705.0,True,20
AB365435.1,3500.0,5104.0,polyprotein_fallback,5085.0,6731.0,True,20
EU310927.1,,,,5085.0,6707.0,False,0
DQ658413.1,3500.0,5104.0,polyprotein_fallback,5085.0,6707.0,True,20
DQ369797.1,3500.0,5104.0,polyprotein_fallback,5085.0,6707.0,True,20
X86557.1,3500.0,5104.0,polyprotein_fallback,,,False,0
AJ583672.2,,,,,,False,0
AB039782.1,3500.0,5113.0,polyprotein_fallback,,,False,0
AB039781.1,3500.0,5113.0,polyprotein_fallback,,,False,0
AB039780.1,3500.0,5104.0,polyprotein_fallback,,,False,0
AB039779.1,3500.0,5098.0,polyprotein_fallback,,,False,0
AB039778.1,3500.0,5098.0,polyprotein_fallback,,,False,0
AB039777.1,3500.0,5098.0,polyprotein_fallback,,,False,0
AB039776.1,3500.0,5098.0,polyprotein_fallback,,,False,0
AB039775.1,3500.0,5104.0,polyprotein_fallback,,,False,0
PV276961.1,3559.0,5088.0,annotated_rdrp,5072.0,6688.0,True,17
PV276960.1,3559.0,5088.0,annotated_rdrp,5072.0,6688.0,True,17
PQ310125.2,3577.0,5106.0,annotated_rdrp,5090.0,6715.0,True,17
LC885326.1,3500.0,5104.0,polyprotein_fallback,,,False,0
LC885325.1,3500.0,5113.0,polyprotein_fallback,,,False,0
PX631122.1,3566.0,5095.0,annotated_rdrp,5079.0,6731.0,True,17
PX631121.1,3572.0,5101.0,annotated_rdrp,5085.0,6707.0,True,17
OR797477.1,57.0,1586.0,annotated_rdrp,1570.0,3216.0,True,17
OR797475.1,57.0,1586.0,annotated_rdrp,1570.0,3216.0,True,17
OR797474.1,57.0,1586.0,annotated_rdrp,1570.0,3216.0,True,17
OR797472.1,57.0,1586.0,annotated_rdrp,1570.0,3216.0,True,17
OR793101.1,3568.0,5097.0,annotated_rdrp,5081.0,6727.0,True,17
OR793100.1,3568.0,5097.0,annotated_rdrp,5081.0,6709.0,True,17
OR793099.1,3568.0,5097.0,annotated_rdrp,5081.0,6709.0,True,17
OR793098.1,3577.0,5106.0,annotated_rdrp,5090.0,6712.0,True,17
OR793097.1,3562.0,5091.0,annotated_rdrp,5075.0,6685.0,True,17
OR793094.1,3568.0,5097.0,annotated_rdrp,5081.0,6709.0,True,17
OR793093.1,3568.0,5097.0,annotated_rdrp,5081.0,6709.0,True,17
OR793092.1,3568.0,5097.0,annotated_rdrp,5081.0,6709.0,True,17
OR793091.1,3568.0,5097.0,annotated_rdrp,5081.0,6709.0,True,17
OR793090.1,3568.0,5097.0,annotated_rdrp,5081.0,6709.0,True,17
OR793089.1,3568.0,5097.0,annotated_rdrp,5081.0,6709.0,True,17
OR793088.1,3568.0,5097.0,annotated_rdrp,5081.0,6709.0,True,17
OR793087.1,3568.0,5097.0,annotated_rdrp,5081.0,6709.0,True,17
OR793086.1,3568.0,5097.0,annotated_rdrp,5081.0,6709.0,True,17
OR793084.1,3577.0,5106.0,annotated_rdrp,5090.0,6712.0,True,17
OR793083.1,3577.0,5106.0,annotated_rdrp,5090.0,6712.0,True,17
OR793082.1,3568.0,5097.0,annotated_rdrp,5081.0,6709.0,True,17
OR793080.1,3565.0,5094.0,annotated_rdrp,5078.0,6724.0,True,17
OR793079.1,3565.0,5094.0,annotated_rdrp,5078.0,6700.0,True,17
OR793078.1,3565.0,5094.0,annotated_rdrp,5078.0,6700.0,True,17
OR793077.1,3565.0,5094.0,annotated_rdrp,5078.0,6700.0,True,17
OR793076.1,3565.0,5094.0,annotated_rdrp,5078.0,6700.0,True,17
PV784347.1,3581.0,5110.0,annotated_rdrp,5094.0,6710.0,True,17
PV784346.1,3575.0,5104.0,annotated_rdrp,5088.0,6704.0,True,17
PV784345.1,3581.0,5110.0,annotated_rdrp,5094.0,6710.0,True,17
PV784344.1,3581.0,5110.0,annotated_rdrp,5094.0,6710.0,True,17
PV784338.1,3581.0,5110.0,annotated_rdrp,5094.0,6710.0,True,17
PV784333.1,3576.0,5105.0,annotated_rdrp,5089.0,6705.0,True,17
PV784331.1,3581.0,5110.0,annotated_rdrp,5094.0,6710.0,True,17
PV784324.1,3581.0,5110.0,annotated_rdrp,5094.0,6710.0,True,17
PV784323.1,3581.0,5110.0,annotated_rdrp,5094.0,6710.0,True,17
PV784321.1,3575.0,5104.0,annotated_rdrp,5088.0,6704.0,True,17
PV784318.1,3581.0,5110.0,annotated_rdrp,5094.0,6710.0,True,17
PV784304.1,3581.0,5110.0,annotated_rdrp,5094.0,6710.0,True,17
PV784303.1,3581.0,5110.0,annotated_rdrp,5094.0,6710.0,True,17
PV784302.1,3581.0,5110.0,annotated_rdrp,5094.0,6710.0,True,17
PV784299.1,3576.0,5105.0,annotated_rdrp,5089.0,6705.0,True,17
PV784298.1,3581.0,5110.0,annotated_rdrp,5094.0,6710.0,True,17
PV784297.1,3581.0,5110.0,annotated_rdrp,5094.0,6710.0,True,17
PV784296.1,3581.0,5110.0,annotated_rdrp,5094.0,6710.0,True,17
PV784294.1,3576.0,5105.0,annotated_rdrp,5089.0,6705.0,True,17
PV784293.1,3576.0,5105.0,annotated_rdrp,5089.0,6705.0,True,17
PV784290.1,3576.0,5105.0,annotated_rdrp,5089.0,6705.0,True,17
PV784289.1,3576.0,5105.0,annotated_rdrp,5089.0,6705.0,True,17
PV784288.1,3576.0,5105.0,annotated_rdrp,5089.0,6705.0,True,17
PV784287.1,3581.0,5110.0,annotated_rdrp,5094.0,6710.0,True,17
PV784286.1,3576.0,5105.0,annotated_rdrp,5089.0,6705.0,True,17
PV784285.1,3581.0,5110.0,annotated_rdrp,5094.0,6710.0,True,17
PV784284.1,3576.0,5105.0,annotated_rdrp,5089.0,6705.0,True,17
PV784280.1,3581.0,5110.0,annotated_rdrp,5094.0,6710.0,True,17
PV784279.1,3581.0,5110.0,annotated_rdrp,5094.0,6710.0,True,17
PV784278.1,3577.0,5106.0,annotated_rdrp,5090.0,6706.0,True,17
PV784277.1,3581.0,5110.0,annotated_rdrp,5094.0,6710.0,True,17
PV784275.1,3581.0,5110.0,annotated_rdrp,5094.0,6710.0,True,17
PV784273.1,3581.0,5110.0,annotated_rdrp,5094.0,6710.0,True,17
PV784271.1,3576.0,5105.0,annotated_rdrp,5089.0,6705.0,True,17
PV784270.1,3576.0,5105.0,annotated_rdrp,5089.0,6705.0,True,17
PV784268.1,3576.0,5105.0,annotated_rdrp,5089.0,6705.0,True,17
PV784267.1,3576.0,5105.0,annotated_rdrp,5089.0,6705.0,True,17
PV765509.1,3573.0,5102.0,annotated_rdrp,5086.0,6702.0,True,17
PV765508.1,3573.0,5102.0,annotated_rdrp,5086.0,6702.0,True,17
PV765507.1,3573.0,5102.0,annotated_rdrp,5086.0,6708.0,True,17
PV765506.1,3573.0,5102.0,annotated_rdrp,5086.0,6702.0,True,17
PV750900.1,3567.0,5096.0,annotated_rdrp,5080.0,6702.0,True,17
PV750899.1,3570.0,5099.0,annotated_rdrp,5083.0,6702.0,True,17
PV750898.1,3578.0,5107.0,annotated_rdrp,5091.0,6707.0,True,17
PV750897.1,3569.0,5098.0,annotated_rdrp,5082.0,6698.0,True,17
PV750896.1,3569.0,5098.0,annotated_rdrp,5082.0,6698.0,True,17
PV750895.1,3571.0,5100.0,annotated_rdrp,5084.0,6700.0,True,17
PV750894.1,3581.0,5110.0,annotated_rdrp,5094.0,6710.0,True,17
PV750893.1,3576.0,5105.0,annotated_rdrp,5089.0,6705.0,True,17
PV750892.1,3566.0,5095.0,annotated_rdrp,5079.0,6695.0,True,17
PV750891.1,3581.0,5110.0,annotated_rdrp,5094.0,6710.0,True,17
PV750890.1,3533.0,5062.0,annotated_rdrp,5046.0,6662.0,True,17
PQ196534.1,3568.0,5097.0,annotated_rdrp,5081.0,6703.0,True,17
PQ196533.1,3572.0,5101.0,annotated_rdrp,5085.0,6707.0,True,17
PQ196532.1,3572.0,5101.0,annotated_rdrp,5085.0,6707.0,True,17
PQ196531.1,3382.0,4911.0,annotated_rdrp,4895.0,6517.0,True,17
PQ196530.1,3568.0,5097.0,annotated_rdrp,5081.0,6703.0,True,17
PQ196529.1,3568.0,5097.0,annotated_rdrp,5081.0,6703.0,True,17
PQ196528.1,3568.0,5097.0,annotated_rdrp,5081.0,6703.0,True,17
PQ196527.1,3559.0,5088.0,annotated_rdrp,5072.0,6694.0,True,17
PQ196526.1,3572.0,5101.0,annotated_rdrp,5085.0,6707.0,True,17
PQ196525.1,3572.0,5101.0,annotated_rdrp,5085.0,6707.0,True,17
PQ196524.1,1959.0,3488.0,annotated_rdrp,3472.0,5094.0,True,17
PQ196523.1,3572.0,5101.0,annotated_rdrp,5085.0,6707.0,True,17
PQ196520.1,3572.0,5101.0,annotated_rdrp,5085.0,6707.0,True,17
PQ196519.1,1.0,262.0,annotated_rdrp,246.0,1868.0,True,17
PQ196518.1,3572.0,5101.0,annotated_rdrp,5085.0,6707.0,True,17
PQ196517.1,3572.0,5101.0,annotated_rdrp,5085.0,6707.0,True,17
PQ196516.1,3568.0,5097.0,annotated_rdrp,5081.0,6703.0,True,17
PQ196514.1,3568.0,5097.0,annotated_rdrp,5081.0,6703.0,True,17
PQ196513.1,1.0,1364.0,annotated_rdrp,1348.0,2970.0,True,17
PQ196512.1,3572.0,5101.0,annotated_rdrp,5085.0,6707.0,True,17
PQ196511.1,1.0,262.0,annotated_rdrp,246.0,1868.0,True,17
PQ196510.1,1.0,262.0,annotated_rdrp,246.0,1868.0,True,17
PQ196509.1,1.0,262.0,annotated_rdrp,246.0,1868.0,True,17
PQ196508.1,3568.0,5097.0,annotated_rdrp,5081.0,6703.0,True,17
PV275070.1,3529.0,5058.0,annotated_rdrp,5042.0,6667.0,True,17
PV275069.1,3568.0,5097.0,annotated_rdrp,5081.0,6706.0,True,17
PV275068.1,3546.0,5075.0,annotated_rdrp,5059.0,6684.0,True,17
PV275067.1,3564.0,5093.0,annotated_rdrp,5077.0,6699.0,True,17
PV275066.1,3586.0,5115.0,annotated_rdrp,5099.0,6721.0,True,17
PV275065.1,3586.0,5115.0,annotated_rdrp,5099.0,6721.0,True,17
PV275064.1,3586.0,5115.0,annotated_rdrp,5099.0,6721.0,True,17
PV275063.1,3547.0,5076.0,annotated_rdrp,5060.0,6682.0,True,17
PV275062.1,3590.0,5119.0,annotated_rdrp,5103.0,6725.0,True,17
PV275061.1,3536.0,5065.0,annotated_rdrp,5049.0,6674.0,True,17
PV275060.1,3572.0,5101.0,annotated_rdrp,5085.0,6710.0,True,17
PV275059.1,3568.0,5097.0,annotated_rdrp,5081.0,6706.0,True,17
PV275058.1,3458.0,4987.0,annotated_rdrp,4971.0,6596.0,True,17
PV275057.1,3568.0,5097.0,annotated_rdrp,5081.0,6706.0,True,17
PV275056.1,3541.0,5070.0,annotated_rdrp,5054.0,6679.0,True,17
PV275055.1,3568.0,5097.0,annotated_rdrp,5081.0,6706.0,True,17
PV275054.1,3492.0,5021.0,annotated_rdrp,5005.0,6630.0,True,17
PV275053.1,3487.0,5016.0,annotated_rdrp,5000.0,6625.0,True,17
PV275052.1,3572.0,5101.0,annotated_rdrp,5085.0,6710.0,True,17
PV275051.1,3538.0,5067.0,annotated_rdrp,5051.0,6676.0,True,17
PV275049.1,3521.0,5050.0,annotated_rdrp,5034.0,6659.0,True,17
PV275048.1,3568.0,5097.0,annotated_rdrp,5081.0,6706.0,True,17
PV275047.1,3522.0,5051.0,annotated_rdrp,5035.0,6660.0,True,17
PV275046.1,3572.0,5101.0,annotated_rdrp,5085.0,6710.0,True,17
PV275045.1,3572.0,5101.0,annotated_rdrp,5085.0,6710.0,True,17
PV275044.1,3572.0,5101.0,annotated_rdrp,5085.0,6710.0,True,17
PV275043.1,3538.0,5067.0,annotated_rdrp,5051.0,6676.0,True,17
PV275041.1,3568.0,5097.0,annotated_rdrp,5081.0,6706.0,True,17
PV275040.1,3572.0,5101.0,annotated_rdrp,5085.0,6710.0,True,17
PV266776.1,3578.0,5107.0,annotated_rdrp,5091.0,6713.0,True,17
PV266775.1,3566.0,5095.0,annotated_rdrp,5079.0,6701.0,True,17
PV232427.1,3589.0,5118.0,annotated_rdrp,5102.0,6724.0,True,17
PV232426.1,3586.0,5115.0,annotated_rdrp,5099.0,6721.0,True,17
PV232425.1,3586.0,5115.0,annotated_rdrp,5099.0,6721.0,True,17
PV232424.1,3586.0,5115.0,annotated_rdrp,5099.0,6721.0,True,17
PV232423.1,3589.0,5118.0,annotated_rdrp,5102.0,6724.0,True,17
PV232422.1,3589.0,5118.0,annotated_rdrp,5102.0,6724.0,True,17
PV232421.1,3589.0,5118.0,annotated_rdrp,5102.0,6724.0,True,17
PV232420.1,3589.0,5118.0,annotated_rdrp,5102.0,6724.0,True,17
PV232419.1,3589.0,5118.0,annotated_rdrp,5102.0,6724.0,True,17
PV232418.1,3589.0,5118.0,annotated_rdrp,5102.0,6724.0,True,17
PV232417.1,3589.0,5118.0,annotated_rdrp,5102.0,6724.0,True,17
PV232416.1,3586.0,5115.0,annotated_rdrp,5099.0,6721.0,True,17
PV232415.1,3589.0,5118.0,annotated_rdrp,5102.0,6724.0,True,17
PV223444.1,3586.0,5115.0,annotated_rdrp,5099.0,6721.0,True,17
PV223402.1,3583.0,5112.0,annotated_rdrp,5096.0,6718.0,True,17
PV174245.1,3562.0,5091.0,annotated_rdrp,5075.0,6727.0,True,17
PV174244.1,3568.0,5097.0,annotated_rdrp,5081.0,6733.0,True,17
PV174243.1,3568.0,5097.0,annotated_rdrp,5081.0,6733.0,True,17
PV174239.1,3562.0,5091.0,annotated_rdrp,5075.0,6727.0,True,17
PV104273.1,3567.0,5096.0,annotated_rdrp,5080.0,6702.0,True,17
PQ482380.1,3577.0,5106.0,annotated_rdrp,5090.0,6706.0,True,17
PQ482379.1,3577.0,5106.0,annotated_rdrp,5090.0,6706.0,True,17
PQ482378.1,3577.0,5106.0,annotated_rdrp,5090.0,6706.0,True,17
PQ273200.1,3572.0,5101.0,annotated_rdrp,5085.0,6731.0,True,17
PQ273199.1,3560.0,5089.0,annotated_rdrp,5073.0,6701.0,True,17
PQ273198.1,3393.0,4922.0,annotated_rdrp,4906.0,6552.0,True,17
PQ273197.1,3565.0,5094.0,annotated_rdrp,5078.0,6724.0,True,17
PQ273196.1,3581.0,5110.0,annotated_rdrp,5094.0,6716.0,True,17
PQ273195.1,3572.0,5101.0,annotated_rdrp,5085.0,6713.0,True,17
PQ273194.1,3572.0,5101.0,annotated_rdrp,5085.0,6713.0,True,17
PQ273193.1,3566.0,5095.0,annotated_rdrp,5079.0,6707.0,True,17
PQ273192.1,3572.0,5101.0,annotated_rdrp,5085.0,6713.0,True,17
PQ273191.1,3570.0,5099.0,annotated_rdrp,5083.0,6705.0,True,17
PQ273190.1,3572.0,5101.0,annotated_rdrp,5085.0,6731.0,True,17
PQ273189.1,2804.0,4333.0,annotated_rdrp,4317.0,5942.0,True,17
PQ273188.1,3572.0,5101.0,annotated_rdrp,5085.0,6713.0,True,17
PQ273187.1,3566.0,5095.0,annotated_rdrp,5079.0,6728.0,True,17
PQ273186.1,3551.0,5080.0,annotated_rdrp,5064.0,6686.0,True,17
PQ273185.1,3572.0,5101.0,annotated_rdrp,5085.0,6731.0,True,17
PQ273184.1,3572.0,5101.0,annotated_rdrp,5085.0,6731.0,True,17
PQ273183.1,3410.0,4939.0,annotated_rdrp,4923.0,6569.0,True,17
PQ273182.1,3572.0,5101.0,annotated_rdrp,5085.0,6731.0,True,17
PQ219042.1,2654.0,4183.0,annotated_rdrp,4167.0,5789.0,True,17
PQ219041.1,3572.0,5101.0,annotated_rdrp,5085.0,6707.0,True,17
PQ219040.1,1861.0,3390.0,annotated_rdrp,3374.0,4996.0,True,17
PQ218943.1,1.0,924.0,annotated_rdrp,908.0,2530.0,True,17
PQ218790.1,3566.0,5095.0,annotated_rdrp,5079.0,6701.0,True,17
PQ218789.1,3566.0,5095.0,annotated_rdrp,5079.0,6701.0,True,17
PQ218785.1,3566.0,5095.0,annotated_rdrp,5079.0,6701.0,True,17
PQ218568.1,3496.0,5025.0,annotated_rdrp,5009.0,6631.0,True,17
PQ218567.1,3496.0,5025.0,annotated_rdrp,5009.0,6631.0,True,17
PQ218566.1,3496.0,5025.0,annotated_rdrp,5009.0,6631.0,True,17
PQ218468.1,3572.0,5101.0,annotated_rdrp,5085.0,6707.0,True,17
PQ215579.1,3572.0,5101.0,annotated_rdrp,5085.0,6707.0,True,17
PQ215578.1,3572.0,5101.0,annotated_rdrp,5085.0,6707.0,True,17
PQ215575.1,3572.0,5101.0,annotated_rdrp,5085.0,6707.0,True,17
PQ215546.1,3572.0,5101.0,annotated_rdrp,5085.0,6707.0,True,17
PQ215545.1,3572.0,5101.0,annotated_rdrp,5085.0,6707.0,True,17
PQ215544.1,3572.0,5101.0,annotated_rdrp,5085.0,6707.0,True,17
PQ215543.1,3572.0,5101.0,annotated_rdrp,5085.0,6707.0,True,17
PQ215542.1,3572.0,5101.0,annotated_rdrp,5085.0,6707.0,True,17
PQ215541.1,3572.0,5101.0,annotated_rdrp,5085.0,6707.0,True,17
PQ215540.1,3572.0,5101.0,annotated_rdrp,5085.0,6707.0,True,17
PQ215539.1,3572.0,5101.0,annotated_rdrp,5085.0,6707.0,True,17
PQ215538.1,3572.0,5101.0,annotated_rdrp,5085.0,6707.0,True,17
PQ215528.1,3572.0,5101.0,annotated_rdrp,5085.0,6707.0,True,17
PQ215526.1,3568.0,5097.0,annotated_rdrp,5081.0,6703.0,True,17
PQ215525.1,3572.0,5101.0,annotated_rdrp,5085.0,6707.0,True,17
PQ215524.1,3568.0,5097.0,annotated_rdrp,5081.0,6703.0,True,17
PQ214837.1,3572.0,5101.0,annotated_rdrp,5085.0,6707.0,True,17
PQ214836.1,3565.0,5094.0,annotated_rdrp,5078.0,6700.0,True,17
PQ214835.1,3572.0,5101.0,annotated_rdrp,5085.0,6707.0,True,17
PQ214834.1,3565.0,5094.0,annotated_rdrp,5078.0,6700.0,True,17
PQ214832.1,3566.0,5095.0,annotated_rdrp,5079.0,6701.0,True,17
PQ213805.1,3493.0,5019.0,annotated_rdrp,5003.0,6625.0,True,17
PQ213803.1,3493.0,5022.0,annotated_rdrp,5006.0,6628.0,True,17
PQ213802.1,1874.0,3403.0,annotated_rdrp,3387.0,5009.0,True,17
PQ213437.1,3572.0,5101.0,annotated_rdrp,5085.0,6707.0,True,17
PQ213436.1,3572.0,5101.0,annotated_rdrp,5085.0,6707.0,True,17
PQ209109.1,3562.0,5091.0,annotated_rdrp,5075.0,6697.0,True,17
PQ209108.1,3562.0,5091.0,annotated_rdrp,5075.0,6697.0,True,17
PQ209107.1,3562.0,5091.0,annotated_rdrp,5075.0,6697.0,True,17
PQ209106.1,3562.0,5091.0,annotated_rdrp,5075.0,6697.0,True,17
PQ209105.1,3562.0,5091.0,annotated_rdrp,5075.0,6697.0,True,17
PQ209104.1,3562.0,5091.0,annotated_rdrp,5075.0,6697.0,True,17
PQ209103.1,3562.0,5091.0,annotated_rdrp,5075.0,6697.0,True,17
PQ209102.1,3562.0,5091.0,annotated_rdrp,5075.0,6697.0,True,17
PQ209101.1,3562.0,5091.0,annotated_rdrp,5075.0,6697.0,True,17
PQ209100.1,1846.0,3375.0,annotated_rdrp,3359.0,4981.0,True,17
PQ209099.1,3562.0,5091.0,annotated_rdrp,5075.0,6697.0,True,17
PQ209098.1,3562.0,5091.0,annotated_rdrp,5075.0,6697.0,True,17
PQ209097.1,3562.0,5091.0,annotated_rdrp,5075.0,6697.0,True,17
PQ209096.1,1.0,851.0,annotated_rdrp,835.0,2457.0,True,17
PQ209095.1,3562.0,5091.0,annotated_rdrp,5075.0,6697.0,True,17
PQ208329.1,3568.0,5097.0,annotated_rdrp,5081.0,6703.0,True,17
PQ208328.1,3568.0,5097.0,annotated_rdrp,5081.0,6703.0,True,17
PQ208327.1,3568.0,5097.0,annotated_rdrp,5081.0,6703.0,True,17
PQ208326.1,3568.0,5097.0,annotated_rdrp,5081.0,6703.0,True,17
PQ208323.1,3568.0,5097.0,annotated_rdrp,5081.0,6703.0,True,17
PQ208322.1,3568.0,5097.0,annotated_rdrp,5081.0,6703.0,True,17
PQ208321.1,3568.0,5097.0,annotated_rdrp,5081.0,6703.0,True,17
PQ208320.1,3568.0,5097.0,annotated_rdrp,5081.0,6703.0,True,17
PQ208319.1,3568.0,5097.0,annotated_rdrp,5081.0,6703.0,True,17
PQ208317.1,3568.0,5097.0,annotated_rdrp,5081.0,6703.0,True,17
PQ208316.1,3568.0,5097.0,annotated_rdrp,5081.0,6703.0,True,17
PQ208315.1,3568.0,5097.0,annotated_rdrp,5081.0,6703.0,True,17
PQ207947.1,3572.0,5101.0,annotated_rdrp,5085.0,6704.0,True,17
PQ207946.1,3572.0,5101.0,annotated_rdrp,5085.0,6707.0,True,17
PQ207945.1,3587.0,5116.0,annotated_rdrp,5100.0,6722.0,True,17
PQ207944.1,3583.0,5112.0,annotated_rdrp,5096.0,6718.0,True,17
PQ207937.1,3572.0,5101.0,annotated_rdrp,5085.0,6707.0,True,17
PQ207934.1,3568.0,5097.0,annotated_rdrp,5081.0,6703.0,True,17
PQ207933.1,3572.0,5101.0,annotated_rdrp,5085.0,6707.0,True,17
PQ207928.1,3572.0,5101.0,annotated_rdrp,5085.0,6707.0,True,17
PQ207927.1,3572.0,5101.0,annotated_rdrp,5085.0,6707.0,True,17
PQ207926.1,3572.0,5101.0,annotated_rdrp,5085.0,6704.0,True,17
PQ207925.1,3572.0,5101.0,annotated_rdrp,5085.0,6707.0,True,17
PQ207921.1,3572.0,5101.0,annotated_rdrp,5085.0,6707.0,True,17
PQ207917.1,2650.0,4179.0,annotated_rdrp,4163.0,5785.0,True,17
PQ207916.1,2580.0,4109.0,annotated_rdrp,4093.0,5715.0,True,17
PQ195952.1,3568.0,5097.0,annotated_rdrp,5081.0,6703.0,True,17
PQ195951.1,3568.0,5097.0,annotated_rdrp,5081.0,6703.0,True,17
PQ195950.1,3568.0,5097.0,annotated_rdrp,5081.0,6703.0,True,17
PQ195949.1,3568.0,5097.0,annotated_rdrp,5081.0,6703.0,True,17
PQ195948.1,3568.0,5097.0,annotated_rdrp,5081.0,6703.0,True,17
PQ195947.1,3568.0,5097.0,annotated_rdrp,5081.0,6703.0,True,17
PQ195946.1,3568.0,5097.0,annotated_rdrp,5081.0,6703.0,True,17
PQ195945.1,3572.0,5101.0,annotated_rdrp,5085.0,6707.0,True,17
PQ195944.1,3568.0,5097.0,annotated_rdrp,5081.0,6703.0,True,17
PQ195943.1,3568.0,5097.0,annotated_rdrp,5081.0,6703.0,True,17
PQ195942.1,3568.0,5097.0,annotated_rdrp,5081.0,6703.0,True,17
PQ195941.1,1.0,902.0,annotated_rdrp,886.0,2508.0,True,17
PQ195940.1,3572.0,5101.0,annotated_rdrp,5085.0,6707.0,True,17
PQ195939.1,3568.0,5097.0,annotated_rdrp,5081.0,6703.0,True,17
PQ195938.1,3568.0,5097.0,annotated_rdrp,5081.0,6703.0,True,17
PQ195937.1,3568.0,5097.0,annotated_rdrp,5081.0,6703.0,True,17
PQ195936.1,3568.0,5097.0,annotated_rdrp,5081.0,6703.0,True,17
PQ195935.1,3568.0,5097.0,annotated_rdrp,5081.0,6703.0,True,17
PQ195934.1,3568.0,5097.0,annotated_rdrp,5081.0,6703.0,True,17
PQ195933.1,3568.0,5097.0,annotated_rdrp,5081.0,6703.0,True,17
PQ195932.1,3572.0,5101.0,annotated_rdrp,5085.0,6707.0,True,17
PQ195931.1,3568.0,5097.0,annotated_rdrp,5081.0,6703.0,True,17
PQ195930.1,3568.0,5097.0,annotated_rdrp,5081.0,6703.0,True,17
PQ195929.1,3568.0,5097.0,annotated_rdrp,5081.0,6703.0,True,17
PQ195928.1,3568.0,5097.0,annotated_rdrp,5081.0,6703.0,True,17
PQ195927.1,3568.0,5097.0,annotated_rdrp,5081.0,6703.0,True,17
PQ195926.1,3568.0,5097.0,annotated_rdrp,5081.0,6703.0,True,17
PQ195925.1,3568.0,5097.0,annotated_rdrp,5081.0,6703.0,True,17
PQ195924.1,3572.0,5101.0,annotated_rdrp,5085.0,6707.0,True,17
PQ195923.1,3568.0,5097.0,annotated_rdrp,5081.0,6703.0,True,17
PQ195922.1,3572.0,5101.0,annotated_rdrp,5085.0,6707.0,True,17
PQ195921.1,3572.0,5101.0,annotated_rdrp,5085.0,6707.0,True,17
PQ195920.1,3568.0,5097.0,annotated_rdrp,5081.0,6703.0,True,17
PQ195919.1,3572.0,5101.0,annotated_rdrp,5085.0,6707.0,True,17
PQ195917.1,3568.0,5097.0,annotated_rdrp,5081.0,6703.0,True,17
PQ195916.1,3568.0,5097.0,annotated_rdrp,5081.0,6703.0,True,17
PQ195915.1,3568.0,5097.0,annotated_rdrp,5081.0,6703.0,True,17
PQ195914.1,3572.0,5101.0,annotated_rdrp,5085.0,6707.0,True,17
PQ195913.1,3572.0,5101.0,annotated_rdrp,5085.0,6707.0,True,17
PQ195912.1,3568.0,5097.0,annotated_rdrp,5081.0,6703.0,True,17
PQ195911.1,3568.0,5097.0,annotated_rdrp,5081.0,6703.0,True,17
PQ195910.1,3572.0,5101.0,annotated_rdrp,5085.0,6707.0,True,17
PQ195909.1,3568.0,5097.0,annotated_rdrp,5081.0,6703.0,True,17
PQ195908.1,3568.0,5097.0,annotated_rdrp,5081.0,6703.0,True,17
PQ195907.1,3568.0,5097.0,annotated_rdrp,5081.0,6703.0,True,17
PQ195906.1,3572.0,5101.0,annotated_rdrp,5085.0,6707.0,True,17
PQ195903.1,3572.0,5101.0,annotated_rdrp,5085.0,6707.0,True,17
PQ195902.1,3568.0,5097.0,annotated_rdrp,5081.0,6703.0,True,17
PQ195901.1,3568.0,5097.0,annotated_rdrp,5081.0,6703.0,True,17
PQ195900.1,3572.0,5101.0,annotated_rdrp,5085.0,6707.0,True,17
PQ195899.1,3572.0,5101.0,annotated_rdrp,5085.0,6707.0,True,17
PQ195897.1,3568.0,5097.0,annotated_rdrp,5081.0,6703.0,True,17
PQ195896.1,3568.0,5097.0,annotated_rdrp,5081.0,6703.0,True,17
PQ195895.1,3572.0,5101.0,annotated_rdrp,5085.0,6707.0,True,17
PQ195894.1,3568.0,5097.0,annotated_rdrp,5081.0,6703.0,True,17
PQ195892.1,3572.0,5101.0,annotated_rdrp,5085.0,6707.0,True,17
PQ195890.1,3572.0,5101.0,annotated_rdrp,5085.0,6707.0,True,17
PQ195889.1,3568.0,5097.0,annotated_rdrp,5081.0,6703.0,True,17
PQ195888.1,3572.0,5101.0,annotated_rdrp,5085.0,6707.0,True,17
PQ195887.1,3572.0,5101.0,annotated_rdrp,5085.0,6707.0,True,17
PQ195886.1,3572.0,5101.0,annotated_rdrp,5085.0,6707.0,True,17
PQ195885.1,3568.0,5097.0,annotated_rdrp,5081.0,6703.0,True,17
PQ195883.1,3572.0,5101.0,annotated_rdrp,5085.0,6707.0,True,17
PQ195882.1,3572.0,5101.0,annotated_rdrp,5085.0,6707.0,True,17
PQ195881.1,3568.0,5097.0,annotated_rdrp,5081.0,6703.0,True,17
PQ195879.1,3572.0,5101.0,annotated_rdrp,5085.0,6707.0,True,17
PQ195878.1,235.0,1764.0,annotated_rdrp,1748.0,3370.0,True,17
OR512564.1,3559.0,5088.0,annotated_rdrp,5072.0,6679.0,True,17
LC384112.1,3500.0,5104.0,polyprotein_fallback,5085.0,6713.0,True,20
LC384111.1,3500.0,5104.0,polyprotein_fallback,5085.0,6713.0,True,20
LC384110.1,3500.0,5104.0,polyprotein_fallback,5085.0,6713.0,True,20
LC384109.1,3500.0,5104.0,polyprotein_fallback,5085.0,6713.0,True,20
LC384108.1,3500.0,5104.0,polyprotein_fallback,5085.0,6713.0,True,20
OR713748.1,3568.0,5097.0,annotated_rdrp,5081.0,6709.0,True,17
OR700747.1,3406.0,4935.0,annotated_rdrp,4919.0,6541.0,True,17
OR700746.1,3568.0,5097.0,annotated_rdrp,5081.0,6703.0,True,17
OR700742.1,3568.0,5097.0,annotated_rdrp,5081.0,6703.0,True,17
OR700741.1,3568.0,5097.0,annotated_rdrp,5081.0,6703.0,True,17
OR687156.1,3562.0,5091.0,annotated_rdrp,5075.0,6697.0,True,17
OR685283.1,3577.0,5106.0,annotated_rdrp,5090.0,6715.0,True,17
OR069404.1,3568.0,5097.0,annotated_rdrp,5081.0,6727.0,True,17
OR069406.1,3562.0,5091.0,annotated_rdrp,5075.0,6685.0,True,17
OR069405.1,3562.0,5091.0,annotated_rdrp,5075.0,6718.0,True,17
OR065090.1,3568.0,5097.0,annotated_rdrp,5081.0,6703.0,True,17
OR065073.1,3604.0,5133.0,annotated_rdrp,5117.0,6745.0,True,17
OR051927.1,3568.0,5097.0,annotated_rdrp,5081.0,6703.0,True,17
OR051903.1,3562.0,5091.0,annotated_rdrp,5075.0,6718.0,True,17
OR051787.1,3568.0,5097.0,annotated_rdrp,5081.0,6700.0,True,17
LC777250.1,3500.0,5104.0,polyprotein_fallback,5085.0,6707.0,True,20
OQ940082.1,3572.0,5101.0,annotated_rdrp,5085.0,6707.0,True,17
OQ940081.1,3572.0,5101.0,annotated_rdrp,5085.0,6707.0,True,17
OQ940080.1,3572.0,5101.0,annotated_rdrp,5085.0,6707.0,True,17
OQ940079.1,3572.0,5101.0,annotated_rdrp,5085.0,6707.0,True,17
OQ940078.1,3572.0,5101.0,annotated_rdrp,5085.0,6707.0,True,17
OQ940077.1,3572.0,5101.0,annotated_rdrp,5085.0,6707.0,True,17
OQ940076.1,3572.0,5101.0,annotated_rdrp,5085.0,6707.0,True,17
OQ940075.1,3572.0,5101.0,annotated_rdrp,5085.0,6707.0,True,17
OQ940074.1,3572.0,5101.0,annotated_rdrp,5085.0,6707.0,True,17
OQ940073.1,3572.0,5101.0,annotated_rdrp,5085.0,6707.0,True,17
OQ940072.1,3572.0,5101.0,annotated_rdrp,5085.0,6707.0,True,17
OQ940071.1,3572.0,5101.0,annotated_rdrp,5085.0,6707.0,True,17
OQ940070.1,3572.0,5101.0,annotated_rdrp,5085.0,6707.0,True,17
OQ940069.1,3572.0,5101.0,annotated_rdrp,5085.0,6707.0,True,17
OQ940068.1,3572.0,5101.0,annotated_rdrp,5085.0,6707.0,True,17
MK733207.1,3528.0,5057.0,annotated_rdrp,5041.0,6672.0,True,17
MK733206.1,3528.0,5057.0,annotated_rdrp,5041.0,6672.0,True,17
MK733205.1,3359.0,4888.0,annotated_rdrp,4872.0,6503.0,True,17
MK733204.1,3365.0,4894.0,annotated_rdrp,4878.0,6509.0,True,17
MK733203.1,3364.0,4893.0,annotated_rdrp,4877.0,6508.0,True,17
MK733202.1,3371.0,4900.0,annotated_rdrp,4884.0,6515.0,True,17
MK733201.1,3528.0,5057.0,annotated_rdrp,5041.0,6648.0,True,17
MZ546183.1,,,,5158.0,6780.0,False,0
MZ546182.1,,,,5079.0,6701.0,False,0
MZ546181.1,,,,5016.0,6638.0,False,0
MZ546180.1,,,,5264.0,6886.0,False,0
MZ546179.1,,,,5132.0,6754.0,False,0
MZ546178.1,,,,5264.0,6886.0,False,0
MZ546177.1,,,,5203.0,6825.0,False,0
OM980240.1,3558.0,5087.0,annotated_rdrp,5071.0,6693.0,True,17
OM980239.1,3560.0,5089.0,annotated_rdrp,5073.0,6695.0,True,17
OM980238.1,3563.0,5092.0,annotated_rdrp,5076.0,6698.0,True,17
LC699541.1,3500.0,5083.0,polyprotein_fallback,5064.0,6686.0,True,20
LC699540.1,3500.0,5070.0,polyprotein_fallback,5051.0,6673.0,True,20
LC699539.1,3500.0,5076.0,polyprotein_fallback,5057.0,6679.0,True,20
LC699538.1,3500.0,5090.0,polyprotein_fallback,5071.0,6693.0,True,20
LC699537.1,3500.0,5085.0,polyprotein_fallback,5066.0,6688.0,True,20
LC699536.1,3500.0,5089.0,polyprotein_fallback,5070.0,6692.0,True,20
LC699535.1,3500.0,5089.0,polyprotein_fallback,5070.0,6692.0,True,20
LC699534.1,3500.0,5090.0,polyprotein_fallback,5071.0,6693.0,True,20
LC699533.1,3500.0,5096.0,polyprotein_fallback,5077.0,6699.0,True,20
LC699532.1,3500.0,5085.0,polyprotein_fallback,5066.0,6688.0,True,20
LC699531.1,3500.0,5083.0,polyprotein_fallback,5064.0,6686.0,True,20
LC699530.1,3500.0,5093.0,polyprotein_fallback,5074.0,6696.0,True,20
LC699529.1,3500.0,5076.0,polyprotein_fallback,5057.0,6679.0,True,20
LC699528.1,3500.0,5084.0,polyprotein_fallback,5065.0,6687.0,True,20
LC699527.1,3500.0,5089.0,polyprotein_fallback,5070.0,6692.0,True,20
LC699526.1,3500.0,5086.0,polyprotein_fallback,5067.0,6689.0,True,20
OM480530.1,3500.0,5050.0,polyprotein_fallback,5031.0,6653.0,True,20
MW581012.1,3572.0,5101.0,annotated_rdrp,5085.0,6707.0,True,17
MW581011.1,3572.0,5101.0,annotated_rdrp,5085.0,6707.0,True,17
MW581010.1,3572.0,5101.0,annotated_rdrp,5085.0,6707.0,True,17
MW581009.1,3572.0,5101.0,annotated_rdrp,5085.0,6707.0,True,17
MW581008.1,3572.0,5101.0,annotated_rdrp,5085.0,6707.0,True,17
MW581007.1,3572.0,5101.0,annotated_rdrp,5085.0,6707.0,True,17
MW581006.1,3572.0,5101.0,annotated_rdrp,5085.0,6707.0,True,17
MW581005.1,3572.0,5101.0,annotated_rdrp,5085.0,6707.0,True,17
MW581004.1,3572.0,5101.0,annotated_rdrp,5085.0,6707.0,True,17
MZ478140.1,3576.0,5105.0,annotated_rdrp,5089.0,6711.0,True,17
MZ478136.1,3563.0,5092.0,annotated_rdrp,5076.0,6698.0,True,17
MZ478134.1,3538.0,5067.0,annotated_rdrp,5051.0,6673.0,True,17
OM388564.1,3523.0,5052.0,annotated_rdrp,5036.0,6682.0,True,17
MT742777.1,3538.0,5067.0,annotated_rdrp,5051.0,6673.0,True,17
MN588307.1,3572.0,5101.0,annotated_rdrp,5085.0,6707.0,True,17
MN588306.1,3572.0,5101.0,annotated_rdrp,5085.0,6707.0,True,17
MN588305.1,3572.0,5101.0,annotated_rdrp,5085.0,6707.0,True,17
MN588304.1,3572.0,5101.0,annotated_rdrp,5085.0,6707.0,True,17
MN588303.1,3572.0,5101.0,annotated_rdrp,5085.0,6707.0,True,17
MN588302.1,3572.0,5101.0,annotated_rdrp,5085.0,6707.0,True,17
MN588301.1,3572.0,5101.0,annotated_rdrp,5085.0,6707.0,True,17
MN588300.1,3572.0,5101.0,annotated_rdrp,5085.0,6707.0,True,17
MN588299.1,3572.0,5101.0,annotated_rdrp,5085.0,6707.0,True,17
MW045406.1,2191.0,3720.0,annotated_rdrp,3704.0,5326.0,True,17
MW045405.1,3565.0,5094.0,annotated_rdrp,5078.0,6700.0,True,17
MW019959.1,3565.0,5094.0,annotated_rdrp,5078.0,6700.0,True,17
MW019958.1,3565.0,5094.0,annotated_rdrp,5078.0,6700.0,True,17
MW019957.1,3565.0,5094.0,annotated_rdrp,5078.0,6700.0,True,17
MW019956.1,3565.0,5094.0,annotated_rdrp,5078.0,6700.0,True,17
MW284784.1,3566.0,5095.0,annotated_rdrp,5079.0,6701.0,True,17
MW284783.1,3551.0,5080.0,annotated_rdrp,5064.0,6686.0,True,17
MW284782.1,3565.0,5094.0,annotated_rdrp,5078.0,6700.0,True,17
MW284781.1,3558.0,5087.0,annotated_rdrp,5071.0,6693.0,True,17
MW284778.1,3566.0,5095.0,annotated_rdrp,5079.0,6701.0,True,17
MW284776.1,3566.0,5095.0,annotated_rdrp,5079.0,6701.0,True,17
MW019621.1,3565.0,5094.0,annotated_rdrp,5078.0,6700.0,True,17
MW019620.1,3565.0,5094.0,annotated_rdrp,5078.0,6700.0,True,17
MW019619.1,3565.0,5094.0,annotated_rdrp,5078.0,6700.0,True,17
MW019618.1,3565.0,5094.0,annotated_rdrp,5078.0,6700.0,True,17
MT232050.1,3572.0,5101.0,annotated_rdrp,5085.0,6707.0,True,17
MW009072.1,3607.0,5136.0,annotated_rdrp,5120.0,6742.0,True,17
MW009071.1,3560.0,5089.0,annotated_rdrp,5073.0,6695.0,True,17
MW009070.1,3562.0,5091.0,annotated_rdrp,5075.0,6697.0,True,17
MW009069.1,3596.0,5125.0,annotated_rdrp,5109.0,6731.0,True,17
MW009068.1,3607.0,5136.0,annotated_rdrp,5120.0,6742.0,True,17
MT537941.1,3560.0,5089.0,annotated_rdrp,5073.0,6695.0,True,17
MT537634.1,3565.0,5094.0,annotated_rdrp,5078.0,6700.0,True,17
MT537633.1,3563.0,5092.0,annotated_rdrp,5076.0,6698.0,True,17
MT537605.1,3558.0,5087.0,annotated_rdrp,5071.0,6693.0,True,17
MT755733.1,3572.0,5101.0,annotated_rdrp,5085.0,6731.0,True,17
MN996300.1,3481.0,5010.0,annotated_rdrp,4994.0,6616.0,True,17
MN996299.1,3475.0,5004.0,annotated_rdrp,4988.0,6610.0,True,17
MN996298.1,3160.0,4689.0,annotated_rdrp,4673.0,6286.0,True,17
MN996297.1,3475.0,5004.0,annotated_rdrp,4988.0,6610.0,True,17
MN996296.1,3486.0,5015.0,annotated_rdrp,4999.0,6621.0,True,17
MT738527.1,3572.0,5101.0,annotated_rdrp,5085.0,6713.0,True,17
MT731332.1,3566.0,5095.0,annotated_rdrp,5079.0,6701.0,True,17
MT731279.1,3566.0,5095.0,annotated_rdrp,5079.0,6722.0,True,17
MT729791.1,3581.0,5110.0,annotated_rdrp,5094.0,6716.0,True,17
MT729788.1,3572.0,5101.0,annotated_rdrp,5085.0,6707.0,True,17
MT726225.1,3572.0,5101.0,annotated_rdrp,5085.0,6707.0,True,17
MT725762.1,3572.0,5101.0,annotated_rdrp,5085.0,6707.0,True,17
MT724793.1,3572.0,5101.0,annotated_rdrp,5085.0,6713.0,True,17
MT720841.1,3569.0,5098.0,annotated_rdrp,5082.0,6710.0,True,17
MT712157.1,3572.0,5101.0,annotated_rdrp,5085.0,6707.0,True,17
MT712147.1,3578.0,5107.0,annotated_rdrp,5091.0,6698.0,True,17
MT712130.1,3578.0,5107.0,annotated_rdrp,5091.0,6698.0,True,17
LC556391.1,,,,2363.0,3970.0,False,0
LC556389.1,,,,2363.0,3970.0,False,0
LC556388.1,,,,2363.0,3970.0,False,0
MT420909.1,3289.0,4818.0,annotated_rdrp,4802.0,6424.0,True,17
MT409887.1,3553.0,5082.0,annotated_rdrp,5066.0,6709.0,True,17
MT409886.1,3556.0,5085.0,annotated_rdrp,5069.0,6715.0,True,17
MT409885.1,3564.0,5093.0,annotated_rdrp,5077.0,6723.0,True,17
MT409884.1,3571.0,5100.0,annotated_rdrp,5084.0,6730.0,True,17
MT362917.1,3556.0,5085.0,annotated_rdrp,5069.0,6691.0,True,17
MT362916.1,3557.0,5086.0,annotated_rdrp,5070.0,6698.0,True,17
MT362915.1,3556.0,5085.0,annotated_rdrp,5069.0,6697.0,True,17
MT362914.1,3545.0,5074.0,annotated_rdrp,5058.0,6686.0,True,17
MT362913.1,3561.0,5090.0,annotated_rdrp,5074.0,6696.0,True,17
MT362912.1,3568.0,5097.0,annotated_rdrp,5081.0,6703.0,True,17
MT526278.1,3557.0,5086.0,annotated_rdrp,5070.0,6698.0,True,17
MK073894.1,3568.0,5097.0,annotated_rdrp,5081.0,6703.0,True,17
MK073891.1,3568.0,5097.0,annotated_rdrp,5081.0,6703.0,True,17
MK073890.1,3508.0,5037.0,annotated_rdrp,5021.0,6643.0,True,17
MK073889.1,3481.0,5010.0,annotated_rdrp,4994.0,6616.0,True,17
MK073888.1,3544.0,5073.0,annotated_rdrp,5057.0,6679.0,True,17
MK073886.1,3571.0,5100.0,annotated_rdrp,5084.0,6730.0,True,17
MK073885.1,3572.0,5101.0,annotated_rdrp,5085.0,6707.0,True,17
MK282258.1,3581.0,5110.0,annotated_rdrp,5094.0,6710.0,True,17
MK282257.1,3581.0,5110.0,annotated_rdrp,5094.0,6710.0,True,17
MK282256.1,3581.0,5110.0,annotated_rdrp,5094.0,6710.0,True,17
MK340748.1,3562.0,5091.0,annotated_rdrp,5075.0,6703.0,True,17
KJ634708.2,,,,806.0,2452.0,False,0
MG892076.1,1.0,822.0,annotated_rdrp,806.0,2452.0,True,17
KF931324.2,1.0,825.0,annotated_rdrp,806.0,2452.0,True,20
KJ184223.2,1.0,825.0,annotated_rdrp,806.0,2452.0,True,20
MH890539.1,3581.0,5110.0,annotated_rdrp,5094.0,6716.0,True,17
MH890538.1,3581.0,5110.0,annotated_rdrp,5094.0,6716.0,True,17
MH747482.1,3581.0,5110.0,annotated_rdrp,5094.0,6716.0,True,17
MH747481.1,3581.0,5110.0,annotated_rdrp,5094.0,6716.0,True,17
MH747480.1,3581.0,5110.0,annotated_rdrp,5094.0,6716.0,True,17
MH747479.1,3581.0,5110.0,annotated_rdrp,5094.0,6716.0,True,17
MH746925.1,3581.0,5110.0,annotated_rdrp,5094.0,6716.0,True,17
MH746924.1,3581.0,5110.0,annotated_rdrp,5094.0,6716.0,True,17
MH746923.1,3581.0,5110.0,annotated_rdrp,5094.0,6716.0,True,17
MH746922.1,3581.0,5110.0,annotated_rdrp,5094.0,6716.0,True,17
MH702273.1,3416.0,4945.0,annotated_rdrp,4929.0,6551.0,True,17
MG733287.1,3500.0,5037.0,polyprotein_fallback,5018.0,6640.0,True,20
MG733286.1,3500.0,5024.0,polyprotein_fallback,5005.0,6627.0,True,20
MG733285.1,3500.0,5062.0,polyprotein_fallback,5043.0,6665.0,True,20
KF931267.3,1.0,825.0,annotated_rdrp,806.0,2452.0,True,20
KF931243.3,1.0,825.0,annotated_rdrp,806.0,2452.0,True,20
KF931234.2,1.0,796.0,annotated_rdrp,777.0,2423.0,True,20
MG692610.1,3581.0,5110.0,annotated_rdrp,5094.0,6716.0,True,17
MG548737.1,3500.0,5104.0,polyprotein_fallback,5085.0,6707.0,True,20
MH979230.1,3572.0,5104.0,annotated_rdrp,5088.0,6710.0,True,17
MH979229.1,3572.0,5101.0,annotated_rdrp,5085.0,6713.0,True,17
NC_029646.1,3572.0,5101.0,annotated_rdrp,5085.0,6692.0,True,17
NC_039476.1,3572.0,5101.0,annotated_rdrp,5085.0,6713.0,True,17
MH997861.1,3563.0,5092.0,annotated_rdrp,5076.0,6698.0,True,17
MH922876.1,1.0,262.0,annotated_rdrp,246.0,1868.0,True,17
MH922875.1,1.0,262.0,annotated_rdrp,246.0,1868.0,True,17
LC421228.1,3500.0,5080.0,polyprotein_fallback,5067.0,6683.0,True,14
LC421227.1,3500.0,5049.0,polyprotein_fallback,5036.0,6652.0,True,14
MH791993.1,,,,4958.0,6601.0,False,0
MG557654.1,,,,4901.0,6544.0,False,0
KY486271.1,,,,5075.0,6697.0,False,0
KX268709.1,,,,5071.0,6714.0,False,0
KT152148.1,,,,5086.0,6708.0,False,0
MH608287.1,3299.0,4828.0,annotated_rdrp,4812.0,6440.0,True,17
MG049692.1,3500.0,5100.0,polyprotein_fallback,5081.0,6703.0,True,20
KY496328.1,,,,4860.0,6491.0,False,0
MF918359.2,3500.0,5112.0,polyprotein_fallback,5093.0,6715.0,True,20
EU072249.2,1.0,787.0,annotated_rdrp,,,False,0
EU072243.2,1.0,787.0,annotated_rdrp,,,False,0
EU072241.2,1.0,787.0,annotated_rdrp,,,False,0
EU072235.2,1.0,591.0,annotated_rdrp,,,False,0
MF668937.1,3500.0,5091.0,polyprotein_fallback,5072.0,6679.0,True,20
KY806301.1,1.0,1065.0,annotated_rdrp,,,False,0
KY806300.1,1.0,1065.0,annotated_rdrp,,,False,0
KY806299.1,1.0,1065.0,annotated_rdrp,,,False,0
KY806298.1,1.0,1065.0,annotated_rdrp,,,False,0
KY806297.1,1.0,1065.0,annotated_rdrp,,,False,0
KY806296.1,1.0,1065.0,annotated_rdrp,,,False,0
KY806295.1,1.0,1065.0,annotated_rdrp,,,False,0
KY806294.1,1.0,1065.0,annotated_rdrp,,,False,0
KY806293.1,1.0,1065.0,annotated_rdrp,,,False,0
KY806292.1,1.0,1065.0,annotated_rdrp,,,False,0
KY806291.1,1.0,1065.0,annotated_rdrp,,,False,0
KY806290.1,1.0,1065.0,annotated_rdrp,,,False,0
KY649456.1,1.0,1065.0,annotated_rdrp,,,False,0
KY649455.1,1.0,1065.0,annotated_rdrp,,,False,0
KY649454.1,1.0,1065.0,annotated_rdrp,,,False,0
KY905338.1,3500.0,5099.0,polyprotein_fallback,5080.0,6708.0,True,20
KY905337.1,3500.0,5099.0,polyprotein_fallback,5080.0,6708.0,True,20
KY905336.1,3500.0,5099.0,polyprotein_fallback,5080.0,6708.0,True,20
KY905335.1,3500.0,5076.0,polyprotein_fallback,5057.0,6679.0,True,20
KY905334.1,3500.0,5068.0,polyprotein_fallback,5049.0,6695.0,True,20
KY905333.1,3500.0,5055.0,polyprotein_fallback,5036.0,6658.0,True,20
KY905332.1,3500.0,5103.0,polyprotein_fallback,5084.0,6700.0,True,20
KY905330.1,3500.0,5084.0,polyprotein_fallback,5065.0,6687.0,True,20
MF405169.1,3500.0,5104.0,polyprotein_fallback,5085.0,6713.0,True,20
KY442320.1,3500.0,5110.0,polyprotein_fallback,5091.0,6737.0,True,20
KY442319.1,3500.0,5110.0,polyprotein_fallback,5091.0,6737.0,True,20
KU561249.1,,,,5087.0,6709.0,False,0
KU561248.1,,,,5087.0,6709.0,False,0
KY348698.1,,,,5085.0,6731.0,False,0
KY348697.1,,,,5079.0,6725.0,False,0
KY887606.1,,,,5079.0,6725.0,False,0
KY887605.1,,,,5064.0,6686.0,False,0
KY887604.1,,,,5064.0,6686.0,False,0
KY887603.1,,,,5064.0,6686.0,False,0
KU561254.1,3500.0,5113.0,polyprotein_fallback,5094.0,6716.0,True,20
KU561253.1,3500.0,5113.0,polyprotein_fallback,5094.0,6716.0,True,20
KU561252.1,3500.0,5113.0,polyprotein_fallback,5094.0,6716.0,True,20
KU561251.1,3500.0,5113.0,polyprotein_fallback,5094.0,6710.0,True,20
KU561250.1,3500.0,5113.0,polyprotein_fallback,5094.0,6710.0,True,20
KT780416.1,3500.0,5106.0,polyprotein_fallback,5087.0,6709.0,True,20
KT780415.1,3500.0,5106.0,polyprotein_fallback,5087.0,6709.0,True,20
KT780414.1,3500.0,5106.0,polyprotein_fallback,5087.0,6709.0,True,20
KT780413.1,3500.0,5106.0,polyprotein_fallback,5087.0,6709.0,True,20
KT780412.1,3500.0,5106.0,polyprotein_fallback,5087.0,6709.0,True,20
KT780411.1,3500.0,5106.0,polyprotein_fallback,5087.0,6709.0,True,20
KT780410.1,3500.0,5106.0,polyprotein_fallback,5087.0,6709.0,True,20
KT780409.1,3500.0,5106.0,polyprotein_fallback,5087.0,6709.0,True,20
KT780408.1,3500.0,5106.0,polyprotein_fallback,5087.0,6709.0,True,20
KT780407.1,3500.0,5106.0,polyprotein_fallback,5087.0,6709.0,True,20
KT780406.1,3500.0,5106.0,polyprotein_fallback,5087.0,6709.0,True,20
KT780405.1,3500.0,5106.0,polyprotein_fallback,5087.0,6709.0,True,20
KT780404.1,3500.0,5106.0,polyprotein_fallback,5087.0,6709.0,True,20
KT780403.1,3500.0,5106.0,polyprotein_fallback,5087.0,6709.0,True,20
KT780402.1,3500.0,5106.0,polyprotein_fallback,5087.0,6709.0,True,20
KT780401.1,3500.0,5106.0,polyprotein_fallback,5087.0,6709.0,True,20
KT780400.1,3500.0,5106.0,polyprotein_fallback,5087.0,6709.0,True,20
KT780399.1,3500.0,5106.0,polyprotein_fallback,5087.0,6709.0,True,20
KT780398.1,3500.0,5106.0,polyprotein_fallback,5087.0,6709.0,True,20
KT780397.1,3500.0,5106.0,polyprotein_fallback,5087.0,6709.0,True,20
KT780396.1,3500.0,5106.0,polyprotein_fallback,5087.0,6709.0,True,20
KT780395.1,3500.0,5106.0,polyprotein_fallback,5087.0,6709.0,True,20
KT780394.1,3500.0,5106.0,polyprotein_fallback,5087.0,6709.0,True,20
KT326182.1,3500.0,5053.0,polyprotein_fallback,5034.0,6656.0,True,20
KT326181.1,3500.0,5065.0,polyprotein_fallback,5046.0,6668.0,True,20
KT326180.1,3500.0,5054.0,polyprotein_fallback,5035.0,6657.0,True,20
KP998539.1,3500.0,5113.0,polyprotein_fallback,5094.0,6716.0,True,20
AB972505.1,3500.0,5100.0,polyprotein_fallback,5081.0,6703.0,True,20
AB972504.1,3500.0,5100.0,polyprotein_fallback,5081.0,6703.0,True,20
AB972503.1,3500.0,5100.0,polyprotein_fallback,5081.0,6703.0,True,20
AB972502.1,3500.0,5100.0,polyprotein_fallback,5081.0,6703.0,True,20
AB972501.1,3500.0,5100.0,polyprotein_fallback,5081.0,6703.0,True,20
AB972500.1,3500.0,5100.0,polyprotein_fallback,5081.0,6703.0,True,20
AB972499.1,3500.0,5100.0,polyprotein_fallback,5081.0,6703.0,True,20
AB972498.1,3500.0,5100.0,polyprotein_fallback,5081.0,6703.0,True,20
AB972497.1,3500.0,5100.0,polyprotein_fallback,5081.0,6703.0,True,20
AB972496.1,3500.0,5100.0,polyprotein_fallback,5081.0,6703.0,True,20
AB972495.1,3500.0,5100.0,polyprotein_fallback,5081.0,6703.0,True,20
AB972494.1,3500.0,5100.0,polyprotein_fallback,5081.0,6703.0,True,20
AB972493.1,3500.0,5100.0,polyprotein_fallback,5081.0,6703.0,True,20
AB972492.1,3500.0,5100.0,polyprotein_fallback,5081.0,6703.0,True,20
AB972491.1,3500.0,5100.0,polyprotein_fallback,5081.0,6703.0,True,20
AB972490.1,3500.0,5100.0,polyprotein_fallback,5081.0,6703.0,True,20
AB972489.1,3500.0,5100.0,polyprotein_fallback,5081.0,6703.0,True,20
AB972488.1,3500.0,5100.0,polyprotein_fallback,5081.0,6703.0,True,20
AB972487.1,3500.0,5100.0,polyprotein_fallback,5081.0,6703.0,True,20
AB972486.1,3500.0,5100.0,polyprotein_fallback,5081.0,6703.0,True,20
AB972485.1,3500.0,5100.0,polyprotein_fallback,5081.0,6703.0,True,20
AB972484.1,3500.0,5100.0,polyprotein_fallback,5081.0,6703.0,True,20
AB972483.1,3500.0,5100.0,polyprotein_fallback,5081.0,6703.0,True,20
AB972482.1,3500.0,5100.0,polyprotein_fallback,5081.0,6703.0,True,20
AB972481.1,3500.0,5100.0,polyprotein_fallback,5081.0,6703.0,True,20
AB972480.1,3500.0,5100.0,polyprotein_fallback,5081.0,6703.0,True,20
AB972479.1,3500.0,5100.0,polyprotein_fallback,5081.0,6703.0,True,20
AB972478.1,3500.0,5100.0,polyprotein_fallback,5081.0,6703.0,True,20
AB972477.1,3500.0,5067.0,polyprotein_fallback,5048.0,6670.0,True,20
AB972476.1,3500.0,5100.0,polyprotein_fallback,5081.0,6703.0,True,20
AB972475.1,3500.0,5100.0,polyprotein_fallback,5081.0,6703.0,True,20
AB972474.1,3500.0,5100.0,polyprotein_fallback,5081.0,6703.0,True,20
AB972473.1,3500.0,5100.0,polyprotein_fallback,5081.0,6703.0,True,20
AB972472.1,3500.0,5043.0,polyprotein_fallback,5024.0,6646.0,True,20
AB972471.1,3500.0,5100.0,polyprotein_fallback,5081.0,6703.0,True,20
AB972470.1,3500.0,5100.0,polyprotein_fallback,5081.0,6703.0,True,20
AB972469.1,3500.0,5100.0,polyprotein_fallback,5081.0,6703.0,True,20
AB972468.1,3500.0,5100.0,polyprotein_fallback,5081.0,6703.0,True,20
AB972467.1,3500.0,5100.0,polyprotein_fallback,5081.0,6703.0,True,20
AB972466.1,3500.0,5100.0,polyprotein_fallback,5081.0,6703.0,True,20
AB972465.1,3500.0,5100.0,polyprotein_fallback,5081.0,6703.0,True,20
KU311163.1,,,,5074.0,6693.0,False,0
KU311162.1,,,,5074.0,6693.0,False,0
KU311158.1,,,,5072.0,6694.0,False,0
KF509946.3,,,,5074.0,6696.0,False,0
KT380915.1,,,,5094.0,6716.0,False,0
KF509947.2,,,,5049.0,6671.0,False,0
KT992790.1,3500.0,5113.0,polyprotein_fallback,5094.0,6716.0,True,20
KT992788.1,3500.0,5112.0,polyprotein_fallback,5093.0,6715.0,True,20
KT992787.1,3500.0,5112.0,polyprotein_fallback,5093.0,6715.0,True,20
KT992785.1,3500.0,5112.0,polyprotein_fallback,5093.0,6715.0,True,20
KT970377.1,,,,5094.0,6716.0,False,0
KT970376.1,,,,5094.0,6716.0,False,0
KT970374.1,,,,5094.0,6716.0,False,0
KT970373.1,,,,5094.0,6716.0,False,0
KT970372.1,,,,5094.0,6716.0,False,0
KT970370.1,,,,5094.0,6716.0,False,0
KT202798.1,,,,5085.0,6707.0,False,0
KT202797.1,,,,5085.0,6707.0,False,0
KT202796.1,,,,5085.0,6707.0,False,0
KT202795.1,,,,5085.0,6707.0,False,0
KT202794.1,,,,5085.0,6707.0,False,0
KT202793.1,,,,5085.0,6707.0,False,0
KR270449.1,1.0,750.0,annotated_rdrp,,,False,0
KR270448.1,1.0,750.0,annotated_rdrp,,,False,0
KR270446.1,1.0,750.0,annotated_rdrp,,,False,0
KR270445.1,1.0,750.0,annotated_rdrp,,,False,0
KR270444.1,1.0,750.0,annotated_rdrp,,,False,0
KR270443.1,1.0,750.0,annotated_rdrp,,,False,0
KR270442.1,1.0,750.0,annotated_rdrp,,,False,0
LC043168.1,3500.0,5092.0,polyprotein_fallback,5073.0,6689.0,True,20
LC043167.1,3500.0,5092.0,polyprotein_fallback,5073.0,6689.0,True,20
LC037415.1,3500.0,5107.0,polyprotein_fallback,5088.0,6710.0,True,20
AB983218.1,3500.0,5107.0,polyprotein_fallback,5088.0,6704.0,True,20
KF429791.1,,,,5019.0,6638.0,False,0
KF429790.1,3500.0,5100.0,polyprotein_fallback,5081.0,6703.0,True,20
KF429788.1,3500.0,5100.0,polyprotein_fallback,5081.0,6703.0,True,20
KF429787.1,3500.0,5100.0,polyprotein_fallback,5081.0,6700.0,True,20
KF429782.1,,,,5038.0,6660.0,False,0
KF429778.1,3500.0,5100.0,polyprotein_fallback,5081.0,6703.0,True,20
KF429777.1,3500.0,5100.0,polyprotein_fallback,5081.0,6703.0,True,20
KF429776.1,3500.0,5100.0,polyprotein_fallback,5081.0,6703.0,True,20
KF429768.1,3500.0,5100.0,polyprotein_fallback,5081.0,6697.0,True,20
KF429766.1,3500.0,5100.0,polyprotein_fallback,5081.0,6703.0,True,20
KF429762.1,3500.0,5100.0,polyprotein_fallback,5081.0,6703.0,True,20
KF429760.1,3500.0,5100.0,polyprotein_fallback,5081.0,6700.0,True,20
JX846928.1,3500.0,5068.0,polyprotein_fallback,5049.0,6671.0,True,20
JX846925.1,3500.0,5104.0,polyprotein_fallback,5085.0,6713.0,True,20
JX846924.1,3500.0,5110.0,polyprotein_fallback,5091.0,6737.0,True,20
KC576912.1,3500.0,5100.0,polyprotein_fallback,5081.0,6703.0,True,20
KC576909.1,3500.0,5100.0,polyprotein_fallback,5081.0,6703.0,True,20
KC894943.1,,,,5083.0,6705.0,False,0
KC894942.1,,,,5083.0,6705.0,False,0
JX439844.1,,,,791.0,2413.0,False,0
JX439843.1,,,,791.0,2413.0,False,0
JX439842.1,,,,791.0,2413.0,False,0
JX439841.1,,,,791.0,2413.0,False,0
JX439840.1,,,,791.0,2413.0,False,0
JX439839.1,,,,791.0,2413.0,False,0
JX439838.1,,,,791.0,2413.0,False,0
JX439837.1,,,,791.0,2413.0,False,0
JX439836.1,,,,791.0,2413.0,False,0
JX439835.1,,,,791.0,2413.0,False,0
JX439834.1,,,,791.0,2413.0,False,0
JX439833.1,,,,791.0,2413.0,False,0
JX439832.1,,,,791.0,2413.0,False,0
JX439831.1,,,,791.0,2413.0,False,0
JX439830.1,,,,791.0,2413.0,False,0
JX439829.1,,,,817.0,2439.0,False,0
JX439828.1,,,,1565.0,3187.0,False,0
JX439827.1,,,,1565.0,3187.0,False,0
JX439826.1,,,,1565.0,3187.0,False,0
JX439825.1,,,,1565.0,3187.0,False,0
JX439824.1,,,,1565.0,3187.0,False,0
JX439823.1,,,,1565.0,3187.0,False,0
JX439822.1,,,,1565.0,3187.0,False,0
JX439821.1,,,,1565.0,3187.0,False,0
JX439820.1,,,,1565.0,3187.0,False,0
JX439819.1,,,,5085.0,6707.0,False,0
JX439818.1,,,,5085.0,6707.0,False,0
JX439817.1,,,,5085.0,6707.0,False,0
JX439816.1,,,,5085.0,6707.0,False,0
JX439815.1,,,,5085.0,6707.0,False,0
JX448566.1,,,,5085.0,6707.0,False,0
HF952135.1,,,,5085.0,6707.0,False,0
HF952133.1,,,,5085.0,6707.0,False,0
HF952132.1,,,,5085.0,6707.0,False,0
HF952130.1,,,,5085.0,6707.0,False,0
HF952129.1,,,,5074.0,6696.0,False,0
HF952128.1,,,,5085.0,6707.0,False,0
HF952125.1,,,,5085.0,6707.0,False,0
HF952124.1,,,,5085.0,6707.0,False,0
HF952122.1,,,,5085.0,6707.0,False,0
KC631827.1,,,,5085.0,6707.0,False,0
KC662537.1,3500.0,5104.0,polyprotein_fallback,,,False,0
JX459908.1,,,,5085.0,6707.0,False,0
JX459907.1,,,,5085.0,6707.0,False,0
JX459906.1,,,,5085.0,6707.0,False,0
JX459905.1,,,,5085.0,6707.0,False,0
JX459904.1,,,,5085.0,6707.0,False,0
JX459903.1,,,,5085.0,6707.0,False,0
JX459902.1,,,,5085.0,6707.0,False,0
JX459901.1,,,,5085.0,6707.0,False,0
JX459900.1,,,,5085.0,6707.0,False,0
JQ613573.1,,,,5085.0,6707.0,False,0
JQ613572.1,,,,5085.0,6707.0,False,0
HM748973.2,,,,5085.0,6707.0,False,0
HM748972.2,,,,5085.0,6707.0,False,0
HM748971.2,,,,5085.0,6707.0,False,0
KC960616.1,,,,5051.0,6673.0,False,0
KC960615.1,3500.0,5102.0,polyprotein_fallback,5083.0,6705.0,True,20
KC463910.1,,,,5085.0,6707.0,False,0
KC597139.1,3500.0,5104.0,polyprotein_fallback,5085.0,6707.0,True,20
KC409318.1,3500.0,5102.0,polyprotein_fallback,5083.0,6705.0,True,20
KC409316.1,3500.0,5102.0,polyprotein_fallback,5083.0,6705.0,True,20
KC409315.1,3500.0,5102.0,polyprotein_fallback,5083.0,6705.0,True,20
KC409314.1,3500.0,5102.0,polyprotein_fallback,5083.0,6705.0,True,20
KC409313.1,3500.0,5102.0,polyprotein_fallback,5083.0,6705.0,True,20
KC409312.1,3500.0,5102.0,polyprotein_fallback,5083.0,6705.0,True,20
KC409311.1,3500.0,5100.0,polyprotein_fallback,5081.0,6703.0,True,20
KC409310.1,3500.0,5102.0,polyprotein_fallback,5083.0,6705.0,True,20
KC409309.1,3500.0,5102.0,polyprotein_fallback,5083.0,6705.0,True,20
KC409308.1,3500.0,5102.0,polyprotein_fallback,5083.0,6705.0,True,20
KC409307.1,3500.0,5102.0,polyprotein_fallback,5083.0,6705.0,True,20
KC409306.1,3500.0,5102.0,polyprotein_fallback,5083.0,6705.0,True,20
KC409305.1,3500.0,5102.0,polyprotein_fallback,5083.0,6705.0,True,20
KC409304.1,3500.0,5102.0,polyprotein_fallback,5083.0,6705.0,True,20
KC409303.1,3500.0,5102.0,polyprotein_fallback,5083.0,6705.0,True,20
KC409300.1,3500.0,5102.0,polyprotein_fallback,5083.0,6705.0,True,20
KC409299.1,3500.0,5102.0,polyprotein_fallback,5083.0,6705.0,True,20
KC409298.1,3500.0,5102.0,polyprotein_fallback,5083.0,6705.0,True,20
KC409297.1,3500.0,5102.0,polyprotein_fallback,5083.0,6705.0,True,20
KC409296.1,3500.0,5102.0,polyprotein_fallback,5083.0,6705.0,True,20
KC409295.1,3500.0,5102.0,polyprotein_fallback,5083.0,6705.0,True,20
KC409294.1,3500.0,5102.0,polyprotein_fallback,5083.0,6705.0,True,20
KC409293.1,3500.0,5102.0,polyprotein_fallback,5083.0,6705.0,True,20
KC409292.1,3500.0,5102.0,polyprotein_fallback,5083.0,6705.0,True,20
KC409291.1,3500.0,5102.0,polyprotein_fallback,5083.0,6705.0,True,20
KC409290.1,3500.0,5102.0,polyprotein_fallback,5083.0,6705.0,True,20
KC409289.1,3500.0,5102.0,polyprotein_fallback,5083.0,6705.0,True,20
KC409288.1,3500.0,5102.0,polyprotein_fallback,5083.0,6705.0,True,20
KC409287.1,3500.0,5102.0,polyprotein_fallback,5083.0,6705.0,True,20
KC409286.1,3500.0,5102.0,polyprotein_fallback,5083.0,6705.0,True,20
KC409285.1,3500.0,5102.0,polyprotein_fallback,5083.0,6705.0,True,20
KC409284.1,3500.0,5102.0,polyprotein_fallback,5083.0,6705.0,True,20
KC409283.1,3500.0,5102.0,polyprotein_fallback,5083.0,6705.0,True,20
KC409282.1,3500.0,5102.0,polyprotein_fallback,5083.0,6705.0,True,20
KC409281.1,3500.0,5102.0,polyprotein_fallback,5083.0,6705.0,True,20
KC409280.1,3500.0,5102.0,polyprotein_fallback,5083.0,6705.0,True,20
KC409279.1,3500.0,5102.0,polyprotein_fallback,5083.0,6705.0,True,20
KC409278.1,3500.0,5102.0,polyprotein_fallback,5083.0,6705.0,True,20
KC409277.1,3500.0,5102.0,polyprotein_fallback,5083.0,6705.0,True,20
KC409276.1,3500.0,5102.0,polyprotein_fallback,5083.0,6705.0,True,20
KC409275.1,3500.0,5102.0,polyprotein_fallback,5083.0,6705.0,True,20
KC409274.1,3500.0,5102.0,polyprotein_fallback,5083.0,6705.0,True,20
KC409273.1,3500.0,5102.0,polyprotein_fallback,5083.0,6705.0,True,20
KC409272.1,3500.0,5102.0,polyprotein_fallback,5083.0,6705.0,True,20
KC409271.1,3500.0,5102.0,polyprotein_fallback,5083.0,6705.0,True,20
KC409270.1,3500.0,5102.0,polyprotein_fallback,5083.0,6705.0,True,20
KC409269.1,3500.0,5102.0,polyprotein_fallback,5083.0,6705.0,True,20
KC409268.1,3500.0,5102.0,polyprotein_fallback,5083.0,6705.0,True,20
KC409267.1,3500.0,5102.0,polyprotein_fallback,5083.0,6705.0,True,20
KC409266.1,3500.0,5102.0,polyprotein_fallback,5083.0,6705.0,True,20
KC409265.1,3500.0,5102.0,polyprotein_fallback,5083.0,6705.0,True,20
KC409264.1,3500.0,5102.0,polyprotein_fallback,5083.0,6705.0,True,20
KC409263.1,3500.0,5102.0,polyprotein_fallback,5083.0,6705.0,True,20
KC409262.1,3500.0,5102.0,polyprotein_fallback,5083.0,6705.0,True,20
KC409261.1,3500.0,5102.0,polyprotein_fallback,5083.0,6705.0,True,20
KC409260.1,3500.0,5102.0,polyprotein_fallback,5083.0,6705.0,True,20
KC409259.1,3500.0,5102.0,polyprotein_fallback,5083.0,6705.0,True,20
KC409258.1,3500.0,5102.0,polyprotein_fallback,5083.0,6705.0,True,20
KC409257.1,3500.0,5102.0,polyprotein_fallback,5083.0,6705.0,True,20
KC409256.1,3500.0,5102.0,polyprotein_fallback,5083.0,6705.0,True,20
KC409255.1,3500.0,5102.0,polyprotein_fallback,5083.0,6705.0,True,20
KC409254.1,3500.0,5102.0,polyprotein_fallback,5083.0,6705.0,True,20
KC409253.1,3500.0,5102.0,polyprotein_fallback,5083.0,6705.0,True,20
KC409252.1,3500.0,5102.0,polyprotein_fallback,5083.0,6705.0,True,20
KC409251.1,3500.0,5102.0,polyprotein_fallback,5083.0,6705.0,True,20
KC409250.1,3500.0,5102.0,polyprotein_fallback,5083.0,6705.0,True,20
KC409249.1,3500.0,5102.0,polyprotein_fallback,5083.0,6705.0,True,20
KC409248.1,3500.0,5102.0,polyprotein_fallback,5083.0,6705.0,True,20
KC409247.1,3500.0,5102.0,polyprotein_fallback,5083.0,6705.0,True,20
KC409246.1,3500.0,5102.0,polyprotein_fallback,5083.0,6705.0,True,20
KC409245.1,3500.0,5102.0,polyprotein_fallback,5083.0,6705.0,True,20
KC409244.1,3500.0,5102.0,polyprotein_fallback,5083.0,6705.0,True,20
KC409243.1,3500.0,5100.0,polyprotein_fallback,5081.0,6703.0,True,20
KC409242.1,3500.0,5100.0,polyprotein_fallback,5081.0,6703.0,True,20
KC409241.1,3500.0,5102.0,polyprotein_fallback,5083.0,6705.0,True,20
KC409240.1,3500.0,5102.0,polyprotein_fallback,5083.0,6705.0,True,20
KC409239.1,3500.0,5102.0,polyprotein_fallback,5083.0,6705.0,True,20
KC409238.1,3500.0,5102.0,polyprotein_fallback,5083.0,6705.0,True,20
KC175410.1,3500.0,5102.0,polyprotein_fallback,5083.0,6705.0,True,20
KC175409.1,3500.0,5102.0,polyprotein_fallback,5083.0,6705.0,True,20
KC175408.1,3500.0,5102.0,polyprotein_fallback,5083.0,6705.0,True,20
KC175407.1,3500.0,5102.0,polyprotein_fallback,5083.0,6705.0,True,20
KC175406.1,3500.0,5102.0,polyprotein_fallback,5083.0,6705.0,True,20
KC175405.1,3500.0,5102.0,polyprotein_fallback,5083.0,6705.0,True,20
KC175404.1,3500.0,5102.0,polyprotein_fallback,5083.0,6705.0,True,20
KC175403.1,3500.0,5102.0,polyprotein_fallback,5083.0,6705.0,True,20
KC175402.1,3500.0,5102.0,polyprotein_fallback,5083.0,6705.0,True,20
KC175401.1,3500.0,5102.0,polyprotein_fallback,5083.0,6705.0,True,20
KC175400.1,3500.0,5102.0,polyprotein_fallback,5083.0,6705.0,True,20
KC175399.1,3500.0,5102.0,polyprotein_fallback,5083.0,6705.0,True,20
KC175398.1,3500.0,5102.0,polyprotein_fallback,5083.0,6705.0,True,20
KC175397.1,3500.0,5102.0,polyprotein_fallback,5083.0,6705.0,True,20
KC175396.1,3500.0,5102.0,polyprotein_fallback,5083.0,6705.0,True,20
KC175395.1,3500.0,5102.0,polyprotein_fallback,5083.0,6705.0,True,20
KC175394.1,3500.0,5102.0,polyprotein_fallback,5083.0,6705.0,True,20
KC175393.1,3500.0,5102.0,polyprotein_fallback,5083.0,6705.0,True,20
KC175392.1,3500.0,5102.0,polyprotein_fallback,5083.0,6705.0,True,20
KC175391.1,3500.0,5102.0,polyprotein_fallback,5083.0,6705.0,True,20
KC175390.1,3500.0,5102.0,polyprotein_fallback,5083.0,6705.0,True,20
KC175389.1,3500.0,5102.0,polyprotein_fallback,5083.0,6705.0,True,20
KC175388.1,3500.0,5102.0,polyprotein_fallback,5083.0,6705.0,True,20
KC175387.1,3500.0,5102.0,polyprotein_fallback,5083.0,6705.0,True,20
KC175386.1,3500.0,5102.0,polyprotein_fallback,5083.0,6705.0,True,20
KC175385.1,3500.0,5102.0,polyprotein_fallback,5083.0,6705.0,True,20
KC175384.1,3500.0,5102.0,polyprotein_fallback,5083.0,6705.0,True,20
KC175383.1,3500.0,5102.0,polyprotein_fallback,5083.0,6705.0,True,20
KC175382.1,3500.0,5102.0,polyprotein_fallback,5083.0,6705.0,True,20
KC175381.1,3500.0,5102.0,polyprotein_fallback,5083.0,6705.0,True,20
KC175380.1,3500.0,5102.0,polyprotein_fallback,5083.0,6705.0,True,20
KC175379.1,3500.0,5102.0,polyprotein_fallback,5083.0,6705.0,True,20
KC175378.1,3500.0,5102.0,polyprotein_fallback,5083.0,6705.0,True,20
KC175377.1,3500.0,5102.0,polyprotein_fallback,5083.0,6705.0,True,20
KC175376.1,3500.0,5102.0,polyprotein_fallback,5083.0,6705.0,True,20
KC175375.1,3500.0,5102.0,polyprotein_fallback,5083.0,6705.0,True,20
KC175374.1,3500.0,5102.0,polyprotein_fallback,5083.0,6705.0,True,20
KC175373.1,3500.0,5102.0,polyprotein_fallback,5083.0,6705.0,True,20
KC175372.1,3500.0,5102.0,polyprotein_fallback,5083.0,6705.0,True,20
KC175371.1,3500.0,5102.0,polyprotein_fallback,5083.0,6705.0,True,20
PV750888.1,3562.0,5091.0,annotated_rdrp,5075.0,6691.0,True,17
PV750887.1,3576.0,5105.0,annotated_rdrp,5089.0,6705.0,True,17
PV750886.1,3577.0,5106.0,annotated_rdrp,5090.0,6706.0,True,17
PV750885.1,3576.0,5105.0,annotated_rdrp,5089.0,6705.0,True,17
PV750884.1,3574.0,5103.0,annotated_rdrp,5087.0,6703.0,True,17
PV750883.1,3571.0,5100.0,annotated_rdrp,5084.0,6700.0,True,17
PV750882.1,3581.0,5110.0,annotated_rdrp,5094.0,6710.0,True,17
PV750881.1,3573.0,5102.0,annotated_rdrp,5086.0,6702.0,True,17
PV750880.1,3576.0,5105.0,annotated_rdrp,5089.0,6705.0,True,17
PV750879.1,3569.0,5098.0,annotated_rdrp,5082.0,6698.0,True,17
PV750878.1,3573.0,5102.0,annotated_rdrp,5086.0,6702.0,True,17
PV750877.1,3581.0,5110.0,annotated_rdrp,5094.0,6710.0,True,17
PV750876.1,3570.0,5099.0,annotated_rdrp,5083.0,6699.0,True,17
PV750875.1,3575.0,5104.0,annotated_rdrp,5088.0,6704.0,True,17
PX563327.1,3572.0,5101.0,annotated_rdrp,5085.0,6707.0,True,17
PQ475911.1,3568.0,5097.0,annotated_rdrp,5081.0,6703.0,True,17
PQ475910.1,3551.0,5080.0,annotated_rdrp,5064.0,6686.0,True,17
PV087408.1,,,,4970.0,6592.0,False,0
PV087407.1,3500.0,5080.0,polyprotein_fallback,5061.0,6707.0,True,20
HM596590.4,3569.0,5098.0,annotated_rdrp,5082.0,6704.0,True,17
PQ641315.1,3604.0,5133.0,annotated_rdrp,5117.0,6739.0,True,17
GU292831.4,3566.0,5095.0,annotated_rdrp,5079.0,6701.0,True,17
KF920739.4,3569.0,5098.0,annotated_rdrp,5082.0,6704.0,True,17
KF944203.3,1.0,797.0,annotated_rdrp,781.0,2427.0,True,17
KF944166.4,1.0,797.0,annotated_rdrp,781.0,2427.0,True,17
KF944165.3,1.0,797.0,annotated_rdrp,781.0,2427.0,True,17
KF895848.3,1.0,797.0,annotated_rdrp,781.0,2427.0,True,17
KF944147.2,1.0,825.0,annotated_rdrp,806.0,2452.0,True,20
KF944119.2,1.0,825.0,annotated_rdrp,806.0,2452.0,True,20
KF944179.2,1.0,825.0,annotated_rdrp,806.0,2452.0,True,20
KT779557.1,3500.0,5101.0,polyprotein_fallback,5082.0,6728.0,True,20
KF944111.3,3500.0,5100.0,polyprotein_fallback,5081.0,6727.0,True,20
KF895841.2,3500.0,5100.0,polyprotein_fallback,5081.0,6727.0,True,20
KF944110.2,3500.0,5100.0,polyprotein_fallback,5081.0,6727.0,True,20
PQ610214.1,3537.0,5066.0,annotated_rdrp,5050.0,6672.0,True,17
PQ594187.1,3566.0,5095.0,annotated_rdrp,5079.0,6701.0,True,17
PQ559816.1,3572.0,5101.0,annotated_rdrp,5085.0,6731.0,True,17
PQ507186.1,3564.0,5093.0,annotated_rdrp,5077.0,6699.0,True,17
PQ507185.1,3572.0,5101.0,annotated_rdrp,5085.0,6707.0,True,17
PQ507184.1,3563.0,5092.0,annotated_rdrp,5076.0,6698.0,True,17
PQ507183.1,3564.0,5093.0,annotated_rdrp,5077.0,6699.0,True,17
PQ507182.1,3561.0,5090.0,annotated_rdrp,5074.0,6696.0,True,17
PQ507181.1,3569.0,5098.0,annotated_rdrp,5082.0,6704.0,True,17
PQ507180.1,3560.0,5089.0,annotated_rdrp,5073.0,6719.0,True,17
PQ507179.1,3572.0,5101.0,annotated_rdrp,5085.0,6707.0,True,17
PQ507178.1,3572.0,5101.0,annotated_rdrp,5085.0,6707.0,True,17
PQ507177.1,3544.0,5073.0,annotated_rdrp,5057.0,6679.0,True,17
PQ507176.1,3553.0,5082.0,annotated_rdrp,5066.0,6688.0,True,17
PQ507175.1,3553.0,5082.0,annotated_rdrp,5066.0,6688.0,True,17
PQ507174.1,3572.0,5101.0,annotated_rdrp,5085.0,6707.0,True,17
PQ507173.1,3566.0,5095.0,annotated_rdrp,5079.0,6701.0,True,17
PQ507172.1,3572.0,5101.0,annotated_rdrp,5085.0,6707.0,True,17
PQ507171.1,3572.0,5101.0,annotated_rdrp,5085.0,6707.0,True,17
PQ507170.1,3545.0,5074.0,annotated_rdrp,5058.0,6680.0,True,17
PQ507169.1,3560.0,5089.0,annotated_rdrp,5073.0,6695.0,True,17
PQ336873.1,3554.0,5083.0,annotated_rdrp,5067.0,6689.0,True,17
PQ336872.1,3554.0,5083.0,annotated_rdrp,5067.0,6689.0,True,17
PQ336871.1,3554.0,5083.0,annotated_rdrp,5067.0,6689.0,True,17
PQ336870.1,3554.0,5083.0,annotated_rdrp,5067.0,6689.0,True,17
PQ336869.1,3554.0,5083.0,annotated_rdrp,5067.0,6689.0,True,17
PQ336868.1,3554.0,5083.0,annotated_rdrp,5067.0,6689.0,True,17
PQ336867.1,3554.0,5083.0,annotated_rdrp,5067.0,6683.0,True,17
PQ336866.1,3554.0,5083.0,annotated_rdrp,5067.0,6683.0,True,17
PQ336865.1,3554.0,5083.0,annotated_rdrp,5067.0,6683.0,True,17
PQ336864.1,3554.0,5083.0,annotated_rdrp,5067.0,6683.0,True,17
PQ336863.1,3554.0,5083.0,annotated_rdrp,5067.0,6683.0,True,17
PQ336862.1,3554.0,5083.0,annotated_rdrp,5067.0,6683.0,True,17
PQ336861.1,3554.0,5083.0,annotated_rdrp,5067.0,6683.0,True,17
PQ336860.1,3554.0,5083.0,annotated_rdrp,5067.0,6683.0,True,17
PQ336859.1,3554.0,5083.0,annotated_rdrp,5067.0,6683.0,True,17
PQ336858.1,3554.0,5083.0,annotated_rdrp,5067.0,6683.0,True,17
PQ336857.1,3554.0,5083.0,annotated_rdrp,5067.0,6683.0,True,17
PQ336856.1,3554.0,5083.0,annotated_rdrp,5067.0,6683.0,True,17
PQ336855.1,3554.0,5083.0,annotated_rdrp,5067.0,6683.0,True,17
PQ336854.1,3554.0,5083.0,annotated_rdrp,5067.0,6683.0,True,17
PQ336853.1,3554.0,5083.0,annotated_rdrp,5067.0,6683.0,True,17
PQ336852.1,3554.0,5083.0,annotated_rdrp,5067.0,6683.0,True,17
PQ336851.1,3554.0,5083.0,annotated_rdrp,5067.0,6683.0,True,17
PQ336850.1,3554.0,5083.0,annotated_rdrp,5067.0,6683.0,True,17
PQ336849.1,3554.0,5083.0,annotated_rdrp,5067.0,6683.0,True,17
PQ336848.1,3554.0,5083.0,annotated_rdrp,5067.0,6683.0,True,17
PQ336847.1,3554.0,5083.0,annotated_rdrp,5067.0,6686.0,True,17
LC848169.1,3567.0,5096.0,annotated_rdrp,5080.0,6702.0,True,17
LC848168.1,3548.0,5077.0,annotated_rdrp,5061.0,6683.0,True,17
LC848167.1,3548.0,5077.0,annotated_rdrp,5061.0,6683.0,True,17
LC848165.1,3576.0,5105.0,annotated_rdrp,5089.0,6711.0,True,17
LC848162.1,3581.0,5110.0,annotated_rdrp,5094.0,6716.0,True,17
PQ373147.1,3576.0,5105.0,annotated_rdrp,5089.0,6711.0,True,17
PQ373146.1,3577.0,5106.0,annotated_rdrp,5090.0,6706.0,True,17
PQ373145.1,3577.0,5106.0,annotated_rdrp,5090.0,6706.0,True,17
PQ373144.1,3577.0,5106.0,annotated_rdrp,5090.0,6706.0,True,17
PQ373143.1,3577.0,5106.0,annotated_rdrp,5090.0,6706.0,True,17
PQ373141.1,3577.0,5106.0,annotated_rdrp,5090.0,6706.0,True,17
PQ373140.1,3581.0,5110.0,annotated_rdrp,5094.0,6710.0,True,17
PQ373139.1,3581.0,5110.0,annotated_rdrp,5094.0,6710.0,True,17
PQ373138.1,3581.0,5110.0,annotated_rdrp,5094.0,6710.0,True,17
PQ373137.1,3577.0,5106.0,annotated_rdrp,5090.0,6706.0,True,17
PQ373136.1,3577.0,5106.0,annotated_rdrp,5090.0,6706.0,True,17
PQ373135.1,3577.0,5106.0,annotated_rdrp,5090.0,6706.0,True,17
PQ373134.1,3577.0,5106.0,annotated_rdrp,5090.0,6706.0,True,17
PQ373132.1,3581.0,5110.0,annotated_rdrp,5094.0,6710.0,True,17
PQ373130.1,3577.0,5106.0,annotated_rdrp,5090.0,6712.0,True,17
PQ373129.1,3576.0,5105.0,annotated_rdrp,5089.0,6705.0,True,17
PQ336945.1,3560.0,5089.0,annotated_rdrp,5073.0,6689.0,True,17
PQ336944.1,3560.0,5089.0,annotated_rdrp,5073.0,6689.0,True,17
PQ336943.1,3509.0,5038.0,annotated_rdrp,5022.0,6638.0,True,17
PQ336942.1,3560.0,5089.0,annotated_rdrp,5073.0,6689.0,True,17
PQ310522.1,3581.0,5110.0,annotated_rdrp,5094.0,6710.0,True,17
PQ310521.1,3581.0,5110.0,annotated_rdrp,5094.0,6710.0,True,17
PQ310519.1,3581.0,5110.0,annotated_rdrp,5094.0,6710.0,True,17
PQ310518.1,3581.0,5110.0,annotated_rdrp,5094.0,6710.0,True,17
PQ310459.1,3581.0,5110.0,annotated_rdrp,5094.0,6719.0,True,17
PQ310354.1,3575.0,5104.0,annotated_rdrp,5088.0,6704.0,True,17
PQ310252.1,3574.0,5103.0,annotated_rdrp,5087.0,6703.0,True,17
PQ310251.1,3574.0,5103.0,annotated_rdrp,5087.0,6703.0,True,17
PQ310236.1,3577.0,5106.0,annotated_rdrp,5090.0,6706.0,True,17
PQ310235.1,3581.0,5110.0,annotated_rdrp,5094.0,6710.0,True,17
PQ310234.1,3577.0,5106.0,annotated_rdrp,5090.0,6706.0,True,17
PQ310131.1,3581.0,5110.0,annotated_rdrp,5094.0,6710.0,True,17
PQ310130.1,3581.0,5110.0,annotated_rdrp,5094.0,6710.0,True,17
PQ310129.1,3581.0,5110.0,annotated_rdrp,5094.0,6710.0,True,17
PQ310128.1,3581.0,5110.0,annotated_rdrp,5094.0,6710.0,True,17
PQ310127.1,3581.0,5110.0,annotated_rdrp,5094.0,6710.0,True,17
PQ310126.1,3581.0,5110.0,annotated_rdrp,5094.0,6710.0,True,17
PQ310124.1,3581.0,5110.0,annotated_rdrp,5094.0,6710.0,True,17
PQ308689.1,3577.0,5106.0,annotated_rdrp,5090.0,6706.0,True,17
PQ308687.1,3577.0,5106.0,annotated_rdrp,5090.0,6706.0,True,17
PQ308686.1,3577.0,5106.0,annotated_rdrp,5090.0,6706.0,True,17
PQ308685.1,3577.0,5106.0,annotated_rdrp,5090.0,6706.0,True,17
PQ308684.1,3581.0,5110.0,annotated_rdrp,5094.0,6710.0,True,17
PQ304633.1,3582.0,5111.0,annotated_rdrp,5095.0,6720.0,True,17
PQ304632.1,3573.0,5102.0,annotated_rdrp,5086.0,6708.0,True,17
PQ304614.1,3581.0,5110.0,annotated_rdrp,5094.0,6710.0,True,17
PQ304613.1,3577.0,5106.0,annotated_rdrp,5090.0,6706.0,True,17
PQ304612.1,3577.0,5106.0,annotated_rdrp,5090.0,6706.0,True,17
PQ304611.1,3581.0,5110.0,annotated_rdrp,5094.0,6710.0,True,17
PQ304610.1,3581.0,5110.0,annotated_rdrp,5094.0,6710.0,True,17
PQ442937.1,3572.0,5101.0,annotated_rdrp,5085.0,6731.0,True,17
PQ442936.1,3572.0,5101.0,annotated_rdrp,5085.0,6731.0,True,17
PQ442935.1,3572.0,5101.0,annotated_rdrp,5085.0,6731.0,True,17
PP587395.1,3494.0,5023.0,annotated_rdrp,5007.0,6653.0,True,17
PP587394.1,3494.0,5023.0,annotated_rdrp,5007.0,6653.0,True,17
PP587393.1,3581.0,5110.0,annotated_rdrp,5094.0,6716.0,True,17
PP587392.1,3581.0,5110.0,annotated_rdrp,5094.0,6716.0,True,17
PQ373128.1,3577.0,5106.0,annotated_rdrp,5090.0,6712.0,True,17
PQ373127.1,3581.0,5110.0,annotated_rdrp,5094.0,6716.0,True,17
PQ373126.1,3581.0,5110.0,annotated_rdrp,5094.0,6716.0,True,17
PQ373125.1,3577.0,5106.0,annotated_rdrp,5090.0,6709.0,True,17
PQ373124.1,3581.0,5110.0,annotated_rdrp,5094.0,6716.0,True,17
PQ373123.1,3581.0,5110.0,annotated_rdrp,5094.0,6716.0,True,17
PQ373122.1,3581.0,5110.0,annotated_rdrp,5094.0,6716.0,True,17
PQ373121.1,3581.0,5110.0,annotated_rdrp,5094.0,6716.0,True,17
PQ373120.1,3581.0,5110.0,annotated_rdrp,5094.0,6716.0,True,17
PQ373119.1,3580.0,5109.0,annotated_rdrp,5093.0,6709.0,True,17
OR463469.1,3535.0,5064.0,annotated_rdrp,5048.0,6676.0,True,17
OR463468.1,3535.0,5064.0,annotated_rdrp,5048.0,6676.0,True,17
PQ100949.1,3566.0,5095.0,annotated_rdrp,5079.0,6701.0,True,17
PQ100948.1,3566.0,5095.0,annotated_rdrp,5079.0,6701.0,True,17
PQ100947.1,3566.0,5095.0,annotated_rdrp,5079.0,6701.0,True,17
PQ100946.1,3566.0,5095.0,annotated_rdrp,5079.0,6701.0,True,17
PQ100945.1,1.0,264.0,annotated_rdrp,248.0,1870.0,True,17
PQ100944.1,1.0,527.0,annotated_rdrp,511.0,2133.0,True,17
PQ100943.1,1.0,457.0,annotated_rdrp,441.0,2063.0,True,17
PQ097900.1,1.0,509.0,annotated_rdrp,493.0,2115.0,True,17
MW305742.1,1.0,802.0,annotated_rdrp,786.0,2411.0,True,17
MW305739.1,3528.0,5057.0,annotated_rdrp,5041.0,6684.0,True,17
MW305738.1,3537.0,5066.0,annotated_rdrp,5050.0,6672.0,True,17
MW305737.1,3566.0,5095.0,annotated_rdrp,5079.0,6722.0,True,17
MW305736.1,3531.0,5060.0,annotated_rdrp,5044.0,6696.0,True,17
MW305735.1,3531.0,5060.0,annotated_rdrp,5044.0,6687.0,True,17
MW305734.1,3544.0,5073.0,annotated_rdrp,5057.0,6682.0,True,17
MW305733.1,3545.0,5074.0,annotated_rdrp,5058.0,6704.0,True,17
MW305732.1,3545.0,5074.0,annotated_rdrp,5058.0,6704.0,True,17
MW305731.1,3545.0,5074.0,annotated_rdrp,5058.0,6704.0,True,17
MW305730.1,3530.0,5059.0,annotated_rdrp,5043.0,6653.0,True,17
MW305729.1,3536.0,5065.0,annotated_rdrp,5049.0,6668.0,True,17
MW305728.1,3545.0,5074.0,annotated_rdrp,5058.0,6704.0,True,17
MW305727.1,3545.0,5074.0,annotated_rdrp,5058.0,6704.0,True,17
MW305726.1,3545.0,5074.0,annotated_rdrp,5058.0,6704.0,True,17
MW305725.1,3545.0,5074.0,annotated_rdrp,5058.0,6704.0,True,17
MW305724.1,3548.0,5077.0,annotated_rdrp,5061.0,6707.0,True,17
MW305723.1,3537.0,5066.0,annotated_rdrp,5050.0,6672.0,True,17
MW305722.1,3531.0,5060.0,annotated_rdrp,5044.0,6654.0,True,17
MW305721.1,3495.0,5024.0,annotated_rdrp,5008.0,6630.0,True,17
MW305720.1,3537.0,5066.0,annotated_rdrp,5050.0,6678.0,True,17
MW305719.1,3531.0,5060.0,annotated_rdrp,5044.0,6654.0,True,17
MW305718.1,3495.0,5024.0,annotated_rdrp,5008.0,6630.0,True,17
MW305717.1,3537.0,5066.0,annotated_rdrp,5050.0,6678.0,True,17
MW305716.1,3537.0,5066.0,annotated_rdrp,5050.0,6678.0,True,17
MW305715.1,3537.0,5066.0,annotated_rdrp,5050.0,6678.0,True,17
MW305714.1,3534.0,5063.0,annotated_rdrp,5047.0,6675.0,True,17
MW305713.1,3495.0,5024.0,annotated_rdrp,5008.0,6630.0,True,17
MW305712.1,3537.0,5066.0,annotated_rdrp,5050.0,6672.0,True,17
MW305711.1,3537.0,5066.0,annotated_rdrp,5050.0,6672.0,True,17
MW305710.1,3495.0,5024.0,annotated_rdrp,5008.0,6630.0,True,17
MW305709.1,3499.0,5028.0,annotated_rdrp,5012.0,6634.0,True,17
MW305708.1,3537.0,5066.0,annotated_rdrp,5050.0,6672.0,True,17
MW305707.1,3495.0,5024.0,annotated_rdrp,5008.0,6630.0,True,17
MW305706.1,3537.0,5066.0,annotated_rdrp,5050.0,6672.0,True,17
MW305705.1,3543.0,5072.0,annotated_rdrp,5056.0,6663.0,True,17
MW305704.1,3528.0,5057.0,annotated_rdrp,5041.0,6693.0,True,17
MW305703.1,3543.0,5072.0,annotated_rdrp,5056.0,6663.0,True,17
MW305702.1,3543.0,5072.0,annotated_rdrp,5056.0,6663.0,True,17
MW305701.1,3537.0,5066.0,annotated_rdrp,5050.0,6657.0,True,17
MW305700.1,3531.0,5060.0,annotated_rdrp,5044.0,6654.0,True,17
MW305699.1,3531.0,5060.0,annotated_rdrp,5044.0,6666.0,True,17
MW305698.1,3531.0,5060.0,annotated_rdrp,5044.0,6654.0,True,17
MW305697.1,3537.0,5066.0,annotated_rdrp,5050.0,6669.0,True,17
MW305696.1,3537.0,5066.0,annotated_rdrp,5050.0,6669.0,True,17
MW305695.1,3573.0,5102.0,annotated_rdrp,5086.0,6708.0,True,17
MW305694.1,3531.0,5060.0,annotated_rdrp,5044.0,6654.0,True,17
MW305693.1,3531.0,5060.0,annotated_rdrp,5044.0,6654.0,True,17
MW305692.1,3531.0,5060.0,annotated_rdrp,5044.0,6654.0,True,17
MW305691.1,3531.0,5060.0,annotated_rdrp,5044.0,6654.0,True,17
MW305690.1,3531.0,5060.0,annotated_rdrp,5044.0,6654.0,True,17
MW305689.1,3531.0,5060.0,annotated_rdrp,5044.0,6654.0,True,17
MW305688.1,3531.0,5060.0,annotated_rdrp,5044.0,6654.0,True,17
MW305687.1,3531.0,5060.0,annotated_rdrp,5044.0,6654.0,True,17
MW305686.1,3531.0,5060.0,annotated_rdrp,5044.0,6654.0,True,17
MW305685.1,3531.0,5060.0,annotated_rdrp,5044.0,6654.0,True,17
MW305684.1,3531.0,5060.0,annotated_rdrp,5044.0,6654.0,True,17
MW305683.1,3531.0,5060.0,annotated_rdrp,5044.0,6654.0,True,17
MW305682.1,3465.0,4994.0,annotated_rdrp,4978.0,6600.0,True,17
MW305681.1,3531.0,5060.0,annotated_rdrp,5044.0,6654.0,True,17
MW305680.1,3536.0,5065.0,annotated_rdrp,5049.0,6671.0,True,17
MW305679.1,3531.0,5060.0,annotated_rdrp,5044.0,6654.0,True,17
MW305678.1,3534.0,5063.0,annotated_rdrp,5047.0,6675.0,True,17
MW305677.1,3500.0,5029.0,annotated_rdrp,5013.0,6635.0,True,17
MW305676.1,3543.0,5072.0,annotated_rdrp,5056.0,6663.0,True,17
MW305675.1,3499.0,5028.0,annotated_rdrp,5012.0,6634.0,True,17
MW305674.1,3531.0,5060.0,annotated_rdrp,5044.0,6654.0,True,17
MW305673.1,3528.0,5057.0,annotated_rdrp,5041.0,6651.0,True,17
MW305672.1,3528.0,5057.0,annotated_rdrp,5041.0,6651.0,True,17
LC369258.1,3500.0,5056.0,polyprotein_fallback,5037.0,6659.0,True,20
LC369257.1,3500.0,5108.0,polyprotein_fallback,5089.0,6711.0,True,20
LC369256.1,3500.0,5103.0,polyprotein_fallback,5084.0,6706.0,True,20
LC369255.1,3500.0,5103.0,polyprotein_fallback,5084.0,6706.0,True,20
LC369254.1,3500.0,5113.0,polyprotein_fallback,5094.0,6716.0,True,20
LC369253.1,3500.0,5098.0,polyprotein_fallback,5079.0,6701.0,True,20
LC369252.1,3500.0,5098.0,polyprotein_fallback,5079.0,6701.0,True,20
LC369251.1,3500.0,5098.0,polyprotein_fallback,5079.0,6695.0,True,20
LC369249.1,3500.0,5101.0,polyprotein_fallback,5082.0,6704.0,True,20
LC369248.1,3500.0,5099.0,polyprotein_fallback,5080.0,6702.0,True,20
LC369247.1,3500.0,5099.0,polyprotein_fallback,5080.0,6702.0,True,20
LC369246.1,3500.0,5099.0,polyprotein_fallback,5080.0,6702.0,True,20
LC369245.1,3500.0,5108.0,polyprotein_fallback,5089.0,6711.0,True,20
LC369244.1,3500.0,5113.0,polyprotein_fallback,5094.0,6716.0,True,20
LC369243.1,3500.0,5101.0,polyprotein_fallback,5082.0,6704.0,True,20
LC369242.1,3500.0,5108.0,polyprotein_fallback,5089.0,6711.0,True,20
LC369241.1,3500.0,5107.0,polyprotein_fallback,5088.0,6710.0,True,20
LC369240.1,3500.0,5101.0,polyprotein_fallback,5082.0,6704.0,True,20
LC369239.1,3500.0,5099.0,polyprotein_fallback,5080.0,6702.0,True,20
LC369238.1,3500.0,5107.0,polyprotein_fallback,5088.0,6710.0,True,20
LC369237.1,3500.0,5108.0,polyprotein_fallback,5089.0,6711.0,True,20
LC369236.1,3500.0,5113.0,polyprotein_fallback,5094.0,6716.0,True,20
LC369235.1,3500.0,5105.0,polyprotein_fallback,5086.0,6708.0,True,20
LC369234.1,3500.0,5105.0,polyprotein_fallback,5086.0,6708.0,True,20
LC369233.1,3500.0,5103.0,polyprotein_fallback,5084.0,6706.0,True,20
LC369232.1,3500.0,5103.0,polyprotein_fallback,5084.0,6706.0,True,20
LC369231.1,3500.0,5103.0,polyprotein_fallback,5084.0,6706.0,True,20
LC369230.1,3500.0,5103.0,polyprotein_fallback,5084.0,6706.0,True,20
LC369229.1,3500.0,5103.0,polyprotein_fallback,5084.0,6706.0,True,20
LC369228.1,3500.0,5103.0,polyprotein_fallback,5084.0,6706.0,True,20
LC369227.1,3500.0,5103.0,polyprotein_fallback,5084.0,6706.0,True,20
LC369225.1,3500.0,5101.0,polyprotein_fallback,5082.0,6704.0,True,20
LC369224.1,3500.0,5101.0,polyprotein_fallback,5082.0,6704.0,True,20
LC369222.1,3500.0,5101.0,polyprotein_fallback,5082.0,6704.0,True,20
LC369221.1,3500.0,5099.0,polyprotein_fallback,5080.0,6702.0,True,20
LC369220.1,3500.0,5099.0,polyprotein_fallback,5080.0,6702.0,True,20
LC369219.1,3500.0,5113.0,polyprotein_fallback,5094.0,6716.0,True,20
LC369218.1,3500.0,5105.0,polyprotein_fallback,5086.0,6708.0,True,20
LC369217.1,3500.0,5098.0,polyprotein_fallback,5079.0,6701.0,True,20
LC369216.1,3500.0,5098.0,polyprotein_fallback,5079.0,6701.0,True,20
LC369215.1,3500.0,5108.0,polyprotein_fallback,5089.0,6711.0,True,20
LC369214.1,3500.0,5113.0,polyprotein_fallback,5094.0,6716.0,True,20
OP205536.1,3576.0,5105.0,annotated_rdrp,5089.0,6711.0,True,17
OP205585.1,3567.0,5096.0,annotated_rdrp,5080.0,6726.0,True,17
OP205584.1,3567.0,5096.0,annotated_rdrp,5080.0,6702.0,True,17
OP205583.1,3522.0,5051.0,annotated_rdrp,5035.0,6681.0,True,17
OP205582.1,3572.0,5101.0,annotated_rdrp,5085.0,6707.0,True,17
OP205580.1,3572.0,5101.0,annotated_rdrp,5085.0,6707.0,True,17
OP205579.1,3568.0,5097.0,annotated_rdrp,5081.0,6703.0,True,17
OP205578.1,3568.0,5097.0,annotated_rdrp,5081.0,6727.0,True,17
OP205577.1,3572.0,5101.0,annotated_rdrp,5085.0,6731.0,True,17
OP205576.1,3549.0,5078.0,annotated_rdrp,5062.0,6708.0,True,17
OP205574.1,3557.0,5086.0,annotated_rdrp,5070.0,6692.0,True,17
OP205573.1,3537.0,5066.0,annotated_rdrp,5050.0,6672.0,True,17
OP205572.1,3567.0,5096.0,annotated_rdrp,5080.0,6726.0,True,17
OP205571.1,3540.0,5069.0,annotated_rdrp,5053.0,6675.0,True,17
OP205570.1,3550.0,5079.0,annotated_rdrp,5063.0,6709.0,True,17
OP205569.1,3544.0,5073.0,annotated_rdrp,5057.0,6703.0,True,17
OP205568.1,3567.0,5096.0,annotated_rdrp,5080.0,6702.0,True,17
OP205566.1,3568.0,5097.0,annotated_rdrp,5081.0,6703.0,True,17
OP205565.1,3550.0,5079.0,annotated_rdrp,5063.0,6685.0,True,17
OP205564.1,3554.0,5083.0,annotated_rdrp,5067.0,6689.0,True,17
OP205563.1,3550.0,5079.0,annotated_rdrp,5063.0,6685.0,True,17
OP205561.1,3550.0,5079.0,annotated_rdrp,5063.0,6685.0,True,17
OP205560.1,3550.0,5079.0,annotated_rdrp,5063.0,6685.0,True,17
OP205559.1,3550.0,5079.0,annotated_rdrp,5063.0,6685.0,True,17
OP205558.1,3550.0,5079.0,annotated_rdrp,5063.0,6685.0,True,17
OP205557.1,3550.0,5079.0,annotated_rdrp,5063.0,6709.0,True,17
OP205556.1,3549.0,5078.0,annotated_rdrp,5062.0,6708.0,True,17
OP205555.1,3550.0,5079.0,annotated_rdrp,5063.0,6685.0,True,17
OP205554.1,3550.0,5079.0,annotated_rdrp,5063.0,6691.0,True,17
OP205553.1,3551.0,5080.0,annotated_rdrp,5064.0,6686.0,True,17
OP205552.1,3567.0,5096.0,annotated_rdrp,5080.0,6702.0,True,17
OP205551.1,3562.0,5091.0,annotated_rdrp,5075.0,6697.0,True,17
OP205550.1,3550.0,5079.0,annotated_rdrp,5063.0,6685.0,True,17
OP205549.1,3555.0,5084.0,annotated_rdrp,5068.0,6690.0,True,17
OP205547.1,3550.0,5079.0,annotated_rdrp,5063.0,6685.0,True,17
OP205545.1,3567.0,5096.0,annotated_rdrp,5080.0,6708.0,True,17
OP205544.1,3550.0,5079.0,annotated_rdrp,5063.0,6691.0,True,17
OP205543.1,3540.0,5069.0,annotated_rdrp,5053.0,6681.0,True,17
OP205542.1,3567.0,5096.0,annotated_rdrp,5080.0,6708.0,True,17
OP205541.1,3568.0,5097.0,annotated_rdrp,5081.0,6709.0,True,17
OP205539.1,3567.0,5096.0,annotated_rdrp,5080.0,6702.0,True,17
OP205538.1,3567.0,5096.0,annotated_rdrp,5080.0,6702.0,True,17
OP205537.1,3576.0,5105.0,annotated_rdrp,5089.0,6711.0,True,17
OP205535.1,3576.0,5105.0,annotated_rdrp,5089.0,6711.0,True,17
OP205534.1,3576.0,5105.0,annotated_rdrp,5089.0,6711.0,True,17
OP205533.1,3576.0,5105.0,annotated_rdrp,5089.0,6711.0,True,17
OP205532.1,3576.0,5105.0,annotated_rdrp,5089.0,6705.0,True,17
OP205528.1,3557.0,5086.0,annotated_rdrp,5070.0,6692.0,True,17
OP205527.1,3568.0,5097.0,annotated_rdrp,5081.0,6703.0,True,17
OR084264.1,3572.0,5101.0,annotated_rdrp,5085.0,6707.0,True,17
OR084263.1,3572.0,5101.0,annotated_rdrp,5085.0,6707.0,True,17
OR084262.1,3572.0,5101.0,annotated_rdrp,5085.0,6707.0,True,17
OR084261.1,3572.0,5101.0,annotated_rdrp,5085.0,6707.0,True,17
OR084260.1,3569.0,5098.0,annotated_rdrp,5082.0,6704.0,True,17
OR084259.1,3572.0,5101.0,annotated_rdrp,5085.0,6707.0,True,17
OR084258.1,3572.0,5101.0,annotated_rdrp,5085.0,6707.0,True,17
OR084257.1,3572.0,5101.0,annotated_rdrp,5085.0,6707.0,True,17
OR084256.1,3572.0,5101.0,annotated_rdrp,5085.0,6713.0,True,17
OR062612.1,3581.0,5110.0,annotated_rdrp,5094.0,6716.0,True,17
OR039448.1,3438.0,4967.0,annotated_rdrp,4951.0,6573.0,True,17
OQ702254.1,3553.0,5082.0,annotated_rdrp,5066.0,6715.0,True,17
OQ702253.1,3544.0,5073.0,annotated_rdrp,5057.0,6706.0,True,17
OQ682536.1,3556.0,5085.0,annotated_rdrp,5069.0,6676.0,True,17
OP805364.1,3559.0,5088.0,annotated_rdrp,5072.0,6688.0,True,17
OP805363.1,3559.0,5088.0,annotated_rdrp,5072.0,6688.0,True,17
OP805362.1,3559.0,5088.0,annotated_rdrp,5072.0,6688.0,True,17
OP805361.1,3581.0,5110.0,annotated_rdrp,5094.0,6716.0,True,17
OP805360.1,3581.0,5110.0,annotated_rdrp,5094.0,6716.0,True,17
OQ451924.1,2903.0,4432.0,annotated_rdrp,4416.0,6038.0,True,17
OQ451923.1,2881.0,4410.0,annotated_rdrp,4394.0,6016.0,True,17
OQ451922.1,2903.0,4432.0,annotated_rdrp,4416.0,6038.0,True,17
OQ451921.1,2881.0,4410.0,annotated_rdrp,4394.0,6016.0,True,17
OQ451920.1,2903.0,4432.0,annotated_rdrp,4416.0,6038.0,True,17
OQ451919.1,2903.0,4432.0,annotated_rdrp,4416.0,6038.0,True,17
OQ451918.1,2903.0,4432.0,annotated_rdrp,4416.0,6038.0,True,17
OQ451917.1,2903.0,4432.0,annotated_rdrp,4416.0,6038.0,True,17
OQ451916.1,2903.0,4432.0,annotated_rdrp,4416.0,6038.0,True,17
OQ451915.1,2881.0,4410.0,annotated_rdrp,4394.0,6016.0,True,17
OQ451914.1,2903.0,4432.0,annotated_rdrp,4416.0,6038.0,True,17
OQ451913.1,2903.0,4432.0,annotated_rdrp,4416.0,6038.0,True,17
OQ451912.1,2881.0,4410.0,annotated_rdrp,4394.0,6016.0,True,17
OQ451911.1,2903.0,4432.0,annotated_rdrp,4416.0,6038.0,True,17
OQ451910.1,2881.0,4410.0,annotated_rdrp,4394.0,6016.0,True,17
OM386814.1,3545.0,5074.0,annotated_rdrp,5058.0,6680.0,True,17
OM386792.1,3558.0,5087.0,annotated_rdrp,5071.0,6717.0,True,17
OM386672.1,3470.0,4999.0,annotated_rdrp,4983.0,6635.0,True,17
OM386670.1,3552.0,5081.0,annotated_rdrp,5065.0,6687.0,True,17
OM373654.1,3515.0,5044.0,annotated_rdrp,5028.0,6650.0,True,17
OM373643.1,3544.0,5073.0,annotated_rdrp,5057.0,6679.0,True,17
OM373624.1,3545.0,5074.0,annotated_rdrp,5058.0,6680.0,True,17
OM373562.1,3545.0,5074.0,annotated_rdrp,5058.0,6704.0,True,17
OM373532.1,3543.0,5072.0,annotated_rdrp,5056.0,6678.0,True,17
OM373317.1,3558.0,5087.0,annotated_rdrp,5071.0,6693.0,True,17
OM373210.1,3503.0,5032.0,annotated_rdrp,5016.0,6638.0,True,17
OM373207.1,3508.0,5037.0,annotated_rdrp,5021.0,6643.0,True,17
OM373201.1,3392.0,4921.0,annotated_rdrp,4905.0,6551.0,True,17
OM373200.1,3546.0,5075.0,annotated_rdrp,5059.0,6681.0,True,17
OM372682.1,3561.0,5090.0,annotated_rdrp,5074.0,6696.0,True,17
OM372676.1,3549.0,5078.0,annotated_rdrp,5062.0,6690.0,True,17
OM372672.1,3561.0,5090.0,annotated_rdrp,5074.0,6696.0,True,17
OM372595.1,3527.0,5056.0,annotated_rdrp,5040.0,6686.0,True,17
OM372490.1,3533.0,5062.0,annotated_rdrp,5046.0,6668.0,True,17
OM372489.1,3518.0,5047.0,annotated_rdrp,5031.0,6659.0,True,17
OM372488.1,3560.0,5089.0,annotated_rdrp,5073.0,6701.0,True,17
OM372487.1,3507.0,5036.0,annotated_rdrp,5020.0,6666.0,True,17
OM372486.1,3396.0,4925.0,annotated_rdrp,4909.0,6555.0,True,17
OM372485.1,3531.0,5060.0,annotated_rdrp,5044.0,6666.0,True,17
OM372484.1,3399.0,4928.0,annotated_rdrp,4912.0,6558.0,True,17
OM372483.1,3517.0,5046.0,annotated_rdrp,5030.0,6658.0,True,17
OM372482.1,3561.0,5090.0,annotated_rdrp,5074.0,6702.0,True,17
OM372481.1,3561.0,5090.0,annotated_rdrp,5074.0,6696.0,True,17
OM372480.1,3548.0,5077.0,annotated_rdrp,5061.0,6683.0,True,17
OM372479.1,3545.0,5074.0,annotated_rdrp,5058.0,6680.0,True,17
OM372478.1,3562.0,5091.0,annotated_rdrp,5075.0,6697.0,True,17
OM372477.1,3565.0,5094.0,annotated_rdrp,5078.0,6700.0,True,17
OM372476.1,3565.0,5094.0,annotated_rdrp,5078.0,6700.0,True,17
OM368933.1,3553.0,5082.0,annotated_rdrp,5066.0,6688.0,True,17
OL943802.1,3572.0,5101.0,annotated_rdrp,5085.0,6707.0,True,17
OL943801.1,3569.0,5098.0,annotated_rdrp,5082.0,6728.0,True,17
OL943800.1,3572.0,5101.0,annotated_rdrp,5085.0,6707.0,True,17
OL943799.1,3572.0,5101.0,annotated_rdrp,5085.0,6707.0,True,17
OL913977.1,3572.0,5101.0,annotated_rdrp,5085.0,6707.0,True,17
OL913976.1,3572.0,5101.0,annotated_rdrp,5085.0,6707.0,True,17
OL913975.1,3572.0,5101.0,annotated_rdrp,5085.0,6731.0,True,17
OL898516.1,3572.0,5101.0,annotated_rdrp,5085.0,6707.0,True,17
OL898515.1,3572.0,5101.0,annotated_rdrp,5085.0,6707.0,True,17
OL898514.1,3572.0,5101.0,annotated_rdrp,5085.0,6707.0,True,17
OL898513.1,3566.0,5095.0,annotated_rdrp,5079.0,6689.0,True,17
OL898512.1,3572.0,5101.0,annotated_rdrp,5085.0,6707.0,True,17
OL898511.1,3572.0,5101.0,annotated_rdrp,5085.0,6707.0,True,17
OL898510.1,3572.0,5101.0,annotated_rdrp,5085.0,6707.0,True,17
OL898509.1,3572.0,5101.0,annotated_rdrp,5085.0,6707.0,True,17
OL898508.1,3572.0,5101.0,annotated_rdrp,5085.0,6707.0,True,17
OL898507.1,3572.0,5101.0,annotated_rdrp,5085.0,6713.0,True,17
OL898506.1,3578.0,5107.0,annotated_rdrp,5091.0,6698.0,True,17
OL826943.1,3572.0,5101.0,annotated_rdrp,5085.0,6713.0,True,17
OL826942.1,3572.0,5101.0,annotated_rdrp,5085.0,6713.0,True,17
OL826941.1,3572.0,5101.0,annotated_rdrp,5085.0,6713.0,True,17
OL826940.1,3572.0,5101.0,annotated_rdrp,5085.0,6713.0,True,17
OL721917.1,3572.0,5101.0,annotated_rdrp,5085.0,6707.0,True,17
OL468714.1,3566.0,5095.0,annotated_rdrp,5079.0,6722.0,True,17
OL336389.1,3519.0,5048.0,annotated_rdrp,5032.0,6654.0,True,17
OL336388.1,3519.0,5048.0,annotated_rdrp,5032.0,6654.0,True,17
OL336387.1,3515.0,5044.0,annotated_rdrp,5028.0,6650.0,True,17
OL336386.1,3519.0,5048.0,annotated_rdrp,5032.0,6654.0,True,17
OL336385.1,3519.0,5048.0,annotated_rdrp,5032.0,6654.0,True,17
OL336384.1,3503.0,5032.0,annotated_rdrp,5016.0,6638.0,True,17
OL336383.1,3457.0,4986.0,annotated_rdrp,4970.0,6592.0,True,17
OL336382.1,3456.0,4985.0,annotated_rdrp,4969.0,6591.0,True,17
OL451533.1,3608.0,5137.0,annotated_rdrp,5121.0,6767.0,True,17
OK376264.1,3572.0,5101.0,annotated_rdrp,5085.0,6713.0,True,17
OK376263.1,3572.0,5101.0,annotated_rdrp,5085.0,6713.0,True,17
OK376262.1,3572.0,5101.0,annotated_rdrp,5085.0,6713.0,True,17
OK376261.1,3572.0,5101.0,annotated_rdrp,5085.0,6713.0,True,17
OK376260.1,3572.0,5101.0,annotated_rdrp,5085.0,6713.0,True,17
OK376259.1,3572.0,5101.0,annotated_rdrp,5085.0,6713.0,True,17
OK376258.1,3572.0,5101.0,annotated_rdrp,5085.0,6713.0,True,17
OK376257.1,3057.0,4586.0,annotated_rdrp,4570.0,6198.0,True,17
OK376256.1,3572.0,5101.0,annotated_rdrp,5085.0,6713.0,True,17
OK376255.1,3572.0,5101.0,annotated_rdrp,5085.0,6713.0,True,17
OK376254.1,3572.0,5101.0,annotated_rdrp,5085.0,6713.0,True,17
OK376253.1,3572.0,5101.0,annotated_rdrp,5085.0,6713.0,True,17
OK376252.1,3571.0,5100.0,annotated_rdrp,5084.0,6694.0,True,17
MW661284.1,3566.0,5095.0,annotated_rdrp,5079.0,6731.0,True,17
MW661281.1,3572.0,5101.0,annotated_rdrp,5085.0,6707.0,True,17
MW661278.1,3572.0,5101.0,annotated_rdrp,5085.0,6707.0,True,17
MW661275.1,3566.0,5095.0,annotated_rdrp,5079.0,6722.0,True,17
MW661274.1,3566.0,5095.0,annotated_rdrp,5079.0,6722.0,True,17
MW661273.1,3572.0,5101.0,annotated_rdrp,5085.0,6713.0,True,17
MW661272.1,3572.0,5101.0,annotated_rdrp,5085.0,6692.0,True,17
MW661266.1,3572.0,5101.0,annotated_rdrp,5085.0,6692.0,True,17
MW661253.1,3581.0,5110.0,annotated_rdrp,5094.0,6710.0,True,17
MW661246.1,3569.0,5098.0,annotated_rdrp,5082.0,6710.0,True,17
MW661283.1,3571.0,5100.0,annotated_rdrp,5084.0,6706.0,True,17
MW661282.1,3572.0,5101.0,annotated_rdrp,5085.0,6707.0,True,17
MW661280.1,3571.0,5100.0,annotated_rdrp,5084.0,6706.0,True,17
MW661279.1,3568.0,5097.0,annotated_rdrp,5081.0,6703.0,True,17
MW661277.1,3571.0,5100.0,annotated_rdrp,5084.0,6712.0,True,17
MW661276.1,3556.0,5085.0,annotated_rdrp,5069.0,6715.0,True,17
MW661271.1,3572.0,5101.0,annotated_rdrp,5085.0,6692.0,True,17
MW661270.1,3571.0,5100.0,annotated_rdrp,5084.0,6691.0,True,17
MW661269.1,3570.0,5099.0,annotated_rdrp,5083.0,6690.0,True,17
MW661268.1,3569.0,5098.0,annotated_rdrp,5082.0,6689.0,True,17
MW661267.1,3572.0,5101.0,annotated_rdrp,5085.0,6692.0,True,17
MW661265.1,3571.0,5100.0,annotated_rdrp,5084.0,6730.0,True,17
MW661264.1,3572.0,5101.0,annotated_rdrp,5085.0,6707.0,True,17
MW661263.1,3572.0,5101.0,annotated_rdrp,5085.0,6692.0,True,17
MW661262.1,3568.0,5097.0,annotated_rdrp,5081.0,6727.0,True,17
MW661261.1,3568.0,5097.0,annotated_rdrp,5081.0,6703.0,True,17
MW661260.1,3571.0,5100.0,annotated_rdrp,5084.0,6706.0,True,17
MW661259.1,3571.0,5100.0,annotated_rdrp,5084.0,6706.0,True,17
MW661258.1,3569.0,5098.0,annotated_rdrp,5082.0,6704.0,True,17
MW661257.1,3571.0,5100.0,annotated_rdrp,5084.0,6697.0,True,17
MW661256.1,3564.0,5093.0,annotated_rdrp,5077.0,6699.0,True,17
MW661255.1,3571.0,5100.0,annotated_rdrp,5084.0,6730.0,True,17
MW661254.1,3571.0,5100.0,annotated_rdrp,5084.0,6706.0,True,17
MW661252.1,3569.0,5098.0,annotated_rdrp,5082.0,6704.0,True,17
MW661251.1,3571.0,5100.0,annotated_rdrp,5084.0,6706.0,True,17
MW661250.1,3529.0,5058.0,annotated_rdrp,5042.0,6685.0,True,17
MW661249.1,3563.0,5092.0,annotated_rdrp,5076.0,6704.0,True,17
MW661248.1,3566.0,5095.0,annotated_rdrp,5079.0,6701.0,True,17
MW661247.1,3571.0,5100.0,annotated_rdrp,5084.0,6706.0,True,17
MT474052.1,3562.0,5091.0,annotated_rdrp,5075.0,6697.0,True,17
MT474051.1,3562.0,5091.0,annotated_rdrp,5075.0,6697.0,True,17
MT474050.1,3562.0,5091.0,annotated_rdrp,5075.0,6697.0,True,17
MT474049.1,3562.0,5091.0,annotated_rdrp,5075.0,6697.0,True,17
MT474048.1,3562.0,5091.0,annotated_rdrp,5075.0,6697.0,True,17
MT474047.1,3562.0,5091.0,annotated_rdrp,5075.0,6697.0,True,17
MT474044.1,3562.0,5091.0,annotated_rdrp,5075.0,6697.0,True,17
MT474043.1,3562.0,5091.0,annotated_rdrp,5075.0,6697.0,True,17
MT474042.1,3562.0,5091.0,annotated_rdrp,5075.0,6697.0,True,17
MT474041.1,3394.0,4923.0,annotated_rdrp,4907.0,6529.0,True,17
MT474040.1,3562.0,5091.0,annotated_rdrp,5075.0,6697.0,True,17
MT474038.1,3562.0,5091.0,annotated_rdrp,5075.0,6697.0,True,17
MT474034.1,3562.0,5091.0,annotated_rdrp,5075.0,6697.0,True,17
MT474033.1,3562.0,5091.0,annotated_rdrp,5075.0,6697.0,True,17
MT474032.1,3562.0,5091.0,annotated_rdrp,5075.0,6697.0,True,17
MT367328.1,3564.0,5093.0,annotated_rdrp,5077.0,6699.0,True,17
MT344182.1,3572.0,5101.0,annotated_rdrp,5085.0,6707.0,True,17
MT344181.1,3571.0,5100.0,annotated_rdrp,5084.0,6706.0,True,17
MT344180.1,3562.0,5091.0,annotated_rdrp,5075.0,6697.0,True,17
MT238672.1,3564.0,5093.0,annotated_rdrp,5077.0,6699.0,True,17
MT238671.1,3572.0,5101.0,annotated_rdrp,5085.0,6707.0,True,17
MT238670.1,3564.0,5093.0,annotated_rdrp,5077.0,6699.0,True,17
MT238669.1,3559.0,5088.0,annotated_rdrp,5072.0,6694.0,True,17
MT238668.1,3561.0,5090.0,annotated_rdrp,5074.0,6696.0,True,17
MT238667.1,3558.0,5087.0,annotated_rdrp,5071.0,6693.0,True,17
MT238666.1,3560.0,5089.0,annotated_rdrp,5073.0,6695.0,True,17
MT238665.1,3569.0,5098.0,annotated_rdrp,5082.0,6704.0,True,17
MT238664.1,3568.0,5097.0,annotated_rdrp,5081.0,6703.0,True,17
MT238663.1,3567.0,5096.0,annotated_rdrp,5080.0,6702.0,True,17
MN567957.1,3547.0,5064.0,annotated_rdrp,5051.0,6694.0,True,14
MK907801.1,3576.0,5105.0,annotated_rdrp,5089.0,6711.0,True,17
MK907800.1,3568.0,5097.0,annotated_rdrp,5081.0,6703.0,True,17
MK648242.1,3579.0,5108.0,annotated_rdrp,5092.0,6714.0,True,17
MK648241.1,3581.0,5110.0,annotated_rdrp,5094.0,6716.0,True,17
MK648240.1,3572.0,5101.0,annotated_rdrp,5085.0,6713.0,True,17
MK648239.1,3572.0,5101.0,annotated_rdrp,5085.0,6713.0,True,17
MK648238.1,3572.0,5101.0,annotated_rdrp,5085.0,6713.0,True,17
MK648237.1,3572.0,5101.0,annotated_rdrp,5085.0,6713.0,True,17
MN782359.1,3534.0,5063.0,annotated_rdrp,5047.0,6669.0,True,17
MN960578.1,3567.0,5096.0,annotated_rdrp,5080.0,6702.0,True,17
MT032004.1,3572.0,5101.0,annotated_rdrp,5085.0,6707.0,True,17
MT031821.1,3572.0,5101.0,annotated_rdrp,5085.0,6707.0,True,17
MT031761.1,3572.0,5101.0,annotated_rdrp,5085.0,6707.0,True,17
MT029316.1,3572.0,5101.0,annotated_rdrp,5085.0,6707.0,True,17
MT028542.1,3572.0,5101.0,annotated_rdrp,5085.0,6707.0,True,17
MT026582.1,3572.0,5101.0,annotated_rdrp,5085.0,6707.0,True,17
MK928499.1,3572.0,5101.0,annotated_rdrp,5085.0,6707.0,True,17
MK928498.1,3572.0,5101.0,annotated_rdrp,5085.0,6707.0,True,17
MK928497.1,3572.0,5101.0,annotated_rdrp,5085.0,6707.0,True,17
MK928496.1,3572.0,5101.0,annotated_rdrp,5085.0,6707.0,True,17
MN703761.1,3572.0,5101.0,annotated_rdrp,5085.0,6707.0,True,17
MN400355.2,3500.0,5104.0,polyprotein_fallback,5085.0,6707.0,True,20
MN897756.1,3572.0,5101.0,annotated_rdrp,5085.0,6707.0,True,17
MN897755.1,3572.0,5101.0,annotated_rdrp,5085.0,6707.0,True,17
MN897754.1,3572.0,5101.0,annotated_rdrp,5085.0,6707.0,True,17
MH638230.1,3581.0,5110.0,annotated_rdrp,5094.0,6716.0,True,17
MH608288.1,3581.0,5110.0,annotated_rdrp,5094.0,6716.0,True,17
MN416946.1,3406.0,4935.0,annotated_rdrp,4919.0,6562.0,True,17
MN416945.1,3003.0,4532.0,annotated_rdrp,4516.0,6162.0,True,17
MN416944.1,250.0,1779.0,annotated_rdrp,1763.0,3406.0,True,17
LC509011.1,1.0,4640.0,annotated_rdrp,,,False,0
MN853414.1,3581.0,5110.0,annotated_rdrp,5094.0,6716.0,True,17
MG786781.1,3500.0,5090.0,polyprotein_fallback,5071.0,6693.0,True,20
MG601447.1,3500.0,5104.0,polyprotein_fallback,,,False,0
MG601446.1,3500.0,5104.0,polyprotein_fallback,,,False,0
MH279825.1,3561.0,5090.0,annotated_rdrp,5074.0,6696.0,True,17
MH279823.1,3562.0,5091.0,annotated_rdrp,5075.0,6697.0,True,17
LC389583.1,3500.0,5251.0,polyprotein_fallback,5235.0,6971.0,True,17
MH321825.1,3572.0,5101.0,annotated_rdrp,5085.0,6713.0,True,17
LC349993.1,,,,1621.0,3243.0,False,0
LC349992.1,,,,1621.0,3243.0,False,0
LC349991.1,,,,1621.0,3243.0,False,0
LC349989.1,,,,1621.0,3243.0,False,0
LC349988.1,,,,1621.0,3243.0,False,0
LC349987.1,,,,1621.0,3243.0,False,0
LC349986.1,,,,1621.0,3243.0,False,0
MG571778.1,5.0,5098.0,annotated_rdrp,5079.0,6722.0,True,20
MH260510.1,3430.0,4959.0,annotated_rdrp,4943.0,6586.0,True,17
MH260509.1,3500.0,5028.0,polyprotein_fallback,5009.0,6637.0,True,20
MH260508.1,3500.0,5099.0,polyprotein_fallback,5080.0,6702.0,True,20
MH260506.1,3500.0,5099.0,polyprotein_fallback,5080.0,6702.0,True,20
MH260505.1,3453.0,4982.0,annotated_rdrp,4966.0,6588.0,True,17
MH260504.1,3572.0,5101.0,annotated_rdrp,5085.0,6707.0,True,17
MH260503.1,3343.0,4872.0,annotated_rdrp,4856.0,6478.0,True,17
MH260502.1,3572.0,5101.0,annotated_rdrp,5085.0,6707.0,True,17
MH260501.1,3500.0,5099.0,polyprotein_fallback,5080.0,6708.0,True,20
MH260500.1,3500.0,5099.0,polyprotein_fallback,5080.0,6708.0,True,20
MH260499.1,3572.0,5101.0,annotated_rdrp,5085.0,6707.0,True,17
MH260498.1,3572.0,5101.0,annotated_rdrp,5085.0,6707.0,True,17
MH260497.1,3572.0,5101.0,annotated_rdrp,5085.0,6707.0,True,17
MH260496.1,3545.0,5074.0,annotated_rdrp,5058.0,6680.0,True,17
MH260495.1,3568.0,5097.0,annotated_rdrp,5081.0,6703.0,True,17
MH260494.1,3536.0,5065.0,annotated_rdrp,5049.0,6695.0,True,17
MH260493.1,3500.0,5099.0,polyprotein_fallback,5080.0,6708.0,True,20
MH260492.1,3572.0,5101.0,annotated_rdrp,5085.0,6707.0,True,17
MH260491.1,3531.0,5060.0,annotated_rdrp,5044.0,6666.0,True,17
MH260490.1,3572.0,5101.0,annotated_rdrp,5085.0,6707.0,True,17
MH260489.1,3572.0,5101.0,annotated_rdrp,5085.0,6707.0,True,17
MH260488.1,3572.0,5101.0,annotated_rdrp,5085.0,6707.0,True,17
MH260486.1,3500.0,5022.0,polyprotein_fallback,5003.0,6625.0,True,20
MH260485.1,3572.0,5101.0,annotated_rdrp,5085.0,6707.0,True,17
MH260484.1,3572.0,5101.0,annotated_rdrp,5085.0,6707.0,True,17
MH260483.1,3572.0,5101.0,annotated_rdrp,5085.0,6707.0,True,17
MH260480.1,3572.0,5101.0,annotated_rdrp,5085.0,6707.0,True,17
MH260479.1,3572.0,5101.0,annotated_rdrp,5085.0,6707.0,True,17
LC258403.2,3500.0,5088.0,polyprotein_fallback,5069.0,6691.0,True,20
MH188080.1,,,,4673.0,6295.0,False,0
MH218738.1,3572.0,5101.0,annotated_rdrp,5085.0,6731.0,True,17
MH218737.1,3572.0,5101.0,annotated_rdrp,5085.0,6713.0,True,17
MH218736.1,3572.0,5101.0,annotated_rdrp,5085.0,6713.0,True,17
MH218735.1,3572.0,5101.0,annotated_rdrp,5085.0,6713.0,True,17
MH218734.1,3572.0,5101.0,annotated_rdrp,5085.0,6713.0,True,17
MH218733.1,3572.0,5101.0,annotated_rdrp,5085.0,6713.0,True,17
MH218732.1,3572.0,5101.0,annotated_rdrp,5085.0,6731.0,True,17
MH218731.1,3578.0,5107.0,annotated_rdrp,5091.0,6698.0,True,17
MH218719.1,3500.0,5098.0,polyprotein_fallback,5079.0,6722.0,True,20
MH218718.1,3572.0,5101.0,annotated_rdrp,5085.0,6707.0,True,17
MH218717.1,3572.0,5101.0,annotated_rdrp,5085.0,6731.0,True,17
MH218716.1,3572.0,5101.0,annotated_rdrp,5085.0,6707.0,True,17
MH218715.1,3572.0,5101.0,annotated_rdrp,5085.0,6707.0,True,17
MH218714.1,3572.0,5101.0,annotated_rdrp,5085.0,6707.0,True,17
MH218713.1,3572.0,5101.0,annotated_rdrp,5085.0,6707.0,True,17
MH218712.1,3572.0,5101.0,annotated_rdrp,5085.0,6731.0,True,17
MH218711.1,3572.0,5101.0,annotated_rdrp,5085.0,6707.0,True,17
MH218710.1,3572.0,5101.0,annotated_rdrp,5085.0,6707.0,True,17
MH218709.1,3572.0,5101.0,annotated_rdrp,5085.0,6707.0,True,17
MH218708.1,3572.0,5101.0,annotated_rdrp,5085.0,6707.0,True,17
MH218707.1,3572.0,5101.0,annotated_rdrp,5085.0,6707.0,True,17
MH218706.1,3572.0,5101.0,annotated_rdrp,5085.0,6707.0,True,17
MH218705.1,3572.0,5101.0,annotated_rdrp,5085.0,6707.0,True,17
MH218704.1,3572.0,5101.0,annotated_rdrp,5085.0,6707.0,True,17
MH218703.1,3572.0,5101.0,annotated_rdrp,5085.0,6707.0,True,17
MH218702.1,3572.0,5101.0,annotated_rdrp,5085.0,6707.0,True,17
MH218701.1,3572.0,5101.0,annotated_rdrp,5085.0,6707.0,True,17
MH218700.1,3572.0,5101.0,annotated_rdrp,5085.0,6707.0,True,17
MH218699.1,3572.0,5101.0,annotated_rdrp,5085.0,6707.0,True,17
MH218698.1,3572.0,5101.0,annotated_rdrp,5085.0,6707.0,True,17
MH218697.1,3572.0,5101.0,annotated_rdrp,5085.0,6713.0,True,17
MH218696.1,3572.0,5101.0,annotated_rdrp,5085.0,6731.0,True,17
MH218695.1,3572.0,5101.0,annotated_rdrp,5085.0,6707.0,True,17
MH218694.1,3572.0,5101.0,annotated_rdrp,5085.0,6707.0,True,17
MH218693.1,3572.0,5101.0,annotated_rdrp,5085.0,6731.0,True,17
MH218692.1,3500.0,5098.0,polyprotein_fallback,5079.0,6701.0,True,20
MH218691.1,3572.0,5101.0,annotated_rdrp,5085.0,6707.0,True,17
MH218690.1,3572.0,5101.0,annotated_rdrp,5085.0,6731.0,True,17
MH218689.1,3581.0,5110.0,annotated_rdrp,5094.0,6716.0,True,17
MH218688.1,3572.0,5101.0,annotated_rdrp,5085.0,6731.0,True,17
MH218687.1,3500.0,5098.0,polyprotein_fallback,5079.0,6722.0,True,20
MH218686.1,3572.0,5101.0,annotated_rdrp,5085.0,6731.0,True,17
MH218685.1,3572.0,5101.0,annotated_rdrp,5085.0,6707.0,True,17
MH218684.1,3572.0,5101.0,annotated_rdrp,5085.0,6707.0,True,17
MH218683.1,3572.0,5101.0,annotated_rdrp,5085.0,6731.0,True,17
MH218682.1,3572.0,5101.0,annotated_rdrp,5085.0,6731.0,True,17
MH218681.1,3572.0,5101.0,annotated_rdrp,5085.0,6731.0,True,17
MH218680.1,3572.0,5101.0,annotated_rdrp,5085.0,6731.0,True,17
MH218679.1,3572.0,5101.0,annotated_rdrp,5085.0,6731.0,True,17
MH218678.1,3572.0,5101.0,annotated_rdrp,5085.0,6731.0,True,17
MH218677.1,3572.0,5101.0,annotated_rdrp,5085.0,6731.0,True,17
MH218676.1,3572.0,5101.0,annotated_rdrp,5085.0,6731.0,True,17
MH218675.1,3572.0,5101.0,annotated_rdrp,5085.0,6731.0,True,17
MH218674.1,3572.0,5101.0,annotated_rdrp,5085.0,6707.0,True,17
MH218673.1,3500.0,5098.0,polyprotein_fallback,5079.0,6722.0,True,20
MH218672.1,3572.0,5101.0,annotated_rdrp,5085.0,6731.0,True,17
MH218671.1,3572.0,5101.0,annotated_rdrp,5085.0,6731.0,True,17
MH218670.1,3572.0,5101.0,annotated_rdrp,5085.0,6707.0,True,17
MH218669.1,3572.0,5101.0,annotated_rdrp,5085.0,6707.0,True,17
MH218668.1,3572.0,5101.0,annotated_rdrp,5085.0,6731.0,True,17
MH218667.1,3500.0,5098.0,polyprotein_fallback,5079.0,6722.0,True,20
MH218666.1,3500.0,5098.0,polyprotein_fallback,5079.0,6722.0,True,20
MH218665.1,3572.0,5101.0,annotated_rdrp,5085.0,6707.0,True,17
MH218663.1,3572.0,5101.0,annotated_rdrp,5085.0,6707.0,True,17
MH218662.1,3572.0,5101.0,annotated_rdrp,5085.0,6707.0,True,17
MH218661.1,3500.0,5098.0,polyprotein_fallback,5079.0,6701.0,True,20
MH218660.1,3572.0,5101.0,annotated_rdrp,5085.0,6731.0,True,17
MH218658.1,3500.0,5098.0,polyprotein_fallback,5079.0,6701.0,True,20
MH218657.1,3572.0,5101.0,annotated_rdrp,5085.0,6713.0,True,17
MH218655.1,3572.0,5101.0,annotated_rdrp,5085.0,6713.0,True,17
MH218654.1,3572.0,5101.0,annotated_rdrp,5085.0,6731.0,True,17
MH218653.1,3572.0,5101.0,annotated_rdrp,5085.0,6731.0,True,17
MH218652.1,3572.0,5101.0,annotated_rdrp,5085.0,6707.0,True,17
MH218651.1,3572.0,5101.0,annotated_rdrp,5085.0,6713.0,True,17
MH218650.1,3500.0,5098.0,polyprotein_fallback,5079.0,6722.0,True,20
MH218646.1,3572.0,5101.0,annotated_rdrp,5085.0,6731.0,True,17
MH218645.1,3500.0,5098.0,polyprotein_fallback,5079.0,6722.0,True,20
MH218644.1,3500.0,5098.0,polyprotein_fallback,5079.0,6722.0,True,20
MH218643.1,3500.0,5098.0,polyprotein_fallback,5079.0,6722.0,True,20
MH218642.1,3500.0,5098.0,polyprotein_fallback,5079.0,6722.0,True,20
MH218641.1,3500.0,5098.0,polyprotein_fallback,5079.0,6722.0,True,20
MH218640.1,3500.0,5098.0,polyprotein_fallback,5079.0,6722.0,True,20
MH218639.1,3500.0,5098.0,polyprotein_fallback,5079.0,6722.0,True,20
MH218638.1,3572.0,5101.0,annotated_rdrp,5085.0,6707.0,True,17
MH218637.1,3572.0,5101.0,annotated_rdrp,5085.0,6707.0,True,17
MH218636.1,3572.0,5101.0,annotated_rdrp,5085.0,6707.0,True,17
MH218635.1,3572.0,5101.0,annotated_rdrp,5085.0,6707.0,True,17
MH218634.1,3572.0,5101.0,annotated_rdrp,5085.0,6707.0,True,17
MH218633.1,3572.0,5101.0,annotated_rdrp,5085.0,6707.0,True,17
MH218632.1,3572.0,5101.0,annotated_rdrp,5085.0,6707.0,True,17
MH218631.1,3572.0,5101.0,annotated_rdrp,5085.0,6707.0,True,17
MH218630.1,3572.0,5101.0,annotated_rdrp,5085.0,6731.0,True,17
MH218629.1,3572.0,5101.0,annotated_rdrp,5085.0,6707.0,True,17
MH218628.1,3572.0,5101.0,annotated_rdrp,5085.0,6707.0,True,17
MH218627.1,3572.0,5101.0,annotated_rdrp,5085.0,6707.0,True,17
MH218626.1,3572.0,5101.0,annotated_rdrp,5085.0,6707.0,True,17
MH218625.1,3572.0,5101.0,annotated_rdrp,5085.0,6707.0,True,17
MH218624.1,3572.0,5101.0,annotated_rdrp,5085.0,6707.0,True,17
MH218623.1,3572.0,5101.0,annotated_rdrp,5085.0,6707.0,True,17
MH218622.1,3572.0,5101.0,annotated_rdrp,5085.0,6707.0,True,17
MH218621.1,3572.0,5101.0,annotated_rdrp,5085.0,6707.0,True,17
MH218620.1,3572.0,5101.0,annotated_rdrp,5085.0,6707.0,True,17
MH218619.1,3572.0,5101.0,annotated_rdrp,5085.0,6707.0,True,17
MH218618.1,3572.0,5101.0,annotated_rdrp,5085.0,6731.0,True,17
MH218617.1,3572.0,5101.0,annotated_rdrp,5085.0,6707.0,True,17
MH218616.1,3572.0,5101.0,annotated_rdrp,5085.0,6707.0,True,17
MH218615.1,3572.0,5101.0,annotated_rdrp,5085.0,6707.0,True,17
MH218614.1,3572.0,5101.0,annotated_rdrp,5085.0,6707.0,True,17
MH218613.1,3572.0,5101.0,annotated_rdrp,5085.0,6707.0,True,17
MH218612.1,3572.0,5101.0,annotated_rdrp,5085.0,6707.0,True,17
MH218611.1,3572.0,5101.0,annotated_rdrp,5085.0,6707.0,True,17
MH218610.1,3572.0,5101.0,annotated_rdrp,5085.0,6707.0,True,17
MH218609.1,3572.0,5101.0,annotated_rdrp,5085.0,6707.0,True,17
MH218608.1,3572.0,5101.0,annotated_rdrp,5085.0,6707.0,True,17
MH218607.1,3572.0,5101.0,annotated_rdrp,5085.0,6707.0,True,17
MH218606.1,3572.0,5101.0,annotated_rdrp,5085.0,6707.0,True,17
MH218605.1,3572.0,5101.0,annotated_rdrp,5085.0,6707.0,True,17
MH218604.1,3572.0,5101.0,annotated_rdrp,5085.0,6731.0,True,17
MH218603.1,3572.0,5101.0,annotated_rdrp,5085.0,6731.0,True,17
MH218602.1,3572.0,5101.0,annotated_rdrp,5085.0,6731.0,True,17
MH218601.1,3572.0,5101.0,annotated_rdrp,5085.0,6731.0,True,17
MH218600.1,3572.0,5101.0,annotated_rdrp,5085.0,6731.0,True,17
MH218599.1,3572.0,5101.0,annotated_rdrp,5085.0,6731.0,True,17
MH218598.1,3572.0,5101.0,annotated_rdrp,5085.0,6731.0,True,17
MH218597.1,3572.0,5101.0,annotated_rdrp,5085.0,6731.0,True,17
MH218596.1,3572.0,5101.0,annotated_rdrp,5085.0,6731.0,True,17
MH218595.1,3572.0,5101.0,annotated_rdrp,5085.0,6731.0,True,17
MH218594.1,3572.0,5101.0,annotated_rdrp,5085.0,6731.0,True,17
MH218593.1,3572.0,5101.0,annotated_rdrp,5085.0,6731.0,True,17
MH218592.1,3572.0,5101.0,annotated_rdrp,5085.0,6731.0,True,17
MH218591.1,3569.0,5098.0,annotated_rdrp,5082.0,6704.0,True,17
MH218590.1,3572.0,5101.0,annotated_rdrp,5085.0,6731.0,True,17
MH218589.1,3572.0,5101.0,annotated_rdrp,5085.0,6731.0,True,17
MH218588.1,3572.0,5101.0,annotated_rdrp,5085.0,6731.0,True,17
MH218587.1,3572.0,5101.0,annotated_rdrp,5085.0,6731.0,True,17
MH218586.1,3572.0,5101.0,annotated_rdrp,5085.0,6731.0,True,17
MH218585.1,3572.0,5101.0,annotated_rdrp,5085.0,6731.0,True,17
MH218584.1,3572.0,5101.0,annotated_rdrp,5085.0,6731.0,True,17
MH218583.1,3572.0,5101.0,annotated_rdrp,5085.0,6731.0,True,17
MH218582.1,3572.0,5101.0,annotated_rdrp,5085.0,6731.0,True,17
MH218581.1,3572.0,5101.0,annotated_rdrp,5085.0,6731.0,True,17
MH218580.1,3572.0,5101.0,annotated_rdrp,5085.0,6731.0,True,17
MH218579.1,3572.0,5101.0,annotated_rdrp,5085.0,6731.0,True,17
MH218578.1,3572.0,5101.0,annotated_rdrp,5085.0,6731.0,True,17
MH218577.1,3572.0,5101.0,annotated_rdrp,5085.0,6731.0,True,17
MH218576.1,3572.0,5101.0,annotated_rdrp,5085.0,6731.0,True,17
MH218575.1,3572.0,5101.0,annotated_rdrp,5085.0,6731.0,True,17
MH218574.1,3572.0,5101.0,annotated_rdrp,5085.0,6731.0,True,17
MH218573.1,3572.0,5101.0,annotated_rdrp,5085.0,6731.0,True,17
MH218572.1,3572.0,5101.0,annotated_rdrp,5085.0,6731.0,True,17
MH218571.1,3572.0,5101.0,annotated_rdrp,5085.0,6731.0,True,17
MH218570.1,3572.0,5101.0,annotated_rdrp,5085.0,6731.0,True,17
MH413070.1,3570.0,5099.0,annotated_rdrp,5083.0,6705.0,True,17
MH413069.1,3567.0,5096.0,annotated_rdrp,5080.0,6702.0,True,17
KY887601.1,,,,5080.0,6702.0,False,0
KY887600.1,,,,5080.0,6702.0,False,0
KY887599.1,,,,5064.0,6686.0,False,0
KY887598.1,,,,5064.0,6710.0,False,0
KY887597.1,,,,5079.0,6725.0,False,0
KX592172.1,1.0,822.0,annotated_rdrp,803.0,2425.0,True,20
KX592171.1,1.0,822.0,annotated_rdrp,803.0,2425.0,True,20
KX592170.1,1.0,822.0,annotated_rdrp,803.0,2425.0,True,20
KY421122.1,3500.0,5104.0,polyprotein_fallback,5085.0,6713.0,True,20
KY421121.1,3500.0,5104.0,polyprotein_fallback,5085.0,6713.0,True,20
KX586330.1,3500.0,5100.0,polyprotein_fallback,5081.0,6703.0,True,20
KY771081.1,3500.0,5104.0,polyprotein_fallback,5085.0,6713.0,True,20
KY947550.1,3500.0,5104.0,polyprotein_fallback,5085.0,6707.0,True,20
KY947549.1,3500.0,5103.0,polyprotein_fallback,5084.0,6706.0,True,20
KY947548.1,3500.0,5100.0,polyprotein_fallback,5081.0,6709.0,True,20
KY947547.1,3500.0,5103.0,polyprotein_fallback,5084.0,6706.0,True,20
KY947546.1,3500.0,5103.0,polyprotein_fallback,5084.0,6706.0,True,20
KY865307.1,3500.0,5102.0,polyprotein_fallback,5083.0,6711.0,True,20
KY865306.1,3500.0,5104.0,polyprotein_fallback,5085.0,6713.0,True,20
KY496327.1,3500.0,5104.0,polyprotein_fallback,5085.0,6707.0,True,20
LC133344.1,,,,5045.0,6667.0,False,0
AB684705.1,,,,,,False,0
AB684704.1,,,,,,False,0
AB684675.1,,,,,,False,0
KX752057.1,,,,5075.0,6727.0,False,0
KY392868.1,1.0,5000.0,annotated_rdrp,4981.0,6603.0,True,20
KY392867.1,1.0,5053.0,annotated_rdrp,5034.0,6656.0,True,20
KY341923.1,,,,779.0,2401.0,False,0
KU678205.1,,,,1715.0,3337.0,False,0
KU678204.1,,,,1715.0,3337.0,False,0
KU678203.1,,,,1706.0,3328.0,False,0
KU678201.1,,,,1715.0,3337.0,False,0
AB985442.1,3500.0,5081.0,polyprotein_fallback,5062.0,6681.0,True,20
AB985437.1,3500.0,5081.0,polyprotein_fallback,5062.0,6681.0,True,20
KX158285.1,,,,933.0,2555.0,False,0
KX158282.1,,,,784.0,2427.0,False,0
KX158281.1,,,,5067.0,6710.0,False,0
KX158280.1,,,,5073.0,6695.0,False,0
KX158279.1,,,,5075.0,6697.0,False,0
KP784698.1,3500.0,5104.0,polyprotein_fallback,5085.0,6707.0,True,20
KP784696.1,3500.0,5104.0,polyprotein_fallback,5085.0,6707.0,True,20
KP784695.1,3500.0,5104.0,polyprotein_fallback,5085.0,6707.0,True,20
KP784694.1,3500.0,5104.0,polyprotein_fallback,5085.0,6707.0,True,20
KP784693.1,3500.0,5104.0,polyprotein_fallback,5085.0,6707.0,True,20
KP784692.1,3500.0,5104.0,polyprotein_fallback,5085.0,6707.0,True,20
KP784691.1,3500.0,5104.0,polyprotein_fallback,5085.0,6707.0,True,20
LC175468.1,3500.0,5104.0,polyprotein_fallback,5085.0,6707.0,True,20
KX907727.1,3500.0,5105.0,polyprotein_fallback,5086.0,6708.0,True,20
KR154231.1,3500.0,5103.0,polyprotein_fallback,,,False,0
KR154230.1,3500.0,5103.0,polyprotein_fallback,,,False,0
KT253245.1,3500.0,5113.0,polyprotein_fallback,5094.0,6716.0,True,20
KJ407074.2,3500.0,5101.0,polyprotein_fallback,5082.0,6710.0,True,20
KJ407072.2,3500.0,5098.0,polyprotein_fallback,5079.0,6722.0,True,20
KJ407076.1,3500.0,5100.0,polyprotein_fallback,5081.0,6700.0,True,20
KJ407075.1,3500.0,5100.0,polyprotein_fallback,5081.0,6703.0,True,20
KJ407073.1,3500.0,5100.0,polyprotein_fallback,5081.0,6703.0,True,20
KT589391.1,3500.0,5097.0,polyprotein_fallback,5078.0,6700.0,True,20
AB933771.1,3500.0,5097.0,polyprotein_fallback,5081.0,6703.0,True,17
AB933770.1,3500.0,5100.0,polyprotein_fallback,5081.0,6703.0,True,20
AB933769.1,3500.0,5097.0,polyprotein_fallback,5081.0,6703.0,True,17
AB933768.1,3500.0,5100.0,polyprotein_fallback,5081.0,6703.0,True,20
AB933767.1,3500.0,5100.0,polyprotein_fallback,5081.0,6703.0,True,20
AB933766.1,3500.0,5097.0,polyprotein_fallback,5081.0,6703.0,True,17
AB933765.1,3500.0,5097.0,polyprotein_fallback,5081.0,6703.0,True,17
AB933764.1,3500.0,5100.0,polyprotein_fallback,5081.0,6703.0,True,20
AB933763.1,3500.0,5103.0,polyprotein_fallback,5084.0,6706.0,True,20
AB933762.1,3500.0,5100.0,polyprotein_fallback,5081.0,6703.0,True,20
AB933761.1,3500.0,5103.0,polyprotein_fallback,5084.0,6706.0,True,20
AB933760.1,3500.0,5100.0,polyprotein_fallback,5081.0,6703.0,True,20
AB933759.1,3500.0,5100.0,polyprotein_fallback,5081.0,6703.0,True,20
AB933758.1,3500.0,5100.0,polyprotein_fallback,5081.0,6703.0,True,20
AB933757.1,3500.0,5100.0,polyprotein_fallback,5081.0,6703.0,True,20
AB933756.1,3500.0,5100.0,polyprotein_fallback,5081.0,6703.0,True,20
AB933755.1,3500.0,5100.0,polyprotein_fallback,5081.0,6703.0,True,20
AB933754.1,3500.0,5100.0,polyprotein_fallback,5081.0,6703.0,True,20
AB933753.1,3500.0,5100.0,polyprotein_fallback,5081.0,6703.0,True,20
AB933752.1,3500.0,5100.0,polyprotein_fallback,5081.0,6703.0,True,20
AB933751.1,3500.0,5097.0,polyprotein_fallback,5081.0,6703.0,True,17
AB933750.1,3500.0,5100.0,polyprotein_fallback,5081.0,6703.0,True,20
AB933749.1,3500.0,5097.0,polyprotein_fallback,5081.0,6706.0,True,17
AB933748.1,3500.0,5100.0,polyprotein_fallback,5081.0,6703.0,True,20
AB933747.1,3500.0,5100.0,polyprotein_fallback,5081.0,6703.0,True,20
AB933746.1,3500.0,5100.0,polyprotein_fallback,5081.0,6703.0,True,20
AB933745.1,3500.0,5097.0,polyprotein_fallback,5081.0,6703.0,True,17
AB933744.1,3500.0,5100.0,polyprotein_fallback,5081.0,6703.0,True,20
AB933743.1,3500.0,5100.0,polyprotein_fallback,5081.0,6703.0,True,20
AB933742.1,3500.0,5100.0,polyprotein_fallback,5081.0,6703.0,True,20
AB933741.1,3500.0,5100.0,polyprotein_fallback,5081.0,6703.0,True,20
AB933740.1,3500.0,5100.0,polyprotein_fallback,5081.0,6703.0,True,20
AB933739.1,3500.0,5100.0,polyprotein_fallback,5081.0,6703.0,True,20
AB933738.1,3500.0,5097.0,polyprotein_fallback,5081.0,6703.0,True,17
AB933737.1,3500.0,5100.0,polyprotein_fallback,5081.0,6703.0,True,20
AB933736.1,3500.0,5100.0,polyprotein_fallback,5081.0,6703.0,True,20
AB933735.1,3500.0,5100.0,polyprotein_fallback,5081.0,6703.0,True,20
AB933734.1,3500.0,5100.0,polyprotein_fallback,5081.0,6703.0,True,20
AB933733.1,3500.0,5100.0,polyprotein_fallback,5081.0,6703.0,True,20
AB933732.1,3500.0,5100.0,polyprotein_fallback,5081.0,6703.0,True,20
AB933731.1,3500.0,5097.0,polyprotein_fallback,5078.0,6703.0,True,20
AB933730.1,3500.0,5100.0,polyprotein_fallback,5081.0,6703.0,True,20
AB933729.1,3500.0,5100.0,polyprotein_fallback,5081.0,6703.0,True,20
AB933728.1,3500.0,5097.0,polyprotein_fallback,5081.0,6700.0,True,17
AB933727.1,3500.0,5097.0,polyprotein_fallback,5081.0,6703.0,True,17
AB933726.1,3500.0,5097.0,polyprotein_fallback,5081.0,6703.0,True,17
AB933725.1,3500.0,5097.0,polyprotein_fallback,5081.0,6703.0,True,17
AB933724.1,3500.0,5100.0,polyprotein_fallback,5081.0,6703.0,True,20
AB933723.1,3500.0,5097.0,polyprotein_fallback,5081.0,6703.0,True,17
AB933722.1,3500.0,5097.0,polyprotein_fallback,5081.0,6703.0,True,17
AB933721.1,3500.0,5097.0,polyprotein_fallback,5081.0,6703.0,True,17
AB933720.1,3500.0,5097.0,polyprotein_fallback,5081.0,6703.0,True,17
AB933719.1,3500.0,5097.0,polyprotein_fallback,5081.0,6703.0,True,17
AB933718.1,3500.0,5100.0,polyprotein_fallback,5081.0,6703.0,True,20
AB933717.1,3500.0,5097.0,polyprotein_fallback,5081.0,6703.0,True,17
AB933716.1,3500.0,5100.0,polyprotein_fallback,5081.0,6703.0,True,20
AB933715.1,3500.0,5100.0,polyprotein_fallback,5081.0,6703.0,True,20
AB933714.1,3500.0,5100.0,polyprotein_fallback,5081.0,6703.0,True,20
AB933713.1,3500.0,5100.0,polyprotein_fallback,5081.0,6703.0,True,20
AB933712.1,3500.0,5100.0,polyprotein_fallback,5081.0,6703.0,True,20
AB933711.1,3500.0,5100.0,polyprotein_fallback,5081.0,6703.0,True,20
AB933710.1,3500.0,5097.0,polyprotein_fallback,5081.0,6703.0,True,17
AB933709.1,3500.0,5100.0,polyprotein_fallback,5081.0,6703.0,True,20
AB933708.1,3500.0,5100.0,polyprotein_fallback,5081.0,6703.0,True,20
AB933707.1,3500.0,5100.0,polyprotein_fallback,5081.0,6703.0,True,20
AB933706.1,3500.0,5097.0,polyprotein_fallback,5081.0,6703.0,True,17
AB933705.1,3500.0,5100.0,polyprotein_fallback,5081.0,6703.0,True,20
AB933704.1,3500.0,5100.0,polyprotein_fallback,5081.0,6703.0,True,20
AB933703.1,3500.0,5097.0,polyprotein_fallback,5081.0,6703.0,True,17
AB933702.1,3500.0,5097.0,polyprotein_fallback,5081.0,6703.0,True,17
AB933701.1,3500.0,5097.0,polyprotein_fallback,5081.0,6703.0,True,17
AB933700.1,3500.0,5100.0,polyprotein_fallback,5081.0,6703.0,True,20
AB933699.1,3500.0,5097.0,polyprotein_fallback,5081.0,6703.0,True,17
AB933698.1,3500.0,5097.0,polyprotein_fallback,5081.0,6703.0,True,17
AB933697.1,3500.0,5097.0,polyprotein_fallback,5081.0,6703.0,True,17
AB933696.1,3500.0,5097.0,polyprotein_fallback,5081.0,6703.0,True,17
AB933695.1,3500.0,5097.0,polyprotein_fallback,5081.0,6703.0,True,17
AB933694.1,3500.0,5100.0,polyprotein_fallback,5081.0,6703.0,True,20
AB933693.1,3500.0,5097.0,polyprotein_fallback,5081.0,6703.0,True,17
AB933692.1,3500.0,5100.0,polyprotein_fallback,5081.0,6703.0,True,20
AB933691.1,3500.0,5097.0,polyprotein_fallback,5081.0,6703.0,True,17
AB933690.1,3500.0,5100.0,polyprotein_fallback,5081.0,6703.0,True,20
AB933689.1,3500.0,5100.0,polyprotein_fallback,5081.0,6703.0,True,20
AB933688.1,3500.0,5100.0,polyprotein_fallback,5081.0,6703.0,True,20
AB933687.1,3500.0,5100.0,polyprotein_fallback,5081.0,6703.0,True,20
AB933686.1,3500.0,5100.0,polyprotein_fallback,5081.0,6703.0,True,20
AB933685.1,3500.0,5097.0,polyprotein_fallback,5081.0,6703.0,True,17
AB933684.1,3500.0,5100.0,polyprotein_fallback,5081.0,6703.0,True,20
AB933683.1,3500.0,5100.0,polyprotein_fallback,5081.0,6703.0,True,20
AB933682.1,3500.0,5097.0,polyprotein_fallback,5081.0,6703.0,True,17
AB933681.1,3500.0,5097.0,polyprotein_fallback,5081.0,6703.0,True,17
AB933680.1,3500.0,5097.0,polyprotein_fallback,5081.0,6703.0,True,17
AB933679.1,3500.0,5097.0,polyprotein_fallback,5081.0,6703.0,True,17
AB933678.1,3500.0,5097.0,polyprotein_fallback,5081.0,6703.0,True,17
AB933677.1,3500.0,5097.0,polyprotein_fallback,5081.0,6703.0,True,17
AB933676.1,3500.0,5094.0,polyprotein_fallback,5078.0,6700.0,True,17
AB933675.1,3500.0,5100.0,polyprotein_fallback,5081.0,6703.0,True,20
AB933674.1,3500.0,5100.0,polyprotein_fallback,5081.0,6703.0,True,20
AB933673.1,3500.0,5100.0,polyprotein_fallback,5081.0,6703.0,True,20
AB933672.1,3500.0,5097.0,polyprotein_fallback,5081.0,6703.0,True,17
AB933671.1,3500.0,5100.0,polyprotein_fallback,5081.0,6703.0,True,20
AB933670.1,3500.0,5097.0,polyprotein_fallback,5081.0,6703.0,True,17
AB933669.1,3500.0,5100.0,polyprotein_fallback,5081.0,6703.0,True,20
AB933668.1,3500.0,5100.0,polyprotein_fallback,5081.0,6703.0,True,20
AB933667.1,3500.0,5100.0,polyprotein_fallback,5081.0,6703.0,True,20
AB933666.1,3500.0,5100.0,polyprotein_fallback,5081.0,6703.0,True,20
AB933665.1,3500.0,5097.0,polyprotein_fallback,5081.0,6703.0,True,17
AB933664.1,3500.0,5100.0,polyprotein_fallback,5081.0,6703.0,True,20
AB933663.1,3500.0,5100.0,polyprotein_fallback,5081.0,6703.0,True,20
AB933662.1,3500.0,5100.0,polyprotein_fallback,5081.0,6703.0,True,20
AB933661.1,3500.0,5100.0,polyprotein_fallback,5081.0,6703.0,True,20
AB933660.1,3500.0,5100.0,polyprotein_fallback,5081.0,6703.0,True,20
AB933659.1,3500.0,5097.0,polyprotein_fallback,5081.0,6703.0,True,17
AB933658.1,3500.0,5097.0,polyprotein_fallback,5081.0,6703.0,True,17
AB933657.1,3500.0,5100.0,polyprotein_fallback,5081.0,6703.0,True,20
AB933656.1,3500.0,5097.0,polyprotein_fallback,5081.0,6703.0,True,17
AB933655.1,3500.0,5100.0,polyprotein_fallback,5081.0,6703.0,True,20
AB933654.1,3500.0,5100.0,polyprotein_fallback,5081.0,6703.0,True,20
AB933653.1,3500.0,5100.0,polyprotein_fallback,5081.0,6703.0,True,20
AB933652.1,3500.0,5100.0,polyprotein_fallback,5081.0,6703.0,True,20
AB933651.1,3500.0,5100.0,polyprotein_fallback,5081.0,6703.0,True,20
AB933650.1,3500.0,5100.0,polyprotein_fallback,5081.0,6703.0,True,20
AB933649.1,3500.0,5100.0,polyprotein_fallback,5081.0,6703.0,True,20
AB933648.1,3500.0,5100.0,polyprotein_fallback,5081.0,6703.0,True,20
AB933647.1,3500.0,5097.0,polyprotein_fallback,5081.0,6703.0,True,17
AB933646.1,3500.0,5100.0,polyprotein_fallback,5081.0,6703.0,True,20
AB933645.1,3500.0,5100.0,polyprotein_fallback,5081.0,6703.0,True,20
AB933644.1,3500.0,5097.0,polyprotein_fallback,5081.0,6703.0,True,17
KT346356.1,1.0,822.0,annotated_rdrp,803.0,2425.0,True,20
KM386681.1,,,,1658.0,3274.0,False,0
KM386680.1,,,,1637.0,3253.0,False,0
KM267743.1,,,,1651.0,3300.0,False,0
KM267742.1,,,,1610.0,3253.0,False,0
KM267740.1,,,,1652.0,3295.0,False,0
LC066046.2,3500.0,5094.0,polyprotein_fallback,5075.0,6697.0,True,20
KM258131.1,,,,5085.0,6707.0,False,0
KM258130.1,,,,5085.0,6707.0,False,0
KM258129.1,,,,5085.0,6707.0,False,0
KM258128.1,,,,5085.0,6707.0,False,0
KM245075.1,,,,5069.0,6691.0,False,0
KM245074.1,,,,1691.0,3313.0,False,0
KM245073.1,,,,1691.0,3313.0,False,0
KM245072.1,,,,1691.0,3313.0,False,0
KM245071.1,,,,1691.0,3313.0,False,0
KM245070.1,,,,1691.0,3313.0,False,0
KM245069.1,,,,1691.0,3313.0,False,0
KM036380.1,,,,5075.0,6697.0,False,0
KM036379.1,,,,4820.0,6436.0,False,0
KM036378.1,,,,1706.0,3322.0,False,0
KM036374.1,,,,1472.0,3115.0,False,0
KJ955493.1,,,,5085.0,6707.0,False,0
KJ955492.1,,,,5085.0,6707.0,False,0
LN854572.1,3500.0,5104.0,polyprotein_fallback,5085.0,6707.0,True,20
LN854571.1,3500.0,5104.0,polyprotein_fallback,5085.0,6707.0,True,20
LN854570.1,3500.0,5110.0,polyprotein_fallback,5091.0,6698.0,True,20
LN854569.1,3500.0,5104.0,polyprotein_fallback,5085.0,6731.0,True,20
LN854568.1,3500.0,5098.0,polyprotein_fallback,5079.0,6722.0,True,20
LN854567.1,3500.0,5104.0,polyprotein_fallback,5085.0,6707.0,True,20
LN854566.1,3500.0,5104.0,polyprotein_fallback,5085.0,6707.0,True,20
LN854565.1,3500.0,5102.0,polyprotein_fallback,5083.0,6705.0,True,20
KC175369.1,3500.0,5102.0,polyprotein_fallback,5083.0,6705.0,True,20
KC175368.1,3500.0,5102.0,polyprotein_fallback,5083.0,6705.0,True,20
KC175367.1,3500.0,5102.0,polyprotein_fallback,5083.0,6705.0,True,20
KC175366.1,3500.0,5102.0,polyprotein_fallback,5083.0,6705.0,True,20
KC175365.1,3500.0,5102.0,polyprotein_fallback,5083.0,6705.0,True,20
KC175364.1,3500.0,5102.0,polyprotein_fallback,5083.0,6705.0,True,20
KC175363.1,3500.0,5102.0,polyprotein_fallback,5083.0,6705.0,True,20
KC175362.1,3500.0,5102.0,polyprotein_fallback,5083.0,6705.0,True,20
KC175361.1,3500.0,5102.0,polyprotein_fallback,5083.0,6705.0,True,20
KC175360.1,3500.0,5102.0,polyprotein_fallback,5083.0,6705.0,True,20
KC175359.1,3500.0,5102.0,polyprotein_fallback,5083.0,6705.0,True,20
KC175358.1,3500.0,5102.0,polyprotein_fallback,5083.0,6705.0,True,20
KC175357.1,3500.0,5102.0,polyprotein_fallback,5083.0,6705.0,True,20
KC175356.1,3500.0,5102.0,polyprotein_fallback,5083.0,6705.0,True,20
KC175355.1,3500.0,5102.0,polyprotein_fallback,5083.0,6705.0,True,20
KC175354.1,3500.0,5102.0,polyprotein_fallback,5083.0,6705.0,True,20
KC175353.1,3500.0,5102.0,polyprotein_fallback,5083.0,6705.0,True,20
KC175352.1,3500.0,5102.0,polyprotein_fallback,5083.0,6705.0,True,20
KC175351.1,3500.0,5102.0,polyprotein_fallback,5083.0,6705.0,True,20
KC175350.1,3500.0,5102.0,polyprotein_fallback,5083.0,6705.0,True,20
KC175349.1,3500.0,5102.0,polyprotein_fallback,5083.0,6705.0,True,20
KC175348.1,3500.0,5102.0,polyprotein_fallback,5083.0,6705.0,True,20
KC175347.1,3500.0,5102.0,polyprotein_fallback,5083.0,6705.0,True,20
KC175346.1,3500.0,5102.0,polyprotein_fallback,5083.0,6705.0,True,20
KC175345.1,3500.0,5102.0,polyprotein_fallback,5083.0,6705.0,True,20
KC175344.1,3500.0,5102.0,polyprotein_fallback,5083.0,6705.0,True,20
KC175343.1,3500.0,5102.0,polyprotein_fallback,5083.0,6705.0,True,20
KC175342.1,3500.0,5102.0,polyprotein_fallback,5083.0,6705.0,True,20
JQ911598.1,3500.0,5102.0,polyprotein_fallback,5083.0,6705.0,True,20
JQ911597.1,3500.0,5101.0,polyprotein_fallback,5082.0,6704.0,True,20
JQ911596.1,3500.0,5102.0,polyprotein_fallback,5083.0,6705.0,True,20
JQ911595.1,3500.0,5102.0,polyprotein_fallback,5083.0,6705.0,True,20
KC013592.1,3500.0,5104.0,polyprotein_fallback,5085.0,6704.0,True,20
KC175323.1,,,,5085.0,6707.0,False,0
KC409302.1,3500.0,5104.0,polyprotein_fallback,5085.0,6707.0,True,20
KC409301.1,3500.0,5104.0,polyprotein_fallback,5085.0,6707.0,True,20
GU017903.2,3500.0,5098.0,polyprotein_fallback,,,False,0
JX289821.1,3500.0,5104.0,polyprotein_fallback,5085.0,6704.0,True,20
JX445169.1,,,,5065.0,6687.0,False,0
JX445168.1,,,,5065.0,6687.0,False,0
JX445167.1,,,,5065.0,6687.0,False,0
JX445166.1,,,,5054.0,6676.0,False,0
JX445165.1,,,,5065.0,6687.0,False,0
JX445164.1,,,,5065.0,6687.0,False,0
JX445163.1,,,,5049.0,6671.0,False,0
JX445162.1,,,,5050.0,6672.0,False,0
JX445161.1,,,,5044.0,6666.0,False,0
JX445160.1,,,,5050.0,6672.0,False,0
JX445159.1,,,,5049.0,6671.0,False,0
JX445158.1,,,,5065.0,6687.0,False,0
JX445157.1,,,,5065.0,6687.0,False,0
JX445156.1,,,,5065.0,6687.0,False,0
JX445155.1,,,,5049.0,6671.0,False,0
JX445154.1,,,,5044.0,6666.0,False,0
JX445153.1,,,,5044.0,6666.0,False,0
JX445152.1,,,,5065.0,6687.0,False,0
JX023286.1,3500.0,5104.0,polyprotein_fallback,5085.0,6704.0,True,20
DQ456824.1,3500.0,5104.0,polyprotein_fallback,,,False,0
JQ798158.1,,,,5085.0,6707.0,False,0
JX126912.1,,,,5085.0,6707.0,False,0
HM635156.2,,,,791.0,2413.0,False,0
HM635155.2,,,,791.0,2413.0,False,0
HM635103.2,,,,1565.0,3187.0,False,0
HM635101.2,,,,1565.0,3187.0,False,0
HM635100.2,,,,1565.0,3187.0,False,0
HM635099.2,,,,791.0,2413.0,False,0
AY823305.2,8.0,5083.0,annotated_rdrp,,,False,0
JQ320073.1,1.0,787.0,annotated_rdrp,,,False,0
JQ320072.1,1.0,787.0,annotated_rdrp,,,False,0
HQ392821.1,3500.0,5087.0,polyprotein_fallback,5071.0,6714.0,True,17
JN899245.1,1.0,831.0,annotated_rdrp,812.0,2431.0,True,20
GQ850882.1,,,,786.0,2408.0,False,0
EU424333.1,3500.0,5101.0,polyprotein_fallback,,,False,0
DQ379715.1,,,,,,False,0
DQ379714.1,,,,,,False,0
DQ379713.1,,,,,,False,0
GU991355.1,3500.0,5101.0,polyprotein_fallback,5082.0,6728.0,True,20
GU991353.1,3500.0,5102.0,polyprotein_fallback,5083.0,6705.0,True,20
JN797508.1,1.0,909.0,annotated_rdrp,890.0,2497.0,True,20
GQ845369.3,,,,5085.0,6707.0,False,0
GQ845368.2,,,,5085.0,6707.0,False,0
GQ845366.2,,,,5085.0,6707.0,False,0
GQ845024.2,,,,5085.0,6707.0,False,0
EF684915.2,,,,5085.0,6707.0,False,0
EF187497.2,,,,5085.0,6707.0,False,0
JN595867.1,,,,5085.0,6707.0,False,0
HM802555.1,1.0,1533.0,annotated_rdrp,1514.0,3136.0,True,20
HM802553.1,1.0,1533.0,annotated_rdrp,1514.0,3136.0,True,20
HM802552.1,1.0,1533.0,annotated_rdrp,1514.0,3136.0,True,20
HM802550.1,1.0,1533.0,annotated_rdrp,1514.0,3136.0,True,20
HM802549.1,1.0,1533.0,annotated_rdrp,1514.0,3136.0,True,20
HM802548.1,1.0,1533.0,annotated_rdrp,1514.0,3136.0,True,20
HM802547.1,1.0,1533.0,annotated_rdrp,1514.0,3136.0,True,20
HM802546.1,1.0,1533.0,annotated_rdrp,1514.0,3136.0,True,20
HM802545.1,1.0,1533.0,annotated_rdrp,1514.0,3136.0,True,20
HM802544.1,1.0,1533.0,annotated_rdrp,1514.0,3136.0,True,20
HM802543.1,1.0,1533.0,annotated_rdrp,1514.0,3136.0,True,20
HM802542.1,1.0,1533.0,annotated_rdrp,1514.0,3136.0,True,20
HM802541.1,1.0,1533.0,annotated_rdrp,1514.0,3136.0,True,20
HM802540.1,1.0,1533.0,annotated_rdrp,1514.0,3136.0,True,20
HM802539.1,1.0,1533.0,annotated_rdrp,1514.0,3136.0,True,20
HM802538.1,1.0,1533.0,annotated_rdrp,1514.0,3136.0,True,20
HM802537.1,1.0,1533.0,annotated_rdrp,1514.0,3136.0,True,20
HM802536.1,1.0,1533.0,annotated_rdrp,1514.0,3136.0,True,20
HM802535.1,1.0,1533.0,annotated_rdrp,1514.0,3136.0,True,20
HM802534.1,1.0,1533.0,annotated_rdrp,1514.0,3136.0,True,20
HM802533.1,1.0,1533.0,annotated_rdrp,1514.0,3136.0,True,20
HM802532.1,1.0,1533.0,annotated_rdrp,1514.0,3136.0,True,20
HM802531.1,1.0,1533.0,annotated_rdrp,1514.0,3136.0,True,20
HM802530.1,1.0,1533.0,annotated_rdrp,1514.0,3136.0,True,20
HM802529.1,1.0,1533.0,annotated_rdrp,1514.0,3136.0,True,20
HM802528.1,1.0,1533.0,annotated_rdrp,1514.0,3136.0,True,20
HM802527.1,1.0,1533.0,annotated_rdrp,1514.0,3136.0,True,20
HM802526.1,1.0,1533.0,annotated_rdrp,1514.0,3136.0,True,20
HM802525.1,1.0,1533.0,annotated_rdrp,1514.0,3136.0,True,20
MN308015.1,3571.0,5100.0,annotated_rdrp,5084.0,6706.0,True,17
PQ196535.1,1.0,262.0,annotated_rdrp,246.0,1868.0,True,17
KU561255.1,3500.0,5113.0,polyprotein_fallback,5094.0,6716.0,True,20
PV750889.1,3572.0,5101.0,annotated_rdrp,5085.0,6701.0,True,17
OM386843.1,3541.0,5070.0,annotated_rdrp,5054.0,6676.0,True,17
KY887602.1,,,,5064.0,6686.0,False,0
KC175370.1,3500.0,5102.0,polyprotein_fallback,5083.0,6705.0,True,20
MW305671.1,3531.0,5060.0,annotated_rdrp,5044.0,6654.0,True,17
OQ451909.1,2881.0,4410.0,annotated_rdrp,4394.0,6016.0,True,17
GQ845370.2,,,,5091.0,6698.0,False,0
