accession,not_gii,duplicated,ambiguous,missing_required_region
AB005259.1,True,False,False,True
AB005260.1,True,False,False,True
AB005261.1,True,False,False,True
AB089860.1,True,False,False,True
AB089861.1,True,False,False,True
AB089862.1,True,False,False,True
AB089863.1,True,False,False,True
AB089864.1,True,False,False,True
AB089865.1,True,False,False,True
AB089866.1,True,False,False,True
AB089867.1,True,False,False,True
AB089868.1,True,False,False,True
AB089869.1,True,False,False,True
AB089870.1,True,False,False,True
AB089871.2,True,False,False,True
AB089872.1,True,False,False,True
AB089873.1,True,False,False,True
AB089874.1,True,False,False,True
AB089875.1,True,False,False,True
AB089876.1,True,False,False,True
AB089877.1,True,False,False,True
AB089878.1,True,False,False,True
AB089879.1,True,False,False,True
AB089880.1,True,False,False,True
AB089881.1,True,False,False,True
AB089882.2,True,False,False,False
AB089883.1,True,False,False,True
AB089884.1,True,False,False,True
AB089885.1,True,False,False,True
AB089886.1,True,False,False,True
AB089887.1,True,False,False,True
AB089888.1,True,False,False,True
AB089889.1,True,False,False,True
AB089890.1,True,False,False,True
AB089891.1,True,False,False,True
AB089892.1,True,False,False,True
AB089893.1,True,False,False,True
AB089894.1,True,False,False,True
AB089895.1,True,False,False,True
AB089896.1,True,False,False,True
AB089897.1,True,False,False,True
AB089898.1,True,False,False,True
AB089899.1,True,False,False,True
AB089900.1,True,False,False,True
AB089901.1,True,False,False,True
AB089902.1,True,False,False,True
AB089903.1,True,False,False,True
AB190457.1,True,False,False,True
AB212306.1,True,False,False,True
AB231336.1,True,False,False,True
AB231337.1,True,False,False,True
AB231338.1,True,False,False,True
AB231339.1,True,False,False,True
AB231340.1,True,False,False,True
AB231341.1,True,False,False,True
AB231342.1,True,False,False,True
AB231343.1,True,False,False,True
AB231344.1,True,False,False,True
AB231345.1,True,False,False,True
AB231346.1,True,False,False,True
AB231347.1,True,False,False,True
AB231348.1,True,False,False,True
AB231349.1,True,False,False,True
AB231350.1,True,False,False,True
AB231351.1,True,False,False,True
AB231352.1,True,False,False,True
AB231353.1,True,False,False,True
AB231354.1,True,False,False,True
AB231355.1,True,False,False,True
AB231356.1,True,False,False,True
AB231357.1,True,False,False,True
AB231358.1,True,False,False,True
AB231359.1,True,False,False,True
AB231360.1,True,False,False,True
AB231361.1,True,False,False,True
AB231362.1,True,False,False,True
AB231363.1,True,False,False,True
AB231364.1,True,False,False,True
AB231365.1,True,False,False,True
AB240171.1,True,False,False,True
AB240172.1,True,False,False,True
AB240173.1,True,False,False,True
AB240174.1,True,False,False,True
AB240175.1,True,False,False,True
AB240176.1,True,False,False,True
AB240177.1,True,False,False,True
AB240178.1,True,False,False,True
AB240179.1,True,False,False,True
AB240180.1,True,False,False,True
AB240181.1,True,False,False,True
AB240182.1,True,False,False,True
AB240183.1,True,False,False,True
AB240184.1,True,False,False,True
AB240185.1,True,False,False,True
AB240186.1,True,False,False,True
AB240187.1,True,False,False,True
AB240188.1,True,False,False,True
AB240189.1,True,False,False,True
AB240190.1,True,False,False,True
AB258331.1,True,False,False,False
AB262166.1,True,False,False,True
AB262167.1,True,False,False,True
AB262168.1,True,False,False,True
AB262169.1,True,False,False,True
AB262170.1,True,False,False,True
AB262171.1,True,False,False,True
AB262172.1,True,False,False,True
AB262173.1,True,False,False,True
AB262174.1,True,False,False,True
AB354289.1,True,False,False,True
AB354290.1,True,False,False,True
AB354291.1,True,False,False,True
AB354292.1,True,False,False,True
AB354293.1,True,False,False,True
AB354294.1,True,False,False,True
AB354295.1,True,False,False,True
AB354296.1,True,False,False,True
AB354297.1,True,False,False,True
AB354298.1,True,False,False,True
AB354299.1,True,False,False,True
AB354300.1,True,False,False,True
AB360387.1,True,False,False,False
AB427191.1,True,False,False,True
AB427192.1,True,False,False,True
AB427193.1,True,False,False,True
AB427194.1,True,False,False,True
AB427195.1,True,False,False,True
AB427196.1,True,False,False,True
AB427197.1,True,False,False,True
AB427198.1,True,False,False,True
AB427199.1,True,False,False,True
AB427200.1,True,False,False,True
AB427201.1,True,False,False,True
AB427202.1,True,False,False,True
AB457612.1,True,False,False,True
AB465737.1,True,False,False,True
AB507724.1,True,False,False,True
AB507725.1,True,False,False,True
AB507726.1,True,False,False,True
AB507727.1,True,False,False,True
AB507728.1,True,False,False,True
AB507729.1,True,False,False,True
AB507730.1,True,False,False,True
AB507731.1,True,False,False,True
AB507732.1,True,False,False,True
AB507733.1,True,False,False,True
AB507734.1,True,False,False,True
AB507735.1,True,False,False,True
AB507736.1,True,False,False,True
AB507737.1,True,False,False,True
AB507738.1,True,False,False,True
AB507739.1,True,False,False,True
AB507740.1,True,False,False,True
AB507741.1,True,False,False,True
AB507742.1,True,False,False,True
AB514586.1,True,False,False,True
AB514587.1,True,False,False,True
AB514588.1,True,False,False,True
AB514589.1,True,False,False,True
AB514590.1,True,False,False,True
AB514591.1,True,False,False,True
AB514592.1,True,False,False,True
AB514593.1,True,False,False,True
AB514594.1,True,False,False,True
AB514595.1,True,False,False,True
AB514596.1,True,False,False,True
AB514597.1,True,False,False,True
AB514598.1,True,False,False,True
AB514599.1,True,False,False,True
AB514600.1,True,False,False,True
AB522407.1,True,False,False,True
AB522408.1,True,False,False,True
AB522409.1,True,False,False,True
AB522410.1,True,False,False,True
AB522411.1,True,False,False,True
AB522412.1,True,False,False,True
AB522413.1,True,False,False,True
AB522414.1,True,False,False,True
AB522415.1,True,False,False,True
AB522416.1,True,False,False,True
AB522419.1,True,False,False,True
AB522420.1,True,False,False,True
AB522421.1,True,False,False,True
AB522422.1,True,False,False,True
AB522423.1,True,False,False,True
AB525802.1,True,False,False,True
AB525803.1,True,False,False,True
AB525804.1,True,False,False,True
AB525805.1,True,False,False,True
AB525806.1,True,False,False,True
AB525807.1,True,False,False,True
AB525808.1,True,False,False,True
AB525809.1,True,False,False,True
AB525810.1,True,False,False,True
AB525811.1,True,False,False,True
AB525812.1,True,False,False,True
AB525813.1,True,False,False,True
AB525814.1,True,False,False,True
AB525815.1,True,False,False,True
AB535749.1,True,False,False,True
AB535750.1,True,False,False,True
AB539140.1,True,False,False,True
AB539141.1,True,False,False,True
AB539142.1,True,False,False,True
AB539143.1,True,False,False,True
AB539144.1,True,False,False,True
AB539145.1,True,False,False,True
AB539146.1,True,False,False,True
AB539147.1,True,False,False,True
AB539148.1,True,False,False,True
AB539149.1,True,False,False,True
AB539150.1,True,False,False,True
AB539151.1,True,False,False,True
AB539152.1,True,False,False,True
AB539153.1,True,False,False,True
AB539154.1,True,False,False,True
AB539155.1,True,False,False,True
AB539156.1,True,False,False,True
AB539157.1,True,False,False,True
AB539158.1,True,False,False,True
AB539159.1,True,False,False,True
AB539160.1,True,False,False,True
AB539161.1,True,False,False,True
AB539162.1,True,False,False,True
AB539163.1,True,False,False,True
AB542915.1,True,False,False,False
AB542916.1,True,False,False,False
AB542917.1,True,False,False,False
AB542918.1,True,False,False,False
AB555587.1,True,False,False,False
AB555588.1,True,False,False,False
AB555589.1,True,False,False,False
AB555590.1,True,False,False,False
AB555591.1,True,False,False,False
AB555592.1,True,False,False,False
AB555593.1,True,False,False,False
AB555594.1,True,False,False,False
AB591831.1,True,False,False,False
AB592958.1,True,False,False,False
AB592959.1,True,False,False,False
AB592960.1,True,False,False,False
AB592961.1,True,False,False,False
AB592962.1,True,False,False,False
AB592963.1,True,False,False,False
AB592964.1,True,False,False,False
AB592965.1,True,False,False,False
AB592966.1,True,False,False,False
AB592967.1,True,False,False,False
AB592968.1,True,False,False,False
AB621909.1,True,False,False,True
AB629941.1,True,False,False,False
AB629942.1,True,False,False,False
AB629943.1,True,False,False,False
AB629944.1,True,False,False,False
AB629945.1,True,False,False,False
AB629946.1,True,False,False,False
AB634460.1,True,False,False,True
AB634461.1,True,False,False,True
AB634462.1,True,False,False,True
AB634463.1,True,False,False,True
AB634464.1,True,False,False,True
AB634465.1,True,False,False,True
AB634466.1,True,False,False,True
AB634467.1,True,False,False,True
AB634468.1,True,False,False,True
AB634469.1,True,False,False,True
AB634470.1,True,False,False,True
AB634471.1,True,False,False,True
AB634472.1,True,False,False,True
AB634473.1,True,False,False,True
AB634474.1,True,False,False,True
AB634475.1,True,False,False,True
AB634476.1,True,False,False,True
AB634477.1,True,False,False,True
AB634478.1,True,False,False,True
AB634479.1,True,False,False,True
AB634480.1,True,False,False,True
AB634481.1,True,False,False,True
AB634482.1,True,False,False,True
AB634483.1,True,False,False,True
AB634484.1,True,False,False,True
AB634485.1,True,False,False,True
AB634486.1,True,False,False,True
AB634487.1,True,False,False,True
AB634488.1,True,False,False,True
AB634489.1,True,False,False,True
AB634490.1,True,False,False,True
AB634491.1,True,False,False,True
AB634492.1,True,False,False,True
AB634493.1,True,False,False,True
AB634861.1,True,False,False,True
AB634862.1,True,False,False,True
AB634863.1,True,False,False,True
AB634864.1,True,False,False,True
AB634865.1,True,False,False,True
AB634866.1,True,False,False,True
AB634867.1,True,False,False,True
AB634868.1,True,False,False,True
AB634869.1,True,False,False,True
AB634870.1,True,False,False,True
AB634871.1,True,False,False,True
AB634872.1,True,False,False,True
AB634873.1,True,False,False,True
AB634874.1,True,False,False,True
AB634875.1,True,False,False,True
AB634876.1,True,False,False,True
AB634877.1,True,False,False,True
AB634878.1,True,False,False,True
AB634879.1,True,False,False,True
AB634880.1,True,False,False,True
AB634881.1,True,False,False,True
AB634882.1,True,False,False,True
AB634883.1,True,False,False,True
AB634884.1,True,False,False,True
AB634885.1,True,False,False,True
AB634886.1,True,False,False,True
AB634887.1,True,False,False,True
AB634888.1,True,False,False,True
AB634889.1,True,False,False,True
AB634890.1,True,False,False,True
AB634891.1,True,False,False,True
AB634892.1,True,False,False,True
AB634893.1,True,False,False,True
AB634894.1,True,False,False,True
AB634895.1,True,False,False,True
AB634896.1,True,False,False,True
AB634897.1,True,False,False,True
AB634898.1,True,False,False,True
AB634899.1,True,False,False,True
AB634900.1,True,False,False,True
AB634901.1,True,False,False,True
AB634902.1,True,False,False,True
AB634903.1,True,False,False,True
AB634904.1,True,False,False,True
AB634905.1,True,False,False,True
AB634906.1,True,False,False,True
AB634907.1,True,False,False,True
AB634908.1,True,False,False,True
AB634909.1,True,False,False,True
AB634910.1,True,False,False,True
AB634911.1,True,False,False,True
AB634912.1,True,False,False,True
AB634913.1,True,False,False,True
AB634914.1,True,False,False,True
AB634915.1,True,False,False,True
AB634916.1,True,False,False,True
AB634917.1,True,False,False,True
AB634918.1,True,False,False,True
AB663684.1,True,False,False,True
AB663685.1,True,False,False,True
AB663686.1,True,False,False,True
AB663687.1,True,False,False,True
AB665364.1,True,False,False,False
AB684658.1,True,False,False,True
AB684659.1,True,False,False,True
AB684660.2,True,False,False,False
AB684661.1,True,False,False,True
AB684662.1,True,False,False,True
AB684663.1,True,False,False,True
AB684664.1,True,False,False,True
AB684665.1,True,False,False,True
AB684666.1,True,False,False,True
AB684667.1,True,False,False,True
AB684668.1,True,False,False,True
AB684669.1,True,False,False,True
AB684670.1,True,False,False,True
AB684671.2,True,False,False,False
AB684672.1,True,False,False,True
AB684673.1,True,False,False,True
AB684674.1,True,False,False,True
AB684675.1,True,False,False,True
AB684676.1,True,False,False,True
AB684677.1,True,False,False,True
AB684678.1,True,False,False,True
AB684679.1,True,False,False,True
AB684680.1,True,False,False,True
AB684681.2,True,False,False,True
AB684682.1,True,False,False,True
AB684683.1,True,False,False,True
AB684684.1,True,False,False,True
AB684685.1,True,False,False,True
AB684686.1,True,False,False,True
AB684687.1,True,False,False,True
AB684688.1,True,False,False,True
AB684689.1,True,False,False,True
AB684690.1,True,False,False,True
AB684691.1,True,False,False,True
AB684692.1,True,False,False,True
AB684693.1,True,False,False,True
AB684694.1,True,False,False,True
AB684695.1,True,False,False,True
AB684696.2,True,False,False,True
AB684697.2,True,False,False,False
AB684698.1,True,False,False,True
AB684699.1,True,False,False,True
AB684700.1,True,False,False,True
AB684701.1,True,False,False,True
AB684702.1,True,False,False,True
AB684703.1,True,False,False,True
AB684704.1,True,False,False,True
AB684705.1,True,False,False,True
AB684706.1,True,False,False,True
AB684707.1,True,False,False,True
AB684708.1,True,False,False,True
AB684709.1,True,False,False,True
AB684710.1,True,False,False,True
AB684711.1,True,False,False,True
AB684712.1,True,False,False,True
AB684713.1,True,False,False,True
AB684714.1,True,False,False,True
AB684715.1,True,False,False,True
AB684716.1,True,False,False,True
AB684717.1,True,False,False,True
AB684718.1,True,False,False,True
AB684719.1,True,False,False,True
AB684720.1,True,False,False,True
AB684721.2,True,False,False,False
AB684722.2,True,False,False,False
AB684723.1,True,False,False,True
AB684724.2,True,False,False,False
AB684725.2,True,False,False,False
AB684726.1,True,False,False,True
AB684727.1,True,False,False,True
AB684728.2,True,False,False,True
AB684729.1,True,False,False,True
AB685738.1,True,False,False,True
AB685739.1,True,False,False,True
AB685740.1,True,False,False,True
AB685741.1,True,False,False,True
AB685742.2,True,False,False,True
AB751625.1,True,False,False,True
AB751626.1,True,False,False,True
AB751627.1,True,False,False,True
AB751628.1,True,False,False,True
AB751629.1,True,False,False,True
AB751630.1,True,False,False,True
AB751631.1,True,False,False,True
AB751632.1,True,False,False,True
AB751633.1,True,False,False,True
AB751634.1,True,False,False,True
AB751635.1,True,False,False,True
AB751636.1,True,False,False,True
AB751637.1,True,False,False,True
AB751638.1,True,False,False,True
AB751639.1,True,False,False,True
AB751640.1,True,False,False,True
AB751641.1,True,False,False,True
AB751642.1,True,False,False,True
AB751643.1,True,False,False,True
AB751644.1,True,False,False,True
AB751645.1,True,False,False,True
AB751646.1,True,False,False,True
AB751647.1,True,False,False,True
AB751648.1,True,False,False,True
AB751649.1,True,False,False,True
AB751650.1,True,False,False,True
AB751651.1,True,False,False,True
AB751652.1,True,False,False,True
AB751653.1,True,False,False,True
AB751654.1,True,False,False,True
AB751655.1,True,False,False,True
AB751656.1,True,False,False,True
AB751657.1,True,False,False,True
AB751658.1,True,False,False,True
AB751659.1,True,False,False,True
AB751660.1,True,False,False,True
AB751661.1,True,False,False,True
AB757776.1,True,False,False,True
AB757777.1,True,False,False,True
AB757778.1,True,False,False,True
AB757779.1,True,False,False,True
AB757780.1,True,False,False,True
AB757781.1,True,False,False,True
AB757782.1,True,False,False,True
AB757783.1,True,False,False,True
AB757784.1,True,False,False,True
AB757785.1,True,False,False,True
AB757786.1,True,False,False,True
AB757787.1,True,False,False,True
AB757788.1,True,False,False,True
AB757789.1,True,False,False,True
AB757790.1,True,False,False,True
AB757791.1,True,False,False,True
AB757792.1,True,False,False,True
AB757793.1,True,False,False,True
AB758449.1,True,False,False,False
AB758450.1,True,False,False,False
AB758451.1,True,False,False,False
AB769843.1,True,False,False,True
AB769844.1,True,False,False,True
AB769845.1,True,False,False,True
AB769846.1,True,False,False,True
AB769847.1,True,False,False,True
AB769848.1,True,False,False,True
AB769849.1,True,False,False,True
AB769850.1,True,False,False,True
AB769851.1,True,False,False,True
AB769852.1,True,False,False,True
AB769853.1,True,False,False,True
AB769854.1,True,False,False,True
AB769855.1,True,False,False,True
AB769856.1,True,False,False,True
AB769857.1,True,False,False,True
AB769858.1,True,False,False,True
AB769859.1,True,False,False,True
AB769860.1,True,False,False,True
AB769861.1,True,False,False,True
AB769862.1,True,False,False,True
AB769863.1,True,False,False,True
AB819901.1,True,False,False,True
AB840770.1,True,False,False,True
AB855775.1,True,False,False,True
AB859017.1,True,False,False,False
AB859018.1,True,False,False,False
AB859019.1,True,False,False,False
AB859020.1,True,False,False,False
AB901029.1,True,False,False,True
AB901030.1,True,False,False,True
AB901031.1,True,False,False,True
AB901032.1,True,False,False,True
AB901033.1,True,False,False,True
AB901244.1,False,False,False,True
AB901245.1,False,False,False,True
AB901246.1,False,False,False,True
AB901247.1,False,False,False,True
AB901248.1,False,False,False,True
AB901249.1,False,False,False,True
AB901250.1,False,False,False,True
AB901251.1,False,False,False,True
AB901252.1,False,False,False,True
AB901253.1,False,False,False,True
AB901254.1,False,False,False,True
AB901255.1,False,False,False,True
AB901256.1,False,False,False,True
AB901257.1,False,False,False,True
AB901258.1,False,False,False,True
AB901259.1,False,False,False,True
AB901260.1,False,False,False,True
AB901261.1,False,False,False,True
AB901262.1,False,False,False,True
AB901263.1,False,False,False,True
AB901264.1,False,False,False,True
AB901265.1,False,False,False,True
AB901266.1,False,False,False,True
AB901267.1,False,False,False,True
AB901268.1,False,False,False,True
AB901269.1,False,False,False,True
AB901270.1,False,False,False,True
AB901271.1,False,False,False,True
AB901272.1,False,False,False,True
AB901273.1,False,False,False,True
AB901274.1,False,False,False,True
AB901275.1,False,False,False,True
AB901276.1,False,False,False,True
AB919085.1,True,False,False,True
AB919086.1,True,False,False,True
AB919087.1,True,False,False,True
AB919088.1,True,False,False,True
AB919089.1,True,False,False,True
AB919128.1,True,False,False,True
AB924666.1,True,False,False,True
AB924667.1,True,False,False,True
AB924668.1,True,False,False,True
AB924669.1,True,False,False,True
AB924670.1,True,False,False,True
AB924671.1,True,False,False,True
AB924672.1,True,False,False,True
AB924673.1,True,False,False,True
AB924674.1,True,False,False,True
AB924675.1,True,False,False,True
AB924676.1,True,False,False,True
AB924677.1,True,False,False,True
AB972506.1,True,False,False,False
AB972507.1,True,False,False,False
AB972508.1,True,False,False,False
AB972509.1,True,False,False,False
AB972510.1,True,False,False,False
AB972511.1,True,False,False,False
AB972512.1,True,False,False,False
AB972513.1,True,False,False,False
AB972514.1,True,False,False,False
AB972515.1,True,False,False,False
AB972516.1,True,False,False,False
AB972517.1,True,False,False,False
AB972518.1,True,False,False,False
AB972519.1,True,False,False,False
AB972520.1,True,False,False,False
AB972521.1,True,False,False,False
AB972522.1,True,False,False,False
AB972523.1,True,False,False,False
AB972524.1,True,False,False,False
AB972525.1,True,False,False,False
AB972526.1,True,False,False,False
AB972527.1,True,False,False,False
AB972528.1,True,False,False,False
AB972529.1,True,False,False,False
AB972530.1,True,False,False,False
AB972531.1,True,False,False,False
AB972532.1,True,False,False,False
AB972533.1,True,False,False,False
AB974408.1,True,False,False,True
AB985403.1,True,False,False,False
AB985404.1,True,False,False,False
AB985405.1,True,False,False,False
AB985406.1,True,False,False,False
AB985407.1,True,False,False,False
AB985408.1,True,False,False,False
AB985409.1,True,False,False,False
AB985410.1,True,False,False,False
AB985411.1,True,False,False,False
AB985412.1,True,False,False,False
AB985413.1,True,False,False,False
AB985414.1,True,False,False,False
AB985415.1,True,False,False,False
AB985416.1,True,False,False,False
AB985417.1,True,False,False,False
AB985419.1,True,False,False,False
AB985420.1,True,False,False,False
AB985421.1,True,False,False,False
AB985422.1,True,False,False,False
AB985423.1,True,False,False,False
AB985424.1,True,False,False,False
AB985425.1,True,False,False,False
AB985426.1,True,False,False,False
AB985427.1,True,False,False,False
AB985428.1,True,False,False,False
AB985429.1,True,False,False,False
AB985430.1,True,False,False,False
AB985431.1,True,False,False,False
AB985432.1,True,False,False,False
AB985433.1,True,False,False,False
AB985434.1,True,False,False,False
AB985435.1,True,False,False,False
AB985436.1,True,False,False,False
AB985437.1,True,False,False,False
AB985438.1,True,False,False,False
AB985439.1,True,False,False,False
AB985440.1,True,False,False,False
AB985441.1,True,False,False,False
AB985442.1,True,False,False,False
AB985443.1,True,False,False,False
AB985444.1,True,False,False,False
AB985445.1,True,False,False,False
AB985446.1,True,False,False,False
AB985447.1,True,False,False,False
AB985448.1,True,False,False,False
AB985449.1,True,False,False,False
AB985450.1,True,False,False,False
AB985451.1,True,False,False,False
AB985452.1,True,False,False,False
AB985453.1,True,False,False,False
AB985454.1,True,False,False,False
AB985455.1,True,False,False,False
AB985456.1,True,False,False,False
AB985457.1,True,False,False,False
AB985458.1,True,False,False,False
AB985459.1,True,False,False,False
AB985460.1,True,False,False,False
AB985461.1,True,False,False,False
AB985462.1,True,False,False,False
AB985463.1,True,False,False,False
AB985464.1,True,False,False,False
AB985465.1,True,False,False,False
AB985466.1,True,False,False,False
AB985467.1,True,False,False,False
AB985468.1,True,False,False,False
AB985469.1,True,False,False,False
AB985470.1,True,False,False,False
AB985471.1,True,False,False,False
AB985472.1,True,False,False,False
AB985473.1,True,False,False,False
AB985474.1,True,False,False,False
AB985475.1,True,False,False,False
AB985476.1,True,False,False,False
AB985477.1,True,False,False,False
AB985478.1,True,False,False,False
AB985479.1,True,False,False,False
AB985480.1,True,False,False,False
AB985481.1,True,False,False,False
AB985482.1,True,False,False,False
AB985483.1,True,False,False,False
AB985484.1,True,False,False,False
AB985485.1,True,False,False,False
AB985486.1,True,False,False,False
AB985487.1,True,False,False,False
AB985488.1,True,False,False,False
AB985489.1,True,False,False,False
AB985490.1,True,False,False,False
AF148865.1,True,False,False,True
AF148866.1,True,False,False,True
AF148867.1,True,False,False,True
AF148868.1,True,False,False,True
AF148869.1,True,False,False,True
AF148870.1,True,False,False,True
AF148871.1,True,False,False,True
AF148872.1,True,False,False,True
AF148873.1,True,False,False,True
AF148874.1,True,False,False,True
AF151531.1,True,False,False,True
AF153365.1,True,False,False,True
AF190817.1,True,False,False,True
AF190818.1,True,False,False,True
AF216528.1,True,False,False,True
AF216529.1,True,False,False,True
AF218038.1,True,False,False,True
AF268459.1,True,False,False,True
AF268460.1,True,False,False,True
AF408850.1,False,False,False,True
AF408851.1,False,False,False,True
AF408852.1,False,False,False,True
AF408853.1,False,False,False,True
AF408854.1,False,False,False,True
AF408855.1,False,False,False,True
AF408856.1,False,False,False,True
AF408857.1,False,False,False,True
AH014839.2,True,False,True,True
AH014853.2,True,False,True,True
AH014854.2,True,False,True,True
AJ865474.1,True,False,False,True
AJ865475.1,True,False,False,True
AJ865476.1,True,False,False,True
AJ865477.1,True,False,False,True
AJ865478.1,True,False,False,True
AJ865479.1,True,False,False,True
AJ865480.1,True,False,False,True
AJ865481.1,True,False,False,True
AJ865482.1,True,False,False,True
AJ865483.1,True,False,False,True
AJ865484.1,True,False,False,True
AJ865485.1,True,False,False,True
AJ865486.1,True,False,False,True
AJ865487.1,True,False,False,True
AJ865488.1,True,False,False,True
AJ865489.1,True,False,False,True
AJ865490.1,True,False,False,True
AJ865491.1,True,False,False,True
AJ865492.1,True,False,False,True
AJ865493.1,True,False,False,True
AJ865494.1,True,False,False,True
AJ865495.1,True,False,False,True
AJ865496.1,True,False,False,True
AJ865497.1,True,False,False,True
AJ865498.1,True,False,False,True
AJ865499.1,True,False,False,True
AJ865500.1,True,False,False,True
AJ865501.1,True,False,False,True
AJ865502.1,True,False,False,True
AJ865503.1,True,False,False,True
AJ865504.1,True,False,False,True
AJ865505.1,True,False,False,True
AJ865506.1,True,False,False,True
AJ865507.1,True,False,False,True
AJ865508.1,True,False,False,True
AJ865509.1,True,False,False,True
AJ865510.1,True,False,False,True
AJ865511.1,True,False,False,True
AJ865512.1,True,False,False,True
AJ865513.1,True,False,False,True
AJ865514.1,True,False,False,True
AJ865515.1,True,False,False,True
AJ865516.1,True,False,False,True
AJ865517.1,True,False,False,True
AJ865518.1,True,False,False,True
AJ865519.1,True,False,False,True
AJ865520.1,True,False,False,True
AJ865521.1,True,False,False,True
AJ865522.1,True,False,False,True
AJ865523.1,True,False,False,True
AJ865524.1,True,False,False,True
AJ865525.1,True,False,False,True
AJ865526.1,True,False,False,True
AJ865527.1,True,False,False,True
AJ865528.1,True,False,False,True
AJ865529.1,True,False,False,True
AJ865530.1,True,False,False,True
AJ865531.1,True,False,False,True
AJ865532.1,True,False,False,True
AJ865533.1,True,False,False,True
AJ865534.1,True,False,False,True
AJ865535.1,True,False,False,True
AJ865536.1,True,False,False,True
AJ865537.1,True,False,False,True
AJ865538.1,True,False,False,True
AJ865539.1,True,False,False,True
AJ865540.1,True,False,False,True
AJ865541.1,True,False,False,True
AJ865542.1,True,False,False,True
AJ865543.1,True,False,False,True
AJ865544.1,True,False,False,True
AJ865545.1,True,False,False,True
AJ865546.1,True,False,False,True
AJ865547.1,True,False,False,True
AJ865548.1,True,False,False,True
AJ865549.1,True,False,False,True
AJ865550.1,True,False,False,True
AJ865551.1,True,False,False,True
AJ865552.1,True,False,False,True
AJ865553.1,True,False,False,True
AJ865554.1,True,False,False,True
AJ865555.1,True,False,False,True
AJ865556.1,True,False,False,True
AJ865557.1,True,False,False,True
AJ865558.1,True,False,False,True
AJ865559.1,True,False,False,True
AJ865560.1,True,False,False,True
AJ865561.1,True,False,False,True
AJ865562.1,True,False,False,True
AJ865563.1,True,False,False,True
AJ865564.1,True,False,False,True
AJ865565.1,True,False,False,True
AJ865566.1,True,False,False,True
AJ865567.1,True,False,False,True
AJ865568.1,True,False,False,True
AJ865569.1,True,False,False,True
AJ865570.1,True,False,False,True
AJ865571.1,True,False,False,True
AJ865572.1,True,False,False,True
AJ865573.1,True,False,False,True
AJ865574.1,True,False,False,True
AJ865575.1,True,False,False,True
AJ865576.1,True,False,False,True
AJ865577.1,True,False,False,True
AJ865578.1,True,False,False,True
AJ865579.1,True,False,False,True
AJ865580.1,True,False,False,True
AJ865581.1,True,False,False,True
AJ865582.1,True,False,False,True
AJ865583.1,True,False,False,True
AJ865584.1,True,False,False,True
AJ865585.1,True,False,False,True
AJ865586.1,True,False,False,True
AJ865587.1,True,False,False,True
AJ865588.1,True,False,False,True
AM237438.1,True,False,False,True
AM397872.1,True,False,False,True
AM397873.1,True,False,False,True
AM397874.1,True,False,False,True
AM397875.1,True,False,False,True
AM397876.1,True,False,False,True
AM397877.1,True,False,False,True
AM397878.1,True,False,False,True
AM397879.1,True,False,False,True
AM397880.1,True,False,False,True
AM397881.1,True,False,False,True
AM397882.1,True,False,False,True
AM397883.1,True,False,False,True
AM397884.1,True,False,False,True
AM397885.1,True,False,False,True
AM397886.1,True,False,False,True
AM397887.1,True,False,False,True
AM397888.1,True,False,False,True
AM397889.1,True,False,False,True
AM397890.1,True,False,False,True
AM397891.1,True,False,False,True
AM397892.1,True,False,False,True
AM397893.1,True,False,False,True
AM397894.1,True,False,False,True
AM397895.1,True,False,False,True
AM397896.1,True,False,False,True
AM397897.1,True,False,False,True
AM397898.1,True,False,False,True
AM397899.1,True,False,False,True
AM397900.1,True,False,False,True
AM712389.1,True,False,False,False
AM712390.1,True,False,False,False
AM712391.1,True,False,False,False
AM712392.1,True,False,False,False
AM712393.1,True,False,False,False
AM712394.1,True,False,False,False
AM712395.1,True,False,False,False
AM712396.1,True,False,False,False
AM712397.1,True,False,False,False
AM712398.1,True,False,False,False
AM712399.1,True,False,False,False
AM712400.1,True,False,False,False
AM712401.1,True,False,False,False
AM712402.1,True,False,False,False
AM712403.1,True,False,False,False
AM712404.1,True,False,False,False
AM712405.1,True,False,False,False
AM712406.1,True,False,False,False
AM712407.1,True,False,False,False
AM712408.1,True,False,False,False
AM712409.1,True,False,False,False
AM712410.1,True,False,False,False
AM712411.1,True,False,False,False
AM712412.1,True,False,False,False
AM712413.1,True,False,False,False
AM712414.1,True,False,False,False
AM712415.1,True,False,False,False
AM712416.1,True,False,False,False
AM712417.1,True,False,False,False
AM712418.1,True,False,False,False
AM712419.1,True,False,False,False
AM712420.1,True,False,False,False
AM712421.1,True,False,False,False
AM712422.1,True,False,False,False
AM712423.1,True,False,False,False
AM712424.1,True,False,False,False
AM712425.1,True,False,False,False
AM712426.1,True,False,False,False
AM712427.1,True,False,False,False
AM712428.1,True,False,False,False
AM712429.1,True,False,False,False
AM712430.1,True,False,False,False
AM712431.1,True,False,False,False
AM712432.1,True,False,False,False
AM712433.1,True,False,False,False
AM712434.1,True,False,False,False
AM904701.1,True,False,False,False
AM904702.1,True,False,False,False
AM904703.1,True,False,False,False
AM904704.1,True,False,False,False
AM904705.1,True,False,False,False
AM904706.1,True,False,False,False
AM904707.1,True,False,False,False
AM904708.1,True,False,False,False
AM904709.1,True,False,False,False
AM904710.2,True,False,False,False
AM904711.1,True,False,False,False
AM904712.1,True,False,False,False
AM904713.1,True,False,False,False
AM904714.1,True,False,False,False
AM904715.1,True,False,False,False
AM904716.1,True,False,False,False
AM904717.1,True,False,False,False
AM904723.1,True,False,False,False
AM904724.1,True,False,False,False
AM904725.1,True,False,False,False
AM905276.1,True,False,False,False
AM905277.1,True,False,False,False
AM905278.1,True,False,False,False
AM905279.1,True,False,False,False
AM905280.1,True,False,False,False
AM905281.1,True,False,False,False
AM905282.1,True,False,False,False
AM905283.1,True,False,False,False
AM905284.1,True,False,False,False
AM905285.1,True,False,False,False
AM905286.1,True,False,False,False
AM905287.1,True,False,False,False
AM905288.1,True,False,False,False
AM905289.1,True,False,False,False
AM905290.1,True,False,False,False
AM905357.1,True,False,False,False
AM905358.1,True,False,False,False
AM905359.1,True,False,False,False
AM905360.1,True,False,False,False
AM905361.1,True,False,False,False
AM905362.1,True,False,False,False
AM905363.1,True,False,False,False
AM905364.1,True,False,False,False
AM905365.1,True,False,False,False
AM905366.1,True,False,False,False
AM905367.1,True,False,False,False
AM905368.1,True,False,False,False
AM905369.1,True,False,False,False
AM905370.1,True,False,False,False
AM905371.1,True,False,False,False
AY502005.1,False,False,False,True
AY502006.1,False,False,False,True
AY502007.1,True,False,False,True
AY502008.1,True,False,False,True
AY502009.1,False,False,False,True
AY502010.1,False,False,False,True
AY502011.1,False,False,False,True
AY502012.1,False,False,False,True
AY502013.1,False,False,False,True
AY502014.1,False,False,False,True
AY502015.1,False,False,False,True
AY502016.1,True,False,False,True
AY502017.1,False,False,False,True
AY502018.1,False,False,False,True
AY502019.1,False,False,False,True
AY502021.1,False,False,False,True
AY502022.1,False,False,False,True
AY641745.1,True,False,False,True
AY641746.1,True,False,False,True
AY641747.1,True,False,False,True
AY641748.1,True,False,False,True
AY641749.1,True,False,False,True
AY641750.1,True,False,False,True
AY641751.1,True,False,False,True
AY641752.1,True,False,False,True
AY641753.1,True,False,False,True
AY641754.1,True,False,False,True
AY641755.1,True,False,False,True
AY641756.1,True,False,False,True
AY641757.1,True,False,False,True
AY641758.1,True,False,False,True
AY641759.1,True,False,False,True
AY641760.1,True,False,False,True
AY641761.1,True,False,False,True
AY641762.1,True,False,False,True
AY641763.1,True,False,False,True
AY641764.1,True,False,False,True
AY641765.1,True,False,False,True
AY641766.1,True,False,False,True
AY937256.1,True,False,False,True
DQ340076.1,True,False,False,False
DQ340077.1,True,False,False,False
DQ340078.1,True,False,False,False
DQ340079.1,True,False,False,False
DQ340080.1,True,False,False,False
DQ340081.1,True,False,False,False
DQ340082.1,True,False,False,False
DQ340083.1,True,False,False,False
DQ340084.1,True,False,False,True
DQ340085.1,True,False,False,True
DQ340086.1,True,False,False,True
DQ340087.1,True,False,False,True
DQ340088.1,True,False,False,True
DQ340089.1,True,False,False,True
DQ340090.1,True,False,False,True
DQ340091.1,True,False,False,True
DQ366347.1,True,False,False,True
DQ367878.1,True,False,False,True
DQ419907.1,True,False,False,True
DQ419908.1,True,False,False,True
DQ419909.1,True,False,False,True
DQ463420.1,True,False,False,True
DQ463421.1,True,False,False,True
DQ463422.1,True,False,False,True
DQ463423.1,True,False,False,True
DQ486863.1,True,False,False,True
DQ486864.1,True,False,False,True
DQ486865.1,True,False,False,True
DQ629917.1,True,False,False,True
DQ629918.1,True,False,False,True
DQ629919.1,True,False,False,True
DQ629923.1,True,False,False,False
DQ641479.1,True,False,False,True
DQ857340.1,True,False,False,True
DQ857341.1,True,False,False,True
DQ857342.1,True,False,False,True
DQ857343.1,True,False,False,True
DQ857344.1,True,False,False,True
DQ887698.1,True,False,False,False
DQ887699.1,True,False,False,False
DQ887700.1,True,False,False,False
DQ887701.1,True,False,False,False
DQ887702.1,True,False,False,False
DQ887703.1,True,False,False,False
DQ887704.1,True,False,False,False
DQ887705.1,True,False,False,False
DQ887706.1,True,False,False,False
DQ887707.1,True,False,False,False
DQ887708.1,True,False,False,False
DQ887709.1,True,False,False,False
DQ887710.1,True,False,False,False
DQ887711.1,True,False,False,False
DQ887712.1,True,False,False,False
DQ887713.1,True,False,False,False
EF078280.1,True,False,False,False
EF078281.1,True,False,False,False
EF078282.1,True,False,False,False
EF078283.1,True,False,False,False
EF078284.1,True,False,False,False
EF078285.1,True,False,False,False
EF078286.1,True,False,False,False
EF078287.1,True,False,False,False
EF078288.1,True,False,False,False
EF078289.1,True,False,False,False
EF078290.1,True,False,False,False
EF078291.1,True,False,False,False
EF078292.1,True,False,False,False
EF078293.1,True,False,False,False
EF175441.1,True,False,False,False
EF175455.1,True,False,False,False
EF198119.1,True,False,False,True
EF198120.1,True,False,False,True
EF198121.1,True,False,False,True
EF198122.1,True,False,False,True
EF198123.1,True,False,False,True
EF198124.1,True,False,False,True
EF198125.1,True,False,False,True
EF198126.1,True,False,False,True
EF198127.1,True,False,False,True
EF198128.1,True,False,False,True
EF198129.1,True,False,False,True
EF198130.1,True,False,False,True
EF198131.1,True,False,False,True
EF198132.1,True,False,False,True
EF198133.1,True,False,False,True
EF198134.1,True,False,False,True
EF198135.1,True,False,False,True
EF198136.1,True,False,False,True
EF198137.1,True,False,False,True
EF213045.1,True,False,False,True
EF213046.1,True,False,False,True
EF213047.1,True,False,False,True
EF213048.1,True,False,False,True
EF213049.1,True,False,False,True
EF213050.1,True,False,False,True
EF213051.1,True,False,False,True
EF213052.1,True,False,False,True
EF213053.1,True,False,False,False
EF363697.1,True,False,False,False
EF363698.1,True,False,False,False
EF363699.1,True,False,False,False
EF535571.1,True,False,False,True
EF535572.1,True,False,False,True
EF543745.1,True,False,False,False
EF543746.1,True,False,False,False
EF543747.1,True,False,False,False
EF543748.1,True,False,False,False
EF543749.1,True,False,False,False
EF543750.1,True,False,False,False
EF543751.1,True,False,False,False
EF543752.1,True,False,False,False
EF543753.1,True,False,False,False
EF543754.1,True,False,False,False
EF543755.1,True,False,False,False
EF543756.1,True,False,False,False
EF543757.1,True,False,False,False
EF621474.1,True,False,False,False
EF621475.1,True,False,False,False
EF621476.1,True,False,False,False
EF621477.1,True,False,False,False
EF621478.1,True,False,False,False
EF621479.1,True,False,False,False
EF621480.1,True,False,False,False
EF630426.1,True,False,False,True
EF630427.1,True,False,False,True
EF630428.1,True,False,False,True
EF630429.1,True,False,False,True
EF630430.1,True,False,False,True
EF630431.1,True,False,False,True
EF630432.1,True,False,False,True
EF630433.1,True,False,False,True
EF630434.1,True,False,False,True
EF630435.1,True,False,False,True
EF630436.1,True,False,False,True
EF630437.1,True,False,False,True
EF630438.1,True,False,False,True
EF630439.1,True,False,False,True
EF630440.1,True,False,False,True
EF630441.1,True,False,False,True
EF630442.1,True,False,False,True
EF630443.1,True,False,False,True
EF630444.1,True,False,False,True
EF630445.1,True,False,False,True
EF630446.1,True,False,False,True
EF630447.1,True,False,False,True
EF630448.1,True,False,False,True
EF630449.1,True,False,False,True
EF630450.1,True,False,False,True
EF630451.1,True,False,False,True
EF630452.1,True,False,False,True
EF630453.1,True,False,False,True
EF630454.1,True,False,False,True
EF630455.1,True,False,False,True
EF630456.1,True,False,False,True
EF630457.1,True,False,False,True
EF630458.1,True,False,False,True
EF630459.1,True,False,False,True
EF630460.1,True,False,False,True
EF630461.1,True,False,False,True
EF630462.1,True,False,False,True
EF630463.1,True,False,False,True
EF630464.1,True,False,False,True
EF630465.1,True,False,False,True
EF630466.1,True,False,False,True
EF630467.1,True,False,False,True
EF630468.1,True,False,False,True
EF630469.1,True,False,False,True
EF630470.1,True,False,False,True
EF630471.1,True,False,False,True
EF630472.1,True,False,False,True
EF630473.1,True,False,False,True
EF630474.1,True,False,False,True
EF630475.1,True,False,False,True
EF630476.1,True,False,False,True
EF630477.1,True,False,False,True
EF630478.1,True,False,False,True
EF630479.1,True,False,False,True
EF630480.1,True,False,False,True
EF630481.1,True,False,False,True
EF630482.1,True,False,False,True
EF630483.1,True,False,False,True
EF630484.1,True,False,False,True
EF630485.1,True,False,False,True
EF630486.1,True,False,False,True
EF630487.1,True,False,False,True
EF630488.1,True,False,False,True
EF630489.1,True,False,False,True
EF630490.1,True,False,False,True
EF630491.1,True,False,False,True
EF630492.1,True,False,False,True
EF630493.1,True,False,False,True
EF630494.1,True,False,False,True
EF630495.1,True,False,False,True
EF630496.1,True,False,False,True
EF630497.1,True,False,False,True
EF630498.1,True,False,False,True
EF630499.1,True,False,False,True
EF630500.1,True,False,False,True
EF630501.1,True,False,False,True
EF630502.1,True,False,False,True
EF630503.1,True,False,False,True
EF630504.1,True,False,False,True
EF630505.1,True,False,False,True
EF630506.1,True,False,False,True
EF630507.1,True,False,False,True
EF630508.1,True,False,False,True
EF630509.1,True,False,False,True
EF630510.1,True,False,False,True
EF630511.1,True,False,False,True
EF630512.1,True,False,False,True
EF630513.1,True,False,False,True
EF630514.1,True,False,False,True
EF630515.1,True,False,False,True
EF630516.1,True,False,False,True
EF630517.1,True,False,False,True
EF630518.1,True,False,False,True
EF630519.1,True,False,False,True
EF630520.1,True,False,False,True
EF630521.1,True,False,False,True
EF630522.1,True,False,False,True
EF630523.1,True,False,False,True
EF630524.1,True,False,False,True
EF630525.1,True,False,False,True
EF630526.1,True,False,False,True
EF630527.1,True,False,False,True
EF630528.1,True,False,False,True
EF630529.1,True,False,False,True
EF630530.1,True,False,False,True
EF630531.1,True,False,False,True
EF630532.1,True,False,False,True
EF630533.1,True,False,False,True
EF630534.1,True,False,False,True
EF630535.1,True,False,False,True
EF630536.1,True,False,False,True
EF630537.1,True,False,False,True
EF630538.1,True,False,False,True
EF630539.1,True,False,False,True
EF630540.1,True,False,False,True
EF630541.1,True,False,False,True
EF630542.1,True,False,False,True
EF630543.1,True,False,False,True
EF630544.1,True,False,False,True
EF630545.1,True,False,False,True
EF630546.1,True,False,False,True
EF630547.1,True,False,False,True
EF630548.1,True,False,False,True
EF630549.1,True,False,False,True
EF630550.1,True,False,False,True
EF630551.1,True,False,False,True
EF630552.1,True,False,False,True
EF630553.1,True,False,False,True
EF630554.1,True,False,False,True
EF630555.1,True,False,False,True
EF630556.1,True,False,False,True
EF630557.1,True,False,False,True
EF630558.1,True,False,False,True
EF630559.1,True,False,False,True
EF630560.1,True,False,False,True
EF630561.1,True,False,False,True
EF630562.1,True,False,False,True
EF630563.1,True,False,False,True
EF630564.1,True,False,False,True
EF630565.1,True,False,False,True
EF630566.1,True,False,False,True
EF630567.1,True,False,False,True
EF630568.1,True,False,False,True
EF630569.1,True,False,False,True
EF630570.1,True,False,False,True
EF630571.1,True,False,False,True
EF630572.1,True,False,False,True
EF630573.1,True,False,False,True
EF630574.1,True,False,False,True
EF630575.1,True,False,False,True
EF630576.1,True,False,False,True
EF630577.1,True,False,False,True
EF630578.1,True,False,False,True
EF630579.1,True,False,False,True
EF630580.1,True,False,False,True
EF630581.1,True,False,False,True
EF630582.1,True,False,False,True
EF630583.1,True,False,False,True
EF630584.1,True,False,False,True
EF630585.1,True,False,False,True
EF630586.1,True,False,False,True
EF630587.1,True,False,False,True
EF630588.1,True,False,False,True
EF630589.1,True,False,False,True
EF630590.1,True,False,False,True
EF630591.1,True,False,False,True
EF630592.1,True,False,False,True
EF630593.1,True,False,False,True
EF630594.1,True,False,False,True
EF630595.1,True,False,False,True
EF630596.1,True,False,False,True
EF630597.1,True,False,False,True
EF630598.1,True,False,False,True
EF630599.1,True,False,False,True
EF630600.1,True,False,False,True
EF630601.1,True,False,False,True
EF630602.1,True,False,False,True
EF630603.1,True,False,False,True
EF630604.1,True,False,False,True
EF630605.1,True,False,False,True
EF630606.1,True,False,False,True
EF630607.1,True,False,False,True
EF630608.1,True,False,False,True
EF630609.1,True,False,False,True
EF630610.1,True,False,False,True
EF630611.2,True,False,False,True
EU019228.1,True,False,False,False
EU019229.1,True,False,False,False
EU019230.2,True,False,False,False
EU029107.1,True,False,False,False
EU029108.1,True,False,False,False
EU029109.1,True,False,False,False
EU029110.1,True,False,False,False
EU029111.1,True,False,False,False
EU072235.2,True,False,False,False
EU072241.2,True,False,False,True
EU072243.2,True,False,False,True
EU072249.2,True,False,False,True
EU085479.2,True,False,False,True
EU085483.1,True,False,False,True
EU085484.1,True,False,False,True
EU085491.2,True,False,False,True
EU085492.1,True,False,False,True
EU085493.1,True,False,False,True
EU085494.1,True,False,False,True
EU085495.1,True,False,False,True
EU085496.1,True,False,False,True
EU085497.1,True,False,False,True
EU085498.1,True,False,False,True
EU085499.1,True,False,False,True
EU085500.1,True,False,False,True
EU085501.1,True,False,False,True
EU085502.1,True,False,False,True
EU085503.1,True,False,False,True
EU085504.1,True,False,False,True
EU085505.1,True,False,False,True
EU085506.1,True,False,False,True
EU085507.1,True,False,False,True
EU085508.1,True,False,False,True
EU085509.1,True,False,False,True
EU085510.1,True,False,False,True
EU085511.1,True,False,False,True
EU085512.1,True,False,False,True
EU085513.1,True,False,False,True
EU085514.1,True,False,False,True
EU085515.1,True,False,False,True
EU085516.1,True,False,False,True
EU085517.1,True,False,False,True
EU085518.1,True,False,False,True
EU085519.1,True,False,False,True
EU085520.1,True,False,False,True
EU085521.1,True,False,False,True
EU085525.1,True,False,False,False
EU085526.1,True,False,False,False
EU085527.1,True,False,False,False
EU085528.1,True,False,False,False
EU085529.1,True,False,False,False
EU096505.1,True,False,False,False
EU096506.2,True,False,False,False
EU096507.2,True,False,False,False
EU096508.1,True,False,False,False
EU096509.1,True,False,False,False
EU096510.2,True,False,False,False
EU096511.1,True,False,False,False
EU096512.2,True,False,False,False
EU096513.2,True,False,False,False
EU096514.2,True,False,False,False
EU096515.1,True,False,False,True
EU096516.1,True,False,False,True
EU105469.1,True,False,False,True
EU137728.1,True,False,False,False
EU137729.1,True,False,False,False
EU137730.1,True,False,False,False
EU137732.1,True,False,False,True
EU137733.1,True,False,False,True
EU137734.1,True,False,False,True
EU137735.1,True,False,False,False
EU137736.1,True,False,False,False
EU137737.1,True,False,False,True
EU259613.1,True,False,False,False
EU259614.1,True,False,False,False
EU327756.1,True,False,False,True
EU366113.1,True,False,False,False
EU449135.1,True,False,False,True
EU449136.1,True,False,False,True
EU449137.1,True,False,False,True
EU449138.1,True,False,False,True
EU449139.1,True,False,False,True
EU449140.1,True,False,False,True
EU449141.1,True,False,False,True
EU449142.1,True,False,False,True
EU449143.1,True,False,False,True
EU449144.1,True,False,False,True
EU449145.1,True,False,False,True
EU449146.1,True,False,False,True
EU449147.1,True,False,False,True
EU449148.1,True,False,False,True
EU449149.1,True,False,False,True
EU449150.1,True,False,False,True
EU449151.1,True,False,False,True
EU449152.1,True,False,False,True
EU449153.1,True,False,False,True
EU449154.1,True,False,False,True
EU449155.1,True,False,False,True
EU449156.1,True,False,False,True
EU449157.1,True,False,False,True
EU449158.1,True,False,False,True
EU449159.1,True,False,False,True
EU449160.1,True,False,False,True
EU449161.1,True,False,False,True
EU449162.1,True,False,False,True
EU449163.1,True,False,False,True
EU449164.1,True,False,False,True
EU449165.1,True,False,False,True
EU449166.1,True,False,False,True
EU449167.1,True,False,False,True
EU449168.1,True,False,False,True
EU449169.1,True,False,False,True
EU449170.1,True,False,False,True
EU449171.1,True,False,False,True
EU449172.1,True,False,False,True
EU449173.1,True,False,False,True
EU449174.1,True,False,False,True
EU449175.1,True,False,False,True
EU449176.1,True,False,False,True
EU449177.1,True,False,False,True
EU449178.1,True,False,False,True
EU449179.1,True,False,False,True
EU449180.1,True,False,False,True
EU449181.1,True,False,False,True
EU449182.1,True,False,False,True
EU449183.1,True,False,False,True
EU449184.1,True,False,False,True
EU449185.1,True,False,False,True
EU449186.1,True,False,False,True
EU449187.1,True,False,False,True
EU449188.1,True,False,False,True
EU449189.1,True,False,False,True
EU449190.1,True,False,False,True
EU449191.1,True,False,False,True
EU449192.1,True,False,False,True
EU449193.1,True,False,False,True
EU449194.1,True,False,False,True
EU449195.1,True,False,False,True
EU449196.1,True,False,False,True
EU449197.1,True,False,False,True
EU449198.1,True,False,False,True
EU449199.1,True,False,False,True
EU449200.1,True,False,False,True
EU449201.1,True,False,False,True
EU449202.1,True,False,False,True
EU449203.1,True,False,False,True
EU449204.1,True,False,False,True
EU449205.1,True,False,False,True
EU449206.1,True,False,False,True
EU449207.1,True,False,False,True
EU449208.1,True,False,False,True
EU449209.1,True,False,False,True
EU449210.1,True,False,False,True
EU449211.1,True,False,False,True
EU449212.1,True,False,False,True
EU449213.1,True,False,False,True
EU449214.1,True,False,False,True
EU449215.1,True,False,False,True
EU449216.1,True,False,False,True
EU449217.1,True,False,False,True
EU449218.1,True,False,False,True
EU449219.1,True,False,False,True
EU449220.1,True,False,False,True
EU449221.1,True,False,False,True
EU449222.1,True,False,False,True
EU449223.1,True,False,False,True
EU449224.1,True,False,False,True
EU449225.1,True,False,False,True
EU449226.1,True,False,False,True
EU449227.1,True,False,False,True
EU449228.1,True,False,False,True
EU449229.1,True,False,False,True
EU449230.1,True,False,False,True
EU449231.1,True,False,False,True
EU449232.1,True,False,False,True
EU449233.1,True,False,False,True
EU449234.1,True,False,False,True
EU449235.1,True,False,False,True
EU449236.1,True,False,False,True
EU449237.1,True,False,False,True
EU449238.1,True,False,False,True
EU449239.1,True,False,False,True
EU449240.1,True,False,False,True
EU449241.1,True,False,False,True
EU449242.1,True,False,False,True
EU449243.1,True,False,False,True
EU449244.1,True,False,False,True
EU449245.1,True,False,False,True
EU449246.1,True,False,False,True
EU449247.1,True,False,False,True
EU449248.1,True,False,False,True
EU449249.1,True,False,False,True
EU449250.1,True,False,False,True
EU449251.1,True,False,False,True
EU449252.1,True,False,False,True
EU449253.1,True,False,False,True
EU449254.1,True,False,False,True
EU449255.1,True,False,False,True
EU449256.1,True,False,False,True
EU449257.1,True,False,False,True
EU449258.1,True,False,False,True
EU449259.1,True,False,False,True
EU449260.1,True,False,False,True
EU449261.1,True,False,False,True
EU449262.1,True,False,False,True
EU449263.1,True,False,False,True
EU449264.1,True,False,False,True
EU449265.1,True,False,False,True
EU449266.1,True,False,False,True
EU449267.1,True,False,False,True
EU449268.1,True,False,False,True
EU449269.1,True,False,False,True
EU449270.1,True,False,False,True
EU449271.1,True,False,False,True
EU449272.1,True,False,False,True
EU449273.1,True,False,False,True
EU449274.1,True,False,False,True
EU449275.1,True,False,False,True
EU449276.1,True,False,False,True
EU449277.1,True,False,False,True
EU449278.1,True,False,False,True
EU449279.1,True,False,False,True
EU495452.1,True,False,False,True
EU495453.1,True,False,False,True
EU531570.1,True,False,False,False
EU531571.1,True,False,False,False
EU531572.1,True,False,False,False
EU531573.1,True,False,False,False
EU650205.1,True,False,False,False
EU650206.1,True,False,False,False
EU650207.1,True,False,False,False
EU650208.1,True,False,False,False
EU650209.1,True,False,False,False
EU650210.1,True,False,False,False
EU650211.1,True,False,False,True
EU650212.1,True,False,False,True
EU650213.1,True,False,False,True
EU650214.1,True,False,False,True
EU650215.1,True,False,False,True
EU650216.1,True,False,False,True
EU650217.1,True,False,False,True
EU650218.1,True,False,False,True
EU650219.1,True,False,False,True
EU650220.1,True,False,False,False
EU650221.1,True,False,False,False
EU650223.1,True,False,True,True
EU650224.1,True,False,True,True
EU650225.1,True,False,True,True
EU650226.1,True,False,True,True
EU650227.1,True,False,True,True
EU703630.1,True,False,False,True
EU703631.1,True,False,False,True
EU703632.1,True,False,False,True
EU703633.1,True,False,False,True
EU703634.1,True,False,False,True
EU703635.1,True,False,False,True
EU703636.1,True,False,False,True
EU703637.1,True,False,False,True
EU703638.1,True,False,False,True
EU703639.1,True,False,False,True
EU703640.1,True,False,False,True
EU703641.1,True,False,False,True
EU703642.1,True,False,False,True
EU703643.1,True,False,False,True
EU703644.1,True,False,False,True
EU703645.1,True,False,False,True
EU703646.1,True,False,False,True
EU703647.1,True,False,False,True
EU703648.1,True,False,False,True
EU703649.1,True,False,False,True
EU703650.1,True,False,False,True
EU703651.1,True,False,False,True
EU703652.1,True,False,False,True
EU703653.1,True,False,False,True
EU703654.1,True,False,False,True
EU703655.1,True,False,False,True
EU703656.1,True,False,False,True
EU703657.1,True,False,False,True
EU703658.1,True,False,False,True
EU703659.1,True,False,False,True
EU703660.1,True,False,False,True
EU703661.1,True,False,False,True
EU703662.1,True,False,False,True
EU703663.1,True,False,False,True
EU703664.1,True,False,False,True
EU703665.1,True,False,False,True
EU703666.1,True,False,False,True
EU703667.1,True,False,False,True
EU703668.1,True,False,False,True
EU703669.1,True,False,False,True
EU703670.1,True,False,False,True
EU703671.1,True,False,False,True
EU703672.1,True,False,False,True
EU703673.1,True,False,False,True
EU703674.1,True,False,False,True
EU703675.1,True,False,False,True
EU703676.1,True,False,False,True
EU703677.1,True,False,False,True
EU703678.1,True,False,False,True
EU703679.1,True,False,False,True
EU703680.1,True,False,False,True
EU703681.1,True,False,False,True
EU703682.1,True,False,False,True
EU703683.1,True,False,False,True
EU703684.1,True,False,False,True
EU703685.1,True,False,False,True
EU703686.1,True,False,False,True
EU703687.1,True,False,False,True
EU703688.1,True,False,False,True
EU703689.1,True,False,False,True
EU703690.1,True,False,False,True
EU703691.1,True,False,False,True
EU703692.1,True,False,False,True
EU703693.1,True,False,False,True
EU703694.1,True,False,False,True
EU703695.1,True,False,False,True
EU703696.1,True,False,False,True
EU703697.1,True,False,False,True
EU703698.1,True,False,False,True
EU703699.1,True,False,False,True
EU703700.1,True,False,False,True
EU703701.1,True,False,False,True
EU703702.1,True,False,False,True
EU703703.1,True,False,False,True
EU703704.1,True,False,False,True
EU703705.1,True,False,False,True
EU703706.1,True,False,False,True
EU703707.1,True,False,False,True
EU703708.1,True,False,False,True
EU703709.1,True,False,False,True
EU703710.1,True,False,False,True
EU703711.1,True,False,False,True
EU703712.1,True,False,False,True
EU703713.1,True,False,False,True
EU703714.1,True,False,False,True
EU703715.1,True,False,False,True
EU703716.1,True,False,False,True
EU703717.1,True,False,False,True
EU703718.1,True,False,False,True
EU703719.1,True,False,False,True
EU703720.1,True,False,False,True
EU703721.1,True,False,False,True
EU703722.1,True,False,False,True
EU703723.1,True,False,False,True
EU703724.1,True,False,False,True
EU703725.1,True,False,False,True
EU703726.1,True,False,False,True
EU703727.1,True,False,False,True
EU703728.1,True,False,False,True
EU703729.1,True,False,False,True
EU703730.1,True,False,False,True
EU703731.1,True,False,False,True
EU703732.1,True,False,False,True
EU703733.1,True,False,False,True
EU703734.1,True,False,False,True
EU703735.1,True,False,False,True
EU703736.1,True,False,False,True
EU703737.1,True,False,False,True
EU703738.1,True,False,False,True
EU703739.1,True,False,False,True
EU703740.1,True,False,False,True
EU703741.1,True,False,False,True
EU703742.1,True,False,False,True
EU703743.1,True,False,False,True
EU703744.1,True,False,False,True
EU703745.1,True,False,False,True
EU703746.1,True,False,False,True
EU703747.1,True,False,False,True
EU703748.1,True,False,False,True
EU703749.1,True,False,False,True
EU703750.1,True,False,False,True
EU703751.1,True,False,False,True
EU703752.1,True,False,False,True
EU703753.1,True,False,False,True
EU703754.1,True,False,False,True
EU703755.1,True,False,False,True
EU703756.1,True,False,False,True
EU703757.1,True,False,False,True
EU703758.1,True,False,False,True
EU794696.1,True,False,False,True
EU794697.1,True,False,False,True
EU794698.1,True,False,False,True
EU794699.1,True,False,False,True
EU794700.1,True,False,False,True
EU794701.1,True,False,False,True
EU794702.1,True,False,False,True
EU794703.1,True,False,False,True
EU794704.1,True,False,False,True
EU794705.1,True,False,False,True
EU794706.1,True,False,False,True
EU794707.1,True,False,False,True
EU794708.1,True,False,False,True
EU794709.1,True,False,False,True
EU794710.1,True,False,False,True
EU794711.1,True,False,False,True
EU794712.1,True,False,False,True
EU794713.1,True,False,False,True
EU794714.1,True,False,False,True
EU794715.1,True,False,False,True
EU794716.1,True,False,False,True
EU794717.1,True,False,False,True
EU794718.1,True,False,False,True
EU794719.1,True,False,False,True
EU794720.1,True,False,False,True
EU794721.1,True,False,False,True
EU794722.1,True,False,False,True
EU794723.1,True,False,False,True
EU794724.1,True,False,False,True
EU794857.1,True,False,False,True
EU794858.1,True,False,False,True
EU794859.1,True,False,False,True
EU794860.1,True,False,False,True
EU794861.1,True,False,False,True
EU794862.1,True,False,False,True
EU794863.1,True,False,False,True
EU794864.1,True,False,False,True
EU794865.1,True,False,False,True
EU794866.1,True,False,False,True
EU794867.1,True,False,False,True
EU794868.1,True,False,False,True
EU794869.1,True,False,False,True
EU794870.1,True,False,False,True
EU794871.1,True,False,False,True
EU794872.1,True,False,False,True
EU794873.1,True,False,False,True
EU794874.1,True,False,False,True
EU794875.1,True,False,False,True
EU794876.1,True,False,False,True
EU794877.1,True,False,False,True
EU794878.1,True,False,False,True
EU794879.1,True,False,False,True
EU794880.1,True,False,False,True
EU794881.1,True,False,False,True
EU794882.1,True,False,False,True
EU794883.1,True,False,False,True
EU794884.1,True,False,False,True
EU794885.1,True,False,False,True
EU794886.1,True,False,False,True
EU794887.1,True,False,False,False
EU794888.1,True,False,False,False
EU794889.1,True,False,False,False
EU794890.1,True,False,False,False
EU794891.1,True,False,False,False
EU794892.1,True,False,False,False
EU794893.1,True,False,False,False
EU794894.1,True,False,False,True
EU794895.1,True,False,False,False
EU794896.1,True,False,False,False
EU794897.1,True,False,False,False
EU794898.1,True,False,False,False
EU794899.1,True,False,False,False
EU794900.1,True,False,False,False
EU814441.1,True,False,False,True
EU814442.1,True,False,False,True
EU814443.1,True,False,False,True
EU814444.1,True,False,False,True
EU814445.1,True,False,False,True
EU814446.1,True,False,False,True
EU814447.1,True,False,False,True
EU814448.1,True,False,False,True
EU814449.1,True,False,False,True
EU814450.1,True,False,False,True
EU814451.1,True,False,False,True
EU814452.1,True,False,False,True
EU814453.1,True,False,False,True
EU814454.1,True,False,False,True
EU814455.1,True,False,False,True
EU814456.1,True,False,False,True
EU814457.1,True,False,False,True
EU814458.1,True,False,False,True
EU814459.1,True,False,False,True
EU814460.1,True,False,False,True
EU814461.1,True,False,False,True
EU814522.1,True,False,False,True
EU839581.1,True,False,False,True
EU839582.1,True,False,False,True
EU839583.1,True,False,False,True
EU839584.1,True,False,False,True
EU839585.1,True,False,False,True
EU839586.1,True,False,False,True
EU839587.1,True,False,False,True
EU839588.1,True,False,False,True
EU839589.1,True,False,False,True
EU839590.1,True,False,False,True
EU839591.1,True,False,False,True
EU839592.1,True,False,False,True
EU839593.1,True,False,False,True
EU839594.1,True,False,False,True
EU839595.1,True,False,False,True
EU850823.1,True,False,False,True
EU850824.1,True,False,False,True
EU850825.1,True,False,False,True
EU850826.1,True,False,False,True
EU850827.1,True,False,False,True
EU872452.1,True,False,False,False
EU872453.1,True,False,False,False
EU872454.1,True,False,False,False
EU872455.1,True,False,False,False
EU872456.1,True,False,False,False
EU872457.1,True,False,False,False
EU872458.1,True,False,False,False
EU872459.1,True,False,False,False
EU872460.1,True,False,False,False
EU872461.1,True,False,False,False
EU872462.1,True,False,False,False
EU872463.1,True,False,False,False
EU872464.1,True,False,False,False
EU872465.1,True,False,False,False
EU872466.1,True,False,False,False
EU872467.1,True,False,False,False
EU872468.1,True,False,False,False
EU872469.1,True,False,False,False
EU872470.1,True,False,False,False
EU872471.1,True,False,False,False
EU872472.1,True,False,False,False
EU872473.1,True,False,False,False
EU872474.1,True,False,False,False
EU872475.1,True,False,False,False
EU872476.1,True,False,False,False
EU872477.1,True,False,False,False
EU872478.1,True,False,False,False
EU872479.1,True,False,False,False
EU872480.1,True,False,False,False
EU872481.1,True,False,False,False
EU872482.1,True,False,False,False
EU872483.1,True,False,False,False
EU872484.1,True,False,False,False
EU872485.1,True,False,False,False
EU872486.1,True,False,False,False
EU876860.1,True,False,False,True
EU876861.1,True,False,False,True
EU876862.1,True,False,False,True
EU876863.1,True,False,False,True
EU876864.1,True,False,False,True
EU876865.1,True,False,False,True
EU876866.1,True,False,False,True
EU876867.1,True,False,False,True
EU876868.1,True,False,False,True
EU876869.1,True,False,False,True
EU876870.1,True,False,False,True
EU876871.1,True,False,False,True
EU876872.1,True,False,False,True
EU876873.1,True,False,False,True
EU876874.1,True,False,False,True
EU876875.1,True,False,False,True
EU876876.1,True,False,False,True
EU876877.1,True,False,False,True
EU876878.1,True,False,False,True
EU876879.1,True,False,False,True
EU876880.1,True,False,False,True
EU876881.1,True,False,False,True
EU876882.1,True,False,False,True
EU876883.1,True,False,False,True
EU876884.1,True,False,False,True
EU876885.1,True,False,False,True
EU876886.1,True,False,False,True
EU876887.1,True,False,False,True
EU876888.1,True,False,False,True
EU876889.1,True,False,False,True
EU876890.1,True,False,False,True
EU876891.1,True,False,False,True
EU876892.1,True,False,False,True
EU876893.1,True,False,False,True
EU876894.1,True,False,False,True
EU876895.1,True,False,False,True
EU880922.1,True,False,False,True
EU880923.1,True,False,False,True
EU880924.1,True,False,False,True
EU880925.1,True,False,False,True
EU884082.1,True,False,False,True
EU884083.1,True,False,False,True
EU884084.1,True,False,False,True
EU908204.1,True,False,False,True
EU916955.1,True,False,False,True
EU916956.1,True,False,False,True
EU916957.1,True,False,False,True
EU916958.1,True,False,False,True
EU916959.1,True,False,False,True
EU916960.1,True,False,False,True
EU916961.1,True,False,False,True
EU921329.1,True,False,False,True
EU921330.1,True,False,False,True
EU921331.1,True,False,False,True
EU921332.1,True,False,False,True
EU921333.1,True,False,False,True
EU921334.1,True,False,False,True
EU921335.1,True,False,False,True
EU921336.1,True,False,False,True
EU921337.1,True,False,False,True
EU921338.2,True,False,False,True
EU921339.1,True,False,False,True
EU921340.2,True,False,False,True
EU921341.2,True,False,False,True
EU921342.2,True,False,False,True
EU921343.1,True,False,False,True
EU921345.2,True,False,False,True
EU921346.1,True,False,False,True
EU921347.2,True,False,False,True
EU921348.2,True,False,False,True
EU921349.2,True,False,False,True
EU921350.2,True,False,False,True
EU921351.1,True,False,False,True
EU921352.2,True,False,False,True
EU921353.2,True,False,False,False
EU921354.2,True,False,False,False
EU921355.1,True,False,False,True
EU921356.1,True,False,False,True
EU921357.1,True,False,False,True
EU921358.1,True,False,False,True
EU921359.1,True,False,False,True
EU921360.1,True,False,False,True
EU921361.1,True,False,False,True
EU921362.1,True,False,False,True
EU921363.1,True,False,False,True
EU921364.1,True,False,False,True
EU921365.1,True,False,False,True
EU921366.1,True,False,False,True
EU921367.1,True,False,False,True
EU921368.2,True,False,False,True
EU921369.1,True,False,False,True
EU921370.1,True,False,False,True
EU921371.1,True,False,False,True
EU921372.1,True,False,False,True
EU921373.1,True,False,False,True
EU921374.2,True,False,False,True
EU921375.1,True,False,False,True
EU921376.1,True,False,False,True
EU921377.1,True,False,False,True
EU921378.1,True,False,False,True
EU921379.1,True,False,False,True
EU921380.1,True,False,False,True
EU921381.1,True,False,False,True
EU921382.2,True,False,False,True
EU921383.2,True,False,False,True
EU921384.2,True,False,False,True
EU921385.1,True,False,False,True
EU921386.2,True,False,False,True
EU921387.1,True,False,False,True
EU921390.1,True,False,False,True
EU921391.1,True,False,False,True
EU921392.1,True,False,False,True
EU921393.2,True,False,False,True
EU921394.1,True,False,False,True
EU921395.1,True,False,False,True
EU921396.1,True,False,False,True
EU921397.1,True,False,False,True
EU921398.1,True,False,False,True
EU921399.1,True,False,False,True
EU921400.1,True,False,False,True
EU921401.1,True,False,False,True
EU921402.1,True,False,False,True
EU921403.1,True,False,False,True
EU921404.1,True,False,False,True
EU921405.1,True,False,False,True
EU921406.1,True,False,False,True
EU921407.1,True,False,False,True
EU921408.1,True,False,False,True
EU921409.1,True,False,False,True
EU921410.1,True,False,False,True
EU921411.1,True,False,False,True
EU921412.1,True,False,False,True
EU921413.1,True,False,False,True
EU921414.1,True,False,False,True
FJ025876.1,True,False,False,True
FJ152428.1,True,False,False,True
FJ152429.1,True,False,False,True
FJ152430.1,True,False,False,True
FJ152431.1,True,False,False,True
FJ152432.1,True,False,False,True
FJ152433.1,True,False,False,True
FJ152434.1,True,False,False,True
FJ152435.1,True,False,False,True
FJ152436.1,True,False,False,True
FJ152437.1,True,False,False,True
FJ152438.1,True,False,False,True
FJ152439.1,True,False,False,True
FJ152440.1,True,False,False,True
FJ152441.1,True,False,False,True
FJ152442.1,True,False,False,True
FJ152443.1,True,False,False,True
FJ152444.1,True,False,False,True
FJ152445.1,True,False,False,True
FJ152446.1,True,False,False,True
FJ152447.1,True,False,False,True
FJ152448.1,True,False,False,True
FJ152449.1,True,False,False,True
FJ152450.1,True,False,False,True
FJ152451.1,True,False,False,True
FJ152452.1,True,False,False,True
FJ152453.1,True,False,False,True
FJ152454.1,True,False,False,True
FJ152455.1,True,False,False,True
FJ152456.1,True,False,False,True
FJ152457.1,True,False,False,True
FJ152458.1,True,False,False,True
FJ152459.1,True,False,False,True
FJ152460.1,True,False,False,True
FJ152461.1,True,False,False,True
FJ165476.1,True,False,False,False
FJ165477.1,True,False,False,False
FJ165478.1,True,False,False,False
FJ173238.1,True,False,False,True
FJ173239.1,True,False,False,True
FJ173240.1,True,False,False,True
FJ173241.1,True,False,False,True
FJ173242.1,True,False,False,True
FJ173243.1,True,False,False,True
FJ173244.1,True,False,False,True
FJ173245.1,True,False,False,True
FJ173246.1,True,False,False,True
FJ173247.1,True,False,False,True
FJ173248.1,True,False,False,True
FJ173249.1,True,False,False,True
FJ173250.1,True,False,False,True
FJ173251.1,True,False,False,True
FJ173252.1,True,False,False,True
FJ173253.1,True,False,False,True
FJ173254.1,True,False,False,True
FJ173255.1,True,False,False,True
FJ173256.1,True,False,False,True
FJ173257.1,True,False,False,True
FJ173258.1,True,False,False,True
FJ173259.1,True,False,False,True
FJ173260.1,True,False,False,True
FJ173261.1,True,False,False,True
FJ173262.1,True,False,False,True
FJ173263.1,True,False,False,True
FJ173264.1,True,False,False,True
FJ173265.1,True,False,False,True
FJ173266.1,True,False,False,True
FJ173267.1,True,False,False,True
FJ173268.1,True,False,False,True
FJ173269.1,True,False,False,True
FJ173270.1,True,False,False,True
FJ173271.1,True,False,False,True
FJ173272.1,True,False,False,True
FJ173273.1,True,False,False,True
FJ173274.1,True,False,False,True
FJ173275.1,True,False,False,True
FJ214619.1,True,False,False,True
FJ214620.1,True,False,False,True
FJ214621.1,True,False,False,True
FJ214622.1,True,False,False,True
FJ214623.1,True,False,False,True
FJ214624.1,True,False,False,True
FJ214625.1,True,False,False,True
FJ214626.1,True,False,False,True
FJ214627.1,True,False,False,True
FJ214628.1,True,False,False,True
FJ214629.1,True,False,False,True
FJ214631.1,True,False,False,True
FJ214632.1,True,False,False,True
FJ214633.1,True,False,False,True
FJ214634.1,True,False,False,True
FJ214635.1,True,False,False,True
FJ214636.1,True,False,False,True
FJ214637.1,True,False,False,True
FJ214638.1,True,False,False,True
FJ214639.1,True,False,False,True
FJ214640.1,True,False,False,True
FJ214641.1,True,False,False,True
FJ214642.1,True,False,False,True
FJ214643.1,True,False,False,True
FJ214644.1,True,False,False,True
FJ214645.1,True,False,False,True
FJ214646.1,True,False,False,True
FJ214647.1,True,False,False,True
FJ214648.1,True,False,False,True
FJ214649.1,True,False,False,True
FJ214650.1,True,False,False,True
FJ214651.1,True,False,False,True
FJ214652.1,True,False,False,True
FJ214653.1,True,False,False,True
FJ214654.1,True,False,False,True
FJ214655.1,True,False,False,True
FJ214656.1,True,False,False,True
FJ214657.1,True,False,False,True
FJ214658.1,True,False,False,True
FJ216939.1,True,False,False,True
FJ216940.1,True,False,False,True
FJ216941.1,True,False,False,True
FJ216942.1,True,False,False,True
FJ216943.1,True,False,False,True
FJ216944.1,True,False,False,True
FJ216945.1,True,False,False,True
FJ216946.1,True,False,False,True
FJ216947.1,True,False,False,True
FJ216948.1,True,False,False,True
FJ216949.1,True,False,False,True
FJ216950.1,True,False,False,True
FJ216951.1,True,False,False,True
FJ216952.1,True,False,False,True
FJ216953.1,True,False,False,True
FJ216954.1,True,False,False,True
FJ216955.1,True,False,False,True
FJ216956.1,True,False,False,True
FJ216957.1,True,False,False,True
FJ216958.1,True,False,False,True
FJ216959.1,True,False,False,True
FJ222593.1,True,False,False,True
FJ222594.1,True,False,False,True
FJ222595.1,True,False,False,True
FJ222596.1,True,False,False,True
FJ222597.1,True,False,False,True
FJ222598.1,True,False,False,True
FJ222599.1,True,False,False,True
FJ222600.1,True,False,False,True
FJ264885.1,True,False,False,True
FJ264886.1,True,False,False,True
FJ264887.1,True,False,False,True
FJ264888.1,True,False,False,True
FJ264889.1,True,False,False,True
FJ264890.1,True,False,False,True
FJ264891.1,True,False,False,True
FJ264892.1,True,False,False,True
FJ264893.1,True,False,False,True
FJ264894.1,True,False,False,True
FJ264895.1,True,False,False,True
FJ268588.1,True,False,False,False
FJ268589.1,True,False,False,False
FJ268590.1,True,False,False,False
FJ268591.1,True,False,False,False
FJ268592.1,True,False,False,False
FJ268593.1,True,False,False,False
FJ268594.1,True,False,False,False
FJ268595.1,True,False,False,False
FJ268596.1,True,False,False,False
FJ268597.1,True,False,False,False
FJ268598.1,True,False,False,False
FJ268599.1,True,False,False,False
FJ268600.1,True,False,False,False
FJ268601.1,True,False,False,False
FJ268602.1,True,False,False,False
FJ268603.1,True,False,False,False
FJ268604.1,True,False,False,False
FJ268605.1,True,False,False,False
FJ268606.1,True,False,False,False
FJ268607.1,True,False,False,False
FJ268608.1,True,False,False,False
FJ268609.1,True,False,False,False
FJ268610.1,True,False,False,False
FJ268611.1,True,False,False,False
FJ268612.1,True,False,False,False
FJ268613.1,True,False,False,False
FJ268614.1,True,False,False,False
FJ268615.1,True,False,False,False
FJ268616.1,True,False,False,False
FJ268617.1,True,False,False,False
FJ268618.1,True,False,False,False
FJ268619.1,True,False,False,False
FJ268620.1,True,False,False,False
FJ268621.1,True,False,False,False
FJ268622.1,True,False,False,False
FJ268623.1,True,False,False,False
FJ268624.1,True,False,False,False
FJ268625.1,True,False,False,False
FJ268626.1,True,False,False,False
FJ268627.1,True,False,False,False
FJ383815.1,True,False,False,False
FJ383816.1,True,False,False,False
FJ383817.1,True,False,False,False
FJ383818.1,True,False,False,False
FJ383819.1,True,False,False,False
FJ383820.1,True,False,False,False
FJ383821.1,True,False,False,False
FJ383822.1,True,False,False,False
FJ383823.1,True,False,False,False
FJ383824.1,True,False,False,False
FJ383825.1,True,False,False,False
FJ383826.1,True,False,False,False
FJ383827.1,True,False,False,False
FJ383828.1,True,False,False,False
FJ383829.1,True,False,False,False
FJ383830.1,True,False,False,False
FJ383831.1,True,False,False,False
FJ383832.1,True,False,False,False
FJ383833.1,True,False,False,False
FJ383834.1,True,False,False,False
FJ383835.1,True,False,False,False
FJ383836.1,True,False,False,False
FJ383837.1,True,False,False,False
FJ383838.1,True,False,False,False
FJ383839.1,True,False,False,False
FJ383840.1,True,False,False,False
FJ383841.1,True,False,False,False
FJ383842.1,True,False,False,False
FJ383843.1,True,False,False,False
FJ383844.1,True,False,False,False
FJ383845.1,True,False,False,False
FJ383846.1,True,False,False,False
FJ383847.1,True,False,False,False
FJ383848.1,True,False,False,False
FJ383849.1,True,False,False,False
FJ383850.1,True,False,False,False
FJ383851.1,True,False,False,False
FJ383852.1,True,False,False,False
FJ383853.1,True,False,False,False
FJ383854.1,True,False,False,False
FJ383855.1,True,False,False,False
FJ383856.1,True,False,False,False
FJ383857.1,True,False,False,False
FJ383858.1,True,False,False,False
FJ383859.1,True,False,False,False
FJ383860.1,True,False,False,False
FJ383861.1,True,False,False,False
FJ383862.1,True,False,False,False
FJ383863.1,True,False,False,False
FJ383864.1,True,False,False,False
FJ383865.1,True,False,False,False
FJ383866.1,True,False,False,False
FJ383867.1,True,False,False,False
FJ383868.1,True,False,False,False
FJ383869.1,True,False,False,False
FJ383870.1,True,False,False,False
FJ383871.1,True,False,False,False
FJ383872.1,True,False,False,False
FJ383873.1,True,False,False,False
FJ383874.1,True,False,False,False
FJ383875.1,True,False,False,False
FJ383876.1,True,False,False,False
FJ383877.1,True,False,False,False
FJ383878.1,True,False,False,False
FJ383879.1,True,False,False,True
FJ383880.1,True,False,False,True
FJ383881.1,True,False,False,True
FJ383882.1,True,False,False,True
FJ383883.1,True,False,False,True
FJ383884.1,True,False,False,True
FJ383885.1,True,False,False,True
FJ383886.1,True,False,False,True
FJ383887.1,True,False,False,True
FJ383888.1,True,False,False,True
FJ383889.1,True,False,False,True
FJ383890.1,True,False,False,True
FJ383891.1,True,False,False,False
FJ383892.1,True,False,False,False
FJ383893.1,True,False,False,False
FJ383894.1,True,False,False,False
FJ383895.1,True,False,False,False
FJ383896.1,True,False,False,False
FJ383897.1,True,False,False,False
FJ383898.1,True,False,False,False
FJ383899.1,True,False,False,False
FJ383900.1,True,False,False,False
FJ384783.1,True,False,False,False
FJ411169.1,True,False,False,True
FJ411170.1,True,False,False,True
FJ411171.1,True,False,False,True
FJ411172.1,True,False,False,True
FJ430532.1,True,False,False,False
FJ430533.1,True,False,False,False
FJ430534.1,True,False,False,False
FJ430535.1,True,False,False,False
FJ430536.1,True,False,False,False
FJ430537.1,True,False,False,False
FJ430538.1,True,False,False,False
FJ430539.1,True,False,False,False
FJ430540.1,True,False,False,False
FJ430541.1,True,False,False,False
FJ430542.1,True,False,False,False
FJ430543.1,True,False,False,False
FJ430544.1,True,False,False,False
FJ430545.1,True,False,False,False
FJ430546.1,True,False,False,False
FJ430547.1,True,False,False,False
FJ430548.1,True,False,False,False
FJ430549.1,True,False,False,False
FJ481901.1,True,False,False,False
FJ481902.1,True,False,False,False
FJ481903.1,True,False,False,False
FJ481904.1,True,False,False,False
FJ481905.1,True,False,False,False
FJ481906.1,True,False,False,False
FJ481907.1,True,False,False,False
FJ481908.1,True,False,False,False
FJ481909.1,True,False,False,False
FJ481910.1,True,False,False,False
FJ529822.1,True,False,False,True
FJ529823.1,True,False,False,True
FJ529824.1,True,False,False,True
FJ529825.1,True,False,False,True
FJ529826.1,True,False,False,True
FJ529827.1,True,False,False,True
FJ529828.1,True,False,False,True
FJ529829.1,True,False,False,True
FJ529830.1,True,False,False,True
FJ529831.1,True,False,False,True
FJ529832.1,True,False,False,True
FJ538900.1,True,False,False,False
FJ573213.1,True,False,False,True
FJ595890.1,True,False,False,False
FJ595891.1,True,False,False,False
FJ595892.1,True,False,False,False
FJ595893.1,True,False,False,False
FJ595894.1,True,False,False,False
FJ595895.1,True,False,False,False
FJ595896.1,True,False,False,False
FJ595897.1,True,False,False,False
FJ595898.1,True,False,False,False
FJ595899.1,True,False,False,False
FJ595900.1,True,False,False,False
FJ595901.1,True,False,False,False
FJ595902.1,True,False,False,False
FJ595903.1,True,False,False,False
FJ595904.1,True,False,False,False
FJ595905.1,True,False,False,False
FJ595906.1,True,False,False,False
FJ595907.1,True,False,False,False
FJ595908.1,True,False,False,False
FJ595909.1,True,False,False,False
FJ595910.1,True,False,False,False
FJ595911.1,True,False,False,False
FJ595912.1,True,False,False,False
FJ595913.1,True,False,False,False
FJ595914.1,True,False,False,False
FJ595915.1,True,False,False,False
FJ595916.1,True,False,False,False
FJ595917.1,True,False,False,False
FJ595918.1,True,False,False,False
FJ595919.1,True,False,False,False
FJ595920.1,True,False,False,False
FJ595921.1,True,False,False,False
FJ595922.1,True,False,False,False
FJ595923.1,True,False,False,False
FJ595924.1,True,False,False,False
FJ595925.1,True,False,False,False
FJ595926.1,True,False,False,False
FJ595927.1,True,False,False,True
FJ595928.1,True,False,False,True
FJ595929.1,True,False,False,True
FJ595930.1,True,False,False,True
FJ597544.1,True,False,False,True
FJ597545.1,True,False,False,True
FJ597546.1,True,False,False,True
FJ711163.1,True,False,False,True
FJ711164.1,True,False,False,True
FJ711165.1,True,False,False,True
FJ716628.1,True,False,False,True
FJ743692.1,True,False,False,True
FJ743693.1,True,False,False,True
FJ743694.1,True,False,False,True
FJ749255.1,True,False,False,False
FJ749256.1,True,False,False,False
FJ749257.1,True,False,False,False
FJ749258.1,True,False,False,False
FJ788285.1,True,False,False,True
FJ788286.1,True,False,False,True
FJ788287.1,True,False,False,True
FJ788288.1,True,False,False,True
FJ788289.1,True,False,False,True
FJ788290.1,True,False,False,True
FJ788291.1,True,False,False,True
FJ788292.1,True,False,False,True
FJ788293.1,True,False,False,True
FJ788294.1,True,False,False,True
FJ788295.1,True,False,False,True
FJ788296.1,True,False,False,True
FJ788297.1,True,False,False,True
FJ788298.1,True,False,False,True
FJ788299.1,True,False,False,True
FJ788300.1,True,False,False,True
FJ788301.1,True,False,False,True
FJ788302.2,True,False,False,True
FJ788303.1,True,False,False,True
FJ788304.1,True,False,False,True
FJ788305.1,True,False,False,True
FJ788306.1,True,False,False,True
FJ788307.1,True,False,False,True
FJ788308.1,True,False,False,True
FJ788309.1,True,False,False,True
FJ788310.1,True,False,False,True
FJ788311.1,True,False,False,True
FJ788312.1,True,False,False,True
FJ788313.1,True,False,False,True
FJ788314.1,True,False,False,True
FJ788315.1,True,False,False,True
FJ788316.1,True,False,False,True
FJ788317.1,True,False,False,True
FJ788318.1,True,False,False,True
FJ788319.1,True,False,False,True
FJ788320.1,True,False,False,True
FJ788321.1,True,False,False,True
FJ788322.1,True,False,False,True
FJ788323.1,True,False,False,True
FJ788324.1,True,False,False,True
FJ788325.1,True,False,False,True
FJ788326.1,True,False,False,True
FJ788327.1,True,False,False,True
FJ788328.1,True,False,False,True
FJ788329.1,True,False,False,True
FJ788330.1,True,False,False,True
FJ788331.1,True,False,False,True
FJ788332.1,True,False,False,True
FJ788333.1,True,False,False,True
FJ788334.1,True,False,False,True
FJ788335.1,True,False,False,True
FJ788336.1,True,False,False,True
FJ788337.1,True,False,False,True
FJ788338.1,True,False,False,True
FJ788339.1,True,False,False,True
FJ788340.1,True,False,False,True
FJ788341.1,True,False,False,True
FJ788342.1,True,False,False,True
FJ788343.1,True,False,False,True
FJ788344.1,True,False,False,True
FJ788345.1,True,False,False,True
FJ788346.1,True,False,False,True
FJ788347.1,True,False,False,True
FJ788348.1,True,False,False,True
FJ788349.1,True,False,False,True
FJ788350.1,True,False,False,True
FJ788351.1,True,False,False,True
FJ788352.1,True,False,False,True
FJ788353.1,True,False,False,True
FJ788354.1,True,False,False,True
FJ788355.1,True,False,False,True
FJ788356.1,True,False,False,True
FJ788357.1,True,False,False,True
FJ788358.1,True,False,False,True
FJ788359.1,True,False,False,True
FJ788360.1,True,False,False,True
FJ788361.1,True,False,False,True
FJ788362.1,True,False,False,True
FJ788363.1,True,False,False,True
FJ788364.1,True,False,False,True
FJ788365.1,True,False,False,True
FJ788366.1,True,False,False,True
FJ788367.1,True,False,False,True
FJ788368.1,True,False,False,True
FJ788369.1,True,False,False,True
FJ788370.1,True,False,False,True
FJ788371.1,True,False,False,True
FJ788372.1,True,False,False,True
FJ788373.1,True,False,False,True
FJ788374.1,True,False,False,True
FJ788375.1,True,False,False,True
FJ788376.1,True,False,False,True
FJ788377.1,True,False,False,True
FJ788378.1,True,False,False,True
FJ788379.1,True,False,False,True
FJ788380.1,True,False,False,True
FJ788381.1,True,False,False,True
FJ788382.1,True,False,False,True
FJ788383.1,True,False,False,True
FJ788384.1,True,False,False,True
FJ788385.1,True,False,False,True
FJ788386.1,True,False,False,True
FJ796686.1,True,False,False,True
FJ797840.1,True,False,False,True
FJ797841.1,True,False,False,True
FJ797842.1,True,False,False,True
FJ797843.1,True,False,False,True
FJ797844.1,True,False,False,True
FJ797845.1,True,False,False,True
FJ797846.1,True,False,False,True
FJ797847.1,True,False,False,True
FJ797848.1,True,False,False,True
FJ797849.1,True,False,False,True
FJ797850.1,True,False,False,True
FJ797851.1,True,False,False,True
FJ797852.1,True,False,False,True
FJ797853.1,True,False,False,True
FJ797854.1,True,False,False,True
FJ797855.1,True,False,False,True
FJ797856.1,True,False,False,True
FJ797857.1,True,False,False,True
FJ797858.1,True,False,False,True
FJ797859.1,True,False,False,True
FJ797860.1,True,False,False,True
FJ797861.1,True,False,False,True
FJ797862.1,True,False,False,True
FJ797863.1,True,False,False,True
FJ797864.1,True,False,False,True
FJ797865.1,True,False,False,True
FJ797866.1,True,False,False,True
FJ797867.1,True,False,False,True
FJ797868.1,True,False,False,True
FJ797869.1,True,False,False,True
FJ797870.1,True,False,False,True
FJ797871.1,True,False,False,True
FJ797872.1,True,False,False,True
FJ797873.1,True,False,False,True
FJ797874.1,True,False,False,True
FJ797875.1,True,False,False,True
FJ797876.1,True,False,False,True
FJ822049.1,True,False,False,True
FJ822050.1,True,False,False,True
FJ822052.1,True,False,False,True
FJ874634.1,True,False,False,True
FJ874635.1,True,False,False,True
FJ874636.1,True,False,False,True
FJ874637.1,True,False,False,True
FJ874638.1,True,False,False,True
FJ874639.1,True,False,False,True
FJ874640.1,True,False,False,True
FJ874641.1,True,False,False,True
FJ874642.1,True,False,False,True
FJ874643.1,True,False,False,True
FJ874644.1,True,False,False,True
FJ874645.1,True,False,False,True
FJ874646.1,True,False,False,True
FJ874647.1,True,False,False,True
FJ874648.1,True,False,False,True
FJ874649.1,True,False,False,True
FJ874650.1,True,False,False,True
FJ874651.1,True,False,False,True
FJ874652.1,True,False,False,True
FJ874653.1,True,False,False,True
FJ874654.1,True,False,False,True
FJ874655.1,True,False,False,True
FJ874656.1,True,False,False,True
FJ874657.1,True,False,False,True
FJ874658.1,True,False,False,True
FJ874659.1,True,False,False,True
FJ874660.1,True,False,False,True
FJ874661.1,True,False,False,True
FJ874662.1,True,False,False,True
FJ874663.1,True,False,False,True
FJ874664.1,True,False,False,True
FJ874665.1,True,False,False,True
FJ874666.1,True,False,False,True
FJ874667.1,True,False,False,True
FJ874668.1,True,False,False,True
FJ874669.1,True,False,False,True
FJ874670.1,True,False,False,True
FJ874671.1,True,False,False,True
FJ874672.1,True,False,False,True
FJ874673.1,True,False,False,True
FJ875971.1,True,False,False,True
FJ875972.1,True,False,False,True
FJ913891.1,True,False,False,True
FJ913892.1,True,False,False,True
FJ913893.1,True,False,False,True
FJ913894.1,True,False,False,True
FJ913895.1,True,False,False,True
FJ913896.1,True,False,False,True
FJ913897.1,True,False,False,True
FJ913898.1,True,False,False,True
FJ913899.1,True,False,False,True
FJ913900.1,True,False,False,True
FJ913901.1,True,False,False,True
FJ913902.1,True,False,False,True
FJ913903.1,True,False,False,True
FJ913904.1,True,False,False,True
FJ913905.1,True,False,False,True
FJ913906.1,True,False,False,True
FJ913907.1,True,False,False,True
FJ913908.1,True,False,False,True
FJ913909.1,True,False,False,True
FJ913910.1,True,False,False,True
FJ913911.1,True,False,False,True
FJ913912.1,True,False,False,True
FJ913913.1,True,False,False,True
FJ913914.1,True,False,False,True
FJ913915.1,True,False,False,True
FJ913916.1,True,False,False,True
FJ913917.1,True,False,False,True
FJ913918.1,True,False,False,True
FJ913919.1,True,False,False,True
FJ913920.1,True,False,False,True
FJ913921.1,True,False,False,True
FJ913922.1,True,False,False,True
FJ913923.1,True,False,False,True
FJ913924.1,True,False,False,True
FJ913925.1,True,False,False,True
FJ913926.1,True,False,False,True
FJ913927.1,True,False,False,True
FJ913928.1,True,False,False,True
FJ913929.1,True,False,False,True
FJ913930.1,True,False,False,True
FJ913931.1,True,False,False,True
FJ913932.1,True,False,False,True
FJ913933.1,True,False,False,True
FJ913934.1,True,False,False,True
FJ913935.1,True,False,False,True
FJ913936.1,True,False,False,True
FJ913937.1,True,False,False,True
FJ913938.1,True,False,False,True
FJ913939.1,True,False,False,True
FJ913940.1,True,False,False,True
FJ913941.1,True,False,False,True
FJ913942.1,True,False,False,True
FJ913943.1,True,False,False,True
FJ913944.1,True,False,False,True
FJ913945.1,True,False,False,True
FJ913946.1,True,False,False,True
FJ913947.1,True,False,False,True
FJ913948.1,True,False,False,True
FJ913949.1,True,False,False,True
FJ913950.1,True,False,False,True
FJ913951.1,True,False,False,True
FJ913952.1,True,False,False,True
FJ913953.1,True,False,False,True
FJ913954.1,True,False,False,True
FJ913955.1,True,False,False,True
FJ913956.1,True,False,False,True
FJ913957.1,True,False,False,True
FJ913958.1,True,False,False,True
FJ913959.1,True,False,False,True
FJ913960.1,True,False,False,True
FJ913961.1,True,False,False,True
FJ913962.1,True,False,False,True
FJ913963.1,True,False,False,True
FJ913964.1,True,False,False,True
FJ913965.1,True,False,False,True
FJ913966.1,True,False,False,True
FJ913967.1,True,False,False,True
FJ913968.1,True,False,False,True
FJ913969.1,True,False,False,True
FJ913970.1,True,False,False,True
FJ913971.1,True,False,False,True
FJ913972.1,True,False,False,True
FJ913973.1,True,False,False,False
FJ913974.1,True,False,False,False
FJ913975.1,True,False,False,False
FJ913976.1,True,False,False,False
FJ913977.1,True,False,False,False
FJ913978.1,True,False,False,False
FJ913979.1,True,False,False,False
FJ913980.1,True,False,False,False
FJ913981.1,True,False,False,False
FJ913982.1,True,False,False,False
FJ913983.1,True,False,False,False
FJ913984.1,True,False,False,False
FJ913985.1,True,False,False,False
FJ913986.1,True,False,False,False
FJ913987.1,True,False,False,False
FJ913988.1,True,False,False,False
FJ913989.1,True,False,False,False
FJ913990.1,True,False,False,False
FJ913991.1,True,False,False,False
FJ913992.1,True,False,False,False
FJ913993.1,True,False,False,False
FJ913994.1,True,False,False,False
FJ913995.1,True,False,False,False
FJ913996.1,True,False,False,False
FJ913997.1,True,False,False,False
FJ913998.1,True,False,False,False
FJ972694.1,True,False,False,False
FJ972695.1,True,False,False,False
FJ972696.1,True,False,False,False
FJ972697.1,True,False,False,False
FJ972698.1,True,False,False,False
FJ972699.1,True,False,False,False
FJ972700.1,True,False,False,False
FJ972701.1,True,False,False,False
FJ972702.1,True,False,False,False
FJ972703.1,True,False,False,False
FJ972704.1,True,False,False,False
FJ972705.1,True,False,False,False
FJ972706.1,True,False,False,False
FJ972707.1,True,False,False,False
FJ972708.1,True,False,False,False
FJ972709.1,True,False,False,False
FJ972710.1,True,False,False,False
FJ986373.1,True,False,False,True
FJ986374.1,True,False,False,True
FJ986375.1,True,False,False,True
FJ986376.1,True,False,False,True
FJ986377.1,True,False,False,True
FJ986378.1,True,False,False,True
FJ986379.1,True,False,False,True
FJ986380.1,True,False,False,True
FJ986381.1,True,False,False,True
FJ986382.1,True,False,False,True
FJ986383.1,True,False,False,True
FJ986384.1,True,False,False,True
FJ986385.1,True,False,False,True
FJ986386.1,True,False,False,True
FJ986387.1,True,False,False,True
FJ986388.1,True,False,False,True
FJ986570.1,True,False,False,True
FJ986571.1,True,False,False,True
FJ986572.1,True,False,False,True
FJ986573.1,True,False,False,True
FJ986574.1,True,False,False,True
FJ986575.1,True,False,False,True
FJ986576.1,True,False,False,True
FJ986577.1,True,False,False,True
FJ986578.1,True,False,False,True
FJ986579.1,True,False,False,True
FJ986580.1,True,False,False,True
FJ986581.1,True,False,False,True
FJ986582.1,True,False,False,True
FJ986583.1,True,False,False,True
FJ986584.1,True,False,False,True
FJ986585.1,True,False,False,True
FJ986586.1,True,False,False,True
FJ986587.1,True,False,False,True
FJ986588.1,True,False,False,True
FJ986589.1,True,False,False,True
FJ986590.1,True,False,False,True
FJ986591.1,True,False,False,True
FJ986592.1,True,False,False,True
FJ986593.1,True,False,False,True
FJ986594.1,True,False,False,True
FJ986595.1,True,False,False,True
FJ986596.1,True,False,False,True
FJ986597.1,True,False,False,True
FJ986598.1,True,False,False,True
FM212858.1,True,False,False,False
FM212859.1,True,False,False,False
FM212860.1,True,False,False,False
FM212861.1,True,False,False,False
FM212862.1,True,False,False,False
FM212863.1,True,False,False,False
FM212864.1,True,False,False,False
FM212865.1,True,False,False,False
FM212866.1,True,False,False,False
FM212867.1,True,False,False,False
FM212868.1,True,False,False,False
FM212869.1,True,False,False,False
FM212870.1,True,False,False,False
FM212871.1,True,False,False,False
FM212872.1,True,False,False,False
FM212873.1,True,False,False,False
FM212874.1,True,False,False,False
FM212875.1,True,False,False,False
FM212876.1,True,False,False,False
FM212877.1,True,False,False,False
FM212878.1,True,False,False,False
FM212879.1,True,False,False,False
FM212880.1,True,False,False,False
FM212881.1,True,False,False,False
FM212882.1,True,False,False,False
FM212883.1,True,False,False,False
FM212884.1,True,False,False,False
FM212885.1,True,False,False,False
FM212886.1,True,False,False,False
FM212887.1,True,False,False,False
FM212888.1,True,False,False,False
FM212889.1,True,False,False,False
FM212890.1,True,False,False,False
FM212891.1,True,False,False,False
FM212892.1,True,False,False,False
FM212893.1,True,False,False,False
FM212894.1,True,False,False,False
FM212895.1,True,False,False,False
FM212896.1,True,False,False,False
FM212897.1,True,False,False,False
FM212898.1,True,False,False,False
FM212899.1,True,False,False,False
FM212900.1,True,False,False,False
FM212901.1,True,False,False,False
FM212902.1,True,False,False,False
FM212903.1,True,False,False,False
FM212904.1,True,False,False,False
FM212905.1,True,False,False,False
FM212906.1,True,False,False,False
FM212907.1,True,False,False,False
FM212908.1,True,False,False,False
FN827111.1,True,False,False,False
FN827112.1,True,False,False,False
FN827113.1,True,False,False,False
FN827114.1,True,False,False,False
FN827115.1,True,False,False,False
FN827116.1,True,False,False,False
FN827117.1,True,False,False,False
FN827118.1,True,False,False,False
FN827119.1,True,False,False,False
FN827120.1,True,False,False,False
FN827121.1,True,False,False,False
FN827122.1,True,False,False,False
FN827123.1,True,False,False,False
FN827124.1,True,False,False,False
FN827125.1,True,False,False,False
FN827126.1,True,False,False,False
FN827127.1,True,False,False,False
FN827128.1,True,False,False,False
FN827129.1,True,False,False,False
FN827130.1,True,False,False,False
FN827131.1,True,False,False,False
FN827132.1,True,False,False,False
FN827133.1,True,False,False,False
FN827134.1,True,False,False,False
FN827135.1,True,False,False,False
FN827136.1,True,False,False,False
FN827137.1,True,False,False,False
FN827138.1,True,False,False,False
FN827139.1,True,False,False,False
FN827140.1,True,False,False,False
FN827141.1,True,False,False,False
FN827142.1,True,False,False,False
FN827143.1,True,False,False,False
FN827144.1,True,False,False,False
FN827145.1,True,False,False,False
FN827146.1,True,False,False,False
FN827147.1,True,False,False,False
FN827148.1,True,False,False,False
FN827149.1,True,False,False,False
FN827150.1,True,False,False,False
FN827151.1,True,False,False,False
FN827152.1,True,False,False,False
FN827153.1,True,False,False,False
FN827154.1,True,False,False,False
FN827155.1,True,False,False,False
FN827156.1,True,False,False,False
FN827157.1,True,False,False,False
FN827158.1,True,False,False,False
FN827159.1,True,False,False,False
GQ166482.1,True,False,False,False
GQ166483.1,True,False,False,False
GQ166484.1,True,False,False,False
GQ166485.1,True,False,False,False
GQ166486.1,True,False,True,False
GQ166487.1,True,False,False,False
GQ166488.1,True,False,False,False
GQ166489.1,True,False,False,True
GQ166490.1,True,False,False,False
GQ166491.1,True,False,False,False
GQ166492.1,True,False,False,False
GQ166493.1,True,False,False,True
GQ166494.1,True,False,False,False
GQ166495.1,True,False,False,False
GQ166496.1,True,False,True,True
GQ166497.1,True,False,False,True
GQ166498.1,True,False,False,False
GQ166499.1,True,False,False,True
GQ166500.1,True,False,False,True
GQ166501.1,True,False,False,True
GQ166502.1,True,False,False,False
GQ166503.1,True,False,False,False
GQ166504.1,True,False,False,False
GQ166505.1,True,False,False,True
GQ166506.1,True,False,False,True
GQ166507.1,True,False,False,True
GQ166508.1,True,False,False,True
GQ166509.1,True,False,False,True
GQ166510.1,True,False,False,True
GQ166511.1,True,False,False,True
GQ166512.1,True,False,False,True
GQ166513.1,True,False,False,True
GQ166514.1,True,False,False,True
GQ166515.1,True,False,False,True
GQ166516.1,True,False,False,True
GQ166517.1,True,False,False,True
GQ166518.1,True,False,False,True
GQ166519.1,True,False,False,True
GQ166520.1,True,False,False,True
GQ166521.1,True,False,False,True
GQ166522.1,True,False,False,True
GQ166523.1,True,False,False,True
GQ166524.1,True,False,False,True
GQ166525.1,True,False,False,True
GQ166526.1,True,False,False,True
GQ166527.1,True,False,False,True
GQ223399.1,True,False,False,True
GQ223400.1,True,False,False,True
GQ223401.1,True,False,False,True
GQ223402.1,True,False,False,True
GQ223403.1,True,False,False,True
GQ223404.1,True,False,False,True
GQ246791.1,True,False,False,False
GQ246792.1,True,False,False,False
GQ246793.1,True,False,False,False
GQ246794.1,True,False,False,False
GQ246795.1,True,False,False,False
GQ246796.1,True,False,False,False
GQ246797.1,True,False,False,False
GQ246798.1,True,False,False,False
GQ246799.1,True,False,False,False
GQ246800.1,True,False,False,False
GQ246801.1,True,False,False,False
GQ253109.1,True,False,False,False
GQ253110.1,True,False,False,False
GQ253111.1,True,False,False,False
GQ253112.1,True,False,False,False
GQ253113.1,True,False,False,False
GQ253114.1,True,False,False,False
GQ253115.1,True,False,False,False
GQ253116.1,True,False,False,False
GQ253117.1,True,False,False,False
GQ253118.1,True,False,False,False
GQ253119.1,True,False,False,False
GQ260165.1,True,False,False,True
GQ260166.1,True,False,False,True
GQ266690.1,True,False,False,True
GQ266691.1,True,False,False,True
GQ266692.1,True,False,False,True
GQ266693.1,True,False,False,True
GQ266694.1,True,False,False,True
GQ266695.1,True,False,False,True
GQ266696.1,True,False,False,True
GQ266697.1,True,False,False,True
GQ267195.1,True,False,False,True
GQ267196.1,True,False,False,True
GQ267197.1,True,False,False,True
GQ267198.1,True,False,False,True
GQ267199.1,True,False,False,True
GQ267200.1,True,False,False,True
GQ267201.1,True,False,False,True
GQ267202.1,True,False,False,True
GQ267203.1,True,False,False,True
GQ303445.1,True,False,False,False
GQ325663.1,True,False,False,True
GQ325664.1,True,False,False,True
GQ325665.1,True,False,False,True
GQ325666.1,True,False,False,True
GQ325667.1,True,False,False,True
GQ325668.1,True,False,False,True
GQ325669.1,True,False,False,True
GQ325670.1,True,False,False,True
GQ325671.1,True,False,False,True
GQ325672.1,True,False,False,True
GQ325673.1,True,False,False,True
GQ325674.1,True,False,False,True
GQ325675.1,True,False,False,True
GQ325676.1,True,False,False,True
GQ325677.1,True,False,False,True
GQ325678.1,True,False,False,True
GQ325679.1,True,False,False,True
GQ325680.1,True,False,False,True
GQ325681.1,True,False,False,True
GQ325682.1,True,False,False,True
GQ325683.1,True,False,False,True
GQ325684.1,True,False,False,True
GQ325685.1,True,False,False,True
GQ325686.1,True,False,False,True
GQ325687.1,True,False,False,True
GQ325688.1,True,False,False,True
GQ325689.1,True,False,False,True
GQ325690.1,True,False,False,True
GQ325691.1,True,False,False,True
GQ325692.1,True,False,False,True
GQ325693.1,True,False,False,True
GQ325694.1,True,False,False,True
GQ325695.1,True,False,False,True
GQ325696.1,True,False,False,True
GQ325697.1,True,False,False,True
GQ325698.1,True,False,False,True
GQ325699.1,True,False,False,True
GQ325700.1,True,False,False,True
GQ325701.1,True,False,False,True
GQ325702.1,True,False,False,True
GQ325703.1,True,False,False,True
GQ325704.1,True,False,False,True
GQ325705.1,True,False,False,True
GQ325706.1,True,False,False,True
GQ325707.1,True,False,False,True
GQ330907.1,True,False,False,False
GQ379132.1,True,False,False,True
GQ379133.1,True,False,False,True
GQ379134.1,True,False,False,True
GQ379135.1,True,False,False,True
GQ379136.1,True,False,False,True
GQ379137.1,True,False,False,True
GQ379138.1,True,False,False,True
GQ379139.1,True,False,False,True
GQ379140.1,True,False,False,True
GQ379141.1,True,False,False,True
GQ379142.1,True,False,False,True
GQ379143.1,True,False,False,True
GQ379144.1,True,False,False,True
GQ379145.1,True,False,False,True
GQ379146.1,True,False,False,True
GQ379147.1,True,False,False,True
GQ379148.1,True,False,False,True
GQ379149.1,True,False,False,True
GQ379150.1,True,False,False,True
GQ379151.1,True,False,False,True
GQ379152.1,True,False,False,True
GQ379153.1,True,False,False,True
GQ379154.1,True,False,False,True
GQ379155.1,True,False,False,True
GQ380642.1,True,False,False,True
GQ380643.1,True,False,False,True
GQ380644.1,True,False,False,True
GQ380645.1,True,False,False,True
GQ380646.1,True,False,False,True
GQ380647.1,True,False,False,True
GQ380648.1,True,False,False,True
GQ380649.1,True,False,False,True
GQ380650.1,True,False,False,True
GQ380651.1,True,False,False,True
GQ380652.1,True,False,False,True
GQ380653.1,True,False,False,True
GQ380654.1,True,False,False,True
GQ380655.1,True,False,False,True
GQ384446.1,True,False,False,True
GQ384447.1,True,False,False,True
GQ384448.1,True,False,False,True
GQ384449.1,True,False,False,True
GQ384450.1,True,False,False,True
GQ384451.1,True,False,False,True
GQ384452.1,True,False,False,True
GQ384453.1,True,False,False,True
GQ384454.1,True,False,False,True
GQ384455.1,True,False,False,True
GQ384456.1,True,False,False,True
GQ384457.1,True,False,False,True
GQ402166.1,True,False,False,True
GQ402329.1,True,False,False,False
GQ402330.1,True,False,False,False
GQ402331.1,True,False,False,False
GQ402332.1,True,False,False,False
GQ402333.1,True,False,False,False
GQ402334.1,True,False,False,False
GQ402335.1,True,False,False,False
GQ402336.1,True,False,False,False
GQ402337.1,True,False,False,False
GQ402338.1,True,False,False,False
GQ402339.1,True,False,False,False
GQ402340.1,True,False,False,False
GQ402341.1,True,False,False,False
GQ402342.1,True,False,False,False
GQ402343.1,True,False,False,False
GQ402344.1,True,False,False,False
GQ402345.1,True,False,False,False
GQ402346.1,True,False,False,False
GQ402347.1,True,False,False,False
GQ402348.1,True,False,False,False
GQ402349.1,True,False,False,False
GQ413969.1,True,False,False,False
GQ413970.1,True,False,False,False
GQ450280.1,True,False,False,True
GQ450281.1,True,False,False,True
GQ450282.1,True,False,False,True
GQ450283.1,True,False,False,True
GQ450284.1,True,False,False,True
GQ450285.1,True,False,False,True
GQ450286.1,True,False,False,True
GQ450287.1,True,False,False,True
GQ450288.1,True,False,False,True
GQ450289.1,True,False,False,True
GQ450290.1,True,False,False,True
GQ450291.1,True,False,False,True
GQ450292.1,True,False,False,True
GQ487570.1,True,False,False,True
GQ487571.1,True,False,False,True
GQ487572.1,True,False,False,True
GQ487573.1,True,False,False,True
GQ487574.1,True,False,False,True
GQ487575.1,True,False,False,True
GQ487576.1,True,False,False,True
GQ487577.1,True,False,False,True
GQ487578.1,True,False,False,True
GQ845311.1,True,False,False,False
GQ845312.2,True,False,False,False
GQ845313.1,True,False,False,False
GQ845314.1,True,False,False,False
GQ845315.1,True,False,False,False
GQ845316.1,True,False,False,False
GQ845317.2,True,False,False,False
GQ845318.2,True,False,False,False
GQ845319.1,True,False,False,False
GQ845320.1,True,False,False,False
GQ845321.1,True,False,False,False
GQ845322.2,True,False,False,False
GQ845323.1,True,False,False,False
GQ845324.1,True,False,False,False
GQ845325.1,True,False,False,False
GQ845326.1,True,False,False,False
GQ845327.1,True,False,False,False
GQ845328.1,True,False,False,False
GQ845329.2,True,False,False,False
GQ845330.1,True,False,False,False
GQ845331.1,True,False,False,False
GQ845332.2,True,False,False,False
GQ845333.1,True,False,False,False
GQ845334.1,True,False,False,False
GQ845335.1,True,False,False,False
GQ845336.3,True,False,False,False
GQ845337.2,True,False,False,False
GQ845338.1,True,False,False,False
GQ845339.1,True,False,False,False
GQ845340.1,True,False,False,False
GQ845341.2,True,False,False,False
GQ845342.1,True,False,False,False
GQ845343.1,True,False,False,False
GQ845344.1,True,False,False,False
GQ845345.2,True,False,False,False
GQ845346.1,True,False,False,False
GQ845347.1,True,False,False,False
GQ845348.1,True,False,False,False
GQ845349.1,True,False,False,False
GQ845350.1,True,False,False,False
GQ845351.1,True,False,False,False
GQ845352.1,True,False,False,False
GQ845353.1,True,False,False,False
GQ845354.1,True,False,False,False
GQ845355.1,True,False,False,False
GQ845356.1,True,False,False,False
GQ845357.1,True,False,False,False
GQ845358.1,True,False,False,False
GQ845359.1,True,False,False,False
GQ845360.1,True,False,False,False
GQ845361.1,True,False,False,False
GQ845362.1,True,False,False,False
GQ845363.1,True,False,False,False
GQ845364.1,True,False,False,False
GQ845365.1,True,False,False,False
GQ849126.1,True,False,False,True
GQ849127.1,True,False,False,True
GQ849128.1,True,False,False,True
GQ849129.1,True,False,False,True
GQ849130.1,True,False,False,True
GQ849131.1,True,False,False,False
GQ850882.1,True,False,False,False
GQ856371.1,True,False,False,False
GQ856372.1,True,False,False,False
GQ856373.1,True,False,False,False
GQ856374.1,True,False,False,False
GQ856375.1,True,False,False,False
GQ856376.1,True,False,False,False
GQ856377.1,True,False,False,False
GQ856378.1,True,False,False,False
GQ856379.1,True,False,False,False
GQ856380.1,True,False,False,False
GQ856381.1,True,False,False,False
GQ856382.1,True,False,False,False
GQ856383.1,True,False,False,False
GQ856384.1,True,False,False,False
GQ856385.1,True,False,False,False
GQ856386.1,True,False,False,False
GQ856387.1,True,False,False,False
GQ856388.1,True,False,False,False
GQ856389.1,True,False,False,False
GQ856390.1,True,False,False,False
GQ856391.1,True,False,False,False
GQ856392.1,True,False,False,False
GQ856393.1,True,False,False,False
GQ856394.1,True,False,False,False
GQ856395.1,True,False,False,False
GQ856396.1,True,False,False,False
GQ856397.1,True,False,False,False
GQ856398.1,True,False,False,False
GQ856399.1,True,False,False,False
GQ856400.1,True,False,False,False
GQ856401.1,True,False,False,False
GQ856402.1,True,False,False,False
GQ856403.1,True,False,False,False
GQ856404.1,True,False,False,False
GQ856405.1,True,False,False,False
GQ856406.1,True,False,False,False
GQ856407.1,True,False,False,False
GQ856408.1,True,False,False,False
GQ856409.1,True,False,False,False
GQ856410.1,True,False,False,False
GQ856411.1,True,False,False,False
GQ856412.1,True,False,False,False
GQ856413.1,True,False,False,False
GQ856414.1,True,False,False,False
GQ856415.1,True,False,False,False
GQ856416.1,True,False,False,False
GQ856417.1,True,False,False,False
GQ856418.1,True,False,False,False
GQ856419.1,True,False,False,False
GQ856420.1,True,False,False,False
GQ856421.1,True,False,False,False
GQ856422.1,True,False,False,False
GQ856423.1,True,False,False,False
GQ856424.1,True,False,False,False
GQ856425.1,True,False,False,False
GQ856426.1,True,False,False,False
GQ856427.1,True,False,False,False
GQ856428.1,True,False,False,False
GQ856429.1,True,False,False,False
GQ856430.1,True,False,False,False
GQ856431.1,True,False,False,False
GQ856432.1,True,False,False,False
GQ856433.1,True,False,False,False
GQ856434.1,True,False,False,False
GQ856435.1,True,False,False,False
GQ856436.1,True,False,False,False
GQ856437.1,True,False,False,False
GQ856438.1,True,False,False,False
GQ856439.1,True,False,False,False
GQ856440.1,True,False,False,False
GQ856441.1,True,False,False,False
GQ856442.1,True,False,False,False
GQ856443.1,True,False,False,False
GQ856444.1,True,False,False,False
GQ856445.1,True,False,False,False
GQ856446.1,True,False,False,False
GQ856447.1,True,False,False,False
GQ856448.1,True,False,False,True
GQ856449.1,True,False,False,False
GQ856450.1,True,False,False,False
GQ856451.1,True,False,False,False
GQ856452.1,True,False,False,False
GQ856453.1,True,False,False,False
GQ856454.1,True,False,False,False
GQ856455.1,True,False,False,False
GQ856456.1,True,False,False,False
GQ856457.1,True,False,False,False
GQ856458.1,True,False,False,False
GQ856459.1,True,False,False,False
GQ856460.1,True,False,False,False
GQ856461.1,True,False,False,False
GQ856462.1,True,False,False,False
GQ856463.1,True,False,False,False
GQ856464.1,True,False,False,False
GQ856465.1,True,False,False,True
GQ856466.1,True,False,False,False
GQ856467.1,True,False,False,False
GQ856468.1,True,False,False,False
GQ856469.1,True,False,False,False
GQ856470.1,True,False,False,False
GQ856471.1,True,False,False,False
GQ856472.1,True,False,False,False
GQ856473.1,True,False,False,False
GQ856474.1,True,False,False,False
GQ856475.1,True,False,False,False
GQ856476.1,True,False,False,False
GQ915100.1,True,False,False,True
GQ915101.1,True,False,False,True
GQ915102.1,True,False,False,True
GQ915103.1,True,False,False,True
GQ915104.1,True,False,False,True
GQ915105.1,True,False,False,True
GQ915106.1,True,False,False,True
GQ915107.1,True,False,False,True
GQ915108.1,True,False,False,True
GQ915109.1,True,False,False,True
GQ915110.1,True,False,False,True
GQ915111.1,True,False,False,True
GQ915112.1,True,False,False,True
GQ915113.1,True,False,False,True
GQ915114.1,True,False,False,True
GQ915115.1,True,False,False,True
GQ915116.1,True,False,False,True
GQ915117.1,True,False,False,True
GQ915118.1,True,False,False,True
GQ925067.1,True,False,False,True
GQ925068.1,True,False,False,True
GQ925069.1,True,False,False,True
GQ925070.1,True,False,False,True
GQ925071.1,True,False,False,True
GQ925072.1,True,False,False,True
GQ925073.1,True,False,False,True
GQ925074.1,True,False,False,True
GQ925075.1,True,False,False,True
GQ925076.1,True,False,False,True
GQ925077.1,True,False,False,True
GQ925078.1,True,False,False,True
GQ925079.1,True,False,False,True
GQ925080.1,True,False,False,True
GQ925081.1,True,False,False,True
GQ925082.1,True,False,False,True
GQ925083.1,True,False,False,True
GQ925084.1,True,False,False,True
GQ925085.1,True,False,False,True
GQ925086.1,True,False,False,True
GQ925087.1,True,False,False,True
GQ925088.1,True,False,False,True
GQ925089.1,True,False,False,True
GQ925090.1,True,False,False,True
GQ925091.1,True,False,False,True
GQ925092.1,True,False,False,True
GQ925093.1,True,False,False,True
GQ925094.1,True,False,False,True
GQ925095.1,True,False,False,True
GQ925096.1,True,False,False,True
GQ925097.1,True,False,False,True
GQ925098.1,True,False,False,True
GQ925099.1,True,False,False,True
GQ925100.1,True,False,False,True
GQ925101.1,True,False,False,True
GQ925102.1,True,False,False,True
GQ925103.1,True,False,False,True
GQ925104.1,True,False,False,True
GQ925105.1,True,False,False,True
GQ925106.1,True,False,False,True
GQ925107.1,True,False,False,True
GQ925108.1,True,False,False,True
GQ925109.1,True,False,False,True
GQ925110.1,True,False,False,True
GQ925111.1,True,False,False,True
GQ925112.1,True,False,False,True
GQ925113.1,True,False,False,True
GQ925114.1,True,False,False,True
GQ925115.1,True,False,False,True
GQ925116.1,True,False,False,True
GQ925117.1,True,False,False,True
GQ925118.1,True,False,False,True
GQ925119.1,True,False,False,True
GQ925120.1,True,False,False,True
GQ925121.1,True,False,False,True
GQ925122.1,True,False,False,True
GQ925123.1,True,False,False,True
GQ925124.1,True,False,False,True
GQ925125.1,True,False,False,True
GQ925126.1,True,False,False,True
GQ925127.1,True,False,False,True
GQ925128.1,True,False,False,True
GQ925129.1,True,False,False,True
GQ925130.1,True,False,False,True
GQ925131.1,True,False,False,True
GQ925132.1,True,False,False,True
GQ925133.1,True,False,False,True
GQ925134.1,True,False,False,True
GQ925135.1,True,False,False,True
GQ925136.1,True,False,False,True
GQ925137.1,True,False,False,True
GQ925138.1,True,False,False,True
GQ925139.1,True,False,False,True
GQ925140.1,True,False,False,True
GQ925141.1,True,False,False,True
GQ925142.1,True,False,False,True
GQ925143.1,True,False,False,True
GQ925144.1,True,False,False,True
GQ925145.1,True,False,False,True
GQ925146.1,True,False,False,True
GQ925147.1,True,False,False,True
GQ925148.1,True,False,False,True
GQ925149.1,True,False,False,True
GQ925150.1,True,False,False,True
GQ925151.1,True,False,False,True
GQ925152.1,True,False,False,True
GQ925153.1,True,False,False,True
GQ925154.1,True,False,False,True
GQ925155.1,True,False,False,True
GQ925156.1,True,False,False,True
GQ925157.1,True,False,False,True
GQ925158.1,True,False,False,True
GQ925159.1,True,False,False,True
GQ925160.1,True,False,False,True
GQ925161.1,True,False,False,True
GQ925162.1,True,False,False,True
GQ925163.1,True,False,False,True
GQ925164.1,True,False,False,True
GQ925165.1,True,False,False,True
GQ925166.1,True,False,False,True
GQ925167.1,True,False,False,True
GQ925168.1,True,False,False,True
GQ925169.1,True,False,False,True
GQ925170.1,True,False,False,True
GQ925171.1,True,False,False,True
GQ925172.1,True,False,False,True
GQ925173.1,True,False,False,True
GQ925174.1,True,False,False,True
GQ925175.1,True,False,False,True
GQ925176.1,True,False,False,True
GQ925177.1,True,False,False,True
GQ925178.1,True,False,False,True
GQ925179.1,True,False,False,True
GQ925180.1,True,False,False,True
GQ925181.1,True,False,False,True
GQ925182.1,True,False,False,True
GQ925183.1,True,False,False,True
GQ925184.1,True,False,False,True
GQ925185.1,True,False,False,True
GQ925186.1,True,False,False,True
GQ925187.1,True,False,False,True
GQ925188.1,True,False,False,True
GQ925189.1,True,False,False,True
GQ925190.1,True,False,False,True
GQ925191.1,True,False,False,True
GQ925192.1,True,False,False,True
GQ925193.1,True,False,False,True
GQ925194.1,True,False,False,True
GQ925195.1,True,False,False,True
GQ925196.1,True,False,False,True
GQ925197.1,True,False,False,True
GQ925198.1,True,False,False,True
GQ925199.1,True,False,False,True
GQ925200.1,True,False,False,True
GQ925201.1,True,False,False,True
GQ925202.1,True,False,False,True
GQ925203.1,True,False,False,True
GQ925204.1,True,False,False,True
GQ925205.1,True,False,False,True
GQ925206.1,True,False,False,True
GQ925207.1,True,False,False,True
GQ925208.1,True,False,False,True
GQ925209.1,True,False,False,True
GQ925210.1,True,False,False,True
GQ925211.1,True,False,False,True
GQ925212.1,True,False,False,True
GQ925213.1,True,False,False,True
GQ925214.1,True,False,False,True
GQ925215.1,True,False,False,True
GQ925216.1,True,False,False,True
GQ925217.1,True,False,False,True
GQ925218.1,True,False,False,True
GQ925219.1,True,False,False,True
GQ925220.1,True,False,False,True
GQ925221.1,True,False,False,True
GQ925222.1,True,False,False,True
GQ925223.1,True,False,False,True
GQ925224.1,True,False,False,True
GQ925225.1,True,False,False,True
GQ925226.1,True,False,False,True
GQ925227.1,True,False,False,True
GQ925228.1,True,False,False,True
GQ925229.1,True,False,False,True
GQ925230.1,True,False,False,True
GQ925231.1,True,False,False,True
GQ925232.1,True,False,False,True
GQ925233.1,True,False,False,True
GQ925234.1,True,False,False,True
GQ925235.1,True,False,False,True
GQ925236.1,True,False,False,True
GQ925237.1,True,False,False,True
GQ925238.1,True,False,False,True
GQ925239.1,True,False,False,True
GQ925240.1,True,False,False,True
GQ925241.1,True,False,False,True
GQ925242.1,True,False,False,True
GQ925243.1,True,False,False,True
GQ925244.1,True,False,False,True
GQ925245.1,True,False,False,True
GQ925246.1,True,False,False,True
GU012316.1,True,False,False,True
GU012317.1,True,False,False,True
GU012318.1,True,False,False,True
GU012319.1,True,False,False,True
GU012320.1,True,False,False,True
GU012321.1,True,False,False,True
GU012322.1,True,False,False,True
GU012323.1,True,False,False,True
GU012324.1,True,False,False,True
GU012325.1,True,False,False,True
GU012326.1,True,False,False,True
GU012327.1,True,False,False,True
GU012328.1,True,False,False,True
GU012329.1,True,False,False,True
GU012330.1,True,False,False,True
GU012331.1,True,False,False,True
GU012332.1,True,False,False,True
GU012333.1,True,False,False,True
GU012334.1,True,False,False,True
GU012335.1,True,False,False,True
GU012336.1,True,False,False,True
GU012337.1,True,False,False,True
GU012338.1,True,False,False,True
GU012339.1,True,False,False,True
GU012340.1,True,False,False,True
GU012341.1,True,False,False,True
GU012342.1,True,False,False,True
GU012343.1,True,False,False,True
GU012344.1,True,False,False,True
GU012345.1,True,False,False,True
GU017736.1,True,False,False,True
GU017737.1,True,False,False,True
GU017738.1,True,False,False,True
GU017900.1,True,False,False,False
GU017901.1,True,False,False,False
GU017902.1,True,False,False,False
GU017904.1,True,False,False,False
GU017905.1,True,False,False,False
GU017906.1,True,False,False,False
GU017907.1,True,False,False,False
GU017908.1,True,False,False,False
GU045585.1,True,False,False,True
GU120361.1,True,False,False,False
GU120362.1,True,False,False,False
GU120363.1,True,False,False,False
GU120364.1,True,False,False,False
GU120365.1,True,False,False,True
GU120366.1,True,False,False,True
GU120367.1,True,False,False,False
GU120368.1,True,False,False,True
GU120369.1,True,False,False,True
GU120370.1,True,False,False,True
GU120371.1,True,False,False,True
GU120372.1,True,False,False,True
GU120373.1,True,False,False,False
GU120374.1,True,False,False,False
GU120375.1,True,False,False,True
GU120376.1,True,False,False,True
GU120377.1,True,False,False,True
GU120378.1,True,False,False,False
GU120379.1,True,False,False,True
GU120380.1,True,False,False,True
GU120381.1,True,False,False,True
GU120382.1,True,False,False,False
GU120383.1,True,False,False,False
GU120384.1,True,False,False,True
GU120385.1,True,False,False,True
GU120386.1,True,False,False,False
GU120387.1,True,False,False,True
GU120388.1,True,False,False,False
GU120389.1,True,False,False,True
GU132457.1,True,False,False,False
GU132458.1,True,False,False,False
GU132459.1,True,False,False,False
GU132460.1,True,False,False,False
GU132461.1,True,False,False,False
GU132462.1,True,False,False,False
GU132463.1,True,False,False,False
GU132464.1,True,False,False,False
GU132465.1,True,False,False,False
GU132466.1,True,False,False,False
GU132467.1,True,False,False,False
GU132468.1,True,False,False,False
GU132469.1,True,False,False,False
GU132470.1,True,False,False,False
GU134965.1,True,False,False,False
GU138161.3,True,False,True,False
GU138164.1,True,False,False,False
GU138165.1,True,False,False,False
GU138166.2,False,False,True,False
GU138167.2,False,False,True,False
GU138168.1,True,False,False,False
GU138169.1,True,False,False,False
GU138170.1,True,False,False,False
GU138171.1,True,False,False,False
GU138172.1,True,False,False,False
GU138173.1,True,False,False,False
GU138174.2,False,False,True,False
GU138175.2,False,False,True,False
GU138178.1,True,False,False,False
GU138179.1,True,False,False,False
GU138180.1,True,False,False,False
GU138181.2,False,False,True,False
GU138182.1,True,False,False,False
GU138183.1,True,False,False,False
GU138184.1,True,False,False,False
GU138185.1,True,False,False,False
GU138186.1,True,False,False,False
GU138187.1,True,False,False,False
GU138188.1,True,False,False,False
GU138189.1,True,False,False,False
GU138190.1,True,False,False,False
GU138191.1,True,False,False,False
GU138192.1,True,False,False,False
GU138193.1,True,False,False,False
GU138194.1,True,False,False,False
GU138195.1,True,False,False,False
GU138196.1,True,False,False,False
GU138197.1,True,False,False,False
GU138198.1,True,False,False,False
GU138199.1,True,False,False,False
GU138200.1,True,False,False,False
GU138201.1,True,False,False,False
GU138202.2,False,False,True,False
GU138203.2,False,False,True,False
GU138204.1,True,False,False,False
GU138205.1,True,False,False,False
GU138206.1,True,False,False,False
GU138207.1,True,False,False,False
GU138209.1,True,False,False,False
GU138224.2,False,False,True,False
GU138225.1,True,False,False,False
GU138226.1,True,False,False,False
GU138227.1,True,False,False,False
GU138228.1,True,False,False,False
GU138229.1,True,False,False,False
GU138230.1,True,False,False,False
GU138231.1,True,False,False,False
GU138232.1,True,False,False,False
GU138233.1,True,False,False,False
GU138234.1,True,False,False,False
GU138235.1,True,False,False,False
GU138236.1,True,False,False,False
GU138237.1,True,False,False,False
GU138238.1,True,False,False,False
GU138767.1,True,False,False,True
GU138768.1,True,False,False,True
GU138769.1,True,False,False,True
GU138770.1,True,False,False,True
GU138771.1,True,False,False,True
GU138772.1,True,False,False,True
GU139361.1,True,False,False,True
GU139362.1,True,False,False,True
GU139363.1,True,False,False,True
GU139364.1,True,False,False,True
GU139365.1,True,False,False,True
GU139366.1,True,False,False,True
GU139367.1,True,False,False,True
GU139368.1,True,False,False,True
GU186913.1,True,False,False,True
GU188279.1,True,False,False,False
GU188280.1,True,False,False,True
GU205183.1,True,False,False,False
GU205184.1,True,False,False,False
GU205185.1,True,False,False,False
GU205186.1,True,False,False,False
GU205187.1,True,False,False,False
GU228528.1,True,False,False,True
GU228529.1,True,False,False,True
GU228530.1,True,False,False,True
GU228531.1,True,False,False,True
GU228532.1,True,False,False,True
GU228533.1,True,False,False,True
GU228534.1,True,False,False,True
GU228535.1,True,False,False,True
GU228536.1,True,False,False,True
GU228537.1,True,False,False,True
GU228538.1,True,False,False,True
GU228539.1,True,False,False,True
GU228540.1,True,False,False,True
GU228541.1,True,False,False,True
GU228542.1,True,False,False,True
GU228543.1,True,False,False,True
GU228544.1,True,False,False,True
GU228545.1,True,False,False,True
GU228546.1,True,False,False,True
GU228547.1,True,False,False,True
GU228548.1,True,False,False,True
GU228549.2,False,False,True,False
GU228550.1,True,False,False,True
GU228551.1,True,False,False,True
GU228552.1,True,False,False,True
GU228553.1,True,False,False,True
GU228554.1,True,False,False,True
GU228555.1,True,False,False,True
GU228556.1,True,False,False,True
GU228557.1,True,False,False,True
GU228558.1,True,False,False,True
GU228559.1,True,False,False,True
GU228560.1,True,False,False,True
GU228561.1,True,False,False,True
GU228562.1,True,False,False,True
GU228563.1,True,False,False,True
GU228564.1,True,False,False,True
GU228565.1,True,False,False,True
GU228566.1,True,False,False,True
GU228567.1,True,False,False,True
GU228568.1,True,False,False,True
GU228569.1,True,False,False,False
GU228570.1,True,False,False,False
GU229659.1,True,False,False,False
GU229660.1,True,False,False,False
GU229661.1,True,False,False,False
GU229662.1,True,False,False,False
GU229663.1,True,False,False,False
GU229664.1,True,False,False,False
GU229665.1,True,False,False,False
GU229666.1,True,False,False,False
GU229667.1,True,False,False,False
GU229668.1,True,False,False,False
GU229669.1,True,False,False,False
GU248216.1,True,False,False,True
GU248217.1,True,False,False,True
GU248218.1,True,False,False,True
GU252722.1,True,False,False,True
GU252723.1,True,False,False,True
GU252724.1,True,False,False,True
GU252725.1,True,False,False,True
GU252726.1,True,False,False,True
GU252727.1,True,False,False,True
GU252728.1,True,False,False,True
GU252729.1,True,False,False,True
GU252730.1,True,False,False,True
GU252731.1,True,False,False,True
GU252732.1,True,False,False,True
GU252733.1,True,False,False,True
GU252734.1,True,False,False,True
GU252735.1,True,False,False,True
GU252736.1,True,False,False,True
GU252737.1,True,False,False,True
GU252738.1,True,False,False,True
GU252739.1,True,False,False,True
GU252740.1,True,False,False,True
GU252741.1,True,False,False,True
GU252742.1,True,False,False,True
GU252743.1,True,False,False,True
GU252744.1,True,False,False,True
GU252745.1,True,False,False,True
GU252746.1,True,False,False,True
GU252747.1,True,False,False,True
GU252748.1,True,False,False,True
GU252749.1,True,False,False,True
GU252750.1,True,False,False,True
GU252751.1,True,False,False,True
GU252752.1,True,False,False,True
GU252753.1,True,False,False,True
GU252754.1,True,False,False,True
GU252755.1,True,False,False,True
GU252756.1,True,False,False,True
GU252757.1,True,False,False,True
GU252758.1,True,False,False,True
GU252759.1,True,False,False,True
GU252760.1,True,False,False,True
GU252761.1,True,False,False,True
GU270580.1,True,False,False,False
GU292826.1,True,False,False,False
GU292827.1,True,False,False,False
GU292828.1,True,False,False,False
GU292829.1,True,False,False,False
GU292830.1,True,False,False,False
GU292832.1,True,False,False,False
GU292833.2,False,False,True,False
GU292834.1,True,False,False,False
GU292835.1,True,False,False,False
GU292836.1,True,False,False,False
GU292837.1,True,False,False,False
GU292838.1,True,False,False,False
GU292839.1,True,False,False,False
GU292840.1,True,False,False,False
GU292841.1,True,False,False,False
GU292842.2,False,False,True,False
GU292843.1,True,False,False,False
GU292844.1,True,False,False,False
GU292845.1,True,False,False,False
GU292846.1,True,False,False,False
GU292847.1,True,False,False,False
GU292848.1,True,False,False,False
GU292849.1,True,False,False,False
GU292850.1,True,False,False,False
GU292852.1,True,False,False,False
GU296356.1,True,False,False,False
GU299761.1,True,False,False,False
GU339305.1,True,False,False,True
GU339306.1,True,False,False,True
GU339307.1,True,False,False,True
GU339308.1,True,False,False,True
GU339309.1,True,False,False,True
GU339310.1,True,False,False,True
GU339311.1,True,False,False,True
GU339312.1,True,False,False,True
GU339313.1,True,False,False,True
GU339314.1,True,False,False,True
GU339315.1,True,False,False,True
GU339316.1,True,False,False,True
GU339317.1,True,False,False,True
GU339318.1,True,False,False,True
GU339319.1,True,False,False,True
GU339320.1,True,False,False,True
GU339321.1,True,False,False,True
GU339322.1,True,False,False,True
GU339323.1,True,False,False,True
GU339324.1,True,False,False,True
GU339325.1,True,False,False,True
GU339326.1,True,False,False,True
GU339327.1,True,False,False,True
GU339328.1,True,False,False,True
GU339329.1,True,False,False,True
GU339330.1,True,False,False,True
GU339331.1,True,False,False,True
GU339332.1,True,False,False,True
GU339333.1,True,False,False,True
GU339334.1,True,False,False,True
GU350225.1,True,False,False,True
GU370930.1,True,False,False,False
GU370931.1,True,False,False,False
GU370932.1,True,False,False,False
GU370933.1,True,False,False,False
GU370934.1,True,False,False,False
GU370935.1,True,False,False,False
GU370936.1,True,False,False,False
GU370937.1,True,False,False,False
GU385880.1,True,False,False,True
GU385881.1,True,False,False,True
GU385882.1,True,False,False,True
GU385883.1,True,False,False,True
GU385884.1,True,False,False,True
GU385885.1,True,False,False,True
GU385886.1,True,False,False,True
GU385887.1,True,False,False,True
GU385888.1,True,False,False,True
GU385889.1,True,False,False,True
GU385890.1,True,False,False,True
GU385891.1,True,False,False,True
GU385892.1,True,False,False,True
GU390900.1,True,False,False,True
GU390901.1,True,False,False,True
GU390902.1,True,False,False,True
GU474950.1,True,False,False,True
GU474951.1,True,False,False,True
GU474952.1,True,False,False,True
GU474953.1,True,False,False,True
GU474954.1,True,False,False,True
GU474955.1,True,False,False,True
GU556167.1,True,False,False,False
GU567779.1,True,False,False,False
GU567780.1,True,False,False,False
GU567781.1,True,False,False,False
GU567782.1,True,False,False,False
GU567783.1,True,False,False,False
GU567784.1,True,False,False,False
GU567785.1,True,False,False,False
GU567786.1,True,False,False,False
GU567787.1,True,False,False,False
GU567788.1,True,False,False,False
GU567789.1,True,False,False,False
GU567790.1,True,False,False,False
GU567791.1,True,False,False,False
GU567792.1,True,False,False,False
GU567793.1,True,False,False,False
GU567794.1,True,False,False,False
GU567795.1,True,False,False,False
GU567796.1,True,False,False,False
GU567797.1,True,False,False,False
GU567798.1,True,False,False,False
GU567799.1,True,False,False,False
GU567800.1,True,False,False,False
GU567801.1,True,False,False,False
GU567802.1,True,False,False,False
GU567803.1,True,False,False,False
GU567804.1,True,False,False,False
GU567805.1,True,False,False,False
GU567806.1,True,False,False,False
GU594163.1,True,False,False,False
GU594164.1,True,False,False,False
GU594165.1,True,False,False,False
GU724780.1,True,False,False,True
GU811690.1,True,False,False,True
GU930737.1,True,False,False,False
GU937002.1,True,False,False,True
GU937448.1,True,False,False,True
GU937449.1,True,False,False,True
GU937450.1,True,False,False,True
GU937451.1,True,False,False,True
GU937452.1,True,False,False,True
GU937453.1,True,False,False,True
GU937454.1,True,False,False,True
GU937455.1,True,False,False,True
GU937456.1,True,False,False,True
GU937457.1,True,False,False,True
GU937458.1,True,False,False,True
GU937459.1,True,False,False,True
GU937460.1,True,False,False,True
GU937461.1,True,False,False,True
GU937462.1,True,False,False,True
GU937463.1,True,False,False,True
GU937464.1,True,False,False,True
GU937465.1,True,False,False,True
GU969054.1,True,False,False,True
GU969055.1,True,False,False,True
GU969056.1,True,False,False,True
GU969057.1,True,False,False,True
GU969058.1,True,False,False,False
GU969059.1,True,False,False,False
HE716437.1,True,False,False,False
HE716438.1,True,False,False,False
HE716439.1,True,False,False,False
HE716440.1,True,False,False,False
HE716441.1,True,False,False,False
HE716442.1,True,False,False,False
HE716443.1,True,False,False,False
HE716444.1,True,False,False,False
HE716445.1,True,False,False,False
HE716446.1,True,False,False,False
HE716447.1,True,False,False,False
HE716448.1,True,False,False,False
HE716449.1,True,False,False,False
HE716450.1,True,False,False,False
HE716451.1,True,False,False,False
HE716452.1,True,False,False,False
HE716453.1,True,False,False,False
HE716454.1,True,False,False,False
HE716455.1,True,False,False,False
HE716456.1,True,False,False,False
HE716457.1,True,False,False,False
HE716458.1,True,False,False,False
HE716459.1,True,False,False,False
HE716460.1,True,False,False,False
HE716461.1,True,False,False,False
HE716462.1,True,False,False,False
HE716463.1,True,False,False,False
HE716464.1,True,False,False,False
HE716465.1,True,False,False,False
HE716466.1,True,False,False,False
HE716467.1,True,False,False,False
HE716468.1,True,False,False,False
HE716469.1,True,False,False,False
HE716470.1,True,False,False,False
HE716471.1,True,False,False,False
HE716472.1,True,False,False,False
HE716473.1,True,False,False,False
HE716474.1,True,False,False,False
HE716475.1,True,False,False,False
HE716476.1,True,False,False,False
HE716477.1,True,False,False,False
HE716478.1,True,False,False,False
HE716479.1,True,False,False,False
HE716480.1,True,False,False,False
HE716481.1,True,False,False,False
HE716482.1,True,False,False,False
HE716483.1,True,False,False,False
HE716484.1,True,False,False,False
HE716485.1,True,False,False,False
HE716486.1,True,False,False,False
HE716487.1,True,False,False,False
HE716488.1,True,False,False,False
HE716489.1,True,False,False,False
HE716490.1,True,False,False,False
HE716491.1,True,False,False,False
HE716492.1,True,False,False,False
HE716493.1,True,False,False,False
HE716494.1,True,False,False,False
HE716495.1,True,False,False,False
HE716496.1,True,False,False,False
HE716497.1,True,False,False,False
HE716498.1,True,False,False,False
HE716499.1,True,False,False,False
HE716500.1,True,False,False,False
HE716501.1,True,False,False,False
HE716502.1,True,False,False,False
HE716503.1,True,False,False,False
HE716504.1,True,False,False,False
HE716505.1,True,False,False,False
HE716506.1,True,False,False,False
HE716507.1,True,False,False,False
HE716508.1,True,False,False,False
HE716509.1,True,False,False,False
HE716510.1,True,False,False,False
HE716511.1,True,False,False,False
HE716512.1,True,False,False,False
HE716513.1,True,False,False,False
HE716514.1,True,False,False,False
HE716515.1,True,False,False,False
HE716516.1,True,False,False,False
HE716517.1,True,False,False,False
HE716518.1,True,False,False,False
HE716519.1,True,False,False,False
HE716520.1,True,False,False,False
HE716521.1,True,False,False,False
HE716522.1,True,False,False,False
HE716523.1,True,False,False,False
HE716524.1,True,False,False,False
HE716525.1,True,False,False,False
HE716526.1,True,False,False,False
HE716527.1,True,False,False,False
HE716528.1,True,False,False,False
HE716529.1,True,False,False,False
HE716530.1,True,False,False,False
HE716531.1,True,False,False,False
HE716532.1,True,False,False,False
HE716533.1,True,False,False,False
HE716534.1,True,False,False,False
HE716535.1,True,False,False,False
HE716536.1,True,False,False,False
HE716537.1,True,False,False,False
HE716538.1,True,False,False,False
HE716539.1,True,False,False,False
HE716540.1,True,False,False,False
HE716541.1,True,False,False,False
HE716542.1,True,False,False,False
HE716543.1,True,False,False,False
HE716544.1,True,False,False,False
HE716545.1,True,False,False,False
HE716546.1,True,False,False,False
HE716547.1,True,False,False,False
HE716548.1,True,False,False,False
HE716549.1,True,False,False,False
HE716550.1,True,False,False,False
HE716551.1,True,False,False,False
HE716552.1,True,False,False,False
HE716553.1,True,False,False,False
HE716554.1,True,False,False,False
HE716555.1,True,False,False,False
HE716556.1,True,False,False,False
HE716557.1,True,False,False,False
HE716558.1,True,False,False,False
HE716559.1,True,False,False,False
HE716560.1,True,False,False,False
HE716561.1,True,False,False,False
HE716562.1,True,False,False,False
HE716563.1,True,False,False,False
HE716564.1,True,False,False,False
HE716565.1,True,False,False,False
HE716566.1,True,False,False,False
HE716567.1,True,False,False,False
HE716568.1,True,False,False,False
HE716569.1,True,False,False,False
HE716570.1,True,False,False,False
HE716571.1,True,False,False,False
HE716572.1,True,False,False,False
HE716573.1,True,False,False,False
HE716574.1,True,False,False,False
HE716575.1,True,False,False,False
HE716576.1,True,False,False,False
HE716577.1,True,False,False,False
HE716578.1,True,False,False,False
HE716579.1,True,False,False,False
HE716580.1,True,False,False,False
HE716581.1,True,False,False,False
HE716582.1,True,False,False,False
HE716583.1,True,False,False,False
HE716584.1,True,False,False,False
HE716585.1,True,False,False,False
HE716586.1,True,False,False,False
HE716587.1,True,False,False,False
HE716588.1,True,False,False,False
HE716589.1,True,False,False,False
HE716590.1,True,False,False,False
HE716591.1,True,False,False,False
HE716592.1,True,False,False,False
HE716593.1,True,False,False,False
HE716594.1,True,False,False,False
HE716595.1,True,False,False,False
HE716596.1,True,False,False,False
HE716597.1,True,False,False,False
HE716598.1,True,False,False,False
HE716599.1,True,False,False,False
HE716600.1,True,False,False,False
HE716601.1,True,False,False,False
HE716602.1,True,False,False,False
HE716603.1,True,False,False,False
HE716604.1,True,False,False,False
HE716605.1,True,False,False,False
HE716606.1,True,False,False,False
HE716607.1,True,False,False,False
HE716608.1,True,False,False,False
HE716609.1,True,False,False,False
HE716610.1,True,False,False,False
HE716611.1,True,False,False,False
HE716612.1,True,False,False,False
HE716613.1,True,False,False,False
HE716614.1,True,False,False,False
HE716615.1,True,False,False,False
HE716616.1,True,False,False,False
HE716617.1,True,False,False,False
HE716618.1,True,False,False,False
HE716619.1,True,False,False,False
HE716620.1,True,False,False,False
HE716621.1,True,False,False,False
HE716622.1,True,False,False,False
HE716623.1,True,False,False,False
HE716624.1,True,False,False,False
HE716625.1,True,False,False,False
HE716626.1,True,False,False,False
HE716627.1,True,False,False,False
HE716628.1,True,False,False,False
HE716629.1,True,False,False,False
HE716630.1,True,False,False,False
HE716631.1,True,False,False,False
HE716632.1,True,False,False,False
HE716633.1,True,False,False,False
HE716634.1,True,False,False,False
HE716635.1,True,False,False,False
HE716636.1,True,False,False,False
HE716637.1,True,False,False,False
HE716638.1,True,False,False,False
HE716639.1,True,False,False,False
HE716640.1,True,False,False,False
HE716641.1,True,False,False,False
HE716642.1,True,False,False,False
HE716643.1,True,False,False,False
HE716644.1,True,False,False,False
HE716645.1,True,False,False,False
HE716646.1,True,False,False,False
HE716647.1,True,False,False,False
HE716648.1,True,False,False,False
HE716649.1,True,False,False,False
HE716650.1,True,False,False,False
HE716651.1,True,False,False,False
HE716652.1,True,False,False,False
HE716653.1,True,False,False,False
HE716654.1,True,False,False,False
HE716655.1,True,False,False,False
HE716656.1,True,False,False,False
HE716657.1,True,False,False,False
HE716658.1,True,False,False,False
HE716659.1,True,False,False,False
HE716660.1,True,False,False,False
HE716661.1,True,False,False,False
HE716662.1,True,False,False,False
HE716663.1,True,False,False,False
HE716664.1,True,False,False,False
HE716665.1,True,False,False,False
HE716666.1,True,False,False,False
HE716667.1,True,False,False,False
HE716668.1,True,False,False,False
HE716669.1,True,False,False,False
HE716670.1,True,False,False,False
HE716671.1,True,False,False,False
HE716672.1,True,False,False,False
HE716673.1,True,False,False,False
HE716674.1,True,False,False,False
HE716675.1,True,False,False,False
HE716676.1,True,False,False,False
HE716677.1,True,False,False,False
HE716678.1,True,False,False,False
HE716679.1,True,False,False,False
HE716680.1,True,False,False,False
HE716681.1,True,False,False,False
HE716682.1,True,False,False,False
HE716683.1,True,False,False,False
HE716684.1,True,False,False,False
HE716685.1,True,False,False,False
HE716686.1,True,False,False,False
HE716687.1,True,False,False,False
HE716688.1,True,False,False,False
HE716689.1,True,False,False,False
HE716690.1,True,False,False,False
HE716691.1,True,False,False,False
HE716692.1,True,False,False,False
HE716693.1,True,False,False,False
HE716694.1,True,False,False,False
HE716695.1,True,False,False,False
HE716696.1,True,False,False,False
HE716697.1,True,False,False,False
HE716698.1,True,False,False,False
HE716699.1,True,False,False,False
HE716700.1,True,False,False,False
HE716701.1,True,False,False,False
HE716702.1,True,False,False,False
HE716703.1,True,False,False,False
HE716704.1,True,False,False,False
HE716705.1,True,False,False,False
HE716706.1,True,False,False,False
HE716707.1,True,False,False,False
HE716708.1,True,False,False,False
HE716709.1,True,False,False,False
HE716710.1,True,False,False,False
HE716711.1,True,False,False,False
HE716712.1,True,False,False,False
HE716713.1,True,False,False,False
HE716714.1,True,False,False,False
HE716715.1,True,False,False,False
HE716716.1,True,False,False,False
HE716717.1,True,False,False,False
HE716718.1,True,False,False,False
HE716719.1,True,False,False,False
HE716720.1,True,False,False,False
HE716721.1,True,False,False,False
HE716722.1,True,False,False,False
HE716723.1,True,False,False,False
HE716724.1,True,False,False,False
HE716725.1,True,False,False,False
HE716726.1,True,False,False,False
HE716727.1,True,False,False,False
HE716728.1,True,False,False,False
HE716729.1,True,False,False,False
HE716730.1,True,False,False,False
HE716731.1,True,False,False,False
HE716732.1,True,False,False,False
HE716733.1,True,False,False,False
HE716734.1,True,False,False,False
HE716735.1,True,False,False,False
HE716736.1,True,False,False,False
HE716737.1,True,False,False,False
HE716738.1,True,False,False,False
HE716739.1,True,False,False,False
HE716740.1,True,False,False,False
HE716741.1,True,False,False,False
HE716742.1,True,False,False,False
HE716743.1,True,False,False,False
HE716744.1,True,False,False,False
HE716745.1,True,False,False,False
HE716746.1,True,False,False,False
HE716747.1,True,False,False,False
HE716748.1,True,False,False,False
HE716749.1,True,False,False,False
HE716750.1,True,False,False,False
HE716751.1,True,False,False,False
HE861863.1,True,False,False,True
HE861864.1,True,False,False,True
HE861865.1,True,False,False,True
HE861866.1,True,False,False,True
HE861867.1,True,False,False,True
HE861868.1,True,False,False,True
HE861869.1,True,False,False,True
HE861870.1,True,False,False,True
HE861871.1,True,False,False,True
HE861872.1,True,False,False,True
HE861873.1,True,False,False,True
HE861874.1,True,False,False,True
HE861875.1,True,False,False,True
HE861876.1,True,False,False,True
HM055926.1,True,False,False,True
HM055927.1,True,False,False,True
HM055928.1,True,False,False,True
HM055929.1,True,False,False,True
HM055930.1,True,False,False,True
HM055931.1,True,False,False,True
HM055932.1,True,False,False,True
HM055933.1,True,False,False,True
HM055934.1,True,False,False,True
HM055935.1,True,False,False,True
HM055936.1,True,False,False,True
HM055937.1,True,False,False,True
HM055938.1,True,False,False,True
HM055939.1,True,False,False,True
HM055940.1,True,False,False,True
HM055941.1,True,False,False,True
HM061644.1,True,False,False,True
HM061645.1,True,False,False,True
HM061646.1,True,False,False,True
HM061647.1,True,False,False,True
HM072040.1,True,False,False,False
HM072041.1,True,False,False,False
HM072042.1,True,False,False,False
HM072043.1,True,False,False,False
HM072044.1,True,False,False,False
HM072045.1,True,False,False,False
HM072046.1,True,False,False,False
HM104664.1,True,False,False,False
HM104665.1,True,False,False,False
HM104666.1,True,False,False,False
HM172493.1,True,False,False,True
HM172494.1,True,False,False,True
HM172495.1,True,False,False,True
HM191761.1,True,False,False,True
HM191762.1,True,False,False,True
HM191763.1,True,False,False,True
HM191764.1,True,False,False,True
HM191765.1,True,False,False,True
HM191766.1,True,False,False,True
HM191767.1,True,False,False,True
HM191768.1,True,False,False,True
HM191769.1,True,False,False,True
HM191770.1,True,False,False,True
HM191771.1,True,False,False,True
HM191772.1,True,False,False,True
HM191773.1,True,False,False,True
HM195192.1,True,False,False,True
HM195193.1,True,False,False,True
HM195194.1,True,False,False,True
HM195195.1,True,False,False,True
HM195196.1,True,False,False,True
HM195197.1,True,False,False,True
HM195199.1,True,False,False,True
HM195200.1,True,False,False,True
HM241691.1,True,False,False,True
HM244881.1,True,False,False,True
HM244882.1,True,False,False,True
HM244883.1,True,False,False,True
HM362772.1,True,False,False,True
HM362773.1,True,False,False,True
HM362774.1,True,False,False,True
HM362775.1,True,False,False,True
HM362776.1,True,False,False,True
HM362777.1,True,False,False,True
HM362778.1,True,False,False,True
HM362779.1,True,False,False,True
HM362780.1,True,False,False,True
HM362781.1,True,False,False,True
HM440162.1,True,False,False,True
HM440163.1,True,False,False,True
HM440164.1,True,False,False,True
HM440165.1,True,False,False,True
HM440166.1,True,False,False,True
HM440167.1,True,False,False,True
HM440168.1,True,False,False,True
HM440169.1,True,False,False,True
HM440170.1,True,False,False,True
HM440171.1,True,False,False,True
HM440172.1,True,False,False,True
HM440173.1,True,False,False,True
HM440174.1,True,False,False,True
HM440175.1,True,False,False,True
HM440176.1,True,False,False,True
HM440177.1,True,False,False,True
HM440178.1,True,False,False,True
HM440179.1,True,False,False,True
HM440180.1,True,False,False,True
HM440181.1,True,False,False,True
HM440182.1,True,False,False,True
HM440183.1,True,False,False,True
HM440184.1,True,False,False,True
HM440185.1,True,False,False,True
HM440186.1,True,False,False,True
HM440187.1,True,False,False,True
HM440188.1,True,False,False,True
HM440189.1,True,False,False,True
HM440190.1,True,False,False,True
HM440191.1,True,False,False,True
HM440192.1,True,False,False,True
HM440193.1,True,False,False,True
HM440194.1,True,False,False,True
HM440195.1,True,False,False,True
HM440196.1,True,False,False,True
HM440197.1,True,False,False,True
HM440198.1,True,False,False,True
HM440199.1,True,False,False,True
HM440200.1,True,False,False,True
HM440201.1,True,False,False,True
HM440202.1,True,False,False,True
HM440203.1,True,False,False,True
HM440204.1,True,False,False,True
HM440205.1,True,False,False,True
HM440206.1,True,False,False,True
HM440207.1,True,False,False,True
HM440208.1,True,False,False,True
HM440209.1,True,False,False,True
HM440210.1,True,False,False,True
HM440211.1,True,False,False,True
HM440212.1,True,False,False,True
HM440213.1,True,False,False,True
HM440214.1,True,False,False,True
HM440215.1,True,False,False,True
HM440216.1,True,False,False,True
HM440217.1,True,False,False,True
HM440218.1,True,False,False,True
HM440219.1,True,False,False,True
HM440220.1,True,False,False,True
HM440221.1,True,False,False,True
HM440222.1,True,False,False,True
HM440223.1,True,False,False,True
HM440224.1,True,False,False,True
HM535612.1,True,False,False,False
HM543383.1,True,False,False,False
HM590515.1,True,False,False,False
HM590516.2,False,False,True,False
HM590517.1,True,False,False,False
HM590518.1,True,False,False,False
HM590519.3,False,False,True,False
HM590520.1,True,False,False,False
HM590521.1,True,False,False,False
HM590522.1,True,False,False,False
HM590523.1,True,False,False,False
HM590524.1,True,False,False,False
HM590525.1,True,False,False,False
HM590526.1,True,False,False,False
HM590527.1,True,False,False,False
HM590528.1,True,False,False,False
HM590529.1,True,False,False,False
HM590530.1,True,False,False,False
HM590531.1,True,False,False,False
HM590532.1,True,False,False,False
HM590533.1,True,False,False,False
HM590534.2,False,False,True,False
HM590535.2,False,False,True,False
HM590536.2,False,False,True,False
HM590537.1,True,False,False,False
HM590539.1,True,False,False,False
HM590540.2,False,False,True,False
HM590542.2,False,False,True,False
HM590543.2,False,False,True,False
HM590544.2,False,False,True,False
HM590545.2,False,False,True,False
HM590546.1,True,False,False,False
HM590547.1,True,False,False,False
HM590548.1,True,False,False,False
HM590549.1,True,False,False,False
HM590550.1,True,False,False,False
HM590551.1,True,False,False,False
HM590552.1,True,False,False,False
HM590553.2,True,False,True,False
HM590554.1,True,False,False,False
HM590555.1,True,False,False,False
HM590556.1,True,False,False,False
HM590583.1,True,False,False,False
HM596559.1,True,False,False,False
HM596560.1,True,False,False,False
HM596561.1,True,False,False,False
HM596562.1,True,False,False,False
HM596563.2,True,False,True,False
HM596564.1,True,False,False,False
HM596565.1,True,False,False,False
HM596566.1,True,False,False,False
HM596567.1,True,False,False,False
HM596568.1,True,False,False,False
HM596569.2,False,False,True,False
HM596570.1,True,False,False,False
HM596571.1,True,False,False,False
HM596572.1,True,False,False,False
HM596573.1,True,False,False,False
HM596574.1,True,False,False,False
HM596575.1,True,False,False,False
HM596576.1,True,False,False,False
HM596577.1,True,False,False,False
HM596578.1,True,False,False,False
HM596579.1,True,False,False,False
HM596580.2,False,False,True,False
HM596581.1,True,False,False,False
HM596582.1,True,False,False,False
HM596583.1,True,False,False,False
HM596584.1,True,False,False,False
HM596585.1,True,False,False,False
HM596586.1,True,False,False,False
HM596587.2,True,False,True,False
HM596588.2,True,False,True,False
HM596589.1,True,False,False,False
HM624049.1,True,False,False,True
HM625866.1,True,False,False,False
HM627865.1,True,False,False,True
HM627866.1,True,False,False,True
HM627867.1,True,False,False,True
HM627869.1,True,False,False,True
HM627870.1,True,False,False,False
HM627871.1,True,False,False,False
HM627872.1,True,False,False,False
HM627873.1,True,False,False,False
HM633195.1,True,False,False,True
HM633196.1,True,False,False,True
HM633197.1,True,False,False,True
HM633198.1,True,False,False,True
HM633199.1,True,False,False,True
HM633200.1,True,False,False,True
HM633201.1,True,False,False,True
HM633202.1,True,False,False,True
HM633203.1,True,False,False,True
HM633204.1,True,False,False,True
HM633205.1,True,False,False,True
HM633206.1,True,False,False,True
HM633207.1,True,False,False,True
HM633208.1,True,False,False,True
HM633209.1,True,False,False,True
HM633210.1,True,False,False,True
HM633211.1,True,False,False,True
HM633212.1,True,False,False,True
HM633213.1,True,False,False,True
HM635085.1,True,False,False,False
HM635086.1,True,False,False,False
HM635087.1,True,False,False,False
HM635088.1,True,False,False,False
HM635089.1,True,False,False,False
HM635090.1,True,False,False,False
HM635091.1,True,False,False,False
HM635092.1,True,False,False,False
HM635093.1,True,False,False,False
HM635094.1,True,False,False,False
HM635095.1,True,False,False,False
HM635096.1,True,False,False,False
HM635097.1,True,False,False,False
HM635098.1,True,False,False,False
HM635099.2,True,False,False,False
HM635100.2,True,False,False,False
HM635101.2,True,False,False,False
HM635102.1,True,False,False,False
HM635103.2,True,False,False,False
HM635104.1,True,False,False,False
HM635105.1,True,False,False,False
HM635106.1,True,False,False,False
HM635107.1,True,False,False,False
HM635108.1,True,False,False,False
HM635109.1,True,False,False,False
HM635110.1,True,False,False,False
HM635111.1,True,False,False,False
HM635112.1,True,False,False,False
HM635113.1,True,False,False,False
HM635114.1,True,False,False,False
HM635115.1,True,False,False,False
HM635116.1,True,False,False,False
HM635117.1,True,False,False,False
HM635118.1,True,False,False,False
HM635119.1,True,False,False,False
HM635120.1,True,False,False,False
HM635121.1,True,False,False,False
HM635122.1,True,False,False,False
HM635123.1,True,False,False,False
HM635124.1,True,False,False,False
HM635125.1,True,False,False,False
HM635126.1,True,False,False,False
HM635127.1,True,False,False,False
HM635128.1,True,False,False,False
HM635129.1,True,False,False,False
HM635130.1,True,False,False,False
HM635131.1,True,False,False,False
HM635132.1,True,False,False,False
HM635133.1,True,False,False,False
HM635134.1,True,False,False,False
HM635135.1,True,False,False,False
HM635136.1,True,False,False,False
HM635137.1,True,False,False,False
HM635138.1,True,False,False,False
HM635139.1,True,False,False,False
HM635140.1,True,False,False,False
HM635141.1,True,False,False,False
HM635142.1,True,False,False,False
HM635143.1,True,False,False,False
HM635144.1,True,False,False,False
HM635145.1,True,False,False,False
HM635146.1,True,False,False,False
HM635147.1,True,False,False,False
HM635148.1,True,False,False,False
HM635149.1,True,False,False,False
HM635150.1,True,False,False,False
HM635151.1,True,False,False,False
HM635152.1,True,False,False,False
HM635153.1,True,False,False,False
HM635154.1,True,False,False,False
HM635155.2,True,False,False,False
HM635156.2,True,False,False,False
HM635157.1,True,False,False,False
HM635158.1,True,False,False,False
HM635159.1,True,False,False,False
HM635160.1,True,False,False,False
HM635161.1,True,False,False,False
HM635162.1,True,False,False,False
HM635163.1,True,False,False,False
HM635164.1,True,False,False,False
HM635165.1,True,False,False,False
HM635166.1,True,False,False,False
HM635167.1,True,False,False,False
HM635168.1,True,False,False,False
HM635169.1,True,False,False,True
HM635170.1,True,False,False,True
HM635171.1,True,False,False,True
HM635172.1,True,False,False,True
HM635173.1,True,False,False,True
HM635174.1,True,False,False,True
HM635175.1,True,False,False,True
HM635176.1,True,False,False,True
HM635177.1,True,False,False,True
HM635178.1,True,False,False,True
HM635179.1,True,False,False,True
HM635180.1,True,False,False,True
HM635181.1,True,False,False,True
HM635182.1,True,False,False,True
HM635183.1,True,False,False,True
HM635184.1,True,False,False,True
HM635185.1,True,False,False,True
HM635186.1,True,False,False,True
HM635187.1,True,False,False,True
HM635188.1,True,False,False,True
HM635189.1,True,False,False,True
HM635190.1,True,False,False,True
HM635191.1,True,False,False,True
HM635192.1,True,False,False,True
HM635193.1,True,False,False,True
HM635194.1,True,False,False,True
HM635195.1,True,False,False,True
HM635196.1,True,False,False,True
HM635197.1,True,False,False,True
HM635198.1,True,False,False,True
HM635199.1,True,False,False,True
HM635200.1,True,False,False,True
HM635201.1,True,False,False,True
HM747943.1,True,False,False,True
HM747944.1,True,False,False,True
HM747945.1,True,False,False,True
HM747946.1,True,False,False,True
HM747947.1,True,False,False,True
HM747948.1,True,False,False,True
HM802525.1,True,False,False,False
HM802526.1,True,False,False,False
HM802527.1,True,False,False,False
HM802528.1,True,False,False,False
HM802529.1,True,False,False,False
HM802530.1,True,False,False,False
HM802531.1,True,False,False,False
HM802532.1,True,False,False,False
HM802533.1,True,False,False,False
HM802534.1,True,False,False,False
HM802535.1,True,False,False,False
HM802536.1,True,False,False,False
HM802537.1,True,False,False,False
HM802538.1,True,False,False,False
HM802539.1,True,False,False,False
HM802540.1,True,False,False,False
HM802541.1,True,False,False,False
HM802542.1,True,False,False,False
HM802543.1,True,False,False,False
HM802544.1,True,False,False,False
HM802545.1,True,False,False,False
HM802546.1,True,False,False,False
HM802547.1,True,False,False,False
HM802548.1,True,False,False,False
HM802549.1,True,False,False,False
HM802550.1,True,False,False,False
HM802551.1,True,False,False,False
HM802552.1,True,False,False,False
HM802553.1,True,False,False,False
HM802554.1,True,False,False,False
HM802555.1,True,False,False,False
HM859876.1,True,False,False,False
HM859877.1,True,False,False,False
HM859878.1,True,False,False,False
HM991362.1,True,False,False,False
HM991363.1,True,False,False,False
HM991364.1,True,False,False,False
HM991365.1,True,False,False,False
HM991366.1,True,False,False,False
HM991367.1,True,False,False,False
HM991368.1,True,False,False,False
HM991369.1,True,False,False,False
HM991370.1,True,False,False,False
HM991371.1,True,False,False,False
HM991372.1,True,False,False,False
HM991373.1,True,False,False,False
HM991374.1,True,False,False,False
HM991375.1,True,False,False,False
HM991376.1,True,False,False,False
HM991377.1,True,False,False,False
HM991378.1,True,False,False,False
HM991379.1,True,False,False,False
HM991380.1,True,False,False,False
HM991381.1,True,False,False,False
HM991382.1,True,False,False,False
HM991383.1,True,False,False,False
HM991384.1,True,False,False,False
HM991385.1,True,False,False,False
HM991386.1,True,False,False,False
HM991387.1,True,False,False,False
HM991388.1,True,False,False,False
HM991389.1,True,False,False,False
HM991390.1,True,False,False,False
HM991391.1,True,False,False,False
HM991392.1,True,False,False,False
HM991393.1,True,False,False,False
HM991394.1,True,False,False,False
HM991395.1,True,False,False,False
HM991396.1,True,False,False,False
HM991397.1,True,False,False,False
HM991398.1,True,False,False,False
HM991399.1,True,False,False,False
HM991400.1,True,False,False,False
HM991401.1,True,False,False,False
HM991402.1,True,False,False,False
HM991403.1,True,False,False,False
HM991404.1,True,False,False,False
HM991405.1,True,False,False,False
HM991406.1,True,False,False,False
HM991407.1,True,False,False,False
HM991408.1,True,False,False,False
HM991409.1,True,False,False,False
HM991410.1,True,False,False,True
HM991411.1,True,False,False,True
HM991412.1,True,False,False,True
HM991413.1,True,False,False,True
HM991414.1,True,False,False,True
HM991415.1,True,False,False,True
HM991416.1,True,False,False,True
HM991417.1,True,False,False,True
HM991418.1,True,False,False,True
HM991419.1,True,False,False,True
HM991420.1,True,False,False,True
HM991421.1,True,False,False,True
HM991422.1,True,False,False,True
HM991423.1,True,False,False,True
HM991424.1,True,False,False,True
HM991425.1,True,False,False,True
HM991426.1,True,False,False,True
HM991427.1,True,False,False,True
HM991428.1,True,False,False,True
HM991429.1,True,False,False,True
HM991430.1,True,False,False,True
HM991431.1,True,False,False,True
HM991432.1,True,False,False,True
HM991433.1,True,False,False,True
HM991434.1,True,False,False,True
HM991435.1,True,False,False,True
HM991436.1,True,False,False,True
HM991437.1,True,False,False,True
HM991438.1,True,False,False,True
HM991439.1,True,False,False,True
HM991440.1,True,False,False,True
HM991441.1,True,False,False,True
HM991442.1,True,False,False,True
HM991443.1,True,False,False,True
HM991444.1,True,False,False,True
HM991445.1,True,False,False,True
HM991446.1,True,False,False,True
HM991447.1,True,False,False,True
HM991448.1,True,False,False,True
HQ003217.1,True,False,False,True
HQ003269.1,True,False,False,True
HQ003270.1,True,False,False,True
HQ003271.1,True,False,False,True
HQ003272.1,True,False,False,True
HQ003273.1,True,False,False,True
HQ003274.2,True,False,False,True
HQ003275.1,True,False,False,True
HQ003276.1,True,False,False,True
HQ003277.1,True,False,False,True
HQ003278.1,True,False,False,True
HQ003279.1,True,False,False,True
HQ003280.1,True,False,False,True
HQ003281.1,True,False,False,True
HQ003282.1,True,False,False,True
HQ003283.1,True,False,False,True
HQ003284.1,True,False,False,True
HQ003285.1,True,False,False,True
HQ003286.1,True,False,False,True
HQ003287.1,True,False,False,True
HQ003288.1,True,False,False,True
HQ003289.1,True,False,False,True
HQ003290.1,True,False,False,True
HQ003291.1,True,False,False,True
HQ003292.1,True,False,False,True
HQ003293.1,True,False,False,True
HQ003294.1,True,False,False,True
HQ003295.1,True,False,False,True
HQ003296.1,True,False,False,True
HQ003297.1,True,False,False,True
HQ005292.1,True,False,False,True
HQ005293.1,True,False,False,True
HQ005294.1,True,False,False,True
HQ005295.1,True,False,False,True
HQ005296.1,True,False,False,True
HQ005297.1,True,False,False,True
HQ005298.1,True,False,False,True
HQ005299.1,True,False,False,True
HQ008054.1,True,False,False,True
HQ008055.1,True,False,False,True
HQ008056.1,True,False,False,True
HQ008057.1,True,False,False,True
HQ115742.1,True,False,False,False
HQ201641.1,True,False,False,True
HQ201642.1,True,False,False,True
HQ201643.1,True,False,False,True
HQ201644.1,True,False,False,True
HQ201645.1,True,False,False,True
HQ201646.1,True,False,False,True
HQ201647.1,True,False,False,True
HQ201648.1,True,False,False,True
HQ201649.1,True,False,False,True
HQ201650.1,True,False,False,True
HQ201651.1,True,False,False,True
HQ201652.1,True,False,False,True
HQ201653.1,True,False,False,True
HQ201654.1,True,False,False,True
HQ201655.1,True,False,False,True
HQ201656.1,True,False,False,True
HQ201657.1,True,False,False,True
HQ201658.1,True,False,False,True
HQ201659.1,True,False,False,True
HQ201660.1,True,False,False,True
HQ201661.1,True,False,False,True
HQ201662.1,True,False,False,True
HQ201663.1,True,False,False,True
HQ201664.1,True,False,False,True
HQ201665.1,True,False,False,True
HQ201666.1,True,False,False,True
HQ201667.1,True,False,False,True
HQ201668.1,True,False,False,True
HQ201669.1,True,False,False,True
HQ201670.1,True,False,False,True
HQ201671.1,True,False,False,True
HQ201672.1,True,False,False,True
HQ201673.1,True,False,False,True
HQ201674.1,True,False,False,True
HQ201675.1,True,False,False,True
HQ201676.1,True,False,False,True
HQ201677.1,True,False,False,True
HQ201678.1,True,False,False,True
HQ201679.1,True,False,False,True
HQ213812.1,True,False,False,True
HQ213813.1,True,False,False,True
HQ213814.1,True,False,False,True
HQ213815.1,True,False,False,True
HQ213816.1,True,False,False,True
HQ213817.1,True,False,False,True
HQ213818.1,True,False,False,True
HQ213819.1,True,False,False,True
HQ213820.1,True,False,False,True
HQ213821.1,True,False,False,True
HQ213822.1,True,False,False,True
HQ213823.1,True,False,False,True
HQ213824.1,True,False,False,True
HQ213825.1,True,False,False,True
HQ213826.1,True,False,False,True
HQ213827.1,True,False,False,True
HQ213828.1,True,False,False,True
HQ213829.1,True,False,False,True
HQ213830.1,True,False,False,True
HQ213831.1,True,False,False,True
HQ213832.1,True,False,False,False
HQ213833.1,True,False,False,False
HQ213834.1,True,False,False,False
HQ213835.1,True,False,False,False
HQ213836.1,True,False,False,False
HQ213837.1,True,False,False,False
HQ213838.1,True,False,False,False
HQ213839.1,True,False,False,False
HQ213840.1,True,False,False,False
HQ213841.1,True,False,False,False
HQ213842.1,True,False,False,False
HQ213843.1,True,False,False,False
HQ213844.1,True,False,False,False
HQ213845.1,True,False,False,False
HQ213846.1,True,False,False,False
HQ230929.1,True,False,False,False
HQ230930.1,True,False,False,False
HQ230931.1,True,False,False,False
HQ230932.1,True,False,False,False
HQ230933.1,True,False,False,False
HQ230934.1,True,False,False,False
HQ230935.1,True,False,False,False
HQ230936.1,True,False,False,False
HQ230937.1,True,False,False,False
HQ230938.1,True,False,False,False
HQ230939.1,True,False,False,False
HQ230940.1,True,False,False,False
HQ230941.1,True,False,False,False
HQ230942.1,True,False,False,False
HQ230943.1,True,False,False,False
HQ230944.1,True,False,False,False
HQ230945.1,True,False,False,False
HQ230946.1,True,False,False,False
HQ230947.1,True,False,False,False
HQ230948.1,True,False,False,False
HQ230949.1,True,False,False,False
HQ230950.1,True,False,False,False
HQ230951.1,True,False,False,False
HQ230952.1,True,False,False,False
HQ230953.1,True,False,False,False
HQ230954.1,True,False,False,False
HQ230955.1,True,False,False,False
HQ230956.1,True,False,False,False
HQ230957.1,True,False,False,False
HQ230958.1,True,False,False,False
HQ230959.1,True,False,False,False
HQ230960.1,True,False,False,False
HQ230961.1,True,False,False,False
HQ231886.1,True,False,False,True
HQ231887.1,True,False,False,True
HQ401025.1,True,False,False,False
HQ456320.1,True,False,False,False
HQ456321.1,True,False,False,False
HQ456322.1,True,False,False,False
HQ456323.1,True,False,False,False
HQ456324.1,True,False,False,False
HQ456325.1,True,False,False,False
HQ456326.1,True,False,False,False
HQ456327.1,True,False,False,False
HQ456328.1,True,False,False,False
HQ456329.1,True,False,False,False
HQ456330.1,True,False,False,False
HQ456331.1,True,False,False,False
HQ456332.1,True,False,False,False
HQ456333.1,True,False,False,False
HQ456334.1,True,False,False,False
HQ456335.1,True,False,False,False
HQ456336.1,True,False,False,False
HQ456337.1,True,False,False,False
HQ456338.1,True,False,False,False
HQ456339.1,True,False,False,False
HQ456340.1,True,False,False,False
HQ456341.1,True,False,False,False
HQ456342.1,True,False,False,False
HQ456343.1,True,False,False,False
HQ456344.1,True,False,False,False
HQ456345.1,True,False,False,False
HQ456346.1,True,False,False,False
HQ588794.1,True,False,False,True
HQ588795.1,True,False,False,True
HQ588796.1,True,False,False,True
HQ588797.1,True,False,False,True
HQ588798.1,True,False,False,True
HQ588799.1,True,False,False,True
HQ588800.1,True,False,False,True
HQ588801.1,True,False,False,True
HQ609493.1,True,False,False,False
HQ609494.1,True,False,False,False
HQ609495.1,True,False,False,False
HQ609496.1,True,False,False,False
HQ609497.1,True,False,False,False
HQ609498.1,True,False,False,False
HQ637267.1,True,False,False,False
HQ680712.1,True,False,False,False
HQ680713.1,True,False,False,False
HQ680714.1,True,False,False,False
HQ680715.1,True,False,False,False
HQ680716.1,True,False,False,False
HQ680717.1,True,False,False,False
HQ680718.1,True,False,False,False
HQ680719.1,True,False,False,False
HQ680720.1,True,False,False,False
HQ680721.1,True,False,False,False
HQ688986.1,True,False,False,False
HQ693090.1,True,False,False,True
HQ693091.1,True,False,False,True
HQ698897.1,True,False,False,True
HQ698898.1,True,False,False,True
HQ698899.1,True,False,False,True
HQ698900.1,True,False,False,True
HQ698901.1,True,False,False,True
HQ703483.1,True,False,False,True
HQ703484.1,True,False,False,True
HQ703485.1,True,False,False,True
HQ703486.1,True,False,False,True
HQ703487.1,True,False,False,True
HQ703488.1,True,False,False,True
HQ703489.1,True,False,False,True
HQ703490.1,True,False,False,True
HQ703491.1,True,False,False,True
HQ703492.1,True,False,False,True
HQ703493.1,True,False,False,True
HQ703494.1,True,False,False,True
HQ703495.1,True,False,False,True
HQ703496.1,True,False,False,True
HQ703497.1,True,False,False,True
HQ703498.1,True,False,False,True
HQ703499.1,True,False,False,True
HQ703500.1,True,False,False,True
HQ703501.1,True,False,False,True
HQ721784.1,True,False,False,True
HQ721785.1,True,False,False,True
HQ721786.1,True,False,False,True
HQ721787.1,True,False,False,True
HQ721788.1,True,False,False,True
HQ721789.1,True,False,False,True
HQ721790.1,True,False,False,True
HQ721791.1,True,False,False,True
HQ721792.1,True,False,False,True
HQ721793.1,True,False,False,True
HQ721794.1,True,False,False,True
HQ721795.1,True,False,False,True
HQ721796.1,True,False,False,True
HQ721797.1,True,False,False,True
HQ721798.1,True,False,False,True
HQ721799.1,True,False,False,True
HQ721800.1,True,False,False,True
HQ721801.1,True,False,False,True
HQ721802.1,True,False,False,True
HQ721803.1,True,False,False,True
HQ721804.1,True,False,False,True
HQ721805.1,True,False,False,True
HQ721806.1,True,False,False,True
HQ721807.1,True,False,False,True
HQ721808.1,True,False,False,True
HQ721809.1,True,False,False,True
HQ721810.1,True,False,False,True
HQ840433.1,True,False,False,False
HQ840434.1,True,False,False,False
HQ864720.1,True,False,False,False
HQ864721.1,True,False,False,False
HQ864722.1,True,False,False,True
HQ864723.1,True,False,False,False
HQ864724.1,True,False,False,True
HQ864725.1,True,False,False,False
HQ864726.1,True,False,False,True
HQ864727.1,True,False,False,False
HQ864728.1,True,False,False,False
HQ864729.1,True,False,False,True
HQ880574.1,True,False,False,False
HQ912917.1,True,False,False,True
HQ912918.1,True,False,False,True
HQ912919.1,True,False,False,True
HQ912920.1,True,False,False,True
HQ912921.1,True,False,False,True
HQ912922.1,True,False,False,True
HQ912923.1,True,False,False,True
HQ912924.1,True,False,False,True
HQ912925.1,True,False,False,True
HQ912926.1,True,False,False,True
HQ912927.1,True,False,False,True
HQ912928.1,True,False,False,True
HQ912929.1,True,False,False,True
HQ912930.1,True,False,False,True
HQ912931.1,True,False,False,True
HQ912932.1,True,False,False,True
HQ912933.1,True,False,False,True
HQ912934.1,True,False,False,True
HQ912935.1,True,False,False,True
HQ912936.1,True,False,False,True
HQ912937.1,True,False,False,True
HQ912938.1,True,False,False,True
HQ912939.1,True,False,False,True
HQ912940.1,True,False,False,True
HQ912941.1,True,False,False,True
HQ912942.1,True,False,False,True
HQ912943.1,True,False,False,True
JF262163.1,True,False,False,True
JF262589.1,True,False,False,False
JF262590.1,True,False,False,False
JF262591.1,True,False,False,False
JF262592.1,True,False,False,False
JF262593.1,True,False,False,False
JF262594.1,True,False,False,False
JF262595.1,True,False,False,False
JF262596.1,True,False,False,False
JF262597.1,True,False,False,False
JF262598.1,True,False,False,False
JF262599.1,True,False,False,False
JF262600.1,True,False,False,False
JF262601.1,True,False,False,False
JF262602.1,True,False,False,False
JF262603.1,True,False,False,False
JF262604.1,True,False,False,False
JF262605.1,True,False,False,False
JF262606.1,True,False,False,False
JF262607.1,True,False,False,False
JF262608.1,True,False,False,False
JF262609.1,True,False,False,True
JF262610.1,True,False,False,False
JF262611.1,True,False,False,False
JF292506.1,True,False,False,True
JF292507.1,True,False,False,True
JF292508.1,True,False,False,True
JF292510.1,True,False,False,True
JF292511.1,True,False,False,True
JF292512.1,True,False,False,True
JF292513.1,True,False,False,True
JF297568.1,True,False,False,False
JF300283.1,True,False,False,False
JF300284.1,True,False,False,False
JF300285.1,True,False,False,False
JF300286.1,True,False,False,False
JF300287.1,True,False,False,False
JF300288.1,True,False,False,False
JF300289.1,True,False,False,False
JF300290.1,True,False,False,False
JF300291.1,True,False,False,False
JF300292.1,True,False,False,False
JF300293.1,True,False,False,False
JF300294.1,True,False,False,False
JF300295.1,True,False,False,False
JF300296.1,True,False,False,False
JF300297.1,True,False,False,False
JF300298.1,True,False,False,False
JF300299.1,True,False,False,False
JF300300.1,True,False,False,False
JF300301.1,True,False,False,False
JF300302.1,True,False,False,False
JF300303.1,True,False,False,False
JF300304.1,True,False,False,False
JF300305.1,True,False,False,False
JF300306.1,True,False,False,False
JF300307.1,True,False,False,False
JF300308.1,True,False,False,False
JF300309.1,True,False,False,False
JF300310.1,True,False,False,False
JF300311.1,True,False,False,False
JF300312.1,True,False,False,False
JF300313.1,True,False,False,False
JF300314.1,True,False,False,False
JF300315.1,True,False,False,False
JF300316.1,True,False,False,False
JF300317.1,True,False,False,False
JF300318.1,True,False,False,False
JF300319.1,True,False,False,False
JF300320.1,True,False,False,False
JF300321.1,True,False,False,False
JF300322.1,True,False,False,False
JF300323.1,True,False,False,False
JF300324.1,True,False,False,False
JF300325.1,True,False,False,False
JF300326.1,True,False,False,False
JF300327.1,True,False,False,False
JF300328.1,True,False,False,False
JF300329.1,True,False,False,False
JF300330.1,True,False,False,False
JF300331.1,True,False,False,False
JF300332.1,True,False,False,False
JF300333.1,True,False,False,False
JF300334.1,True,False,False,False
JF300335.1,True,False,False,False
JF300336.1,True,False,False,False
JF300337.1,True,False,False,False
JF300338.1,True,False,False,False
JF300339.1,True,False,False,False
JF300340.1,True,False,False,False
JF300341.1,True,False,False,False
JF300342.1,True,False,False,False
JF300343.1,True,False,False,False
JF300344.1,True,False,False,False
JF300345.1,True,False,False,False
JF300346.1,True,False,False,False
JF300347.1,True,False,False,False
JF300348.1,True,False,False,False
JF300349.1,True,False,False,False
JF300350.1,True,False,False,False
JF300351.1,True,False,False,False
JF300352.1,True,False,False,False
JF300353.1,True,False,False,False
JF300354.1,True,False,False,False
JF300355.1,True,False,False,False
JF300356.1,True,False,False,False
JF300357.1,True,False,False,False
JF300358.1,True,False,False,False
JF300359.1,True,False,False,False
JF330422.1,True,False,False,False
JF330423.1,True,False,False,False
JF330424.1,True,False,False,True
JF330425.1,True,False,False,True
JF330426.1,True,False,False,True
JF330427.1,True,False,False,False
JF330428.1,True,False,False,True
JF330429.1,True,False,False,False
JF697202.1,True,False,False,False
JF697203.1,True,False,False,False
JF697204.1,True,False,False,False
JF697205.1,True,False,False,False
JF697206.1,True,False,False,False
JF697207.1,True,False,False,False
JF697208.1,True,False,False,False
JF697209.1,True,False,False,False
JF697210.1,True,False,False,False
JF697211.1,True,False,False,False
JF697212.1,True,False,False,False
JF697213.1,True,False,False,False
JF697214.1,True,False,False,False
JF697215.1,True,False,False,False
JF697216.1,True,False,False,False
JF697217.1,True,False,False,False
JF697218.1,True,False,False,False
JF697219.1,True,False,False,False
JF697220.1,True,False,False,False
JF697221.1,True,False,False,False
JF697222.1,True,False,False,False
JF697223.1,True,False,False,False
JF697224.1,True,False,False,False
JF697225.1,True,False,False,False
JF697226.1,True,False,False,False
JF697227.1,True,False,False,False
JF697228.1,True,False,False,False
JF697229.1,True,False,False,False
JF697230.1,True,False,False,False
JF697231.1,True,False,False,False
JF697232.1,True,False,False,False
JF697233.1,True,False,False,False
JF697234.1,True,False,False,False
JF697235.1,True,False,False,False
JF697236.1,True,False,False,False
JF697237.1,True,False,False,False
JF697238.1,True,False,False,False
JF697239.1,True,False,False,False
JF697240.1,True,False,False,False
JF697241.1,True,False,False,False
JF697242.1,True,False,False,False
JF697243.1,True,False,False,False
JF697244.1,True,False,False,False
JF697245.1,True,False,False,False
JF697246.1,True,False,False,False
JF697247.1,True,False,False,True
JF697248.1,True,False,False,True
JF697249.1,True,False,False,True
JF697250.1,True,False,False,True
JF697251.1,True,False,False,True
JF697252.1,True,False,False,True
JF697253.1,True,False,False,True
JF697254.1,True,False,False,True
JF697255.1,True,False,False,True
JF697256.1,True,False,False,True
JF697257.1,True,False,False,True
JF697258.1,True,False,False,True
JF697259.1,True,False,False,True
JF697260.1,True,False,False,True
JF697261.1,True,False,False,True
JF697262.1,True,False,False,True
JF697263.1,True,False,False,True
JF697264.1,True,False,False,True
JF697265.1,True,False,False,True
JF697266.1,True,False,False,True
JF697267.1,True,False,False,True
JF697268.1,True,False,False,True
JF697269.1,True,False,False,True
JF697270.1,True,False,False,True
JF697271.1,True,False,False,True
JF697272.1,True,False,False,True
JF697273.1,True,False,False,True
JF697274.1,True,False,False,True
JF697275.1,True,False,False,True
JF697276.1,True,False,False,True
JF697277.1,True,False,False,True
JF697278.1,True,False,False,True
JF697279.1,True,False,False,True
JF697280.1,True,False,False,True
JF697281.1,True,False,False,True
JF697282.1,True,False,False,False
JF697283.1,True,False,False,False
JF697284.1,True,False,False,False
JF697285.1,True,False,False,False
JF697286.1,True,False,False,False
JF697287.1,True,False,False,False
JF697288.1,True,False,False,False
JF697289.1,True,False,False,False
JF697290.1,True,False,False,False
JF697291.1,True,False,False,True
JF697292.1,True,False,False,False
JF697293.1,True,False,False,True
JF706702.1,True,False,False,False
JF713047.1,True,False,False,False
JF713048.1,True,False,False,False
JF713049.1,True,False,False,False
JF713050.1,True,False,False,False
JF713051.1,True,False,False,False
JF715423.1,True,False,False,True
JF715424.1,True,False,False,False
JF715425.1,True,False,False,False
JF715426.1,True,False,False,True
JF728893.1,True,False,False,False
JF728894.1,True,False,False,False
JF728895.1,True,False,False,False
JF728896.1,True,False,False,False
JF728897.1,True,False,False,False
JF728898.1,True,False,False,False
JF766717.1,True,False,False,False
JF802497.1,True,False,False,False
JF802498.1,True,False,False,False
JF802499.1,True,False,False,False
JF802500.1,True,False,False,False
JF802501.1,True,False,False,False
JF802502.1,True,False,False,False
JF802503.1,True,False,False,False
JF802504.1,True,False,False,False
JF802505.1,True,False,False,False
JF802506.1,True,False,False,False
JF802507.1,True,False,False,False
JF802508.1,True,False,False,False
JF802509.1,True,False,False,False
JF802510.1,True,False,False,False
JF802511.1,True,False,False,False
JF816241.1,True,False,False,False
JF816242.1,True,False,False,False
JF816243.1,True,False,False,False
JF816244.1,True,False,False,False
JF816245.1,True,False,False,False
JF816246.1,True,False,False,False
JF816247.1,True,False,False,False
JF816248.1,True,False,False,False
JF816249.1,True,False,False,False
JF816250.1,True,False,False,False
JF816251.1,True,False,False,False
JF816252.1,True,False,False,False
JF816253.1,True,False,False,False
JF816255.1,True,False,False,False
JF827296.1,True,False,False,False
JF830562.1,True,False,False,False
JF830563.1,True,False,False,False
JF830564.1,True,False,False,False
JF830565.1,True,False,False,False
JF830566.1,True,False,False,False
JF830567.1,True,False,False,False
JF830568.1,True,False,False,False
JF830569.1,True,False,False,False
JF830570.1,True,False,False,False
JF830571.1,True,False,False,False
JF830572.1,True,False,False,False
JF830573.1,True,False,False,False
JF830574.1,True,False,False,False
JF830575.1,True,False,False,False
JF830576.1,True,False,False,False
JF830577.1,True,False,False,False
JF830578.1,True,False,False,False
JF830579.1,True,False,False,False
JF895609.1,True,False,False,True
JF895610.1,True,False,False,True
JF895611.1,True,False,False,True
JF895612.1,True,False,False,True
JF895613.1,True,False,False,True
JF895614.1,True,False,False,True
JF895615.1,True,False,False,True
JF895616.1,True,False,False,True
JF896116.1,True,False,False,True
JF896117.1,True,False,False,True
JF896118.1,True,False,False,True
JF896119.1,True,False,False,True
JF896120.1,True,False,False,True
JF896121.1,True,False,False,True
JF896126.1,True,False,False,True
JF896127.1,True,False,False,True
JF896128.1,True,False,False,True
JF896129.1,True,False,False,True
JF896130.1,True,False,False,True
JF896131.1,True,False,False,True
JF896132.1,True,False,False,True
JF896133.1,True,False,False,True
JF896134.1,True,False,False,True
JF896135.1,True,False,False,True
JF896136.1,True,False,False,True
JF896137.1,True,False,False,True
JF896138.1,True,False,False,True
JF896139.1,True,False,False,True
JF896140.1,True,False,False,True
JF896141.1,True,False,False,True
JF896142.1,True,False,False,True
JF896143.1,True,False,False,True
JF896144.1,True,False,False,True
JF896145.1,True,False,False,True
JF896146.1,True,False,False,True
JF896147.1,True,False,False,True
JF896148.1,True,False,False,True
JF896149.1,True,False,False,True
JF896150.1,True,False,False,True
JF896151.1,True,False,False,True
JF896152.1,True,False,False,True
JF896153.1,True,False,False,True
JF896154.1,True,False,False,True
JF896155.1,True,False,False,True
JF896156.1,True,False,False,True
JF896157.1,True,False,False,True
JF896158.1,True,False,False,True
JF896159.1,True,False,False,True
JF896160.1,True,False,False,True
JF896161.1,True,False,False,True
JF896162.1,True,False,False,True
JF896163.1,True,False,False,True
JF896164.1,True,False,False,True
JF896165.1,True,False,False,True
JF896166.1,True,False,False,True
JF896167.1,True,False,False,True
JF896168.1,True,False,False,True
JF896169.1,True,False,False,True
JF896170.1,True,False,False,True
JF896171.1,True,False,False,True
JF896172.1,True,False,False,True
JF896173.1,True,False,False,True
JF896174.1,True,False,False,True
JF896175.1,True,False,False,True
JF896176.1,True,False,False,True
JF896177.1,True,False,False,True
JF896178.1,True,False,False,True
JF896179.1,True,False,False,True
JF896180.1,True,False,False,True
JF896181.1,True,False,False,True
JF896182.1,True,False,False,True
JF896183.1,True,False,False,True
JF896184.1,True,False,False,True
JF896185.1,True,False,False,True
JF896186.1,True,False,False,True
JF896187.1,True,False,False,True
JF896188.1,True,False,False,True
JF909043.1,True,False,False,True
JF909044.1,True,False,False,True
JF909045.1,True,False,False,True
JF909046.1,True,False,False,True
JF909047.1,True,False,False,True
JF909048.1,True,False,False,True
JF909049.1,True,False,False,True
JF909050.1,True,False,False,True
JF909051.1,True,False,False,True
JF909052.1,True,False,False,True
JF909053.1,True,False,False,True
JF909054.1,True,False,False,True
JF909055.1,True,False,False,True
JF909056.1,True,False,False,True
JF909057.1,True,False,False,True
JF909058.1,True,False,False,True
JF909059.1,True,False,False,True
JF909060.1,True,False,False,True
JF909061.1,True,False,False,True
JF921984.1,True,False,False,True
JF921985.1,True,False,False,True
JF921986.1,True,False,False,True
JF921987.1,True,False,False,True
JF921988.1,True,False,False,True
JF921989.1,True,False,False,True
JF921990.1,True,False,False,True
JF921991.1,True,False,False,True
JF921992.1,True,False,False,True
JF921993.1,True,False,False,True
JF921994.1,True,False,False,True
JF921995.1,True,False,False,True
JF921996.1,True,False,False,True
JF921997.1,True,False,False,True
JF921998.1,True,False,False,True
JF921999.1,True,False,False,True
JF922000.1,True,False,False,True
JF922001.1,True,False,False,True
JF922002.1,True,False,False,True
JF922003.1,True,False,False,True
JF922004.1,True,False,False,True
JF922005.1,True,False,False,True
JF922006.1,True,False,False,True
JF947180.1,True,False,False,True
JF947181.1,True,False,False,True
JF970609.1,True,False,False,False
JF973385.1,True,False,False,True
JF973386.1,True,False,False,True
JN005886.1,True,False,False,False
JN008016.1,True,False,False,True
JN008017.1,True,False,False,True
JN008018.1,True,False,False,True
JN008019.1,True,False,False,True
JN008020.1,True,False,False,True
JN008021.1,True,False,False,True
JN008022.1,True,False,False,True
JN008023.1,True,False,False,True
JN008024.1,True,False,False,True
JN008025.1,True,False,False,True
JN008026.1,True,False,False,True
JN008027.1,True,False,False,True
JN008028.1,True,False,False,True
JN008029.1,True,False,False,True
JN008030.1,True,False,False,True
JN008031.1,True,False,False,True
JN008032.1,True,False,False,True
JN008033.1,True,False,False,True
JN008034.1,True,False,False,True
JN008035.1,True,False,False,True
JN008036.1,True,False,False,True
JN008037.1,True,False,False,True
JN008038.1,True,False,False,True
JN008039.1,True,False,False,True
JN008040.1,True,False,False,True
JN008041.1,True,False,False,True
JN008042.1,True,False,False,True
JN008043.1,True,False,False,True
JN008044.1,True,False,False,True
JN008045.1,True,False,False,True
JN008046.1,True,False,False,True
JN008047.1,True,False,False,True
JN008048.1,True,False,False,True
JN008049.1,True,False,False,True
JN008050.1,True,False,False,True
JN008051.1,True,False,False,True
JN008052.1,True,False,False,True
JN008053.1,True,False,False,True
JN008054.1,True,False,False,True
JN008055.1,True,False,False,True
JN008056.1,True,False,False,True
JN008057.1,True,False,False,True
JN008058.1,True,False,False,True
JN008059.1,True,False,False,True
JN008060.1,True,False,False,True
JN008061.1,True,False,False,True
JN008062.1,True,False,False,True
JN008063.1,True,False,False,True
JN008064.1,True,False,False,True
JN008065.1,True,False,False,True
JN008066.1,True,False,False,True
JN008067.1,True,False,False,True
JN008068.1,True,False,False,True
JN008069.1,True,False,False,True
JN008070.1,True,False,False,True
JN008071.1,True,False,False,True
JN008072.1,True,False,False,True
JN008073.1,True,False,False,True
JN008074.1,True,False,False,True
JN008075.1,True,False,False,True
JN008938.1,True,False,False,True
JN022612.1,True,False,False,False
JN022613.1,True,False,False,False
JN049637.1,True,False,False,False
JN049638.1,True,False,False,False
JN049639.1,True,False,False,False
JN049640.1,True,False,False,False
JN167516.1,True,False,False,True
JN171560.1,True,False,False,True
JN171561.1,True,False,False,True
JN171562.1,True,False,False,True
JN171563.1,True,False,False,True
JN171564.1,True,False,False,True
JN171565.1,True,False,False,True
JN171566.1,True,False,False,True
JN171567.1,True,False,False,True
JN171568.1,True,False,False,True
JN171569.1,True,False,False,True
JN171570.1,True,False,False,False
JN171571.1,True,False,False,False
JN182391.1,True,False,False,False
JN182392.1,True,False,False,False
JN182393.1,True,False,False,False
JN182394.1,True,False,False,False
JN183159.1,True,False,False,False
JN183160.1,True,False,False,False
JN183161.1,True,False,False,False
JN183162.1,True,False,False,False
JN183163.1,True,False,False,False
JN183164.1,True,False,False,False
JN183165.1,True,False,False,False
JN183166.1,True,False,False,False
JN191355.1,True,False,False,True
JN191356.1,True,False,False,True
JN191357.1,True,False,False,True
JN191358.1,True,False,False,True
JN191359.1,True,False,False,True
JN191360.1,True,False,False,True
JN191361.1,True,False,False,True
JN191362.1,True,False,False,True
JN191363.1,True,False,False,True
JN191364.1,True,False,False,True
JN191365.1,True,False,False,True
JN191366.1,True,False,False,True
JN191367.1,True,False,False,True
JN191368.1,True,False,False,True
JN191369.1,True,False,False,True
JN191370.1,True,False,False,True
JN191371.1,True,False,False,True
JN191372.1,True,False,False,True
JN191373.1,True,False,False,True
JN191374.1,True,False,False,True
JN191375.1,True,False,False,True
JN191376.1,True,False,False,True
JN191377.1,True,False,False,True
JN191378.1,True,False,False,True
JN191379.1,True,False,False,True
JN191380.1,True,False,False,True
JN191381.1,True,False,False,True
JN191626.1,True,False,False,False
JN191627.1,True,False,False,False
JN191628.1,True,False,False,False
JN191629.1,True,False,False,False
JN191630.1,True,False,False,False
JN191631.1,True,False,False,False
JN191632.1,True,False,False,False
JN191633.1,True,False,False,False
JN191634.1,True,False,False,False
JN191635.1,True,False,False,False
JN191636.1,True,False,False,False
JN191637.1,True,False,False,False
JN191638.1,True,False,False,False
JN191639.1,True,False,False,False
JN191640.1,True,False,False,False
JN191641.1,True,False,False,False
JN191642.1,True,False,False,False
JN191643.1,True,False,False,False
JN197567.1,True,False,False,False
JN197568.1,True,False,False,False
JN197569.1,True,False,False,False
JN197570.1,True,False,False,False
JN197571.1,True,False,False,False
JN197572.1,True,False,False,False
JN197573.1,True,False,False,False
JN197574.1,True,False,False,False
JN197575.1,True,False,False,False
JN197576.1,True,False,False,False
JN197577.1,True,False,False,False
JN197578.1,True,False,False,False
JN197579.1,True,False,False,False
JN197580.1,True,False,False,False
JN197581.1,True,False,False,False
JN197582.1,True,False,False,False
JN197583.1,True,False,False,False
JN197584.1,True,False,False,False
JN197585.1,True,False,False,False
JN197586.1,True,False,False,False
JN206641.1,True,False,False,False
JN206642.1,True,False,False,False
JN206643.1,True,False,False,False
JN206644.1,True,False,False,False
JN210530.1,True,False,False,False
JN210531.1,True,False,False,False
JN210532.1,True,False,False,False
JN210533.1,True,False,False,False
JN210534.1,True,False,False,False
JN210535.1,True,False,False,False
JN210536.1,True,False,False,False
JN210537.1,True,False,False,False
JN210538.1,True,False,False,False
JN210539.1,True,False,False,False
JN210540.1,True,False,False,False
JN210541.1,True,False,False,False
JN210542.1,True,False,False,False
JN210543.1,True,False,False,False
JN222366.1,True,False,False,True
JN228270.1,True,False,False,False
JN228271.1,True,False,False,False
JN241956.1,True,False,False,False
JN241957.1,True,False,False,False
JN241958.1,True,False,False,False
JN241959.1,True,False,False,False
JN241960.1,True,False,False,False
JN241961.1,True,False,False,False
JN241962.1,True,False,False,False
JN241963.1,True,False,False,False
JN241964.1,True,False,False,False
JN241965.1,True,False,False,False
JN253379.1,True,False,False,False
JN253380.1,True,False,False,False
JN253381.1,True,False,False,False
JN253382.1,True,False,False,False
JN253383.1,True,False,False,False
JN253384.1,True,False,False,False
JN253385.1,True,False,False,False
JN253386.1,True,False,False,False
JN253387.1,True,False,False,False
JN253388.1,True,False,False,False
JN253389.1,True,False,False,False
JN253390.1,True,False,False,False
JN256931.1,True,False,False,False
JN256932.1,True,False,False,False
JN256933.1,True,False,False,False
JN256934.1,True,False,False,False
JN256935.1,True,False,False,False
JN256936.1,True,False,False,False
JN256937.1,True,False,False,False
JN256938.1,True,False,False,False
JN565063.1,True,False,False,False
JN587115.1,True,False,False,True
JN587116.1,True,False,False,True
JN587117.1,True,False,False,True
JN587118.1,True,False,False,True
JN587119.1,True,False,False,True
JN587120.1,True,False,False,True
JN587121.1,True,False,False,True
JN587122.1,True,False,False,True
JN587123.1,True,False,False,True
JN587124.1,True,False,False,True
JN587125.1,True,False,False,True
JN587126.1,True,False,False,True
JN587127.1,True,False,False,True
JN587128.1,True,False,False,True
JN587129.1,True,False,False,True
JN587130.1,True,False,False,True
JN587131.1,True,False,False,True
JN587132.1,True,False,False,True
JN587133.1,True,False,False,True
JN587134.1,True,False,False,True
JN587135.1,True,False,False,True
JN587136.1,True,False,False,True
JN587137.1,True,False,False,True
JN587138.1,True,False,False,True
JN587139.1,True,False,False,True
JN587140.1,True,False,False,True
JN587141.1,True,False,False,True
JN587142.1,True,False,False,True
JN587143.1,True,False,False,True
JN587144.1,True,False,False,True
JN587145.1,True,False,False,True
JN587146.1,True,False,False,True
JN587147.1,True,False,False,True
JN587148.1,True,False,False,True
JN587149.1,True,False,False,True
JN587150.1,True,False,False,True
JN587151.1,True,False,False,True
JN587152.1,True,False,False,True
JN587153.1,True,False,False,True
JN587154.1,True,False,False,True
JN587155.1,True,False,False,True
JN587156.1,True,False,False,True
JN587157.1,True,False,False,True
JN587158.1,True,False,False,True
JN587159.1,True,False,False,True
JN587160.1,True,False,False,True
JN587161.1,True,False,False,True
JN587162.1,True,False,False,True
JN587163.1,True,False,False,True
JN587164.1,True,False,False,True
JN587165.1,True,False,False,True
JN587166.1,True,False,False,True
JN587167.1,True,False,False,True
JN587168.1,True,False,False,True
JN587169.1,True,False,False,True
JN587170.1,True,False,False,True
JN587171.1,True,False,False,True
JN587172.1,True,False,False,True
JN587173.1,True,False,False,True
JN587174.1,True,False,False,True
JN587175.1,True,False,False,True
JN587176.1,True,False,False,True
JN596789.1,True,False,False,True
JN596790.1,True,False,False,True
JN596791.1,True,False,False,True
JN596792.1,True,False,False,True
JN596793.1,True,False,False,True
JN596794.1,True,False,False,True
JN596795.1,True,False,False,True
JN596796.1,True,False,False,True
JN596797.1,True,False,False,True
JN596798.1,True,False,False,True
JN596799.1,True,False,False,True
JN596800.1,True,False,False,True
JN596801.1,True,False,False,True
JN596802.1,True,False,False,True
JN596803.1,True,False,False,True
JN596804.1,True,False,False,True
JN596805.1,True,False,False,True
JN596806.1,True,False,False,True
JN596807.1,True,False,False,True
JN596808.1,True,False,False,True
JN596809.1,True,False,False,True
JN596810.1,True,False,False,True
JN596811.1,True,False,False,True
JN596812.1,True,False,False,True
JN596813.1,True,False,False,True
JN596814.1,True,False,False,True
JN600530.1,True,False,False,True
JN600531.1,True,False,False,True
JN600532.1,True,False,False,True
JN600533.1,True,False,False,True
JN600534.1,True,False,False,True
JN600535.1,True,False,False,True
JN600536.1,True,False,False,True
JN600537.1,True,False,False,True
JN600538.1,True,False,False,True
JN600539.1,True,False,False,True
JN600540.1,True,False,False,True
JN600541.1,True,False,False,True
JN600542.1,True,False,False,True
JN600543.1,True,False,False,True
JN600544.1,True,False,False,True
JN600545.1,True,False,False,True
JN600546.1,True,False,False,True
JN600547.1,True,False,False,False
JN600548.1,True,False,False,True
JN600549.1,True,False,False,True
JN600550.1,True,False,False,True
JN600551.1,True,False,False,True
JN600552.1,True,False,False,False
JN600553.1,True,False,False,False
JN600554.1,True,False,False,True
JN600555.1,True,False,False,True
JN600556.1,True,False,False,True
JN600557.1,True,False,False,True
JN600558.1,True,False,False,True
JN600559.1,True,False,False,True
JN600560.1,True,False,False,True
JN600561.1,True,False,False,True
JN600562.1,True,False,False,True
JN600563.1,True,False,False,True
JN600564.1,True,False,False,True
JN600565.1,True,False,False,True
JN600566.1,True,False,False,True
JN600567.1,True,False,False,True
JN602258.1,True,False,False,False
JN602259.1,True,False,False,False
JN602260.1,True,False,False,False
JN602261.1,True,False,False,True
JN602262.1,True,False,False,True
JN602263.1,True,False,False,True
JN602264.1,True,False,False,True
JN602265.1,True,False,False,True
JN602266.1,True,False,False,True
JN602267.1,True,False,False,True
JN602268.1,True,False,False,True
JN602269.1,True,False,False,True
JN602270.1,True,False,False,True
JN602271.1,True,False,False,True
JN602272.1,True,False,False,True
JN602273.1,True,False,False,True
JN602274.1,True,False,False,True
JN602275.1,True,False,False,True
JN602276.1,True,False,False,True
JN602277.1,True,False,False,True
JN602278.1,True,False,False,True
JN602279.1,True,False,False,True
JN602280.1,True,False,False,True
JN602281.1,True,False,False,True
JN602282.1,True,False,False,True
JN602283.1,True,False,False,True
JN602284.1,True,False,False,True
JN602285.1,True,False,False,True
JN602286.1,True,False,False,True
JN602287.1,True,False,False,True
JN602288.1,True,False,False,True
JN602289.1,True,False,False,True
JN602290.1,True,False,False,True
JN602291.1,True,False,False,True
JN602292.1,True,False,False,True
JN602293.1,True,False,False,True
JN602294.1,True,False,False,True
JN602295.1,True,False,False,True
JN602296.1,True,False,False,True
JN602297.1,True,False,False,True
JN602298.1,True,False,False,True
JN602299.1,True,False,False,True
JN602300.1,True,False,False,True
JN602301.1,True,False,False,True
JN602302.1,True,False,False,True
JN602303.1,True,False,False,True
JN602304.1,True,False,False,True
JN602305.1,True,False,False,True
JN602306.1,True,False,False,True
JN602307.1,True,False,False,True
JN602308.1,True,False,False,True
JN602309.1,True,False,False,True
JN602310.1,True,False,False,True
JN602311.1,True,False,False,True
JN602312.1,True,False,False,True
JN602313.1,True,False,False,True
JN602314.1,True,False,False,True
JN602315.1,True,False,False,True
JN602316.1,True,False,False,True
JN602317.1,True,False,False,True
JN602318.1,True,False,False,True
JN602319.1,True,False,False,True
JN602320.1,True,False,False,True
JN602321.1,True,False,False,True
JN602322.1,True,False,False,True
JN602323.1,True,False,False,True
JN602324.1,True,False,False,True
JN602325.1,True,False,False,True
JN602326.1,True,False,False,True
JN602327.1,True,False,False,True
JN602328.1,True,False,False,True
JN602329.1,True,False,False,True
JN602330.1,True,False,False,True
JN602331.1,True,False,False,True
JN602332.1,True,False,False,True
JN602333.1,True,False,False,True
JN602334.1,True,False,False,True
JN602335.1,True,False,False,True
JN602336.1,True,False,False,True
JN602337.1,True,False,False,True
JN602338.1,True,False,False,True
JN602339.1,True,False,False,False
JN602340.1,True,False,False,False
JN602341.1,True,False,False,False
JN602342.1,True,False,False,False
JN602343.1,True,False,False,False
JN602344.1,True,False,False,False
JN602345.1,True,False,False,False
JN602346.1,True,False,False,False
JN602347.1,True,False,False,False
JN602348.1,True,False,False,False
JN602349.1,True,False,False,False
JN602350.1,True,False,False,False
JN602351.1,True,False,False,False
JN602352.1,True,False,False,False
JN602353.1,True,False,False,False
JN602354.1,True,False,False,False
JN602355.1,True,False,False,False
JN602356.1,True,False,False,False
JN602357.1,True,False,False,False
JN602358.1,True,False,False,False
JN602359.1,True,False,False,False
JN602360.1,True,False,False,False
JN602361.1,True,False,False,False
JN602362.1,True,False,False,False
JN602363.1,True,False,False,False
JN603244.1,True,False,False,False
JN603245.1,True,False,False,False
JN603246.1,True,False,False,False
JN603247.1,True,False,False,False
JN603248.1,True,False,False,False
JN603249.1,True,False,False,False
JN603250.1,True,False,False,False
JN603251.1,True,False,False,False
JN603252.1,True,False,False,True
JN603253.1,True,False,False,False
JN603254.1,True,False,False,False
JN603255.1,True,False,False,False
JN603256.1,True,False,False,False
JN603257.1,True,False,False,False
JN603258.1,True,False,False,False
JN603259.1,True,False,False,False
JN603261.1,True,False,False,False
JN603262.1,True,False,False,False
JN603263.1,True,False,False,False
JN603264.1,True,False,False,False
JN603265.1,True,False,False,False
JN603266.1,True,False,False,False
JN603267.1,True,False,False,False
JN603268.1,True,False,False,False
JN603269.1,True,False,False,False
JN603270.1,True,False,False,False
JN603271.1,True,False,False,False
JN603272.1,True,False,False,False
JN603273.1,True,False,False,False
JN603274.1,True,False,False,False
JN616378.1,True,False,False,False
JN642684.1,True,False,False,True
JN642685.1,True,False,False,True
JN642686.1,True,False,False,True
JN642687.1,True,False,False,True
JN642688.1,True,False,False,True
JN642689.1,True,False,False,True
JN654720.1,True,False,False,True
JN654721.1,True,False,False,True
JN654722.1,True,False,False,True
JN654723.1,True,False,False,True
JN654724.1,True,False,False,True
JN654725.1,True,False,False,True
JN654726.1,True,False,False,True
JN654727.1,True,False,False,True
JN654728.1,True,False,False,True
JN654729.1,True,False,False,True
JN654730.1,True,False,False,True
JN654731.1,True,False,False,True
JN654732.1,True,False,False,True
JN654733.1,True,False,False,True
JN654734.1,True,False,False,True
JN654735.1,True,False,False,True
JN654736.1,True,False,False,True
JN654737.1,True,False,False,True
JN654738.1,True,False,False,True
JN654739.1,True,False,False,True
JN654740.1,True,False,False,True
JN654741.1,True,False,False,True
JN654742.1,True,False,False,True
JN654743.1,True,False,False,True
JN654744.1,True,False,False,True
JN654745.1,True,False,False,True
JN654746.1,True,False,False,True
JN654747.1,True,False,False,True
JN654748.1,True,False,False,True
JN654749.1,True,False,False,True
JN654750.1,True,False,False,True
JN654751.1,True,False,False,True
JN654752.1,True,False,False,True
JN654753.1,True,False,False,True
JN654754.1,True,False,False,True
JN654755.1,True,False,False,True
JN654756.1,True,False,False,True
JN654757.1,True,False,False,True
JN654758.1,True,False,False,True
JN654759.1,True,False,False,True
JN654760.1,True,False,False,True
JN654761.1,True,False,False,True
JN654762.1,True,False,False,True
JN654763.1,True,False,False,True
JN654764.1,True,False,False,True
JN654765.1,True,False,False,True
JN654766.1,True,False,False,True
JN688175.1,True,False,False,True
JN688176.1,True,False,False,True
JN688177.1,True,False,False,True
JN688178.1,True,False,False,True
JN688179.1,True,False,False,True
JN688180.1,True,False,False,True
JN688181.1,True,False,False,True
JN688182.1,True,False,False,True
JN688183.1,True,False,False,True
JN688184.1,True,False,False,True
JN688185.1,True,False,False,True
JN688186.1,True,False,False,True
JN688187.1,True,False,False,True
JN688188.1,True,False,False,True
JN688189.1,True,False,False,True
JN688190.1,True,False,False,True
JN688191.1,True,False,False,True
JN688192.1,True,False,False,True
JN688193.1,True,False,False,True
JN688194.1,True,False,False,True
JN688195.1,True,False,False,True
JN688196.1,True,False,False,True
JN688197.1,True,False,False,True
JN688198.1,True,False,False,True
JN688199.1,True,False,False,True
JN688200.1,True,False,False,True
JN688201.1,True,False,False,True
JN688202.1,True,False,False,True
JN688203.1,True,False,False,True
JN688204.1,True,False,False,True
JN699035.1,True,False,False,False
JN699036.1,True,False,False,False
JN699037.1,True,False,False,False
JN699038.1,True,False,False,False
JN699039.1,True,False,False,False
JN699040.1,True,False,False,False
JN699041.1,True,False,False,False
JN699042.1,True,False,False,False
JN699043.1,True,False,False,False
JN699044.1,True,False,False,False
JN699045.1,True,False,False,False
JN699046.1,True,False,False,False
JN699047.1,True,False,False,False
JN699048.1,True,False,False,False
JN699049.1,True,False,False,False
JN699050.1,True,False,False,False
JN704616.1,True,False,False,True
JN704617.1,True,False,False,True
JN704618.1,True,False,False,True
JN704619.1,True,False,False,True
JN704620.1,True,False,False,True
JN704621.1,True,False,False,True
JN704622.1,True,False,False,True
JN704623.1,True,False,False,True
JN704624.1,True,False,False,True
JN704625.1,True,False,False,True
JN704626.1,True,False,False,True
JN704627.1,True,False,False,True
JN704628.1,True,False,False,True
JN704629.1,True,False,False,True
JN704630.1,True,False,False,True
JN704631.1,True,False,False,True
JN704632.1,True,False,False,True
JN704633.1,True,False,False,True
JN797508.1,True,False,False,False
JN864947.1,True,False,False,False
JN871684.1,True,False,False,False
JN896704.1,True,False,False,True
JN896705.1,True,False,False,True
JN899242.1,True,False,False,False
JN899243.1,True,False,False,False
JN899244.1,True,False,False,False
JN899245.1,True,False,False,False
JN899246.1,True,False,False,False
JN986874.1,True,False,False,False
JN986875.1,True,False,False,False
JN986876.1,True,False,False,False
JN986877.1,True,False,False,False
JN989560.1,True,False,False,False
JQ026410.1,True,False,False,True
JQ026411.1,True,False,False,True
JQ026412.1,True,False,False,True
JQ026413.1,True,False,False,True
JQ026414.1,True,False,False,True
JQ026415.1,True,False,False,True
JQ026416.1,True,False,False,True
JQ026417.1,True,False,False,False
JQ026418.1,True,False,False,False
JQ026419.1,True,False,False,False
JQ026420.1,True,False,False,True
JQ026421.1,True,False,False,True
JQ026422.1,True,False,False,True
JQ036290.1,True,False,False,False
JQ036291.1,True,False,False,False
JQ036292.1,True,False,False,False
JQ036293.1,True,False,False,False
JQ036294.1,True,False,False,False
JQ036295.1,True,False,False,False
JQ036296.1,True,False,False,False
JQ036297.1,True,False,False,False
JQ036298.1,True,False,False,False
JQ036299.1,True,False,False,False
JQ082391.1,True,False,False,False
JQ082392.1,True,False,False,False
JQ082393.1,True,False,False,False
JQ082394.1,True,False,False,False
JQ082395.1,True,False,False,False
JQ082396.1,True,False,False,False
JQ082397.1,True,False,False,False
JQ082398.1,True,False,False,False
JQ082399.1,True,False,False,False
JQ082400.1,True,False,False,False
JQ082401.1,True,False,False,False
JQ082402.1,True,False,False,False
JQ082403.1,True,False,False,False
JQ082404.1,True,False,False,False
JQ082405.1,True,False,False,False
JQ082406.1,True,False,False,False
JQ082407.1,True,False,False,False
JQ082408.1,True,False,False,False
JQ082409.1,True,False,False,False
JQ082410.1,True,False,False,False
JQ082411.1,True,False,False,False
JQ082412.1,True,False,False,False
JQ082413.1,True,False,False,False
JQ082414.1,True,False,False,False
JQ082415.1,True,False,False,False
JQ082416.1,True,False,False,False
JQ082417.1,True,False,False,False
JQ082418.1,True,False,False,False
JQ082419.1,True,False,False,False
JQ082420.1,True,False,False,False
JQ082421.1,True,False,False,False
JQ082422.1,True,False,False,False
JQ082423.1,True,False,False,False
JQ082424.1,True,False,False,False
JQ082425.1,True,False,False,False
JQ082426.1,True,False,False,False
JQ082427.1,True,False,False,False
JQ082428.1,True,False,False,False
JQ082429.1,True,False,False,False
JQ082430.1,True,False,False,False
JQ082431.1,True,False,False,False
JQ082432.1,True,False,False,False
JQ082433.1,True,False,False,False
JQ082434.1,True,False,False,False
JQ082435.1,True,False,False,False
JQ082436.1,True,False,False,False
JQ082437.1,True,False,False,False
JQ082438.1,True,False,False,False
JQ082439.1,True,False,False,False
JQ182643.1,True,False,False,False
JQ182644.1,True,False,False,False
JQ182645.1,True,False,False,False
JQ182646.1,True,False,False,False
JQ182647.1,True,False,False,False
JQ182648.1,True,False,False,False
JQ182649.1,True,False,False,False
JQ182650.1,True,False,False,False
JQ182651.1,True,False,False,False
JQ182652.1,True,False,False,False
JQ182653.1,True,False,False,False
JQ182654.1,True,False,False,False
JQ182655.1,True,False,False,False
JQ182656.1,True,False,False,False
JQ182657.1,True,False,False,False
JQ182658.1,True,False,False,False
JQ182659.1,True,False,False,False
JQ182660.1,True,False,False,False
JQ182661.1,True,False,False,False
JQ182662.1,True,False,False,False
JQ182663.1,True,False,False,False
JQ182664.1,True,False,False,False
JQ182665.1,True,False,False,False
JQ182666.1,True,False,False,False
JQ182667.1,True,False,False,False
JQ182668.1,True,False,False,False
JQ182669.1,True,False,False,False
JQ182670.1,True,False,False,False
JQ182671.1,True,False,False,False
JQ182672.1,True,False,False,False
JQ182673.1,True,False,False,False
JQ182674.1,True,False,False,False
JQ182675.1,True,False,False,False
JQ182676.1,True,False,False,False
JQ182677.1,True,False,False,False
JQ182678.1,True,False,False,False
JQ182679.1,True,False,False,False
JQ182680.1,True,False,False,False
JQ182681.1,True,False,False,False
JQ182682.1,True,False,False,False
JQ182683.1,True,False,False,False
JQ182684.1,True,False,False,False
JQ182685.1,True,False,False,False
JQ182686.1,True,False,False,False
JQ182687.1,True,False,False,False
JQ182688.1,True,False,False,False
JQ182689.1,True,False,False,False
JQ182690.1,True,False,False,False
JQ182691.1,True,False,False,False
JQ182692.1,True,False,False,False
JQ182693.1,True,False,False,False
JQ182694.1,True,False,False,False
JQ182695.1,True,False,False,False
JQ182696.1,True,False,False,False
JQ182697.1,True,False,False,False
JQ182698.1,True,False,False,False
JQ182699.1,True,False,False,False
JQ182700.1,True,False,False,False
JQ182701.1,True,False,False,False
JQ182702.1,True,False,False,False
JQ182703.1,True,False,False,False
JQ182704.1,True,False,False,False
JQ182705.1,True,False,False,False
JQ231301.1,True,False,False,True
JQ231302.1,True,False,False,True
JQ231303.1,True,False,False,True
JQ231304.1,True,False,False,True
JQ280400.1,True,False,False,True
JQ280401.1,True,False,False,True
JQ280402.1,True,False,False,True
JQ280403.1,True,False,False,True
JQ280404.1,True,False,False,True
JQ280405.1,True,False,False,True
JQ280406.1,True,False,False,True
JQ280407.1,True,False,False,True
JQ320072.1,True,False,False,False
JQ320073.1,True,False,False,False
JQ359761.1,True,False,False,True
JQ359762.1,True,False,False,True
JQ417292.1,True,False,False,True
JQ417293.1,True,False,False,True
JQ417294.1,True,False,False,True
JQ417295.1,True,False,False,True
JQ417296.1,True,False,False,True
JQ417297.1,True,False,False,True
JQ417298.1,True,False,False,True
JQ417299.1,True,False,False,True
JQ417300.1,True,False,False,True
JQ417301.1,True,False,False,True
JQ417302.1,True,False,False,True
JQ417303.1,True,False,False,True
JQ417304.1,True,False,False,True
JQ417305.1,True,False,False,True
JQ417306.1,True,False,False,True
JQ417307.1,True,False,False,True
JQ417308.1,True,False,False,True
JQ417309.1,True,False,False,True
JQ417310.1,True,False,False,True
JQ417311.1,True,False,False,True
JQ417312.1,True,False,False,True
JQ417313.1,True,False,False,True
JQ417314.1,True,False,False,True
JQ417315.1,True,False,False,True
JQ417316.1,True,False,False,True
JQ417317.1,True,False,False,True
JQ417318.1,True,False,False,True
JQ417319.1,True,False,False,True
JQ417320.1,True,False,False,True
JQ417321.1,True,False,False,True
JQ417322.1,True,False,False,True
JQ417323.1,True,False,False,True
JQ417324.1,True,False,False,True
JQ417325.1,True,False,False,True
JQ417326.1,True,False,False,True
JQ417327.1,True,False,False,True
JQ417328.1,True,False,False,True
JQ417329.1,True,False,False,True
JQ417330.1,True,False,False,True
JQ417331.1,True,False,False,True
JQ417332.1,True,False,False,True
JQ417333.1,True,False,False,True
JQ417334.1,True,False,False,True
JQ417335.1,True,False,False,True
JQ417336.1,True,False,False,True
JQ417337.1,True,False,False,True
JQ417338.1,True,False,False,True
JQ417339.1,True,False,False,True
JQ417340.1,True,False,False,True
JQ417341.1,True,False,False,True
JQ417342.1,True,False,False,True
JQ417343.1,True,False,False,True
JQ417344.1,True,False,False,True
JQ417345.1,True,False,False,True
JQ417346.1,True,False,False,True
JQ417347.1,True,False,False,True
JQ417348.1,True,False,False,True
JQ417349.1,True,False,False,True
JQ417350.1,True,False,False,True
JQ417351.1,True,False,False,True
JQ417352.1,True,False,False,True
JQ417353.1,True,False,False,True
JQ478407.1,True,False,False,False
JQ478408.1,True,False,False,False
JQ478409.1,True,False,False,False
JQ585605.2,True,False,True,False
JQ585606.2,False,False,True,False
JQ585607.2,True,False,True,False
JQ585608.2,True,False,True,False
JQ585609.2,True,False,True,False
JQ585610.2,True,False,True,False
JQ613507.1,True,False,False,False
JQ613508.1,True,False,False,False
JQ613509.1,True,False,False,False
JQ613510.1,True,False,False,False
JQ613511.1,True,False,False,False
JQ613512.1,True,False,False,False
JQ613513.1,True,False,False,False
JQ613514.1,True,False,False,False
JQ613515.1,True,False,False,False
JQ613516.1,True,False,False,False
JQ613517.1,True,False,False,False
JQ613518.1,True,False,False,False
JQ613519.1,True,False,False,False
JQ613520.1,True,False,False,False
JQ613521.1,True,False,False,False
JQ613522.1,True,False,False,False
JQ613523.1,True,False,False,False
JQ613524.1,True,False,False,False
JQ613525.1,True,False,False,False
JQ613526.1,True,False,False,False
JQ613527.1,True,False,False,False
JQ613528.1,True,False,False,False
JQ613529.1,True,False,False,False
JQ613530.1,True,False,False,False
JQ613531.1,True,False,False,False
JQ613532.1,True,False,False,False
JQ613533.1,True,False,False,False
JQ613534.1,True,False,False,False
JQ613535.1,True,False,False,False
JQ613536.1,True,False,False,False
JQ613537.1,True,False,False,False
JQ613538.1,True,False,False,False
JQ613539.1,True,False,False,False
JQ613540.1,True,False,False,False
JQ613541.1,True,False,False,False
JQ613542.1,True,False,False,False
JQ613543.1,True,False,False,False
JQ613544.1,True,False,False,False
JQ613545.1,True,False,False,False
JQ613546.1,True,False,False,False
JQ613547.1,True,False,False,False
JQ613548.1,True,False,False,False
JQ613549.1,True,False,False,False
JQ613550.1,True,False,False,False
JQ613551.1,True,False,False,False
JQ613553.1,True,False,False,False
JQ613554.1,True,False,False,False
JQ613555.1,True,False,False,False
JQ613556.1,True,False,False,False
JQ613557.1,True,False,False,False
JQ613558.1,True,False,False,False
JQ613559.1,True,False,False,False
JQ613560.1,True,False,False,False
JQ613561.1,True,False,False,False
JQ613562.1,True,False,False,False
JQ613563.1,True,False,False,False
JQ613564.1,True,False,False,False
JQ613565.1,True,False,False,False
JQ613566.1,True,False,False,False
JQ613571.1,True,False,False,False
JQ618020.1,True,False,False,False
JQ653095.1,True,False,False,False
JQ653096.1,True,False,False,True
JQ653097.1,True,False,False,True
JQ653098.1,True,False,False,True
JQ653099.1,True,False,False,True
JQ653100.1,True,False,False,True
JQ653101.1,True,False,False,True
JQ653102.1,True,False,False,True
JQ653103.1,True,False,False,True
JQ653104.1,True,False,False,True
JQ653105.1,True,False,False,True
JQ653106.1,True,False,False,True
JQ653107.1,True,False,False,True
JQ653108.1,True,False,False,True
JQ653109.1,True,False,False,True
JQ683744.1,True,False,False,False
JQ683745.1,True,False,False,False
JQ683746.1,True,False,False,False
JQ683747.1,True,False,False,False
JQ683748.1,True,False,False,False
JQ683749.1,True,False,False,False
JQ683750.1,True,False,False,False
JQ683751.1,True,False,False,False
JQ683752.1,True,False,False,False
JQ683753.1,True,False,False,False
JQ683754.1,True,False,False,False
JQ683755.1,True,False,False,False
JQ683756.1,True,False,False,False
JQ683757.1,True,False,False,False
JQ683758.1,True,False,False,False
JQ683759.1,True,False,False,False
JQ683760.1,True,False,False,False
JQ683761.1,True,False,False,False
JQ683762.1,True,False,False,False
JQ683763.1,True,False,False,False
JQ683764.1,True,False,False,False
JQ683765.1,True,False,False,False
JQ692877.1,True,False,False,False
JQ692878.1,True,False,False,False
JQ692879.1,True,False,False,False
JQ692880.1,True,False,False,False
JQ692881.1,True,False,False,False
JQ692882.1,True,False,False,False
JQ692883.1,True,False,False,False
JQ692884.1,True,False,False,False
JQ692885.1,True,False,False,False
JQ692886.1,True,False,False,False
JQ692887.1,True,False,False,False
JQ692888.1,True,False,False,False
JQ692889.1,True,False,False,False
JQ692890.1,True,False,False,False
JQ692891.1,True,False,False,False
JQ692892.1,True,False,False,False
JQ692893.1,True,False,False,False
JQ692894.1,True,False,False,False
JQ692895.1,True,False,False,False
JQ692896.1,True,False,False,False
JQ692897.1,True,False,False,False
JQ692898.1,True,False,False,False
JQ692899.1,True,False,False,False
JQ692900.1,True,False,False,False
JQ692901.1,True,False,False,False
JQ692902.1,True,False,False,False
JQ692903.1,True,False,False,False
JQ692904.1,True,False,False,False
JQ692905.1,True,False,False,False
JQ692906.1,True,False,False,False
JQ692907.1,True,False,False,False
JQ692908.1,True,False,False,False
JQ692909.1,True,False,False,False
JQ692910.1,True,False,False,False
JQ692911.1,True,False,False,False
JQ692912.1,True,False,False,False
JQ692913.1,True,False,False,False
JQ692914.1,True,False,False,False
JQ692915.1,True,False,False,False
JQ692916.1,True,False,False,False
JQ692917.1,True,False,False,False
JQ692918.1,True,False,False,False
JQ692919.1,True,False,False,False
JQ692920.1,True,False,False,False
JQ692921.1,True,False,False,False
JQ692922.1,True,False,False,False
JQ692923.1,True,False,False,False
JQ692924.1,True,False,False,False
JQ692925.1,True,False,False,False
JQ692926.1,True,False,False,False
JQ692927.1,True,False,False,False
JQ692928.1,True,False,False,False
JQ692929.1,True,False,False,False
JQ692930.1,True,False,False,False
JQ692931.1,True,False,False,False
JQ692932.1,True,False,False,False
JQ692933.1,True,False,False,False
JQ692934.1,True,False,False,False
JQ692935.1,True,False,False,False
JQ692936.1,True,False,False,False
JQ692937.1,True,False,False,False
JQ739420.1,True,False,False,True
JQ739421.1,True,False,False,True
JQ739422.1,True,False,False,True
JQ739423.1,True,False,False,True
JQ739424.1,True,False,False,True
JQ739425.1,True,False,False,True
JQ739426.1,True,False,False,True
JQ739427.1,True,False,False,True
JQ739428.1,True,False,False,True
JQ739429.1,True,False,False,True
JQ739430.1,True,False,False,True
JQ739431.1,True,False,False,True
JQ739432.1,True,False,False,True
JQ739433.1,True,False,False,True
JQ739434.1,True,False,False,True
JQ739435.1,True,False,False,True
JQ739436.1,True,False,False,True
JQ739437.1,True,False,False,True
JQ739438.1,True,False,False,True
JQ739439.1,True,False,False,True
JQ739440.1,True,False,False,True
JQ739441.1,True,False,False,True
JQ739442.1,True,False,False,True
JQ739443.1,True,False,False,True
JQ739444.1,True,False,False,True
JQ739445.1,True,False,False,True
JQ739446.1,True,False,False,True
JQ739447.1,True,False,False,True
JQ739448.1,True,False,False,True
JQ739449.1,True,False,False,True
JQ739450.1,True,False,False,True
JQ739451.1,True,False,False,True
JQ743330.1,True,False,False,True
JQ743331.1,True,False,False,True
JQ743332.1,True,False,False,True
JQ743333.1,True,False,False,True
JQ750975.1,True,False,False,True
JQ750976.1,True,False,False,True
JQ750977.1,True,False,False,True
JQ750978.1,True,False,False,True
JQ750979.1,True,False,False,True
JQ750980.1,True,False,False,True
JQ750981.1,True,False,False,True
JQ750982.1,True,False,False,True
JQ750983.1,True,False,False,True
JQ750984.1,True,False,False,True
JQ750985.1,True,False,False,True
JQ750986.1,True,False,False,True
JQ750987.1,True,False,False,True
JQ750988.1,True,False,False,True
JQ750989.1,True,False,False,True
JQ750990.1,True,False,False,True
JQ750991.1,True,False,False,True
JQ750992.1,True,False,False,True
JQ750993.1,True,False,False,True
JQ750994.1,True,False,False,True
JQ750995.1,True,False,False,True
JQ750996.1,True,False,False,True
JQ750997.1,True,False,False,False
JQ750998.1,True,False,False,False
JQ750999.1,True,False,False,False
JQ751000.1,True,False,False,False
JQ751001.1,True,False,False,False
JQ751002.1,True,False,False,False
JQ751003.1,True,False,False,False
JQ751004.1,True,False,False,False
JQ751005.1,True,False,False,False
JQ751006.1,True,False,False,False
JQ751007.1,True,False,False,False
JQ751008.1,True,False,False,False
JQ751009.1,True,False,False,False
JQ751010.1,True,False,False,False
JQ751011.1,True,False,False,False
JQ751012.1,True,False,False,False
JQ751013.1,True,False,False,False
JQ751014.1,True,False,False,False
JQ751015.1,True,False,False,False
JQ751016.1,True,False,False,False
JQ751017.1,True,False,False,False
JQ751018.1,True,False,False,False
JQ751019.1,True,False,False,False
JQ751020.1,True,False,False,False
JQ751021.1,True,False,False,False
JQ751022.1,True,False,False,False
JQ751023.1,True,False,False,False
JQ751024.1,True,False,False,False
JQ751025.1,True,False,False,False
JQ751026.1,True,False,False,False
JQ751027.1,True,False,False,False
JQ751028.1,True,False,False,False
JQ751029.1,True,False,False,False
JQ751030.1,True,False,False,False
JQ751031.1,True,False,False,False
JQ751032.1,True,False,False,False
JQ751033.1,True,False,False,False
JQ751034.1,True,False,False,False
JQ751035.1,True,False,False,False
JQ751036.1,True,False,False,False
JQ751037.1,True,False,False,False
JQ751038.1,True,False,False,False
JQ751039.1,True,False,False,False
JQ751040.1,True,False,False,False
JQ751041.1,True,False,False,False
JQ751042.1,True,False,False,False
JQ751043.1,True,False,False,False
JQ751044.1,True,False,False,False
JQ751045.1,True,False,False,False
JQ751046.1,True,False,False,False
JQ751047.1,True,False,False,False
JQ751048.1,True,False,False,False
JQ751049.1,True,False,False,False
JQ751050.1,True,False,False,False
JQ751051.1,True,False,False,False
JQ751052.1,True,False,False,False
JQ751053.1,True,False,False,False
JQ751054.1,True,False,False,False
JQ751055.1,True,False,False,False
JQ796695.1,True,False,False,True
JQ861246.1,True,False,True,True
JQ861247.1,True,False,True,True
JQ861248.1,True,False,True,True
JQ861249.1,True,False,True,True
JQ861250.1,True,False,True,True
JQ861907.1,True,False,False,False
JQ861908.1,True,False,False,False
JQ861909.1,True,False,False,False
JQ861910.1,True,False,False,False
JQ861911.1,True,False,False,False
JQ861912.1,True,False,False,False
JQ861913.1,True,False,False,False
JQ861914.1,True,False,False,False
JQ861915.1,True,False,False,False
JQ861916.1,True,False,False,False
JQ861917.1,True,False,False,False
JQ861918.1,True,False,False,False
JQ861919.1,True,False,False,False
JQ861920.1,True,False,False,False
JQ861921.1,True,False,False,False
JQ861922.1,True,False,False,False
JQ861923.1,True,False,False,False
JQ861924.1,True,False,False,False
JQ861925.1,True,False,False,False
JQ861926.1,True,False,False,False
JQ861927.1,True,False,False,False
JQ861928.1,True,False,False,False
JQ861929.1,True,False,False,False
JQ861930.1,True,False,False,False
JQ861931.1,True,False,False,False
JQ861932.1,True,False,False,False
JQ889812.1,True,False,False,False
JQ889813.1,True,False,False,True
JQ889814.1,True,False,False,False
JQ889815.1,True,False,False,False
JQ889816.1,True,False,False,False
JQ889817.1,True,False,False,False
JQ899442.1,True,False,False,False
JQ934807.1,True,False,False,True
JQ934808.1,True,False,False,True
JQ934809.1,True,False,False,True
JQ934810.1,True,False,False,True
JQ934811.1,True,False,False,True
JQ934812.1,True,False,False,True
JQ934813.1,True,False,False,True
JQ934814.1,True,False,False,True
JQ934815.1,True,False,False,True
JQ934816.1,True,False,False,True
JQ934817.1,True,False,False,True
JQ934818.1,True,False,False,True
JQ934819.1,True,False,False,True
JQ934820.1,True,False,False,True
JQ943953.1,True,False,False,True
JQ943954.1,True,False,False,True
JQ943955.1,True,False,False,True
JQ943956.1,True,False,False,True
JQ943957.1,True,False,False,True
JQ943958.1,True,False,False,True
JQ943959.1,True,False,False,True
JQ943960.1,True,False,False,True
JQ943961.1,True,False,False,True
JQ943962.1,True,False,False,True
JQ943963.1,True,False,False,True
JQ943964.1,True,False,False,True
JQ943965.1,True,False,False,True
JQ943966.1,True,False,False,True
JQ943967.1,True,False,False,True
JQ943968.1,True,False,False,True
JQ943969.1,True,False,False,True
JQ943970.1,True,False,False,True
JQ943971.1,True,False,False,True
JQ943972.1,True,False,False,True
JQ943973.1,True,False,False,True
JQ943974.1,True,False,False,True
JQ943975.1,True,False,False,True
JQ943976.1,True,False,False,True
JQ943977.1,True,False,False,True
JQ943978.1,True,False,False,True
JQ943979.1,True,False,False,True
JQ943980.1,True,False,False,True
JQ943981.1,True,False,False,True
JQ943982.1,True,False,False,True
JQ943983.1,True,False,False,True
JQ943984.1,True,False,False,True
JQ943985.1,True,False,False,True
JQ943986.1,True,False,False,True
JQ943987.1,True,False,False,True
JQ943988.1,True,False,False,True
JQ943989.1,True,False,False,True
JQ943990.1,True,False,False,True
JQ943991.1,True,False,False,True
JQ943992.1,True,False,False,True
JQ943993.1,True,False,False,True
JQ943994.1,True,False,False,True
JQ943995.1,True,False,False,True
JQ943996.1,True,False,False,True
JQ943997.1,True,False,False,True
JQ943998.1,True,False,False,True
JQ943999.1,True,False,False,True
JQ944000.1,True,False,False,True
JQ944001.1,True,False,False,True
JQ944002.1,True,False,False,True
JQ944003.1,True,False,False,True
JQ944004.1,True,False,False,True
JQ944005.1,True,False,False,True
JQ944006.1,True,False,False,True
JQ944007.1,True,False,False,True
JQ944008.1,True,False,False,True
JQ944009.1,True,False,False,True
JQ944010.1,True,False,False,True
JQ944011.1,True,False,False,True
JQ944012.1,True,False,False,True
JQ944013.1,True,False,False,True
JQ944014.1,True,False,False,True
JQ944015.1,True,False,False,True
JQ944016.1,True,False,False,True
JQ944017.1,True,False,False,True
JQ944018.1,True,False,False,True
JQ944019.1,True,False,False,True
JQ944020.1,True,False,False,True
JQ944021.1,True,False,False,True
JQ944022.1,True,False,False,True
JQ944023.1,True,False,False,True
JQ944024.1,True,False,False,True
JQ944025.1,True,False,False,True
JQ944026.1,True,False,False,True
JQ944027.1,True,False,False,True
JQ944028.1,True,False,False,True
JQ944029.1,True,False,False,True
JQ944030.1,True,False,False,True
JQ944031.1,True,False,False,True
JQ944032.1,True,False,False,True
JQ944033.1,True,False,False,True
JQ944034.1,True,False,False,True
JQ944035.1,True,False,False,True
JQ944036.1,True,False,False,True
JQ944037.1,True,False,False,True
JQ944038.1,True,False,False,True
JQ944039.1,True,False,False,True
JQ944040.1,True,False,False,True
JQ944041.1,True,False,False,True
JQ944042.1,True,False,False,True
JQ944043.1,True,False,False,True
JQ944044.1,True,False,False,True
JQ944045.1,True,False,False,True
JQ944046.1,True,False,False,True
JQ944047.1,True,False,False,True
JQ944048.1,True,False,False,True
JQ944049.1,True,False,False,True
JQ944050.1,True,False,False,True
JQ944051.1,True,False,False,True
JQ944052.1,True,False,False,True
JQ944053.1,True,False,False,True
JQ944054.1,True,False,False,True
JQ944055.1,True,False,False,True
JQ944056.1,True,False,False,True
JQ944057.1,True,False,False,True
JQ944058.1,True,False,False,True
JQ944059.1,True,False,False,True
JQ944060.1,True,False,False,True
JQ944061.1,True,False,False,True
JQ944062.1,True,False,False,True
JQ944063.1,True,False,False,True
JQ944064.1,True,False,False,True
JQ944065.1,True,False,False,True
JQ944066.1,True,False,False,True
JQ944067.1,True,False,False,True
JQ944068.1,True,False,False,True
JQ944069.1,True,False,False,True
JQ944070.1,True,False,False,True
JQ944071.1,True,False,False,True
JQ944072.1,True,False,False,True
JQ944073.1,True,False,False,True
JQ944074.1,True,False,False,True
JQ944075.1,True,False,False,True
JQ944076.1,True,False,False,True
JQ944077.1,True,False,False,True
JQ944078.1,True,False,False,True
JQ944079.1,True,False,False,True
JQ944080.1,True,False,False,True
JQ944081.1,True,False,False,True
JQ944082.1,True,False,False,True
JQ944083.1,True,False,False,True
JQ944084.1,True,False,False,True
JQ944085.1,True,False,False,True
JQ944086.1,True,False,False,True
JQ944087.1,True,False,False,True
JQ944088.1,True,False,False,True
JQ944089.1,True,False,False,True
JQ944090.1,True,False,False,True
JQ944091.1,True,False,False,True
JQ944092.1,True,False,False,True
JQ944093.1,True,False,False,True
JQ944094.1,True,False,False,True
JQ944095.1,True,False,False,True
JQ944096.1,True,False,False,True
JQ944097.1,True,False,False,True
JQ944098.1,True,False,False,True
JQ944099.1,True,False,False,True
JQ944100.1,True,False,False,True
JQ944101.1,True,False,False,True
JQ944102.1,True,False,False,True
JQ944103.1,True,False,False,True
JQ944104.1,True,False,False,True
JQ944105.1,True,False,False,True
JQ944106.1,True,False,False,True
JQ944107.1,True,False,False,True
JQ944108.1,True,False,False,True
JQ944109.1,True,False,False,True
JQ944110.1,True,False,False,True
JQ944111.1,True,False,False,True
JQ944112.1,True,False,False,True
JQ944113.1,True,False,False,True
JQ944114.1,True,False,False,True
JQ944115.1,True,False,False,True
JQ944116.1,True,False,False,True
JQ944117.1,True,False,False,True
JQ944118.1,True,False,False,True
JQ944119.1,True,False,False,True
JQ944120.1,True,False,False,True
JQ944121.1,True,False,False,True
JQ944122.1,True,False,False,True
JQ944123.1,True,False,False,True
JQ944124.1,True,False,False,True
JQ944125.1,True,False,False,True
JQ944126.1,True,False,False,True
JQ944127.1,True,False,False,True
JQ944128.1,True,False,False,True
JQ944129.1,True,False,False,True
JQ944130.1,True,False,False,True
JQ944131.1,True,False,False,True
JQ944132.1,True,False,False,True
JQ944133.1,True,False,False,True
JQ944134.1,True,False,False,True
JQ944135.1,True,False,False,True
JQ944136.1,True,False,False,True
JQ944137.1,True,False,False,True
JQ944138.1,True,False,False,True
JQ944139.1,True,False,False,True
JQ944140.1,True,False,False,True
JQ944141.1,True,False,False,True
JQ944142.1,True,False,False,True
JQ944143.1,True,False,False,True
JQ944144.1,True,False,False,True
JQ944145.1,True,False,False,True
JQ944146.1,True,False,False,True
JQ944147.1,True,False,False,True
JQ944148.1,True,False,False,True
JQ944149.1,True,False,False,True
JQ944150.1,True,False,False,True
JQ944151.1,True,False,False,True
JQ944152.1,True,False,False,True
JQ944153.1,True,False,False,True
JQ944154.1,True,False,False,True
JQ944155.1,True,False,False,True
JQ944156.1,True,False,False,True
JQ944157.1,True,False,False,True
JQ944158.1,True,False,False,True
JQ944159.1,True,False,False,True
JQ944160.1,True,False,False,True
JQ944161.1,True,False,False,True
JQ944162.1,True,False,False,True
JQ944163.1,True,False,False,True
JQ944164.1,True,False,False,True
JQ944165.1,True,False,False,True
JQ944166.1,True,False,False,True
JQ944167.1,True,False,False,True
JQ944168.1,True,False,False,True
JQ944169.1,True,False,False,True
JQ944170.1,True,False,False,True
JQ944171.1,True,False,False,True
JQ944172.1,True,False,False,True
JQ944173.1,True,False,False,True
JQ944174.1,True,False,False,True
JQ944175.1,True,False,False,True
JQ944176.1,True,False,False,True
JQ944177.1,True,False,False,True
JQ944178.1,True,False,False,True
JQ944179.1,True,False,False,True
JQ944180.1,True,False,False,True
JQ944181.1,True,False,False,True
JQ944182.1,True,False,False,True
JQ944183.1,True,False,False,True
JQ944184.1,True,False,False,True
JQ944185.1,True,False,False,True
JQ944186.1,True,False,False,True
JQ944187.1,True,False,False,True
JQ944188.1,True,False,False,True
JQ944189.1,True,False,False,True
JQ944190.1,True,False,False,True
JQ944191.1,True,False,False,True
JQ944192.1,True,False,False,True
JQ944193.1,True,False,False,True
JQ944194.1,True,False,False,True
JQ944195.1,True,False,False,True
JQ944196.1,True,False,False,True
JQ944197.1,True,False,False,True
JQ944198.1,True,False,False,True
JQ944199.1,True,False,False,True
JQ944200.1,True,False,False,True
JQ944201.1,True,False,False,True
JQ944202.1,True,False,False,True
JQ944203.1,True,False,False,True
JQ944204.1,True,False,False,True
JQ944205.1,True,False,False,True
JQ944206.1,True,False,False,True
JQ944207.1,True,False,False,True
JQ944208.1,True,False,False,True
JQ944209.1,True,False,False,True
JQ944210.1,True,False,False,True
JQ944211.1,True,False,False,True
JQ944212.1,True,False,False,True
JQ944213.1,True,False,False,True
JQ944214.1,True,False,False,True
JQ944215.1,True,False,False,True
JQ944216.1,True,False,False,True
JQ944217.1,True,False,False,True
JQ944218.1,True,False,False,True
JQ944219.1,True,False,False,True
JQ944220.1,True,False,False,True
JQ944221.1,True,False,False,True
JQ944222.1,True,False,False,True
JQ944223.1,True,False,False,True
JQ944224.1,True,False,False,True
JQ944225.1,True,False,False,True
JQ944226.1,True,False,False,True
JQ944227.1,True,False,False,True
JQ944228.1,True,False,False,True
JQ944229.1,True,False,False,True
JQ944230.1,True,False,False,True
JQ944231.1,True,False,False,True
JQ944232.1,True,False,False,True
JQ944233.1,True,False,False,True
JQ944234.1,True,False,False,True
JQ944235.1,True,False,False,True
JQ944236.1,True,False,False,True
JQ944237.1,True,False,False,True
JQ944238.1,True,False,False,True
JQ944239.1,True,False,False,True
JQ944240.1,True,False,False,True
JQ944241.1,True,False,False,True
JQ944242.1,True,False,False,True
JQ944243.1,True,False,False,True
JQ944244.1,True,False,False,True
JQ944245.1,True,False,False,True
JQ944246.1,True,False,False,True
JQ944247.1,True,False,False,True
JQ944248.1,True,False,False,True
JQ944249.1,True,False,False,True
JQ944250.1,True,False,False,True
JQ944251.1,True,False,False,True
JQ944252.1,True,False,False,True
JQ944253.1,True,False,False,True
JQ944254.1,True,False,False,True
JQ944255.1,True,False,False,True
JQ944256.1,True,False,False,True
JQ944257.1,True,False,False,True
JQ944258.1,True,False,False,True
JQ944259.1,True,False,False,True
JQ944260.1,True,False,False,True
JQ944261.1,True,False,False,True
JQ944262.1,True,False,False,True
JQ944263.1,True,False,False,True
JQ944264.1,True,False,False,True
JQ944265.1,True,False,False,True
JQ944266.1,True,False,False,True
JQ944267.1,True,False,False,True
JQ944268.1,True,False,False,True
JQ944269.1,True,False,False,True
JQ944270.1,True,False,False,True
JQ944271.1,True,False,False,True
JQ944272.1,True,False,False,True
JQ944273.1,True,False,False,True
JQ944274.1,True,False,False,True
JQ944275.1,True,False,False,True
JQ944276.1,True,False,False,True
JQ944277.1,True,False,False,True
JQ944278.1,True,False,False,True
JQ944279.1,True,False,False,True
JQ944280.1,True,False,False,True
JQ944281.1,True,False,False,True
JQ944282.1,True,False,False,True
JQ944283.1,True,False,False,True
JQ944284.1,True,False,False,True
JQ944285.1,True,False,False,True
JQ944286.1,True,False,False,True
JQ944287.1,True,False,False,True
JQ944288.1,True,False,False,True
JQ944289.1,True,False,False,True
JQ944290.1,True,False,False,True
JQ944291.1,True,False,False,True
JQ944292.1,True,False,False,True
JQ944293.1,True,False,False,True
JQ944294.1,True,False,False,True
JQ944295.1,True,False,False,True
JQ944296.1,True,False,False,True
JQ944297.1,True,False,False,True
JQ944298.1,True,False,False,True
JQ944299.1,True,False,False,True
JQ944300.1,True,False,False,True
JQ944301.1,True,False,False,True
JQ944302.1,True,False,False,True
JQ944303.1,True,False,False,True
JQ944304.1,True,False,False,True
JQ944305.1,True,False,False,True
JQ944306.1,True,False,False,True
JQ944307.1,True,False,False,True
JQ944308.1,True,False,False,True
JQ944309.1,True,False,False,True
JQ944310.1,True,False,False,True
JQ944311.1,True,False,False,True
JQ944312.1,True,False,False,True
JQ944313.1,True,False,False,True
JQ944314.1,True,False,False,True
JQ944315.1,True,False,False,True
JQ944316.1,True,False,False,True
JQ944317.1,True,False,False,True
JQ944318.1,True,False,False,True
JQ944319.1,True,False,False,True
JQ944320.1,True,False,False,True
JQ944321.1,True,False,False,True
JQ944322.1,True,False,False,True
JQ944323.1,True,False,False,True
JQ944324.1,True,False,False,True
JQ944325.1,True,False,False,True
JQ944326.1,True,False,False,True
JQ944327.1,True,False,False,True
JQ944328.1,True,False,False,True
JQ944329.1,True,False,False,True
JQ944330.1,True,False,False,True
JQ944331.1,True,False,False,True
JQ944332.1,True,False,False,True
JQ944333.1,True,False,False,True
JQ944334.1,True,False,False,True
JQ944335.1,True,False,False,True
JQ944336.1,True,False,False,True
JQ944337.1,True,False,False,True
JQ944338.1,True,False,False,True
JQ944339.1,True,False,False,True
JQ944340.1,True,False,False,True
JQ944341.1,True,False,False,True
JQ944342.1,True,False,False,True
JQ944343.1,True,False,False,True
JQ944344.1,True,False,False,True
JQ944345.1,True,False,False,True
JQ944346.1,True,False,False,True
JQ944347.1,True,False,False,True
JQ944348.1,True,False,False,True
JQ944349.1,True,False,False,True
JQ944350.1,True,False,False,True
JQ944351.1,True,False,False,True
JQ944352.1,True,False,False,True
JQ944353.1,True,False,False,True
JQ944354.1,True,False,False,True
JQ944355.1,True,False,False,True
JQ944356.1,True,False,False,True
JQ944357.1,True,False,False,True
JQ944358.1,True,False,False,True
JQ944359.1,True,False,False,True
JQ944360.1,True,False,False,True
JQ944361.1,True,False,False,True
JQ944362.1,True,False,False,True
JQ944363.1,True,False,False,True
JQ944364.1,True,False,False,True
JQ944365.1,True,False,False,True
JQ944366.1,True,False,False,True
JQ944367.1,True,False,False,True
JQ944368.1,True,False,False,True
JQ944369.1,True,False,False,True
JQ944370.1,True,False,False,True
JQ944371.1,True,False,False,True
JQ944372.1,True,False,False,True
JQ944373.1,True,False,False,True
JQ944374.1,True,False,False,True
JQ944375.1,True,False,False,True
JQ944376.1,True,False,False,True
JQ944377.1,True,False,False,True
JQ944378.1,True,False,False,True
JQ944379.1,True,False,False,True
JQ944380.1,True,False,False,True
JQ944381.1,True,False,False,True
JQ944382.1,True,False,False,True
JQ944383.1,True,False,False,True
JQ944384.1,True,False,False,True
JQ944385.1,True,False,False,True
JQ944386.1,True,False,False,True
JQ944387.1,True,False,False,True
JQ944388.1,True,False,False,True
JQ944389.1,True,False,False,True
JQ944390.1,True,False,False,True
JQ944391.1,True,False,False,True
JQ944392.1,True,False,False,True
JQ944393.1,True,False,False,True
JQ944394.1,True,False,False,True
JQ944395.1,True,False,False,True
JQ944396.1,True,False,False,True
JQ944397.1,True,False,False,True
JQ944398.1,True,False,False,True
JQ944399.1,True,False,False,True
JQ944400.1,True,False,False,True
JQ944401.1,True,False,False,True
JQ944402.1,True,False,False,True
JQ944403.1,True,False,False,True
JQ944404.1,True,False,False,True
JQ944405.1,True,False,False,True
JQ944406.1,True,False,False,True
JQ944407.1,True,False,False,True
JQ944408.1,True,False,False,True
JQ944409.1,True,False,False,True
JQ944410.1,True,False,False,True
JQ944411.1,True,False,False,True
JQ944412.1,True,False,False,True
JQ944413.1,True,False,False,True
JQ944414.1,True,False,False,True
JQ944415.1,True,False,False,True
JQ944416.1,True,False,False,True
JQ944417.1,True,False,False,True
JQ944418.1,True,False,False,True
JQ944419.1,True,False,False,True
JQ944420.1,True,False,False,True
JQ944421.1,True,False,False,True
JQ944422.1,True,False,False,True
JQ944423.1,True,False,False,True
JQ944424.1,True,False,False,True
JQ944425.1,True,False,False,True
JQ944426.1,True,False,False,True
JQ944427.1,True,False,False,True
JQ944428.1,True,False,False,True
JQ944429.1,True,False,False,True
JQ944430.1,True,False,False,True
JQ944431.1,True,False,False,True
JQ944432.1,True,False,False,True
JQ944433.1,True,False,False,True
JQ944434.1,True,False,False,True
JQ944435.1,True,False,False,True
JQ944436.1,True,False,False,True
JQ944437.1,True,False,False,True
JQ944438.1,True,False,False,True
JQ944439.1,True,False,False,True
JQ944440.1,True,False,False,True
JQ944441.1,True,False,False,True
JQ944442.1,True,False,False,True
JQ944443.1,True,False,False,True
JQ944444.1,True,False,False,True
JQ944445.1,True,False,False,True
JQ944446.1,True,False,False,True
JQ944447.1,True,False,False,True
JQ944448.1,True,False,False,True
JQ944449.1,True,False,False,True
JQ944450.1,True,False,False,True
JQ944451.1,True,False,False,True
JQ944452.1,True,False,False,True
JQ944453.1,True,False,False,True
JQ944454.1,True,False,False,True
JQ944455.1,True,False,False,True
JQ944456.1,True,False,False,True
JQ944457.1,True,False,False,True
JQ944458.1,True,False,False,True
JQ944459.1,True,False,False,True
JQ944460.1,True,False,False,True
JQ944461.1,True,False,False,True
JQ944462.1,True,False,False,True
JQ944463.1,True,False,False,True
JQ944464.1,True,False,False,True
JQ944465.1,True,False,False,True
JQ944466.1,True,False,False,True
JQ944467.1,True,False,False,True
JQ944468.1,True,False,False,True
JQ944469.1,True,False,False,True
JQ944470.1,True,False,False,True
JQ944471.1,True,False,False,True
JQ944472.1,True,False,False,True
JQ944473.1,True,False,False,True
JQ944474.1,True,False,False,True
JQ944475.1,True,False,False,True
JQ944476.1,True,False,False,True
JQ944477.1,True,False,False,True
JQ944478.1,True,False,False,True
JQ944479.1,True,False,False,True
JQ944480.1,True,False,False,True
JQ944481.1,True,False,False,True
JQ944482.1,True,False,False,True
JQ944483.1,True,False,False,True
JQ944484.1,True,False,False,True
JQ944485.1,True,False,False,True
JQ944486.1,True,False,False,True
JQ944487.1,True,False,False,True
JQ944488.1,True,False,False,True
JQ944489.1,True,False,False,True
JQ944490.1,True,False,False,True
JQ944491.1,True,False,False,True
JQ944492.1,True,False,False,True
JQ944493.1,True,False,False,True
JQ944494.1,True,False,False,True
JQ944495.1,True,False,False,True
JQ944496.1,True,False,False,True
JQ944497.1,True,False,False,True
JQ944498.1,True,False,False,True
JQ944499.1,True,False,False,True
JQ944500.1,True,False,False,True
JQ944501.1,True,False,False,True
JQ944502.1,True,False,False,True
JQ944503.1,True,False,False,True
JQ944504.1,True,False,False,True
JQ944505.1,True,False,False,True
JQ944506.1,True,False,False,True
JQ944507.1,True,False,False,True
JQ944508.1,True,False,False,True
JQ944509.1,True,False,False,True
JQ944510.1,True,False,False,True
JQ944511.1,True,False,False,True
JQ944512.1,True,False,False,True
JQ944513.1,True,False,False,True
JQ944514.1,True,False,False,True
JQ944515.1,True,False,False,True
JQ944516.1,True,False,False,True
JQ944517.1,True,False,False,True
JQ944518.1,True,False,False,True
JQ944519.1,True,False,False,True
JQ944520.1,True,False,False,True
JQ944521.1,True,False,False,True
JQ944522.1,True,False,False,True
JQ944523.1,True,False,False,True
JQ944524.1,True,False,False,True
JQ944525.1,True,False,False,True
JQ944526.1,True,False,False,True
JQ944527.1,True,False,False,True
JQ944528.1,True,False,False,True
JQ944529.1,True,False,False,True
JQ944530.1,True,False,False,True
JQ944531.1,True,False,False,True
JQ944532.1,True,False,False,True
JQ944533.1,True,False,False,True
JQ944534.1,True,False,False,True
JQ944535.1,True,False,False,True
JQ944536.1,True,False,False,True
JQ944537.1,True,False,False,True
JQ944538.1,True,False,False,True
JQ944539.1,True,False,False,True
JQ944540.1,True,False,False,True
JQ944541.1,True,False,False,True
JQ944542.1,True,False,False,True
JQ944543.1,True,False,False,True
JQ944544.1,True,False,False,True
JQ944545.1,True,False,False,True
JQ944546.1,True,False,False,True
JQ944547.1,True,False,False,True
JQ944548.1,True,False,False,True
JQ944549.1,True,False,False,True
JQ944550.1,True,False,False,True
JQ944551.1,True,False,False,True
JQ944552.1,True,False,False,True
JQ944553.1,True,False,False,True
JQ944554.1,True,False,False,True
JQ944555.1,True,False,False,True
JQ944556.1,True,False,False,True
JQ944557.1,True,False,False,True
JQ944558.1,True,False,False,True
JQ944559.1,True,False,False,True
JQ944560.1,True,False,False,True
JQ944561.1,True,False,False,True
JQ944562.1,True,False,False,True
JQ944563.1,True,False,False,True
JQ944564.1,True,False,False,True
JQ944565.1,True,False,False,True
JQ944566.1,True,False,False,True
JQ944567.1,True,False,False,True
JQ944568.1,True,False,False,True
JQ944569.1,True,False,False,True
JQ944570.1,True,False,False,True
JQ944571.1,True,False,False,True
JQ944572.1,True,False,False,True
JQ944573.1,True,False,False,True
JQ944574.1,True,False,False,True
JQ944575.1,True,False,False,True
JQ944576.1,True,False,False,True
JQ944577.1,True,False,False,True
JQ944578.1,True,False,False,True
JQ944579.1,True,False,False,True
JQ944580.1,True,False,False,True
JQ944581.1,True,False,False,True
JQ944582.1,True,False,False,True
JQ944583.1,True,False,False,True
JQ944584.1,True,False,False,True
JQ944585.1,True,False,False,True
JQ944586.1,True,False,False,True
JQ944587.1,True,False,False,True
JQ944588.1,True,False,False,True
JQ944589.1,True,False,False,True
JQ944590.1,True,False,False,True
JQ944591.1,True,False,False,True
JQ944592.1,True,False,False,True
JQ944593.1,True,False,False,True
JQ944594.1,True,False,False,True
JQ944595.1,True,False,False,True
JQ944596.1,True,False,False,True
JQ944597.1,True,False,False,True
JQ944598.1,True,False,False,True
JQ944599.1,True,False,False,True
JQ944600.1,True,False,False,True
JQ944601.1,True,False,False,True
JQ944602.1,True,False,False,True
JQ944603.1,True,False,False,True
JQ944604.1,True,False,False,True
JQ944605.1,True,False,False,True
JQ944606.1,True,False,False,True
JQ944607.1,True,False,False,True
JQ944608.1,True,False,False,True
JQ944609.1,True,False,False,True
JQ944610.1,True,False,False,True
JQ944611.1,True,False,False,True
JQ944612.1,True,False,False,True
JQ944613.1,True,False,False,True
JQ944614.1,True,False,False,True
JQ944615.1,True,False,False,True
JQ944616.1,True,False,False,True
JQ944617.1,True,False,False,True
JQ944618.1,True,False,False,True
JQ944619.1,True,False,False,True
JQ944620.1,True,False,False,True
JQ944621.1,True,False,False,True
JQ944622.1,True,False,False,True
JQ944623.1,True,False,False,True
JQ944624.1,True,False,False,True
JQ944625.1,True,False,False,True
JQ944626.1,True,False,False,True
JQ944627.1,True,False,False,True
JQ944628.1,True,False,False,True
JQ944629.1,True,False,False,True
JQ944630.1,True,False,False,True
JQ944631.1,True,False,False,True
JQ944632.1,True,False,False,True
JQ944633.1,True,False,False,True
JQ944634.1,True,False,False,True
JQ944635.1,True,False,False,True
JQ944636.1,True,False,False,True
JQ944637.1,True,False,False,True
JQ944638.1,True,False,False,True
JQ944639.1,True,False,False,True
JQ944640.1,True,False,False,True
JQ944641.1,True,False,False,True
JQ944642.1,True,False,False,True
JQ944643.1,True,False,False,True
JQ944644.1,True,False,False,True
JQ944645.1,True,False,False,True
JQ944646.1,True,False,False,True
JQ944647.1,True,False,False,True
JQ944648.1,True,False,False,True
JQ944649.1,True,False,False,True
JQ944650.1,True,False,False,True
JQ944651.1,True,False,False,True
JQ944652.1,True,False,False,True
JQ944653.1,True,False,False,True
JQ944654.1,True,False,False,True
JQ944655.1,True,False,False,True
JQ944656.1,True,False,False,True
JQ944657.1,True,False,False,True
JQ944658.1,True,False,False,True
JQ944659.1,True,False,False,True
JQ944660.1,True,False,False,True
JQ944661.1,True,False,False,True
JQ944662.1,True,False,False,True
JQ944663.1,True,False,False,True
JQ944664.1,True,False,False,True
JQ944665.1,True,False,False,True
JQ944666.1,True,False,False,True
JQ944667.1,True,False,False,True
JQ944668.1,True,False,False,True
JQ944669.1,True,False,False,True
JQ944670.1,True,False,False,True
JQ944671.1,True,False,False,True
JQ944672.1,True,False,False,True
JQ944673.1,True,False,False,True
JQ944674.1,True,False,False,True
JQ944675.1,True,False,False,True
JQ944676.1,True,False,False,True
JQ944677.1,True,False,False,True
JQ944678.1,True,False,False,True
JQ944679.1,True,False,False,True
JQ944680.1,True,False,False,True
JQ944681.1,True,False,False,True
JQ944682.1,True,False,False,True
JQ944683.1,True,False,False,True
JQ944684.1,True,False,False,True
JQ944685.1,True,False,False,True
JQ944686.1,True,False,False,True
JQ944687.1,True,False,False,True
JQ944688.1,True,False,False,True
JQ944689.1,True,False,False,True
JQ944690.1,True,False,False,True
JQ944691.1,True,False,False,True
JQ944692.1,True,False,False,True
JQ944693.1,True,False,False,True
JQ944694.1,True,False,False,True
JQ944695.1,True,False,False,True
JQ944696.1,True,False,False,True
JQ965810.1,True,False,False,True
JQ970479.1,True,False,False,True
JX047011.1,True,False,False,False
JX047012.1,True,False,False,False
JX047013.1,True,False,False,False
JX047014.1,True,False,False,False
JX047015.1,True,False,False,False
JX047016.1,True,False,False,False
JX047017.1,True,False,False,False
JX047018.1,True,False,False,False
JX047019.1,True,False,False,False
JX047020.1,True,False,False,False
JX047021.1,True,False,False,False
JX047022.1,True,False,False,False
JX047023.1,True,False,False,False
JX074065.1,True,False,False,True
JX142184.1,True,False,False,False
JX155737.1,True,False,False,True
JX155738.1,True,False,False,True
JX155739.1,True,False,False,True
JX155740.1,True,False,False,True
JX155741.1,True,False,False,True
JX155742.1,True,False,False,True
JX155743.1,True,False,False,True
JX155744.1,True,False,False,True
JX155745.1,True,False,False,True
JX155746.1,True,False,False,True
JX155747.1,True,False,False,True
JX155748.1,True,False,False,True
JX155749.1,True,False,False,True
JX155750.1,True,False,False,True
JX155751.1,True,False,False,True
JX155752.1,True,False,False,True
JX155753.1,True,False,False,True
JX155754.1,True,False,False,True
JX282191.1,True,False,False,True
JX289821.1,True,False,False,False
JX289822.1,True,False,False,False
JX401279.1,True,False,False,True
JX401280.1,True,False,False,True
JX401281.1,True,False,False,True
JX416387.1,True,False,False,True
JX416388.1,True,False,False,True
JX416389.1,True,False,False,True
JX416390.1,True,False,False,True
JX416391.1,True,False,False,True
JX416392.1,True,False,False,True
JX416393.1,True,False,False,True
JX416394.1,True,False,False,True
JX416395.1,True,False,False,True
JX416396.1,True,False,False,True
JX416397.1,True,False,False,True
JX416398.1,True,False,False,True
JX416399.1,True,False,False,True
JX416400.1,True,False,False,True
JX416401.1,True,False,False,True
JX416402.1,True,False,False,True
JX416403.1,True,False,False,True
JX416404.1,True,False,False,True
JX416405.1,True,False,False,True
JX416406.1,True,False,False,True
JX416407.1,True,False,False,True
JX416408.1,True,False,False,True
JX416409.1,True,False,False,True
JX416410.1,True,False,False,True
JX416411.1,True,False,False,True
JX416412.1,True,False,False,True
JX416413.1,True,False,False,True
JX416414.1,True,False,False,True
JX416415.1,True,False,False,True
JX416416.1,True,False,False,True
JX416417.1,True,False,False,True
JX416418.1,True,False,False,True
JX416419.1,True,False,False,True
JX427563.1,True,False,False,True
JX427564.1,True,False,False,True
JX427565.1,True,False,False,True
JX427566.1,True,False,False,True
JX427567.1,True,False,False,True
JX427568.1,True,False,False,True
JX427569.1,True,False,False,True
JX427570.1,True,False,False,True
JX427571.1,True,False,False,True
JX427572.1,True,False,False,True
JX427573.1,True,False,False,True
JX427574.1,True,False,False,True
JX427575.1,True,False,False,True
JX427576.1,True,False,False,True
JX427577.1,True,False,False,True
JX427578.1,True,False,False,True
JX427579.1,True,False,False,True
JX427580.1,True,False,False,True
JX427581.1,True,False,False,True
JX427582.1,True,False,False,True
JX427583.1,True,False,False,True
JX427584.1,True,False,False,True
JX427585.1,True,False,False,True
JX427586.1,True,False,False,True
JX427587.1,True,False,False,True
JX427588.1,True,False,False,True
JX427589.1,True,False,False,True
JX427590.1,True,False,False,True
JX427591.1,True,False,False,True
JX427592.1,True,False,False,True
JX427593.1,True,False,False,True
JX427594.1,True,False,False,True
JX427595.1,True,False,False,True
JX427596.1,True,False,False,True
JX427597.1,True,False,False,True
JX427598.1,True,False,False,True
JX427599.1,True,False,False,True
JX427600.1,True,False,False,True
JX427601.1,True,False,False,True
JX439782.1,True,False,False,False
JX439783.1,True,False,False,False
JX439784.1,True,False,False,False
JX439785.1,True,False,False,False
JX439786.1,True,False,False,False
JX439787.1,True,False,False,False
JX439788.1,True,False,False,False
JX439789.1,True,False,False,False
JX439790.1,True,False,False,False
JX439791.1,True,False,False,False
JX439792.1,True,False,False,False
JX439793.1,True,False,False,False
JX439794.1,True,False,False,False
JX439795.1,True,False,False,False
JX439796.1,True,False,False,False
JX439797.1,True,False,False,False
JX439798.1,True,False,False,False
JX439799.1,True,False,False,False
JX439800.1,True,False,False,False
JX439801.1,True,False,False,False
JX439802.1,True,False,False,False
JX439803.1,True,False,False,False
JX439804.1,True,False,False,False
JX439805.1,True,False,False,False
JX439806.1,True,False,False,False
JX439807.1,True,False,False,False
JX439808.1,True,False,False,False
JX439809.1,True,False,False,False
JX439810.1,True,False,False,False
JX439811.1,True,False,False,False
JX439812.1,True,False,False,False
JX439813.1,True,False,False,False
JX439814.1,True,False,False,False
JX439820.1,True,False,False,False
JX439821.1,True,False,False,False
JX439822.1,True,False,False,False
JX439823.1,True,False,False,False
JX439824.1,True,False,False,False
JX439825.1,True,False,False,False
JX439826.1,True,False,False,False
JX439827.1,True,False,False,False
JX439828.1,True,False,False,False
JX439829.1,True,False,False,False
JX439830.1,True,False,False,False
JX439831.1,True,False,False,False
JX439832.1,True,False,False,False
JX439833.1,True,False,False,False
JX439834.1,True,False,False,False
JX439835.1,True,False,False,False
JX439836.1,True,False,False,False
JX439837.1,True,False,False,False
JX439838.1,True,False,False,False
JX439839.1,True,False,False,False
JX439840.1,True,False,False,False
JX439841.1,True,False,False,False
JX439842.1,True,False,False,False
JX439843.1,True,False,False,False
JX439844.1,True,False,False,False
JX439845.1,True,False,False,False
JX439846.1,True,False,False,False
JX439847.1,True,False,False,False
JX439848.1,True,False,False,False
JX439849.1,True,False,False,False
JX439850.1,True,False,False,False
JX439851.1,True,False,False,False
JX439852.1,True,False,False,False
JX439853.1,True,False,False,False
JX439854.1,True,False,False,False
JX439855.1,True,False,False,False
JX439856.1,True,False,False,False
JX439857.1,True,False,False,False
JX439858.1,True,False,False,False
JX439859.1,True,False,False,False
JX439860.1,True,False,False,False
JX439861.1,True,False,False,False
JX439862.1,True,False,False,False
JX439863.1,True,False,False,False
JX439864.1,True,False,False,False
JX439865.1,True,False,False,False
JX439866.1,True,False,False,False
JX439867.1,True,False,False,False
JX439868.1,True,False,False,False
JX439869.1,True,False,False,False
JX439870.1,True,False,False,False
JX439871.1,True,False,False,False
JX439872.1,True,False,False,False
JX439873.1,True,False,False,False
JX439874.1,True,False,False,False
JX439875.1,True,False,False,False
JX439876.1,True,False,False,False
JX439877.1,True,False,False,False
JX439878.1,True,False,False,False
JX439879.1,True,False,False,False
JX439880.1,True,False,False,False
JX439881.1,True,False,False,False
JX439882.1,True,False,False,False
JX439883.1,True,False,False,False
JX439884.1,True,False,False,False
JX439885.1,True,False,False,False
JX439886.1,True,False,False,False
JX439887.1,True,False,False,False
JX439888.1,True,False,False,False
JX439889.1,True,False,False,False
JX439890.1,True,False,False,False
JX439891.1,True,False,False,False
JX439892.1,True,False,False,False
JX439893.1,True,False,False,False
JX439894.1,True,False,False,False
JX439895.1,True,False,False,False
JX439896.1,True,False,False,False
JX439897.1,True,False,False,False
JX439898.1,True,False,False,False
JX439899.1,True,False,False,False
JX439900.1,True,False,False,False
JX439901.1,True,False,False,False
JX439902.1,True,False,False,False
JX439903.1,True,False,False,False
JX439904.1,True,False,False,False
JX439905.1,True,False,False,False
JX439906.1,True,False,False,False
JX445152.1,True,False,False,False
JX445153.1,True,False,False,False
JX445154.1,True,False,False,False
JX445155.1,True,False,False,False
JX445156.1,True,False,False,False
JX445157.1,True,False,False,False
JX445158.1,True,False,False,False
JX445159.1,True,False,False,False
JX445160.1,True,False,False,False
JX445161.1,True,False,False,False
JX445162.1,True,False,False,False
JX445163.1,True,False,False,False
JX445164.1,True,False,False,False
JX445165.1,True,False,False,False
JX445166.1,True,False,False,False
JX445167.1,True,False,False,False
JX445168.1,True,False,False,False
JX445169.1,True,False,False,False
JX455837.1,True,False,False,True
JX455838.1,True,False,False,True
JX455839.1,True,False,False,True
JX455840.1,True,False,False,True
JX455841.1,True,False,False,True
JX455842.1,True,False,False,True
JX455843.1,True,False,False,True
JX455844.1,True,False,False,True
JX455845.1,True,False,False,True
JX455846.1,True,False,False,True
JX455847.1,True,False,False,True
JX455848.1,True,False,False,True
JX455849.1,True,False,False,True
JX455850.1,True,False,False,True
JX455851.1,True,False,False,True
JX455852.1,True,False,False,True
JX455853.1,True,False,False,True
JX455854.1,True,False,False,True
JX455855.1,True,False,False,True
JX455856.1,True,False,False,True
JX455857.1,True,False,False,True
JX455858.1,True,False,False,True
JX455859.1,True,False,False,True
JX455860.1,True,False,False,True
JX455861.1,True,False,False,True
JX455862.1,True,False,False,True
JX455863.1,True,False,False,True
JX455864.1,True,False,False,True
JX455865.1,True,False,False,True
JX455866.1,True,False,False,True
JX455867.1,True,False,False,True
JX455868.1,True,False,False,True
JX455869.1,True,False,False,True
JX455870.1,True,False,False,True
JX455871.1,True,False,False,True
JX455872.1,True,False,False,True
JX455873.1,True,False,False,True
JX455874.1,True,False,False,True
JX455875.1,True,False,False,True
JX455876.1,True,False,False,True
JX455877.1,True,False,False,True
JX455878.1,True,False,False,True
JX455879.1,True,False,False,True
JX455880.1,True,False,False,True
JX455881.1,True,False,False,True
JX455882.1,True,False,False,True
JX455883.1,True,False,False,True
JX455884.1,True,False,False,True
JX455885.1,True,False,False,True
JX455886.1,True,False,False,True
JX455887.1,True,False,False,True
JX455888.1,True,False,False,True
JX455889.1,True,False,False,True
JX455890.1,True,False,False,True
JX455891.1,True,False,False,True
JX455892.1,True,False,False,True
JX455893.1,True,False,False,True
JX455894.1,True,False,False,True
JX455895.1,True,False,False,True
JX455896.1,True,False,False,False
JX459595.1,True,False,False,False
JX459596.1,True,False,False,False
JX459597.1,True,False,False,False
JX459598.1,True,False,False,False
JX459599.1,True,False,False,False
JX459600.1,True,False,False,False
JX459601.1,True,False,False,False
JX459602.1,True,False,False,False
JX459603.1,True,False,False,False
JX459604.1,True,False,False,False
JX459605.1,True,False,False,False
JX459606.1,True,False,False,False
JX459607.1,True,False,False,False
JX459608.1,True,False,False,False
JX459609.1,True,False,False,False
JX459610.1,True,False,False,False
JX459611.1,True,False,False,False
JX459612.1,True,False,False,False
JX459613.1,True,False,False,False
JX459614.1,True,False,False,False
JX459615.1,True,False,False,False
JX459616.1,True,False,False,False
JX459617.1,True,False,False,False
JX459618.1,True,False,False,False
JX459619.1,True,False,False,False
JX459620.1,True,False,False,False
JX459621.1,True,False,False,False
JX459622.1,True,False,False,False
JX459623.1,True,False,False,False
JX459624.1,True,False,False,False
JX459625.1,True,False,False,False
JX459626.1,True,False,False,False
JX459627.1,True,False,False,False
JX459628.1,True,False,False,False
JX459629.1,True,False,False,False
JX459630.1,True,False,False,False
JX459631.1,True,False,False,False
JX459632.1,True,False,False,False
JX459633.1,True,False,False,False
JX459634.1,True,False,False,False
JX459635.1,True,False,False,False
JX459636.1,True,False,False,False
JX459637.1,True,False,False,False
JX459638.1,True,False,False,False
JX459639.1,True,False,False,False
JX459640.1,True,False,False,False
JX459641.1,True,False,False,False
JX459642.1,True,False,False,False
JX459643.1,True,False,False,False
JX459644.1,True,False,False,False
JX459645.1,True,False,False,False
JX459646.1,True,False,False,False
JX459647.1,True,False,False,False
JX459648.1,True,False,False,False
JX459649.1,True,False,False,False
JX459650.1,True,False,False,False
JX459651.1,True,False,False,False
JX459652.1,True,False,False,False
JX459653.1,True,False,False,False
JX459654.1,True,False,False,False
JX459655.1,True,False,False,False
JX459656.1,True,False,False,False
JX459657.1,True,False,False,False
JX459658.1,True,False,False,False
JX459659.1,True,False,False,False
JX477805.1,True,False,False,False
JX480602.1,True,False,False,False
JX480603.1,True,False,False,False
JX480604.1,True,False,False,False
JX480605.1,True,False,False,False
JX480606.1,True,False,False,False
JX480607.1,True,False,False,False
JX480608.1,True,False,False,False
JX480609.1,True,False,False,False
JX480610.1,True,False,False,False
JX480611.1,True,False,False,False
JX480612.1,True,False,False,False
JX480613.1,True,False,False,False
JX480614.1,True,False,False,False
JX480615.1,True,False,False,False
JX480616.1,True,False,False,False
JX480617.1,True,False,False,False
JX480618.1,True,False,False,False
JX480619.1,True,False,False,False
JX480620.1,True,False,False,False
JX480621.1,True,False,False,False
JX480622.1,True,False,False,False
JX480623.1,True,False,False,False
JX502736.1,True,False,False,False
JX502737.1,True,False,False,False
JX502738.1,True,False,False,False
JX502739.1,True,False,False,False
JX502740.1,True,False,False,False
JX502741.1,True,False,False,False
JX502742.1,True,False,False,False
JX502743.1,True,False,False,False
JX502744.1,True,False,False,False
JX524566.1,True,False,False,False
JX524567.1,True,False,False,True
JX524568.1,True,False,False,True
JX524569.1,True,False,False,True
JX524570.1,True,False,False,True
JX524571.1,True,False,False,True
JX524572.1,True,False,False,True
JX524573.1,True,False,False,True
JX524574.1,True,False,False,True
JX524575.1,True,False,False,True
JX524576.1,True,False,False,True
JX524577.1,True,False,False,True
JX524578.1,True,False,False,True
JX524579.1,True,False,False,True
JX524580.1,True,False,False,True
JX524581.1,True,False,False,True
JX524582.1,True,False,False,True
JX524583.1,True,False,False,True
JX524584.1,True,False,False,True
JX524585.1,True,False,False,True
JX524586.1,True,False,False,True
JX524587.1,True,False,False,True
JX524588.1,True,False,False,True
JX524589.1,True,False,False,True
JX524590.1,True,False,False,True
JX524591.1,True,False,False,True
JX536237.1,True,False,False,True
JX536238.1,True,False,False,True
JX536239.1,True,False,False,True
JX536240.1,True,False,False,True
JX536241.1,True,False,False,True
JX536242.1,True,False,False,True
JX536243.1,True,False,False,True
JX536244.1,True,False,False,True
JX536245.1,True,False,False,True
JX536246.1,True,False,False,True
JX536247.1,True,False,False,True
JX536248.1,True,False,False,True
JX536249.1,True,False,False,True
JX536250.1,True,False,False,True
JX536251.1,True,False,False,False
JX629458.1,True,False,False,False
JX629769.1,True,False,False,True
JX629770.1,True,False,False,True
JX629771.1,True,False,False,True
JX629772.1,True,False,False,True
JX629773.1,True,False,False,True
JX629774.1,True,False,False,True
JX629775.1,True,False,False,True
JX629776.1,True,False,False,True
JX629777.1,True,False,False,True
JX629778.1,True,False,False,True
JX629779.1,True,False,False,True
JX629780.1,True,False,False,True
JX629781.1,True,False,False,True
JX629782.1,True,False,False,True
JX629783.1,True,False,False,True
JX629784.1,True,False,False,True
JX629785.1,True,False,False,True
JX629786.1,True,False,False,True
JX629787.1,True,False,False,True
JX629788.1,True,False,False,True
JX629789.1,True,False,False,True
JX629790.1,True,False,False,True
JX629791.1,True,False,False,True
JX629792.1,True,False,False,True
JX629793.1,True,False,False,True
JX629794.1,True,False,False,True
JX629795.1,True,False,False,True
JX629796.1,True,False,False,True
JX629797.1,True,False,False,True
JX629798.1,True,False,False,True
JX629799.1,True,False,False,True
JX629800.1,True,False,False,True
JX629801.1,True,False,False,True
JX629802.1,True,False,False,True
JX644025.1,True,False,False,False
JX644026.1,True,False,False,False
JX644027.1,True,False,False,False
JX644028.1,True,False,False,False
JX644029.1,True,False,False,False
JX644030.1,True,False,False,False
JX644031.1,True,False,False,False
JX644032.1,True,False,False,False
JX644033.1,True,False,False,False
JX644034.1,True,False,False,False
JX644035.1,True,False,False,False
JX644036.1,True,False,False,False
JX644037.1,True,False,False,False
JX644038.1,True,False,False,False
JX644039.1,True,False,False,False
JX666244.1,True,False,False,False
JX666245.1,True,False,False,False
JX666246.1,True,False,False,False
JX666247.1,True,False,False,False
JX666248.1,True,False,False,False
JX666249.1,True,False,False,False
JX666250.1,True,False,False,False
JX666251.1,True,False,False,False
JX666252.1,True,False,False,False
JX666253.1,True,False,False,False
JX666254.1,True,False,False,False
JX666255.1,True,False,False,False
JX666256.1,True,False,False,False
JX666257.1,True,False,False,False
JX666258.1,True,False,False,False
JX666259.1,True,False,False,False
JX666260.1,True,False,False,False
JX666261.1,True,False,False,False
JX666262.1,True,False,False,False
JX666263.1,True,False,False,False
JX666264.1,True,False,False,False
JX666265.1,True,False,False,False
JX666266.1,True,False,False,False
JX666267.1,True,False,False,False
JX666268.1,True,False,False,False
JX666269.1,True,False,False,False
JX666270.1,True,False,False,False
JX666271.1,True,False,False,False
JX666272.1,True,False,False,False
JX666273.1,True,False,False,False
JX666274.1,True,False,False,False
JX666275.1,True,False,False,False
JX666276.1,True,False,False,False
JX666277.1,True,False,False,False
JX666278.1,True,False,False,False
JX666279.1,True,False,False,False
JX666280.1,True,False,False,False
JX666281.1,True,False,False,False
JX666282.1,True,False,False,False
JX666283.1,True,False,False,False
JX666284.1,True,False,False,False
JX666285.1,True,False,False,False
JX666286.1,True,False,False,True
JX666287.1,True,False,False,True
JX666288.1,True,False,False,True
JX666289.1,True,False,False,True
JX666290.1,True,False,False,True
JX666291.1,True,False,False,True
JX666292.1,True,False,False,True
JX666293.1,True,False,False,True
JX666294.1,True,False,False,True
JX666295.1,True,False,False,True
JX666296.1,True,False,False,True
JX666297.1,True,False,False,True
JX666298.1,True,False,False,True
JX666299.1,True,False,False,True
JX666300.1,True,False,False,True
JX666301.1,True,False,False,True
JX666302.1,True,False,False,True
JX666303.1,True,False,False,True
JX666304.1,True,False,False,True
JX666305.1,True,False,False,True
JX666306.1,True,False,False,True
JX666307.1,True,False,False,True
JX666308.1,True,False,False,True
JX666309.1,True,False,False,True
JX666310.1,True,False,False,True
JX666311.1,True,False,False,True
JX666312.1,True,False,False,True
JX666313.1,True,False,False,True
JX666314.1,True,False,False,True
JX666315.1,True,False,False,True
JX666316.1,True,False,False,True
JX666317.1,True,False,False,True
JX666318.1,True,False,False,True
JX666319.1,True,False,False,True
JX666320.1,True,False,False,True
JX666321.1,True,False,False,True
JX666322.1,True,False,False,True
JX666323.1,True,False,False,True
JX666324.1,True,False,False,True
JX666325.1,True,False,False,True
JX666326.1,True,False,False,True
JX666327.1,True,False,False,True
JX683004.1,True,False,False,False
JX683005.1,True,False,False,False
JX683006.1,True,False,False,False
JX683007.1,True,False,False,False
JX683008.1,True,False,False,False
JX683009.1,True,False,False,False
JX683010.1,True,False,False,False
JX683011.1,True,False,False,False
JX683012.1,True,False,False,False
JX683013.1,True,False,False,False
JX683014.1,True,False,False,False
JX683015.1,True,False,False,False
JX683016.1,True,False,False,False
JX683114.1,True,False,False,False
JX683115.1,True,False,False,False
JX846926.1,True,False,False,True
JX846928.1,True,False,False,False
JX846929.1,True,False,True,True
JX863412.1,True,False,False,True
JX863413.1,True,False,False,True
JX863414.1,True,False,False,True
JX863415.1,True,False,False,True
JX863416.1,True,False,False,True
JX863417.1,True,False,False,True
JX863418.1,True,False,False,True
JX863419.1,True,False,False,True
JX863420.1,True,False,False,True
JX863421.1,True,False,False,True
JX863422.1,True,False,False,True
JX863423.1,True,False,False,True
JX863424.1,True,False,False,True
JX863425.1,True,False,False,True
JX863426.1,True,False,False,True
JX863427.1,True,False,False,True
JX863428.1,True,False,False,True
JX863429.1,True,False,False,True
JX863430.1,True,False,False,True
JX863431.1,True,False,False,True
JX863432.1,True,False,False,True
JX863433.1,True,False,False,True
JX863434.1,True,False,False,True
JX863435.1,True,False,False,True
JX863436.1,True,False,False,True
JX863437.1,True,False,False,True
JX863438.1,True,False,False,True
JX863439.1,True,False,False,True
JX863440.1,True,False,False,True
JX863441.1,True,False,False,True
JX863442.1,True,False,False,True
JX863443.1,True,False,False,True
JX863444.1,True,False,False,True
JX863445.1,True,False,False,True
JX863446.1,True,False,False,True
JX863447.1,True,False,False,True
JX863448.1,True,False,False,True
JX863449.1,True,False,False,True
JX863450.1,True,False,False,True
JX863451.1,True,False,False,True
JX863452.1,True,False,False,True
JX863453.1,True,False,False,True
JX863454.1,True,False,False,True
JX863455.1,True,False,False,True
JX863456.1,True,False,False,True
JX863457.1,True,False,False,True
JX863458.1,True,False,False,True
JX863459.1,True,False,False,True
JX863460.1,True,False,False,True
JX863461.1,True,False,False,True
JX863462.1,True,False,False,True
JX863463.1,True,False,False,True
JX863464.1,True,False,False,True
JX863465.1,True,False,False,True
JX863466.1,True,False,False,True
JX863467.1,True,False,False,True
JX863468.1,True,False,False,True
JX863469.1,True,False,False,True
JX863470.1,True,False,False,True
JX863471.1,True,False,False,True
JX863472.1,True,False,False,True
JX863473.1,True,False,False,True
JX863474.1,True,False,False,True
JX863475.1,True,False,False,True
JX863476.1,True,False,False,True
JX863477.1,True,False,False,True
JX863478.1,True,False,False,True
JX863479.1,True,False,False,True
JX863480.1,True,False,False,True
JX863481.1,True,False,False,True
JX863482.1,True,False,False,True
JX863483.1,True,False,False,True
JX863484.1,True,False,False,True
JX863485.1,True,False,False,True
JX863486.1,True,False,False,True
JX863487.1,True,False,False,True
JX863488.1,True,False,False,True
JX863489.1,True,False,False,True
JX863490.1,True,False,False,True
JX863491.1,True,False,False,True
JX863492.1,True,False,False,True
JX863493.1,True,False,False,True
JX863494.1,True,False,False,True
JX863495.1,True,False,False,True
JX863496.1,True,False,False,True
JX863497.1,True,False,False,True
JX863498.1,True,False,False,True
JX863499.1,True,False,False,True
JX863500.1,True,False,False,True
JX863501.1,True,False,False,True
JX863502.1,True,False,False,True
JX863503.1,True,False,False,True
JX863504.1,True,False,False,True
JX863505.1,True,False,False,True
JX863506.1,True,False,False,True
JX863507.1,True,False,False,True
JX863508.1,True,False,False,True
JX863509.1,True,False,False,True
JX863510.1,True,False,False,True
JX863511.1,True,False,False,True
JX863512.1,True,False,False,True
JX863513.1,True,False,False,True
JX863514.1,True,False,False,True
JX863515.1,True,False,False,True
JX863516.1,True,False,False,True
JX863517.1,True,False,False,True
JX863518.1,True,False,False,True
JX863519.1,True,False,False,True
JX863520.1,True,False,False,True
JX863521.1,True,False,False,True
JX863522.1,True,False,False,True
JX863523.1,True,False,False,True
JX863524.1,True,False,False,True
JX863525.1,True,False,False,True
JX863526.1,True,False,False,True
JX863527.1,True,False,False,True
JX863528.1,True,False,False,True
JX863529.1,True,False,False,True
JX863530.1,True,False,False,True
JX863531.1,True,False,False,True
JX863532.1,True,False,False,True
JX863533.1,True,False,False,True
JX863534.1,True,False,False,True
JX863535.1,True,False,False,True
JX863536.1,True,False,False,True
JX863537.1,True,False,False,True
JX863538.1,True,False,False,True
JX863539.1,True,False,False,True
JX863540.1,True,False,False,True
JX863541.1,True,False,False,True
JX863542.1,True,False,False,True
JX863543.1,True,False,False,True
JX863544.1,True,False,False,True
JX863545.1,True,False,False,True
JX863546.1,True,False,False,True
JX863547.1,True,False,False,True
JX863548.1,True,False,False,True
JX863549.1,True,False,False,True
JX863550.1,True,False,False,True
JX863551.1,True,False,False,True
JX863552.1,True,False,False,True
JX863553.1,True,False,False,True
JX863554.1,True,False,False,True
JX863555.1,True,False,False,True
JX863556.1,True,False,False,True
JX863557.1,True,False,False,True
JX863558.1,True,False,False,True
JX863559.1,True,False,False,True
JX863560.1,True,False,False,True
JX863561.1,True,False,False,True
JX863562.1,True,False,False,True
JX863563.1,True,False,False,True
JX863564.1,True,False,False,True
JX863565.1,True,False,False,True
JX863566.1,True,False,False,True
JX863567.1,True,False,False,True
JX863568.1,True,False,False,True
JX863569.1,True,False,False,True
JX863570.1,True,False,False,True
JX863571.1,True,False,False,True
JX893035.1,True,False,False,True
JX898882.1,True,False,False,True
JX898883.1,True,False,False,True
JX898884.1,True,False,False,True
JX898885.1,True,False,False,True
JX898886.1,True,False,False,True
JX898887.1,True,False,False,True
JX898888.1,True,False,False,True
JX898889.1,True,False,False,True
JX898890.1,True,False,False,True
JX975499.1,True,False,False,False
JX975500.1,True,False,False,False
JX975501.1,True,False,False,False
JX975502.1,True,False,False,False
JX975503.1,True,False,False,False
JX975504.1,True,False,False,False
JX975505.1,True,False,False,False
JX975506.1,True,False,False,False
JX975507.1,True,False,False,False
JX975508.1,True,False,False,False
JX975509.1,True,False,False,False
JX975510.1,True,False,False,False
JX975511.1,True,False,False,False
JX975512.1,True,False,False,False
JX975513.1,True,False,False,False
JX975514.1,True,False,False,False
JX975515.1,True,False,False,False
JX975516.1,True,False,False,False
JX975517.1,True,False,False,False
JX975518.1,True,False,False,False
JX975519.1,True,False,False,False
JX975520.1,True,False,False,True
JX975521.1,True,False,False,False
JX975522.1,True,False,False,False
JX975523.1,True,False,False,False
JX975524.1,True,False,False,False
JX975525.1,True,False,False,False
JX975526.1,True,False,False,False
JX975527.1,True,False,False,False
JX975528.1,True,False,False,False
JX975529.1,True,False,False,False
JX975530.1,True,False,False,False
JX975531.1,True,False,False,False
JX975532.1,True,False,False,False
JX975533.1,True,False,False,False
JX975534.1,True,False,False,False
JX975535.1,True,False,False,False
JX975536.1,True,False,False,False
JX975537.1,True,False,False,False
JX975538.1,True,False,False,False
JX975539.1,True,False,False,False
JX975540.1,True,False,False,False
JX975541.1,True,False,False,False
JX975542.1,True,False,False,False
JX975543.1,True,False,False,False
JX975544.1,True,False,False,False
JX975545.1,True,False,False,False
JX975546.1,True,False,False,False
JX975547.1,True,False,False,False
JX975548.1,True,False,False,False
JX975549.1,True,False,False,False
JX975550.1,True,False,False,False
JX975551.1,True,False,False,False
JX975552.1,True,False,False,False
JX975553.1,True,False,False,False
JX975554.1,True,False,False,False
JX975555.1,True,False,False,False
JX975556.1,True,False,False,False
JX975557.1,True,False,False,False
JX975558.1,True,False,False,False
JX975559.1,True,False,False,False
JX975560.1,True,False,False,False
JX975561.1,True,False,False,False
JX975562.1,True,False,False,False
JX975563.1,True,False,False,False
JX975564.1,True,False,False,False
JX975565.1,True,False,False,False
JX975566.1,True,False,False,False
JX975567.1,True,False,False,False
JX975568.1,True,False,False,False
JX975569.1,True,False,False,False
JX975570.1,True,False,False,False
JX975571.1,True,False,False,False
JX975572.1,True,False,False,False
JX975573.1,True,False,False,False
JX975574.1,True,False,False,False
JX975575.1,True,False,False,False
JX975576.1,True,False,False,False
JX975577.1,True,False,False,False
JX975578.1,True,False,False,False
JX975579.1,True,False,False,False
JX975580.1,True,False,False,False
JX975581.1,True,False,False,False
JX975582.1,True,False,False,False
JX975583.1,True,False,False,False
JX975584.1,True,False,False,False
JX975585.1,True,False,False,False
JX975586.1,True,False,False,False
JX975587.1,True,False,False,False
JX975588.1,True,False,False,False
JX975589.1,True,False,False,False
JX975590.1,True,False,False,False
JX975591.1,True,False,False,False
JX975592.1,True,False,False,False
JX975593.1,True,False,False,False
JX975594.1,True,False,False,False
JX975595.1,True,False,False,False
JX975596.1,True,False,False,False
JX975597.1,True,False,False,False
JX975598.1,True,False,False,False
JX975599.1,True,False,False,False
JX975600.1,True,False,False,False
JX975601.1,True,False,False,False
JX975602.1,True,False,False,False
JX975603.1,True,False,False,False
JX975604.1,True,False,False,False
JX975605.1,True,False,False,False
JX975606.1,True,False,False,False
JX975607.1,True,False,False,False
JX975608.1,True,False,False,False
JX975609.1,True,False,False,False
JX975610.1,True,False,False,False
JX975611.1,True,False,False,False
JX975612.1,True,False,False,False
JX975613.1,True,False,False,False
JX975614.1,True,False,False,False
JX984936.1,True,False,False,False
JX984937.1,True,False,False,False
JX984938.1,True,False,False,False
JX984939.1,True,False,False,False
JX984940.1,True,False,False,False
JX984941.1,True,False,False,False
JX984942.1,True,False,False,False
JX984943.1,True,False,False,False
JX984944.1,True,False,False,False
JX984945.1,True,False,False,True
JX984946.1,True,False,False,True
JX984947.1,True,False,False,True
JX984948.1,True,False,False,True
JX984949.1,True,False,False,True
JX984950.1,True,False,False,True
JX984951.1,True,False,False,True
JX984952.1,True,False,False,True
JX984953.1,True,False,False,True
JX987784.1,True,False,False,False
JX987785.1,True,False,False,False
JX987786.1,True,False,False,False
JX987787.1,True,False,False,False
JX987788.1,True,False,False,False
JX994996.1,True,False,False,False
JX994997.1,True,False,False,False
JX994998.1,True,False,False,False
JX994999.1,True,False,False,False
JX995000.1,True,False,False,False
JX995001.1,True,False,False,False
JX995002.1,True,False,False,False
JX995003.1,True,False,False,False
JX995004.1,True,False,False,False
JX995005.1,True,False,False,False
JX995006.1,True,False,False,False
JX995007.1,True,False,False,False
JX995008.1,True,False,False,False
JX995009.1,True,False,False,False
JX995010.1,True,False,False,False
JX995011.1,True,False,False,False
JX995012.1,True,False,False,False
JX995013.1,True,False,False,False
JX995014.1,True,False,False,False
JX995015.1,True,False,False,False
JX995016.1,True,False,False,False
JX995017.1,True,False,False,False
JX995018.1,True,False,False,False
JX995019.1,True,False,False,False
JX995020.1,True,False,False,False
JX995021.1,True,False,False,False
JX995022.1,True,False,False,False
JX995023.1,True,False,False,False
JX995024.1,True,False,False,False
JX995025.1,True,False,False,False
JX995026.1,True,False,False,False
JX995027.1,True,False,False,False
JX995028.1,True,False,False,False
JX995029.1,True,False,False,False
JX995030.1,True,False,False,False
JX995031.1,True,False,False,False
JX995032.1,True,False,False,False
JX995033.1,True,False,False,False
JX995034.1,True,False,False,False
JX995035.1,True,False,False,False
JX995036.1,True,False,False,False
JX995037.1,True,False,False,False
JX995038.1,True,False,False,False
JX995039.1,True,False,False,False
JX995040.1,True,False,False,False
JX995041.1,True,False,False,False
JX995042.1,True,False,False,False
JX995043.1,True,False,False,False
JX995044.1,True,False,False,False
JX995045.1,True,False,False,False
JX995046.1,True,False,False,False
JX995047.1,True,False,False,False
JX995048.1,True,False,False,False
JX995049.1,True,False,False,False
JX995050.1,True,False,False,False
JX995051.1,True,False,False,False
JX995052.1,True,False,False,False
JX995053.1,True,False,False,False
JX995054.1,True,False,False,False
JX995055.1,True,False,False,False
JX995056.1,True,False,False,False
JX995057.1,True,False,False,False
JX995058.1,True,False,False,False
JX995059.1,True,False,False,False
JX995060.1,True,False,False,False
JX995061.1,True,False,False,False
JX995062.1,True,False,False,False
JX995063.1,True,False,False,False
JX995064.1,True,False,False,False
JX995065.1,True,False,False,False
JX995066.1,True,False,False,False
JX995067.1,True,False,False,False
JX995068.1,True,False,False,False
JX995069.1,True,False,False,False
JX995070.1,True,False,False,False
JX995071.1,True,False,False,False
JX995072.1,True,False,False,False
JX995073.1,True,False,False,False
JX995074.1,True,False,False,False
JX995075.1,True,False,False,False
JX995076.1,True,False,False,False
JX995077.1,True,False,False,False
JX995078.1,True,False,False,False
JX995079.1,True,False,False,False
JX995080.1,True,False,False,False
JX995081.1,True,False,False,False
JX995082.1,True,False,False,False
JX995083.1,True,False,False,False
JX995084.1,True,False,False,False
JX995085.1,True,False,False,False
JX995086.1,True,False,False,False
JX995087.1,True,False,False,False
JX995088.1,True,False,False,False
JX995089.1,True,False,False,False
JX995090.1,True,False,False,False
JX995091.1,True,False,False,False
JX995092.1,True,False,False,False
JX995093.1,True,False,False,False
JX995094.1,True,False,False,False
JX995095.1,True,False,False,False
JX995096.1,True,False,False,False
JX995097.1,True,False,False,False
JX995098.1,True,False,False,False
JX995099.1,True,False,False,False
JX995100.1,True,False,False,False
JX995101.1,True,False,False,False
JX995102.1,True,False,False,False
JX995103.1,True,False,False,False
KC017770.1,True,False,False,False
KC017771.1,True,False,False,False
KC017772.1,True,False,False,False
KC017773.1,True,False,False,False
KC017774.1,True,False,False,False
KC017775.1,True,False,False,False
KC017776.1,True,False,False,False
KC017777.1,True,False,False,False
KC017778.1,True,False,False,False
KC017779.1,True,False,False,False
KC017780.1,True,False,False,False
KC017781.1,True,False,False,False
KC017782.1,True,False,False,False
KC017783.1,True,False,False,False
KC017784.1,True,False,False,False
KC110854.1,True,False,False,False
KC110855.1,True,False,False,False
KC110856.1,True,False,False,False
KC110857.1,True,False,False,False
KC113519.1,True,False,False,False
KC113520.1,True,False,False,False
KC113521.1,True,False,False,False
KC113522.1,True,False,False,False
KC113523.1,True,False,False,False
KC113524.1,True,False,False,False
KC119495.1,True,False,False,False
KC119496.1,True,False,False,False
KC119497.1,True,False,False,False
KC119498.1,True,False,False,False
KC119499.1,True,False,False,False
KC119500.1,True,False,False,False
KC119501.1,True,False,False,False
KC119502.1,True,False,False,False
KC119503.1,True,False,False,False
KC119504.1,True,False,False,False
KC119505.1,True,False,False,False
KC119506.1,True,False,False,False
KC119507.1,True,False,False,False
KC119508.1,True,False,False,False
KC119509.1,True,False,False,False
KC119510.1,True,False,False,False
KC119511.1,True,False,False,False
KC119512.1,True,False,False,False
KC119513.1,True,False,False,False
KC137572.1,True,False,False,False
KC137573.1,True,False,False,False
KC137574.1,True,False,False,False
KC137575.1,True,False,False,False
KC137576.1,True,False,False,False
KC137577.1,True,False,False,False
KC137578.1,True,False,False,False
KC137579.1,True,False,False,False
KC137580.1,True,False,False,False
KC137581.1,True,False,False,False
KC137582.1,True,False,False,False
KC137583.1,True,False,False,False
KC137584.1,True,False,False,False
KC137585.1,True,False,False,False
KC137586.1,True,False,False,False
KC137587.1,True,False,False,False
KC137588.1,True,False,False,False
KC137589.1,True,False,False,False
KC153243.1,True,False,False,False
KC153244.1,True,False,False,False
KC153245.1,True,False,False,False
KC153246.1,True,False,False,False
KC153247.1,True,False,False,False
KC153248.1,True,False,False,False
KC153249.1,True,False,False,False
KC153250.1,True,False,False,False
KC153251.1,True,False,False,False
KC165031.1,True,False,False,False
KC165032.1,True,False,False,False
KC165033.1,True,False,False,False
KC165034.1,True,False,False,False
KC165035.1,True,False,False,False
KC165036.1,True,False,False,False
KC165037.1,True,False,False,False
KC165038.1,True,False,False,False
KC165039.1,True,False,False,False
KC165040.1,True,False,False,False
KC165041.1,True,False,False,False
KC165042.1,True,False,False,False
KC165043.1,True,False,False,False
KC165044.1,True,False,False,False
KC165045.1,True,False,False,False
KC165046.1,True,False,False,False
KC165047.1,True,False,False,False
KC165048.1,True,False,False,False
KC165049.1,True,False,False,False
KC165050.1,True,False,False,False
KC165051.1,True,False,False,False
KC165052.1,True,False,False,False
KC196337.1,False,False,False,True
KC196338.1,False,False,False,True
KC196339.1,False,False,False,True
KC196340.1,False,False,False,True
KC196341.1,False,False,False,True
KC196342.1,True,False,False,True
KC196343.1,True,False,False,True
KC196344.1,True,False,False,True
KC212141.1,True,False,False,True
KC212142.1,True,False,False,True
KC212143.1,True,False,False,True
KC212144.1,True,False,False,True
KC212145.1,True,False,False,True
KC212146.1,True,False,False,True
KC212147.1,True,False,False,True
KC212148.1,True,False,False,True
KC212149.1,True,False,False,True
KC212150.1,True,False,False,True
KC212151.1,True,False,False,True
KC212152.1,True,False,False,True
KC212153.1,True,False,False,True
KC212154.1,True,False,False,True
KC212155.1,True,False,False,True
KC212156.1,True,False,False,True
KC212157.1,True,False,False,True
KC212158.1,True,False,False,True
KC212159.1,True,False,False,True
KC223583.1,True,False,False,True
KC223584.1,True,False,False,True
KC223585.1,True,False,False,True
KC223586.1,True,False,False,True
KC223587.1,True,False,False,True
KC223588.1,True,False,False,False
KC223589.1,True,False,False,False
KC223590.1,True,False,False,False
KC223591.1,True,False,False,False
KC223592.1,True,False,False,False
KC223593.1,True,False,False,False
KC223594.1,True,False,False,False
KC243078.1,True,False,False,False
KC262648.1,False,False,False,True
KC262649.1,False,False,False,True
KC262650.1,False,False,False,True
KC262651.1,False,False,False,True
KC262652.1,False,False,False,True
KC262653.1,False,False,False,True
KC262654.1,False,False,False,True
KC262655.1,False,False,False,True
KC262656.1,False,False,False,True
KC262657.1,False,False,False,True
KC262658.1,False,False,False,True
KC262659.1,False,False,False,True
KC262660.1,False,False,False,True
KC262661.1,False,False,False,True
KC262662.1,False,False,False,True
KC262663.1,False,False,False,True
KC262664.1,False,False,False,True
KC262665.1,False,False,False,True
KC262666.1,False,False,False,True
KC262667.1,False,False,False,True
KC413368.1,True,False,False,True
KC413369.1,True,False,False,True
KC413370.1,True,False,False,True
KC413371.1,True,False,False,True
KC413372.1,True,False,False,True
KC413373.1,True,False,False,True
KC413374.1,True,False,False,True
KC413375.1,True,False,False,True
KC413376.1,True,False,False,True
KC413377.1,True,False,False,True
KC413378.1,True,False,False,True
KC413379.1,True,False,False,True
KC413380.1,True,False,False,True
KC413381.1,True,False,False,True
KC413382.1,True,False,False,True
KC413383.1,True,False,False,True
KC413384.1,True,False,False,True
KC413385.1,True,False,False,True
KC413386.1,True,False,False,True
KC413387.1,True,False,False,True
KC413388.1,True,False,False,True
KC413389.1,True,False,False,True
KC413390.1,True,False,False,True
KC413391.1,True,False,False,True
KC413392.1,True,False,False,True
KC413393.1,True,False,False,True
KC413394.1,True,False,False,True
KC413395.1,True,False,False,True
KC413396.1,True,False,False,True
KC413397.1,True,False,False,True
KC413398.1,True,False,False,True
KC413399.1,True,False,False,True
KC413400.1,True,False,False,True
KC413401.1,True,False,False,True
KC413402.1,True,False,False,True
KC413403.1,True,False,False,True
KC413404.1,True,False,False,True
KC413405.1,True,False,False,True
KC413406.1,True,False,False,True
KC456070.1,True,False,False,False
KC456071.1,True,False,False,False
KC456072.1,True,False,False,False
KC456073.1,True,False,False,False
KC456074.1,True,False,False,False
KC456075.1,True,False,False,False
KC456076.1,True,False,False,False
KC456077.1,True,False,False,False
KC456078.1,True,False,False,False
KC456079.1,True,False,False,False
KC456080.1,True,False,False,False
KC456081.1,True,False,False,False
KC456082.1,True,False,False,False
KC462195.1,True,False,False,False
KC463911.1,True,False,False,False
KC464321.1,True,False,False,False
KC464322.1,True,False,False,False
KC464323.1,True,False,False,False
KC464324.1,True,False,False,False
KC464325.1,True,False,False,False
KC464326.1,True,False,False,False
KC464327.1,True,False,False,False
KC464328.1,True,False,False,False
KC464329.1,True,False,False,False
KC464488.1,True,False,False,False
KC464489.1,True,False,False,False
KC464490.1,True,False,False,False
KC464491.1,True,False,False,False
KC464492.1,True,False,False,False
KC464493.2,True,False,False,True
KC464494.1,True,False,False,False
KC464495.1,True,False,False,False
KC464501.1,True,False,False,False
KC464502.1,True,False,False,False
KC464503.1,True,False,False,False
KC464504.1,True,False,False,False
KC464505.1,True,False,False,False
KC464506.2,True,False,False,True
KC473544.1,True,False,False,False
KC473545.1,True,False,False,False
KC473546.1,True,False,False,False
KC473547.1,True,False,False,False
KC473548.1,True,False,False,False
KC477197.1,True,False,False,True
KC495619.1,True,False,False,True
KC495620.1,True,False,False,True
KC495621.1,True,False,False,True
KC495622.1,True,False,False,True
KC495623.1,True,False,False,True
KC495624.1,True,False,False,True
KC495625.1,True,False,False,True
KC495626.1,True,False,False,True
KC495627.1,True,False,False,True
KC495628.1,True,False,False,True
KC495629.1,True,False,False,True
KC495630.1,True,False,False,True
KC495631.1,True,False,False,True
KC495632.1,True,False,False,True
KC495633.1,True,False,False,True
KC495634.1,True,False,False,True
KC495635.1,True,False,False,True
KC495636.1,True,False,False,True
KC495637.1,True,False,False,True
KC495638.1,True,False,False,True
KC495639.1,True,False,False,True
KC495640.1,True,False,False,True
KC495641.1,True,False,False,True
KC495642.1,True,False,False,True
KC495643.1,True,False,False,True
KC495644.1,True,False,False,True
KC495645.1,True,False,False,True
KC495646.1,True,False,False,True
KC495647.1,True,False,False,True
KC495648.1,True,False,False,True
KC495649.1,True,False,False,True
KC495650.1,True,False,False,True
KC495651.1,True,False,False,True
KC495652.1,True,False,False,True
KC495653.1,True,False,False,True
KC495654.1,True,False,False,True
KC495655.1,True,False,False,True
KC495656.1,True,False,False,True
KC495657.1,True,False,False,True
KC495658.1,True,False,False,True
KC495659.1,True,False,False,True
KC495660.1,True,False,False,True
KC495661.1,True,False,False,True
KC495662.1,True,False,False,True
KC495663.1,True,False,False,True
KC495664.1,True,False,False,True
KC495665.1,True,False,False,True
KC495666.1,True,False,False,True
KC495667.1,True,False,False,True
KC495668.1,True,False,False,True
KC495669.1,True,False,False,True
KC495670.1,True,False,False,True
KC495671.1,True,False,False,True
KC495672.1,True,False,False,True
KC495673.1,True,False,False,True
KC495674.1,True,False,False,True
KC495675.1,True,False,False,True
KC495676.1,True,False,False,True
KC495677.1,True,False,False,True
KC495678.1,True,False,False,True
KC495679.1,True,False,False,True
KC495680.1,True,False,False,True
KC495681.1,True,False,False,True
KC495682.1,True,False,False,True
KC495683.1,True,False,False,True
KC495684.1,True,False,False,True
KC495685.1,True,False,False,True
KC495686.1,True,False,False,True
KC495687.1,True,False,False,True
KC517359.1,True,False,False,False
KC517360.1,True,False,False,False
KC517363.1,True,False,False,False
KC517366.1,True,False,False,False
KC517367.1,True,False,False,False
KC517370.1,True,False,False,False
KC517371.1,True,False,False,False
KC517373.1,True,False,False,False
KC517374.1,True,False,False,False
KC517375.1,True,False,False,False
KC576910.1,True,False,False,False
KC576911.1,True,False,False,False
KC576913.1,True,False,True,True
KC576915.1,True,False,False,False
KC594868.1,True,False,False,True
KC594869.1,True,False,False,True
KC594870.1,True,False,False,True
KC594871.1,True,False,False,True
KC594872.1,True,False,False,True
KC594873.1,True,False,False,True
KC594874.1,True,False,False,True
KC594875.1,True,False,False,True
KC594876.1,True,False,False,True
KC594877.1,True,False,False,True
KC594878.1,True,False,False,True
KC594879.1,True,False,False,True
KC594880.1,True,False,False,True
KC594881.1,True,False,False,True
KC594882.1,True,False,False,True
KC594883.1,True,False,False,True
KC594884.1,True,False,False,True
KC594885.1,True,False,False,True
KC594886.1,True,False,False,True
KC594887.1,True,False,False,True
KC594888.1,True,False,False,True
KC597138.1,True,False,False,True
KC597139.1,True,False,False,False
KC597140.1,True,False,False,False
KC597141.1,True,False,False,True
KC597142.1,True,False,True,True
KC597143.1,True,False,False,True
KC597144.1,True,False,True,False
KC597145.1,True,False,False,True
KC597146.1,True,False,True,True
KC597148.1,True,False,False,True
KC597149.1,True,False,False,True
KC597150.1,True,False,False,True
KC597151.1,True,False,False,True
KC608626.1,True,False,False,True
KC608627.1,True,False,False,True
KC608628.1,True,False,False,True
KC608629.1,True,False,False,True
KC608630.1,True,False,False,True
KC608631.1,True,False,False,True
KC608632.1,True,False,False,True
KC608633.1,True,False,False,True
KC608634.1,True,False,False,True
KC608635.1,True,False,False,True
KC608636.1,True,False,False,True
KC608637.1,True,False,False,True
KC608638.1,True,False,False,True
KC608639.1,True,False,False,True
KC608640.1,True,False,False,True
KC608641.1,True,False,False,True
KC608642.1,True,False,False,True
KC608643.1,True,False,False,True
KC608644.1,True,False,False,True
KC608645.1,True,False,False,True
KC608646.1,True,False,False,True
KC608647.1,True,False,False,True
KC608648.1,True,False,False,True
KC608649.1,True,False,False,True
KC608650.1,True,False,False,True
KC608651.1,True,False,False,True
KC608652.1,True,False,False,True
KC608653.1,True,False,False,True
KC608654.1,True,False,False,True
KC608655.1,True,False,False,True
KC608656.1,True,False,False,True
KC608657.1,True,False,False,True
KC608658.1,True,False,False,True
KC608659.1,True,False,False,True
KC608660.1,True,False,False,True
KC608661.1,True,False,False,True
KC608662.1,True,False,False,True
KC608663.1,True,False,False,True
KC608664.1,True,False,False,True
KC608665.1,True,False,False,True
KC608666.1,True,False,False,True
KC608667.1,True,False,False,True
KC608668.1,True,False,False,True
KC608669.1,True,False,False,True
KC608670.1,True,False,False,True
KC608671.1,True,False,False,True
KC608672.1,True,False,False,True
KC608673.1,True,False,False,True
KC608674.1,True,False,False,True
KC608675.1,True,False,False,True
KC608676.1,True,False,False,True
KC608677.1,True,False,False,True
KC608678.1,True,False,False,True
KC608679.1,True,False,False,True
KC608680.1,True,False,False,True
KC608681.1,True,False,False,True
KC608682.1,True,False,False,True
KC608683.1,True,False,False,True
KC608684.1,True,False,False,True
KC608685.1,True,False,False,True
KC608686.1,True,False,False,True
KC608687.1,True,False,False,True
KC608688.1,True,False,False,True
KC608689.1,True,False,False,True
KC608690.1,True,False,False,True
KC608691.1,True,False,False,True
KC608692.1,True,False,False,True
KC608693.1,True,False,False,True
KC608694.1,True,False,False,True
KC608695.1,True,False,False,True
KC608696.1,True,False,False,True
KC608697.1,True,False,False,True
KC608698.1,True,False,False,True
KC608699.1,True,False,False,True
KC608700.1,True,False,False,True
KC608701.1,True,False,False,True
KC608702.1,True,False,False,True
KC608703.1,True,False,False,True
KC608704.1,True,False,False,True
KC608705.1,True,False,False,True
KC608706.1,True,False,False,True
KC608707.1,True,False,False,True
KC608708.1,True,False,False,True
KC608709.1,True,False,False,True
KC608710.1,True,False,False,True
KC608711.1,True,False,False,True
KC608712.1,True,False,False,True
KC608713.1,True,False,False,True
KC608714.1,True,False,False,True
KC608715.1,True,False,False,True
KC623938.1,True,False,False,True
KC695789.1,True,False,False,False
KC695790.1,True,False,False,False
KC695791.1,True,False,False,False
KC695792.1,True,False,False,False
KC695793.1,True,False,False,False
KC695794.1,True,False,False,False
KC695795.1,True,False,False,False
KC695796.1,True,False,False,False
KC695797.1,True,False,False,False
KC695798.1,True,False,False,False
KC695799.1,True,False,False,False
KC695800.1,True,False,False,False
KC695801.1,True,False,False,False
KC695802.1,True,False,False,False
KC695803.1,True,False,False,False
KC695804.1,True,False,False,False
KC695805.1,True,False,False,False
KC695806.1,True,False,False,False
KC695807.1,True,False,False,False
KC709581.1,True,False,False,False
KC709582.1,True,False,False,False
KC709583.1,True,False,False,False
KC709584.1,True,False,False,False
KC709585.1,True,False,False,False
KC709586.1,True,False,False,False
KC709587.1,True,False,False,False
KC709588.1,True,False,False,False
KC709589.1,True,False,False,False
KC709590.1,True,False,False,False
KC709591.1,True,False,False,False
KC709592.1,True,False,False,False
KC709593.1,True,False,False,False
KC709594.1,True,False,False,False
KC709595.1,True,False,False,False
KC709596.1,True,False,False,False
KC709597.1,True,False,False,False
KC709598.1,True,False,False,False
KC709599.1,True,False,False,False
KC709600.1,True,False,False,False
KC709601.1,True,False,False,False
KC709602.1,True,False,False,False
KC709603.1,True,False,False,False
KC709604.1,True,False,False,False
KC709605.1,True,False,False,False
KC709606.1,True,False,False,False
KC709607.1,True,False,False,False
KC709608.1,True,False,False,False
KC709609.1,True,False,False,False
KC709610.1,True,False,False,False
KC709611.1,True,False,False,False
KC709612.1,True,False,False,False
KC709613.1,True,False,False,False
KC709614.1,True,False,False,False
KC709615.1,True,False,False,False
KC709616.1,True,False,False,False
KC709617.1,True,False,False,False
KC709618.1,True,False,False,False
KC709619.1,True,False,False,False
KC709620.1,True,False,False,False
KC709621.1,True,False,False,False
KC709622.1,True,False,False,False
KC709623.1,True,False,False,False
KC709624.1,True,False,False,False
KC709625.1,True,False,False,False
KC709626.1,True,False,False,False
KC709627.1,True,False,False,False
KC709628.1,True,False,False,False
KC709629.1,True,False,False,False
KC709630.1,True,False,False,False
KC709631.1,True,False,False,False
KC709632.1,True,False,False,False
KC709633.1,True,False,False,False
KC709634.1,True,False,False,False
KC736563.1,True,False,False,False
KC736564.1,True,False,False,False
KC736565.1,True,False,False,False
KC736566.1,True,False,False,False
KC736567.1,True,False,False,False
KC736568.1,True,False,False,False
KC736569.1,True,False,False,False
KC736570.1,True,False,False,False
KC736571.1,True,False,False,False
KC736572.1,True,False,False,False
KC736573.1,True,False,False,False
KC736574.1,True,False,False,False
KC736575.1,True,False,False,False
KC736576.1,True,False,False,False
KC736577.1,True,False,False,False
KC736578.1,True,False,False,False
KC736579.1,True,False,False,False
KC736580.1,True,False,False,False
KC736581.1,True,False,False,False
KC736582.1,True,False,False,False
KC736583.1,True,False,False,False
KC736584.1,True,False,False,False
KC736585.1,True,False,False,False
KC736586.1,True,False,False,False
KC752452.1,True,False,False,True
KC752453.1,True,False,False,True
KC752454.1,True,False,False,True
KC752455.1,True,False,False,True
KC752456.1,True,False,False,True
KC752457.1,True,False,False,True
KC752458.1,True,False,False,True
KC752459.1,True,False,False,True
KC752460.1,True,False,False,True
KC752461.1,True,False,False,True
KC752462.1,True,False,False,True
KC752463.1,True,False,False,True
KC752464.1,True,False,False,True
KC752465.1,True,False,False,True
KC752466.1,True,False,False,True
KC752467.1,True,False,False,True
KC752468.1,True,False,False,True
KC752469.1,True,False,False,True
KC752470.1,True,False,False,True
KC752471.1,True,False,False,True
KC752472.1,True,False,False,True
KC752473.1,True,False,False,True
KC752474.1,True,False,False,True
KC752475.1,True,False,False,True
KC752476.1,True,False,False,True
KC752477.1,True,False,False,True
KC752478.1,True,False,False,True
KC752479.1,True,False,False,True
KC752480.1,True,False,False,True
KC752481.1,True,False,False,True
KC752482.1,True,False,False,True
KC752483.1,True,False,False,True
KC752484.1,True,False,False,True
KC752485.1,True,False,False,True
KC752486.1,True,False,False,True
KC752487.1,True,False,False,True
KC752488.1,True,False,False,True
KC752489.1,True,False,False,True
KC752490.1,True,False,False,True
KC752491.1,True,False,False,True
KC752492.1,True,False,False,True
KC752493.1,True,False,False,True
KC752494.1,True,False,False,True
KC752495.1,True,False,False,True
KC752496.1,True,False,False,True
KC752497.1,True,False,False,True
KC752498.1,True,False,False,True
KC752499.1,True,False,False,True
KC752500.1,True,False,False,True
KC752501.1,True,False,False,True
KC752502.1,True,False,False,True
KC752503.1,True,False,False,True
KC752504.1,True,False,False,True
KC752505.1,True,False,False,True
KC752506.1,True,False,False,True
KC752507.1,True,False,False,True
KC752508.1,True,False,False,True
KC752509.1,True,False,False,True
KC752510.1,True,False,False,True
KC752511.1,True,False,False,True
KC752512.1,True,False,False,True
KC752513.1,True,False,False,True
KC752514.1,True,False,False,True
KC752515.1,True,False,False,True
KC752516.1,True,False,False,True
KC752517.1,True,False,False,True
KC752518.1,True,False,False,True
KC752519.1,True,False,False,True
KC752520.1,True,False,False,True
KC752521.1,True,False,False,True
KC752522.1,True,False,False,True
KC752523.1,True,False,False,True
KC752524.1,True,False,False,True
KC752525.1,True,False,False,True
KC752526.1,True,False,False,True
KC752527.1,True,False,False,True
KC752528.1,True,False,False,True
KC752529.1,True,False,False,True
KC752530.1,True,False,False,True
KC752531.1,True,False,False,True
KC752532.1,True,False,False,True
KC752533.1,True,False,False,True
KC752534.1,True,False,False,True
KC752535.1,True,False,False,True
KC752536.1,True,False,False,True
KC752537.1,True,False,False,True
KC752538.1,True,False,False,True
KC752539.1,True,False,False,True
KC752540.1,True,False,False,True
KC752541.1,True,False,False,True
KC752542.1,True,False,False,True
KC752543.1,True,False,False,True
KC752544.1,True,False,False,True
KC752545.1,True,False,False,True
KC752546.1,True,False,False,True
KC752547.1,True,False,False,True
KC752548.1,True,False,False,True
KC752549.1,True,False,False,True
KC752550.1,True,False,False,True
KC752551.1,True,False,False,True
KC752552.1,True,False,False,True
KC752553.1,True,False,False,True
KC752554.1,True,False,False,True
KC752555.1,True,False,False,True
KC752556.1,True,False,False,True
KC752557.1,True,False,False,True
KC752558.1,True,False,False,True
KC752559.1,True,False,False,True
KC752560.1,True,False,False,True
KC752561.1,True,False,False,True
KC752562.1,True,False,False,True
KC752563.1,True,False,False,True
KC752564.1,True,False,False,True
KC752565.1,True,False,False,True
KC752566.1,True,False,False,True
KC752567.1,True,False,False,True
KC752568.1,True,False,False,True
KC752569.1,True,False,False,True
KC752570.1,True,False,False,True
KC752571.1,True,False,False,True
KC752572.1,True,False,False,True
KC752573.1,True,False,False,True
KC752574.1,True,False,False,True
KC752575.1,True,False,False,True
KC752576.1,True,False,False,True
KC752577.1,True,False,False,True
KC752578.1,True,False,False,True
KC752579.1,True,False,False,True
KC752580.1,True,False,False,True
KC752581.1,True,False,False,True
KC752582.1,True,False,False,True
KC752583.1,True,False,False,True
KC752584.1,True,False,False,True
KC752585.1,True,False,False,True
KC752586.1,True,False,False,True
KC752587.1,True,False,False,True
KC752588.1,True,False,False,True
KC752589.1,True,False,False,True
KC752590.1,True,False,False,True
KC752591.1,True,False,False,True
KC783710.1,True,False,False,True
KC783711.1,True,False,False,True
KC783712.1,True,False,False,True
KC783713.1,True,False,False,True
KC783714.1,True,False,False,True
KC783715.1,True,False,False,True
KC783716.1,True,False,False,True
KC783717.1,True,False,False,True
KC783718.1,True,False,False,True
KC783719.1,True,False,False,True
KC783720.1,True,False,False,True
KC783721.1,True,False,False,True
KC783722.1,True,False,False,True
KC783723.1,True,False,False,True
KC783724.1,True,False,False,True
KC783725.1,True,False,False,True
KC783726.1,True,False,False,True
KC783727.1,True,False,False,True
KC783728.1,True,False,False,True
KC792278.1,True,False,False,False
KC792279.1,True,False,False,False
KC792280.1,True,False,False,False
KC792281.1,True,False,False,False
KC792282.1,True,False,False,False
KC792283.1,True,False,False,False
KC810020.1,True,False,False,False
KC810021.1,True,False,False,False
KC810022.1,True,False,False,False
KC810023.1,True,False,True,False
KC810024.1,True,False,False,False
KC810025.1,True,False,False,False
KC810026.1,True,False,False,False
KC810027.1,True,False,False,False
KC810028.1,True,False,False,False
KC810029.1,True,False,False,False
KC810030.1,True,False,False,False
KC810031.1,True,False,False,False
KC810032.1,True,False,False,False
KC820420.1,False,False,False,True
KC820421.1,False,False,False,True
KC820422.1,False,False,False,True
KC820423.1,False,False,False,True
KC820424.1,False,False,False,True
KC820425.1,False,False,False,True
KC820426.1,False,False,False,True
KC820427.1,False,False,False,True
KC820428.1,False,False,False,True
KC820429.1,False,False,False,True
KC820430.1,False,False,False,True
KC820431.1,False,False,False,True
KC820432.1,False,False,False,True
KC820433.1,False,False,False,True
KC820434.1,False,False,False,True
KC820435.1,False,False,False,True
KC820436.1,False,False,False,True
KC820437.1,False,False,False,True
KC820438.1,False,False,False,True
KC820439.1,False,False,False,True
KC820440.1,False,False,False,True
KC820441.1,False,False,False,True
KC820442.1,False,False,False,True
KC820443.1,False,False,False,True
KC820444.1,False,False,False,True
KC820445.1,False,False,False,True
KC820446.1,False,False,False,True
KC820447.1,False,False,False,True
KC820448.1,False,False,False,True
KC820449.1,False,False,False,True
KC820450.1,False,False,False,True
KC820451.1,False,False,False,True
KC820452.1,False,False,False,True
KC820453.1,False,False,False,True
KC820454.1,False,False,False,True
KC820455.1,False,False,False,True
KC820456.1,False,False,False,True
KC820457.1,False,False,False,True
KC820458.1,False,False,False,True
KC820459.1,False,False,False,True
KC820460.1,False,False,False,True
KC820461.1,False,False,False,True
KC820462.1,False,False,False,True
KC820463.1,False,False,False,True
KC820464.1,False,False,False,True
KC820465.1,False,False,False,True
KC820466.1,False,False,False,True
KC820467.1,False,False,False,True
KC820468.1,False,False,False,True
KC820469.1,False,False,False,True
KC820470.1,False,False,False,True
KC820471.1,False,False,False,True
KC820472.1,False,False,False,True
KC820473.1,False,False,False,True
KC820474.1,False,False,False,True
KC820475.1,False,False,False,True
KC820476.1,False,False,False,True
KC820477.1,False,False,False,True
KC820478.1,False,False,False,True
KC820479.1,False,False,False,True
KC820480.1,False,False,False,True
KC820481.1,False,False,False,True
KC820482.1,False,False,False,True
KC820483.1,True,False,False,True
KC820484.1,True,False,False,True
KC820485.1,True,False,False,True
KC820486.1,True,False,False,True
KC820487.1,True,False,False,True
KC832470.1,True,False,False,True
KC832471.1,True,False,False,True
KC832472.1,True,False,False,True
KC832473.1,True,False,False,True
KC832474.1,True,False,False,True
KC865052.1,True,False,False,True
KC911646.1,True,False,False,True
KC911647.1,True,False,False,True
KC911648.1,True,False,False,True
KC911649.1,True,False,False,True
KC911650.1,True,False,False,True
KC911651.1,True,False,False,True
KC911652.1,True,False,False,True
KC911653.1,True,False,False,True
KC911654.1,True,False,False,True
KC911655.1,True,False,False,True
KC911656.1,True,False,False,True
KC911657.1,True,False,False,True
KC911658.1,True,False,False,True
KC911659.1,True,False,False,True
KC911660.1,True,False,False,True
KC911661.1,True,False,False,True
KC911662.1,True,False,False,True
KC911663.1,True,False,False,True
KC911664.1,True,False,False,True
KC911665.1,True,False,False,True
KC911666.1,True,False,False,True
KC911667.1,True,False,False,True
KC911668.1,True,False,False,True
KC911669.1,True,False,False,True
KC911670.1,True,False,False,True
KC911671.1,True,False,False,True
KC911672.1,True,False,False,True
KC911673.1,True,False,False,True
KC911674.1,True,False,False,True
KC911675.1,True,False,False,True
KC911676.1,True,False,False,True
KC911677.1,True,False,False,True
KC911678.1,True,False,False,True
KC911679.1,True,False,False,True
KC911680.1,True,False,False,True
KC911681.1,True,False,False,True
KC911682.1,True,False,False,True
KC911683.1,True,False,False,True
KC911684.1,True,False,False,True
KC911685.1,True,False,False,True
KC911686.1,True,False,False,True
KC911687.1,True,False,False,True
KC911688.1,True,False,False,True
KC911689.1,True,False,False,True
KC911690.1,True,False,False,True
KC911691.1,True,False,False,True
KC911692.1,True,False,False,True
KC911693.1,True,False,False,True
KC911694.1,True,False,False,True
KC911695.1,True,False,False,True
KC911696.1,True,False,False,True
KC911697.1,True,False,False,True
KC911698.1,True,False,False,True
KC911699.1,True,False,False,True
KC911700.1,True,False,False,True
KC911701.1,True,False,False,True
KC911702.1,True,False,False,True
KC911703.1,True,False,False,True
KC911704.1,True,False,False,True
KC911705.1,True,False,False,True
KC911706.1,True,False,False,True
KC911707.1,True,False,False,True
KC911708.1,True,False,False,True
KC911709.1,True,False,False,True
KC911710.1,True,False,False,True
KC911711.1,True,False,False,True
KC954402.1,True,False,False,True
KC954403.1,True,False,False,True
KC954404.1,True,False,False,True
KC954405.1,True,False,False,True
KC954406.1,True,False,False,True
KC954407.1,True,False,False,True
KC954408.1,True,False,False,True
KC954409.1,True,False,False,True
KC954410.1,True,False,False,True
KC954411.1,True,False,False,True
KC954412.1,True,False,False,True
KC954413.1,True,False,False,True
KC954414.1,True,False,False,True
KC954415.1,True,False,False,True
KC954453.1,True,False,False,True
KC954454.1,True,False,False,True
KC954455.1,True,False,False,True
KC954456.1,True,False,False,True
KC954457.1,True,False,False,True
KC954458.1,True,False,False,True
KC954459.1,True,False,False,True
KC954460.1,True,False,False,True
KC954461.1,True,False,False,True
KC954462.1,True,False,False,True
KC954463.1,True,False,False,True
KC954464.1,True,False,False,True
KC960610.1,True,False,True,True
KC960611.1,True,False,True,True
KC960612.1,True,False,False,True
KC960613.1,True,False,False,True
KC960614.1,True,False,False,True
KC960616.1,True,False,False,False
KC960617.1,True,False,False,True
KC960618.1,True,False,False,True
KC962454.1,True,False,False,False
KC962455.1,True,False,False,False
KC962456.1,True,False,False,False
KC962457.1,True,False,False,False
KC962458.2,True,False,False,False
KC962459.1,True,False,False,False
KC962460.1,True,False,False,False
KC962461.1,True,False,False,False
KC970246.1,True,False,False,False
KC970247.1,True,False,False,False
KC970248.1,True,False,False,False
KC970249.1,True,False,False,False
KC970250.1,True,False,False,False
KC970251.1,True,False,False,False
KC970252.1,True,False,False,False
KC970253.1,True,False,False,False
KC970254.1,True,False,False,False
KC970255.1,True,False,False,False
KC970256.1,True,False,False,False
KC970257.1,True,False,False,False
KC970258.1,True,False,False,False
KC970259.1,True,False,False,False
KC970260.1,True,False,False,False
KC970261.1,True,False,False,False
KC970262.1,True,False,False,False
KC970263.1,True,False,False,False
KC970264.1,True,False,False,False
KC970265.1,True,False,False,False
KC970266.1,True,False,False,False
KC970267.1,True,False,False,False
KC970585.1,True,False,False,True
KC990829.1,True,False,False,False
KC998959.1,True,False,False,False
KC998960.1,True,False,False,False
KC999725.1,True,False,False,True
KC999726.1,True,False,False,True
KC999727.1,True,False,False,True
KC999728.1,True,False,False,True
KC999729.1,True,False,False,True
KC999730.1,True,False,False,True
KC999731.1,True,False,False,True
KC999732.1,True,False,False,True
KC999733.1,True,False,False,True
KC999734.1,True,False,False,True
KC999735.1,True,False,False,True
KC999736.1,True,False,False,True
KC999737.1,True,False,False,True
KC999738.1,True,False,False,True
KC999739.1,True,False,False,True
KC999740.1,True,False,False,True
KC999741.1,True,False,False,True
KC999742.1,True,False,False,True
KC999743.1,True,False,False,True
KC999744.1,True,False,False,True
KC999745.1,True,False,False,True
KC999746.1,True,False,False,True
KC999747.1,True,False,False,True
KC999748.1,True,False,False,True
KC999749.1,True,False,False,True
KC999750.1,True,False,False,True
KC999751.1,True,False,False,True
KC999752.1,True,False,False,True
KC999753.1,True,False,False,True
KC999754.1,True,False,False,True
KC999755.1,True,False,False,True
KC999756.1,True,False,False,True
KC999757.1,True,False,False,True
KC999758.1,True,False,False,True
KC999759.1,True,False,False,True
KC999760.1,True,False,False,True
KC999761.1,True,False,False,True
KC999762.1,True,False,False,True
KC999763.1,True,False,False,True
KC999764.1,True,False,False,True
KC999765.1,True,False,False,True
KC999766.1,True,False,False,True
KC999767.1,True,False,False,True
KC999768.1,True,False,False,True
KC999769.1,True,False,False,True
KC999770.1,True,False,False,True
KC999771.1,True,False,False,True
KC999772.1,True,False,False,True
KC999773.1,True,False,False,True
KC999774.1,True,False,False,True
KC999775.1,True,False,False,True
KC999776.1,True,False,False,True
KC999777.1,True,False,False,True
KC999778.1,True,False,False,True
KC999779.1,True,False,False,True
KC999780.1,True,False,False,True
KC999781.1,True,False,False,True
KC999782.1,True,False,False,True
KC999783.1,True,False,False,True
KC999784.1,True,False,False,True
KC999785.1,True,False,False,True
KC999786.1,True,False,False,True
KC999787.1,True,False,False,True
KC999788.1,True,False,False,True
KC999789.1,True,False,False,True
KC999790.1,True,False,False,True
KC999791.1,True,False,False,True
KC999792.1,True,False,False,True
KC999793.1,True,False,False,True
KC999794.1,True,False,False,True
KC999795.1,True,False,False,True
KC999796.1,True,False,False,True
KC999797.1,True,False,False,True
KC999798.1,True,False,False,True
KC999799.1,True,False,False,True
KC999800.1,True,False,False,True
KC999801.1,True,False,False,True
KC999802.1,True,False,False,True
KC999803.1,True,False,False,True
KC999804.1,True,False,False,True
KF006265.1,True,False,False,False
KF006266.1,True,False,False,False
KF006267.1,True,False,False,False
KF008239.1,True,False,False,True
KF008240.1,True,False,False,True
KF008241.1,True,False,False,True
KF008242.1,True,False,False,True
KF008243.1,True,False,False,True
KF008244.1,True,False,False,True
KF015248.1,True,False,False,True
KF015249.1,True,False,False,True
KF015250.1,True,False,False,True
KF015251.1,True,False,False,True
KF015252.1,True,False,False,True
KF055278.1,True,False,False,False
KF055279.1,True,False,False,False
KF055280.1,True,False,False,False
KF055281.1,True,False,False,False
KF055282.1,True,False,False,False
KF055283.1,True,False,False,False
KF055284.1,True,False,False,False
KF055285.1,True,False,False,False
KF055286.1,True,False,False,False
KF059996.1,True,False,False,False
KF059997.1,True,False,False,False
KF059998.1,True,False,False,False
KF059999.1,True,False,False,False
KF060000.1,True,False,False,False
KF060001.1,True,False,False,False
KF060002.1,True,False,False,False
KF060003.1,True,False,False,False
KF060004.1,True,False,False,False
KF060005.1,True,False,False,False
KF060006.1,True,False,False,False
KF060007.1,True,False,False,False
KF060008.1,True,False,False,False
KF060009.1,True,False,False,False
KF060010.1,True,False,False,False
KF060011.1,True,False,False,False
KF060012.1,True,False,False,False
KF060013.1,True,False,False,False
KF060014.1,True,False,False,False
KF060015.1,True,False,False,False
KF060016.1,True,False,False,False
KF060017.1,True,False,False,False
KF060018.1,True,False,False,False
KF060019.1,True,False,False,False
KF060020.1,True,False,False,False
KF060021.1,True,False,False,False
KF060022.1,True,False,False,False
KF060023.1,True,False,False,False
KF060024.1,True,False,False,False
KF060025.1,True,False,False,False
KF060026.1,True,False,False,False
KF060027.1,True,False,False,False
KF060028.1,True,False,False,False
KF060029.1,True,False,False,False
KF060030.1,True,False,False,False
KF060031.1,True,False,False,False
KF060032.1,True,False,False,False
KF060033.1,True,False,False,False
KF060034.1,True,False,False,False
KF060035.1,True,False,False,False
KF060036.1,True,False,False,False
KF060037.1,True,False,False,False
KF060038.1,True,False,False,False
KF060039.1,True,False,False,False
KF060040.1,True,False,False,False
KF060041.1,True,False,False,False
KF060042.1,True,False,False,False
KF060043.1,True,False,False,False
KF060044.1,True,False,False,False
KF060045.1,True,False,False,False
KF060046.1,True,False,False,False
KF060047.1,True,False,False,False
KF060048.1,True,False,False,False
KF060049.1,True,False,False,False
KF060050.1,True,False,False,False
KF060051.1,True,False,False,False
KF060052.1,True,False,False,False
KF060053.1,True,False,False,False
KF060054.1,True,False,False,False
KF060055.1,True,False,False,False
KF060056.1,True,False,False,False
KF060057.1,True,False,False,False
KF060058.1,True,False,False,False
KF060059.1,True,False,False,False
KF060060.1,True,False,False,False
KF060061.1,True,False,False,False
KF060062.1,True,False,False,False
KF060063.1,True,False,False,False
KF060064.1,True,False,False,False
KF060065.1,True,False,False,False
KF060066.1,True,False,False,False
KF060067.1,True,False,False,False
KF060068.1,True,False,False,False
KF060069.1,True,False,False,False
KF060070.1,True,False,False,False
KF060071.1,True,False,False,False
KF060072.1,True,False,False,False
KF060073.1,True,False,False,False
KF060074.1,True,False,False,False
KF060075.1,True,False,False,False
KF060076.1,True,False,False,False
KF060077.1,True,False,False,False
KF060078.1,True,False,False,False
KF060079.1,True,False,False,False
KF060080.1,True,False,False,False
KF060081.1,True,False,False,False
KF060082.1,True,False,False,False
KF060083.1,True,False,False,False
KF060084.1,True,False,False,False
KF060085.1,True,False,False,False
KF060086.1,True,False,False,False
KF060087.1,True,False,False,False
KF060088.1,True,False,False,False
KF060089.1,True,False,False,False
KF060090.1,True,False,False,False
KF060091.1,True,False,False,False
KF060092.1,True,False,False,False
KF060093.1,True,False,False,False
KF060094.1,True,False,False,False
KF060095.1,True,False,False,False
KF060096.1,True,False,False,False
KF060097.1,True,False,False,False
KF060098.1,True,False,False,False
KF060099.1,True,False,False,False
KF060100.1,True,False,False,False
KF060101.1,True,False,False,False
KF060102.1,True,False,False,False
KF060103.1,True,False,False,False
KF060104.1,True,False,False,False
KF060105.1,True,False,False,False
KF060106.1,True,False,False,False
KF060107.1,True,False,False,False
KF060108.1,True,False,False,False
KF060109.1,True,False,False,False
KF060110.1,True,False,False,False
KF060111.1,True,False,False,False
KF060112.1,True,False,False,False
KF060113.1,True,False,False,False
KF060114.1,True,False,False,False
KF060115.1,True,False,False,False
KF060116.1,True,False,False,False
KF060117.1,True,False,False,False
KF060118.1,True,False,False,False
KF060119.1,True,False,False,False
KF060120.1,True,False,False,False
KF060121.1,True,False,False,False
KF060122.1,True,False,False,False
KF060123.1,True,False,False,False
KF060124.1,True,False,False,False
KF060125.1,True,False,False,False
KF060126.1,True,False,False,False
KF060127.1,True,False,False,False
KF060128.1,True,False,False,False
KF060129.1,True,False,False,False
KF060130.1,True,False,False,False
KF060131.1,True,False,False,False
KF060132.1,True,False,False,False
KF060133.1,True,False,False,False
KF060134.1,True,False,False,False
KF060135.1,True,False,False,False
KF060136.1,True,False,False,False
KF060137.1,True,False,False,False
KF060138.1,True,False,False,False
KF060139.1,True,False,False,False
KF060140.1,True,False,False,False
KF060141.1,True,False,False,False
KF060142.1,True,False,False,False
KF060143.1,True,False,False,False
KF060144.1,True,False,False,False
KF060145.1,True,False,False,False
KF060146.1,True,False,False,False
KF060147.1,True,False,False,False
KF060148.1,True,False,False,False
KF060149.1,True,False,False,False
KF060150.1,True,False,False,False
KF060151.1,True,False,False,False
KF060152.1,True,False,False,False
KF060153.1,True,False,False,False
KF137566.1,True,False,False,False
KF137567.1,True,False,False,False
KF137568.1,True,False,False,False
KF137569.1,True,False,False,False
KF137570.1,True,False,False,False
KF137571.1,True,False,False,False
KF137572.1,True,False,False,False
KF145148.1,True,False,False,False
KF145149.1,True,False,False,False
KF177224.1,True,False,False,False
KF177225.1,True,False,False,False
KF177226.1,True,False,False,False
KF177227.1,True,False,False,False
KF177228.1,True,False,False,False
KF177229.1,True,False,False,False
KF177230.1,True,False,False,False
KF177231.1,True,False,False,False
KF177429.1,True,False,False,False
KF177430.1,True,False,False,False
KF177431.1,True,False,False,False
KF177432.1,True,False,False,False
KF177433.1,True,False,False,False
KF177434.1,True,False,False,False
KF177435.1,True,False,False,False
KF177436.1,True,False,False,False
KF177437.1,True,False,False,False
KF177438.1,True,False,False,False
KF177439.1,True,False,False,False
KF177440.1,True,False,False,False
KF177441.1,True,False,False,False
KF177442.1,True,False,False,False
KF177443.1,True,False,False,False
KF177444.1,True,False,False,False
KF177445.1,True,False,False,False
KF177446.1,True,False,False,False
KF177447.1,True,False,False,False
KF177448.1,True,False,False,False
KF177449.1,True,False,False,False
KF177450.1,True,False,False,False
KF177451.1,True,False,False,False
KF199153.1,True,False,False,False
KF199154.1,True,False,False,False
KF199155.1,True,False,False,False
KF199156.1,True,False,False,False
KF199157.1,True,False,False,False
KF199158.1,True,False,False,False
KF199159.1,True,False,False,False
KF199160.1,True,False,False,False
KF199161.1,True,False,False,False
KF199162.1,True,False,False,False
KF199163.1,True,False,False,False
KF199164.1,True,False,False,False
KF199165.1,True,False,False,False
KF199166.1,True,False,False,False
KF199167.1,True,False,False,False
KF199168.1,True,False,False,False
KF199169.1,True,False,False,False
KF199170.1,True,False,False,False
KF199171.1,True,False,False,False
KF199172.1,True,False,False,False
KF199173.1,True,False,False,False
KF265495.1,True,False,False,False
KF265496.1,True,False,False,False
KF265497.1,True,False,False,False
KF275021.2,True,False,False,True
KF275022.2,True,False,False,True
KF275023.2,True,False,False,True
KF275024.2,True,False,False,True
KF275025.2,True,False,False,True
KF279373.1,True,False,False,True
KF279374.1,True,False,False,True
KF279375.1,True,False,False,True
KF279376.1,True,False,False,True
KF279377.1,True,False,False,True
KF279378.1,True,False,False,True
KF279379.1,True,False,False,True
KF279380.1,True,False,False,True
KF279381.1,True,False,False,True
KF279382.1,True,False,False,True
KF279383.1,True,False,False,True
KF279384.1,True,False,False,True
KF279385.1,True,False,False,True
KF279386.1,True,False,False,True
KF279387.1,True,False,False,True
KF279388.1,True,False,False,True
KF279389.1,True,False,False,True
KF279390.1,True,False,False,True
KF279391.1,True,False,False,True
KF289316.1,True,False,False,True
KF289317.1,True,False,False,True
KF289318.1,True,False,False,True
KF289319.1,True,False,False,True
KF289320.1,True,False,False,True
KF289321.1,True,False,False,True
KF289322.1,True,False,False,True
KF289323.1,True,False,False,True
KF289324.1,True,False,False,True
KF289325.1,True,False,False,True
KF289326.1,True,False,False,True
KF289327.1,True,False,False,True
KF289328.1,True,False,False,True
KF289329.1,True,False,False,True
KF289330.1,True,False,False,True
KF289331.1,True,False,False,True
KF289332.1,True,False,False,True
KF289333.1,True,False,False,True
KF289334.1,True,False,False,True
KF289335.1,True,False,False,True
KF289336.1,True,False,False,True
KF289337.1,True,False,False,True
KF307752.1,True,False,False,False
KF307753.1,True,False,False,False
KF307754.1,True,False,False,False
KF307755.1,True,False,False,False
KF307756.1,True,False,False,False
KF307757.1,True,False,False,False
KF309392.1,True,False,False,False
KF309393.1,True,False,False,False
KF309394.1,True,False,False,False
KF309395.1,True,False,False,False
KF360222.1,True,False,False,False
KF360223.1,True,False,False,False
KF360224.1,True,False,False,False
KF360225.1,True,False,False,False
KF360226.1,True,False,False,False
KF360227.1,True,False,False,False
KF360228.1,True,False,False,False
KF361389.1,True,False,False,True
KF361390.1,True,False,False,True
KF361391.1,True,False,False,True
KF361392.1,True,False,False,True
KF361393.1,True,False,False,True
KF361394.1,True,False,False,True
KF361395.1,True,False,False,True
KF361396.1,True,False,False,True
KF361397.1,True,False,False,True
KF361398.1,True,False,False,True
KF361399.1,True,False,False,True
KF361400.1,True,False,False,True
KF361401.1,True,False,False,True
KF361402.1,True,False,False,True
KF361403.1,True,False,False,True
KF361404.1,True,False,False,True
KF361405.1,True,False,False,True
KF361406.1,True,False,False,True
KF361407.1,True,False,False,True
KF361408.1,True,False,False,True
KF361409.1,True,False,False,True
KF361410.1,True,False,False,True
KF361411.1,True,False,False,True
KF361412.1,True,False,False,True
KF361413.1,True,False,False,True
KF361414.1,True,False,False,True
KF361415.1,True,False,False,True
KF361416.1,True,False,False,True
KF361417.1,True,False,False,True
KF361418.1,True,False,False,True
KF361419.1,True,False,False,True
KF361420.1,True,False,False,True
KF361421.1,True,False,False,True
KF361422.1,True,False,False,True
KF361423.1,True,False,False,True
KF361424.1,True,False,False,True
KF361425.1,True,False,False,True
KF361426.1,True,False,False,True
KF361427.1,True,False,False,True
KF361428.1,True,False,False,True
KF361429.1,True,False,False,True
KF361430.1,True,False,False,True
KF361431.1,True,False,False,True
KF361432.1,True,False,False,True
KF361433.1,True,False,False,True
KF361434.1,True,False,False,True
KF361435.1,True,False,False,True
KF361436.1,True,False,False,True
KF361437.1,True,False,False,True
KF361438.1,True,False,False,True
KF361439.1,True,False,False,True
KF361440.1,True,False,False,True
KF361441.1,True,False,False,True
KF361442.1,True,False,False,True
KF377578.1,True,False,False,True
KF377579.1,True,False,False,True
KF377580.1,True,False,False,True
KF378731.1,True,False,False,False
KF378732.1,True,False,False,False
KF378733.1,True,False,False,False
KF386146.1,True,False,False,False
KF387615.1,True,False,False,False
KF395211.1,True,False,False,True
KF395212.1,True,False,False,True
KF395213.1,True,False,False,True
KF395214.1,True,False,False,True
KF395215.1,True,False,False,True
KF395216.1,True,False,False,True
KF395217.1,True,False,False,True
KF395218.1,True,False,False,True
KF395219.1,True,False,False,True
KF395220.1,True,False,False,True
KF395221.1,True,False,False,True
KF395222.1,True,False,False,True
KF429759.1,True,False,False,True
KF429762.1,True,False,False,False
KF429763.1,True,False,False,True
KF429764.1,True,False,False,True
KF429767.1,True,False,True,True
KF429769.1,True,False,False,False
KF429771.1,True,False,False,True
KF429772.1,True,False,False,True
KF429775.1,True,False,False,True
KF429779.1,True,False,False,True
KF429780.1,True,False,False,True
KF429781.1,True,False,False,True
KF429782.1,True,False,False,False
KF429784.1,True,False,False,True
KF429785.1,True,False,False,True
KF429786.1,True,False,False,True
KF429788.1,True,False,False,False
KF429791.1,True,False,False,False
KF429792.1,True,False,False,True
KF434306.1,True,False,False,False
KF434307.1,True,False,False,False
KF434308.1,True,False,False,False
KF434309.1,True,False,False,False
KF434310.1,True,False,False,False
KF434311.1,True,False,False,False
KF434312.1,True,False,False,False
KF434313.1,True,False,False,False
KF434314.1,True,False,False,False
KF434315.1,True,False,False,False
KF434316.1,True,False,False,False
KF434317.1,True,False,False,False
KF434555.1,True,False,False,True
KF434556.1,True,False,False,True
KF434557.1,True,False,False,True
KF434558.1,True,False,False,True
KF434559.1,True,False,False,True
KF434560.1,True,False,False,True
KF434561.1,True,False,False,True
KF434562.1,True,False,False,True
KF434563.1,True,False,False,True
KF434564.1,True,False,False,True
KF434565.1,True,False,False,True
KF434566.1,True,False,False,True
KF434567.1,True,False,False,True
KF434568.1,True,False,False,True
KF434569.1,True,False,False,True
KF434570.1,True,False,False,True
KF434571.1,True,False,False,True
KF434572.1,True,False,False,True
KF434573.1,True,False,False,True
KF434574.1,True,False,False,True
KF434575.1,True,False,False,True
KF434576.1,True,False,False,True
KF434577.1,True,False,False,True
KF434578.1,True,False,False,True
KF434579.1,True,False,False,True
KF434580.1,True,False,False,True
KF434581.1,True,False,False,True
KF434582.1,True,False,False,True
KF434583.1,True,False,False,True
KF434584.1,True,False,False,True
KF434585.1,True,False,False,True
KF437988.1,True,False,False,False
KF437989.1,True,False,False,False
KF437990.1,True,False,False,False
KF437991.1,True,False,False,False
KF437992.1,True,False,False,False
KF437993.1,True,False,False,False
KF437994.1,True,False,False,False
KF437995.1,True,False,False,False
KF437996.1,True,False,False,False
KF437997.1,True,False,False,False
KF437998.1,True,False,False,False
KF437999.1,True,False,False,False
KF438000.1,True,False,False,False
KF438001.1,True,False,False,False
KF438002.1,True,False,False,False
KF438003.1,True,False,False,False
KF438004.1,True,False,False,False
KF438005.1,True,False,False,False
KF475898.1,True,False,False,True
KF475899.1,True,False,False,True
KF475900.1,True,False,False,True
KF475901.1,True,False,False,True
KF475902.1,True,False,False,True
KF475903.1,True,False,False,True
KF475904.1,True,False,False,True
KF475905.1,True,False,False,True
KF475906.1,True,False,False,True
KF475907.1,True,False,False,True
KF475908.1,True,False,False,True
KF475909.1,True,False,False,True
KF475910.1,True,False,False,True
KF475911.1,True,False,False,True
KF475912.1,True,False,False,True
KF475913.1,True,False,False,True
KF475914.1,True,False,False,True
KF475915.1,True,False,False,True
KF475916.1,True,False,False,True
KF475917.1,True,False,False,True
KF475918.1,True,False,False,True
KF475919.1,True,False,False,True
KF475920.1,True,False,False,True
KF475921.1,True,False,False,True
KF475922.1,True,False,False,True
KF475923.1,True,False,False,True
KF475924.1,True,False,False,True
KF475925.1,True,False,False,True
KF475926.1,True,False,False,True
KF475927.1,True,False,False,True
KF475928.1,True,False,False,True
KF475929.1,True,False,False,True
KF475930.1,True,False,False,True
KF475931.1,True,False,False,True
KF475932.1,True,False,False,True
KF475933.1,True,False,False,True
KF475934.1,True,False,False,True
KF475935.1,True,False,False,True
KF475936.1,True,False,False,True
KF475937.1,True,False,False,True
KF475938.1,True,False,False,True
KF475939.1,True,False,False,True
KF475940.1,True,False,False,True
KF475941.1,True,False,False,True
KF475942.1,True,False,False,True
KF475943.1,True,False,False,True
KF475944.1,True,False,False,True
KF475945.1,True,False,False,True
KF475946.1,True,False,False,True
KF475947.1,True,False,False,True
KF475948.1,True,False,False,True
KF475949.1,True,False,False,True
KF475950.1,True,False,False,True
KF475951.1,True,False,False,True
KF475952.1,True,False,False,True
KF475953.1,True,False,False,True
KF475954.1,True,False,False,True
KF475955.1,True,False,False,True
KF475956.1,True,False,False,True
KF475957.1,True,False,False,True
KF475958.1,True,False,False,True
KF475959.1,True,False,False,True
KF475960.1,True,False,False,True
KF475961.1,True,False,False,True
KF475962.1,True,False,False,True
KF475963.1,True,False,False,True
KF475964.1,True,False,False,True
KF475965.1,True,False,False,True
KF475966.1,True,False,False,True
KF475967.1,True,False,False,True
KF475968.1,True,False,False,True
KF495130.1,True,False,False,True
KF495131.1,True,False,False,True
KF495132.1,True,False,False,True
KF495133.1,True,False,False,True
KF495134.1,True,False,False,True
KF495135.1,True,False,False,True
KF495136.1,True,False,False,True
KF495137.1,True,False,False,True
KF495138.1,True,False,False,True
KF495139.1,True,False,False,True
KF495140.1,True,False,False,True
KF495141.1,True,False,False,True
KF495142.1,True,False,False,True
KF495143.1,True,False,False,True
KF495144.1,True,False,False,True
KF495145.1,True,False,False,True
KF495146.1,True,False,False,True
KF495147.1,True,False,False,True
KF495148.1,True,False,False,True
KF495149.1,True,False,False,True
KF495150.1,True,False,False,True
KF495151.1,True,False,False,True
KF509946.3,True,False,False,False
KF509947.2,True,False,False,False
KF537662.1,True,False,False,False
KF556654.1,True,False,False,True
KF556655.1,True,False,False,True
KF556656.1,True,False,False,True
KF556657.1,True,False,False,True
KF556658.1,True,False,False,True
KF556659.1,True,False,False,True
KF556660.1,True,False,False,True
KF556661.1,True,False,False,True
KF556662.1,True,False,False,True
KF556663.1,True,False,False,True
KF556664.1,True,False,False,True
KF556665.1,True,False,False,True
KF556666.1,True,False,False,True
KF556667.1,True,False,False,True
KF556668.1,True,False,False,False
KF556669.1,True,False,False,False
KF556670.1,True,False,False,False
KF556671.1,True,False,False,False
KF556672.1,True,False,False,False
KF556673.1,True,False,False,False
KF556674.1,True,False,False,False
KF556675.1,True,False,False,False
KF556676.1,True,False,False,False
KF556677.1,True,False,False,False
KF569765.1,True,False,False,True
KF569766.1,True,False,False,True
KF569767.1,True,False,False,True
KF569768.1,True,False,False,True
KF569769.1,True,False,False,True
KF569770.1,True,False,False,True
KF569771.1,True,False,False,True
KF569772.1,True,False,False,True
KF569773.1,True,False,False,True
KF569774.1,True,False,False,True
KF569775.1,True,False,False,True
KF569776.1,True,False,False,True
KF569777.1,True,False,False,True
KF569778.1,True,False,False,True
KF569779.1,True,False,False,True
KF569780.1,True,False,False,True
KF569781.1,True,False,False,True
KF569782.1,True,False,False,True
KF569783.1,True,False,False,True
KF569784.1,True,False,False,True
KF569785.1,True,False,False,True
KF569786.1,True,False,False,True
KF569787.1,True,False,False,True
KF569788.1,True,False,False,True
KF569789.1,True,False,False,True
KF569790.1,True,False,False,True
KF569791.1,True,False,False,True
KF569792.1,True,False,False,True
KF569793.1,True,False,False,True
KF569794.1,True,False,False,True
KF569795.1,True,False,False,True
KF569796.1,True,False,False,True
KF569797.1,True,False,False,True
KF569798.1,True,False,False,True
KF569799.1,True,False,False,True
KF586507.1,True,False,False,False
KF586508.1,True,False,False,True
KF586509.1,True,False,False,True
KF586510.1,True,False,False,True
KF586511.1,True,False,False,True
KF586512.1,True,False,False,True
KF586513.1,True,False,False,False
KF658275.1,True,False,False,True
KF658276.1,True,False,False,True
KF658277.1,True,False,False,True
KF658278.1,True,False,False,True
KF658279.1,True,False,False,True
KF658280.1,True,False,False,True
KF658281.1,True,False,False,True
KF658282.1,True,False,False,True
KF658283.1,True,False,False,True
KF658284.1,True,False,False,True
KF658285.1,True,False,False,True
KF658286.1,True,False,False,True
KF658287.1,True,False,False,True
KF658288.1,True,False,False,True
KF658289.1,True,False,False,True
KF658290.1,True,False,False,True
KF658291.1,True,False,False,True
KF658292.1,True,False,False,True
KF658293.1,True,False,False,True
KF658294.1,True,False,False,True
KF658295.1,True,False,False,True
KF658296.1,True,False,False,True
KF658297.1,True,False,False,True
KF658298.1,True,False,False,True
KF658299.1,True,False,False,True
KF658300.1,True,False,False,True
KF658301.1,True,False,False,True
KF658302.1,True,False,False,True
KF658303.1,True,False,False,True
KF658304.1,True,False,False,True
KF658305.1,True,False,False,True
KF658306.1,True,False,False,True
KF658307.1,True,False,False,True
KF658308.1,True,False,False,True
KF658309.1,True,False,False,True
KF658310.1,True,False,False,True
KF658311.1,True,False,False,True
KF658312.1,True,False,False,True
KF658313.1,True,False,False,True
KF658314.1,True,False,False,True
KF658315.1,True,False,False,True
KF658316.1,True,False,False,True
KF658317.1,True,False,False,True
KF658318.1,True,False,False,True
KF658319.1,True,False,False,True
KF658320.1,True,False,False,True
KF658321.1,True,False,False,True
KF658322.1,True,False,False,True
KF658323.1,True,False,False,True
KF658324.1,True,False,False,True
KF658325.1,True,False,False,True
KF658326.1,True,False,False,True
KF658327.1,True,False,False,True
KF658328.1,True,False,False,True
KF658329.1,True,False,False,True
KF658330.1,True,False,False,True
KF658331.1,True,False,False,True
KF658332.1,True,False,False,True
KF658333.1,True,False,False,True
KF658334.1,True,False,False,True
KF658335.1,True,False,False,True
KF658336.1,True,False,False,True
KF658337.1,True,False,False,True
KF658338.1,True,False,False,True
KF658339.1,True,False,False,True
KF668567.1,True,False,False,False
KF668568.1,True,False,False,False
KF668569.1,True,False,False,False
KF712492.1,True,False,False,False
KF712493.1,True,False,False,False
KF712494.1,True,False,False,False
KF712495.1,True,False,False,False
KF712500.1,True,False,False,False
KF712503.1,True,False,False,False
KF712505.1,True,False,False,False
KF712506.1,True,False,False,False
KF712507.1,True,False,False,False
KF712508.1,True,False,True,True
KF712509.1,True,False,False,True
KF730316.1,True,False,False,False
KF730317.1,True,False,False,False
KF730318.1,True,False,False,False
KF738671.1,True,False,False,False
KF738672.1,True,False,False,False
KF738673.1,True,False,False,False
KF738674.1,True,False,False,False
KF738675.1,True,False,False,False
KF738676.1,True,False,False,False
KF738677.1,True,False,False,False
KF738678.1,True,False,False,False
KF738679.1,True,False,False,False
KF738680.1,True,False,False,False
KF738681.1,True,False,False,False
KF738682.1,True,False,False,False
KF738683.1,True,False,False,False
KF738684.1,True,False,False,False
KF738685.1,True,False,False,False
KF738686.1,True,False,False,False
KF738687.1,True,False,False,False
KF738688.1,True,False,False,False
KF738689.1,True,False,False,False
KF738690.1,True,False,False,False
KF738691.1,True,False,False,False
KF738692.1,True,False,False,False
KF738693.1,True,False,False,False
KF738694.1,True,False,False,False
KF738697.1,True,False,False,False
KF738698.1,True,False,False,False
KF738699.1,True,False,False,False
KF738700.1,True,False,False,False
KF738701.1,True,False,False,False
KF738702.1,True,False,False,False
KF738703.1,True,False,False,False
KF738704.1,True,False,False,False
KF738705.1,True,False,False,False
KF738706.1,True,False,False,False
KF743064.1,True,False,False,True
KF743065.1,True,False,False,True
KF743066.1,True,False,False,True
KF743067.1,True,False,False,True
KF743068.1,True,False,False,True
KF743069.1,True,False,False,True
KF743070.1,True,False,False,True
KF743071.1,True,False,False,True
KF743072.1,True,False,False,True
KF743073.1,True,False,False,True
KF743074.1,True,False,False,True
KF743075.1,True,False,False,True
KF743076.1,True,False,False,True
KF743077.1,True,False,False,True
KF743078.1,True,False,False,True
KF743079.1,True,False,False,True
KF743080.1,True,False,False,True
KF743081.1,True,False,False,True
KF743082.1,True,False,False,True
KF743083.1,True,False,False,True
KF743084.1,True,False,False,True
KF743085.1,True,False,False,True
KF743086.1,True,False,False,True
KF743087.1,True,False,False,True
KF743088.1,True,False,False,False
KF743089.1,True,False,False,False
KF743090.1,True,False,False,False
KF743091.1,True,False,False,False
KF743092.1,True,False,False,False
KF743093.1,True,False,False,False
KF743094.1,True,False,False,False
KF743095.1,True,False,False,False
KF743096.1,True,False,False,False
KF743097.1,True,False,False,False
KF743098.1,True,False,False,False
KF743099.1,True,False,False,False
KF743100.1,True,False,False,False
KF743101.1,True,False,False,False
KF743102.1,True,False,False,False
KF743103.1,True,False,False,False
KF743104.1,True,False,False,False
KF743105.1,True,False,False,False
KF743106.1,True,False,False,False
KF743107.1,True,False,False,False
KF743108.1,True,False,False,False
KF743109.1,True,False,False,False
KF743110.1,True,False,False,False
KF743111.1,True,False,False,False
KF743112.1,True,False,False,False
KF743113.1,True,False,False,False
KF743114.1,True,False,False,False
KF743115.1,True,False,False,False
KF743116.1,True,False,False,False
KF743117.1,True,False,False,False
KF743118.1,True,False,False,False
KF743119.1,True,False,False,False
KF743120.1,True,False,False,False
KF743121.1,True,False,False,False
KF743122.1,True,False,False,False
KF743123.1,True,False,False,False
KF768469.1,True,False,False,False
KF768470.1,True,False,False,False
KF768471.1,True,False,False,False
KF768472.1,True,False,False,False
KF768473.1,True,False,False,False
KF768474.1,True,False,False,False
KF768475.1,True,False,False,False
KF768476.2,True,False,False,False
KF768477.1,True,False,False,False
KF768478.1,True,False,False,False
KF768479.1,True,False,False,False
KF768480.1,True,False,False,False
KF768481.1,True,False,False,False
KF768482.1,True,False,False,False
KF768483.1,True,False,False,False
KF768484.1,True,False,False,False
KF768485.1,True,False,False,False
KF768486.1,True,False,False,False
KF768487.1,True,False,False,False
KF768488.1,True,False,False,False
KF768489.1,True,False,False,False
KF768490.1,True,False,False,False
KF768491.1,True,False,False,False
KF768492.1,True,False,False,False
KF768493.1,True,False,False,False
KF768494.1,True,False,False,False
KF768495.1,True,False,False,False
KF768496.1,True,False,False,False
KF768497.1,True,False,False,False
KF768498.1,True,False,False,False
KF768499.1,True,False,False,False
KF768500.1,True,False,False,False
KF768501.1,True,False,False,False
KF768502.1,True,False,False,False
KF768503.1,True,False,False,False
KF768504.1,True,False,False,False
KF768505.1,True,False,False,False
KF768506.1,True,False,False,False
KF768507.1,True,False,False,False
KF768508.1,True,False,False,False
KF768509.1,True,False,False,False
KF768510.1,True,False,False,False
KF768511.2,True,False,False,False
KF768512.1,True,False,False,False
KF768513.1,True,False,False,False
KF768514.1,True,False,False,False
KF768515.1,True,False,False,False
KF768516.1,True,False,False,False
KF768517.1,True,False,False,False
KF768518.1,True,False,False,False
KF768519.1,True,False,False,False
KF768520.1,True,False,False,False
KF768521.1,True,False,False,False
KF768522.1,True,False,False,False
KF768523.1,True,False,False,False
KF768524.1,True,False,False,False
KF768525.1,True,False,False,False
KF768526.1,True,False,False,False
KF768527.1,True,False,False,False
KF768528.1,True,False,False,False
KF768529.1,True,False,False,False
KF768530.1,True,False,False,False
KF768531.1,True,False,False,False
KF768532.1,True,False,False,False
KF768533.1,True,False,False,False
KF768534.1,True,False,False,False
KF768535.1,True,False,False,False
KF768536.1,True,False,False,False
KF768537.1,True,False,False,False
KF768538.1,True,False,False,False
KF768539.1,True,False,False,False
KF768540.1,True,False,False,False
KF768541.1,True,False,False,False
KF768542.1,True,False,False,False
KF768543.1,True,False,False,False
KF768544.1,True,False,False,False
KF773972.1,True,False,False,True
KF773973.1,True,False,False,True
KF773974.1,True,False,False,True
KF773975.1,True,False,False,True
KF773976.1,True,False,False,True
KF773977.1,True,False,False,True
KF773978.1,True,False,False,True
KF773979.1,True,False,False,True
KF773980.1,True,False,False,True
KF773981.1,True,False,False,True
KF773982.1,True,False,False,True
KF773983.1,True,False,False,True
KF773984.1,True,False,False,True
KF773985.1,True,False,False,True
KF773986.1,True,False,False,True
KF773987.1,True,False,False,True
KF773988.1,True,False,False,True
KF773989.1,True,False,False,True
KF773990.1,True,False,False,True
KF773991.1,True,False,False,True
KF773992.1,True,False,False,True
KF773993.1,True,False,False,True
KF773994.1,True,False,False,True
KF773995.1,True,False,False,True
KF773996.1,True,False,False,True
KF773997.1,True,False,False,True
KF773998.1,True,False,False,True
KF773999.1,True,False,False,True
KF774000.1,True,False,False,True
KF774001.1,True,False,False,True
KF774002.1,True,False,False,True
KF793788.1,True,False,False,True
KF793789.1,True,False,False,True
KF793790.1,True,False,False,True
KF793791.1,True,False,False,True
KF793792.1,True,False,False,True
KF793793.1,True,False,False,True
KF793794.1,True,False,False,True
KF793795.1,True,False,False,True
KF793796.1,True,False,False,True
KF793797.1,True,False,False,True
KF793798.1,True,False,False,True
KF798196.1,True,False,False,False
KF798197.1,True,False,False,False
KF798198.1,True,False,False,False
KF798199.1,True,False,False,False
KF798200.1,True,False,False,False
KF798201.1,True,False,False,False
KF806495.1,True,False,False,False
KF806496.1,True,False,False,False
KF806497.1,True,False,False,False
KF806498.1,True,False,False,False
KF806499.1,True,False,False,False
KF806500.1,True,False,False,False
KF806501.1,True,False,False,True
KF806502.1,True,False,False,True
KF806503.1,True,False,False,False
KF806504.1,True,False,False,False
KF806505.1,True,False,False,False
KF806506.1,True,False,False,False
KF806507.1,True,False,False,False
KF806508.1,True,False,False,False
KF806509.1,True,False,False,False
KF806510.1,True,False,False,False
KF806511.1,True,False,False,False
KF806512.1,True,False,False,False
KF806513.1,True,False,False,False
KF806514.1,True,False,False,False
KF806515.1,True,False,False,False
KF806516.1,True,False,False,False
KF806517.1,True,False,False,False
KF806518.1,True,False,False,False
KF806519.1,True,False,False,False
KF806520.1,True,False,False,False
KF806521.1,True,False,False,False
KF806522.1,True,False,False,False
KF806523.1,True,False,False,False
KF806524.1,True,False,False,False
KF806525.1,True,False,False,False
KF806526.1,True,False,False,False
KF806527.1,True,False,False,False
KF806528.1,True,False,False,False
KF806529.1,True,False,False,False
KF806530.1,True,False,False,False
KF806531.1,True,False,False,False
KF806532.1,True,False,False,False
KF806533.1,True,False,False,False
KF806534.1,True,False,False,False
KF808211.1,True,False,False,True
KF808212.1,True,False,False,True
KF808213.1,True,False,False,True
KF808214.1,True,False,False,True
KF808215.1,True,False,False,True
KF808216.1,True,False,False,True
KF808217.1,True,False,False,True
KF808218.1,True,False,False,True
KF808219.1,True,False,False,True
KF808220.1,True,False,False,True
KF808221.1,True,False,False,True
KF808222.1,True,False,False,True
KF808223.1,True,False,False,True
KF808224.1,True,False,False,True
KF808225.1,True,False,False,True
KF808226.1,True,False,False,True
KF808227.1,True,False,False,True
KF808228.1,True,False,False,True
KF808229.1,True,False,False,True
KF808230.1,True,False,False,True
KF808231.1,True,False,False,True
KF808232.1,True,False,False,True
KF808233.1,True,False,False,True
KF808234.1,True,False,False,True
KF808235.1,True,False,False,True
KF808236.1,True,False,False,True
KF808237.1,True,False,False,True
KF808238.1,True,False,False,True
KF808239.1,True,False,False,True
KF808240.1,True,False,False,True
KF808241.1,True,False,False,True
KF808242.1,True,False,False,True
KF808243.1,True,False,False,True
KF808244.1,True,False,False,True
KF808245.1,True,False,False,True
KF808246.1,True,False,False,True
KF808247.1,True,False,False,True
KF808248.1,True,False,False,True
KF808249.1,True,False,False,True
KF808250.1,True,False,False,True
KF808251.1,True,False,False,True
KF808252.1,True,False,False,True
KF808253.1,True,False,False,True
KF808254.1,True,False,False,True
KF846529.1,True,False,False,False
KF857575.1,True,False,False,False
KF870579.1,True,False,False,False
KF870580.1,True,False,False,False
KF870581.1,True,False,False,False
KF870582.1,True,False,False,False
KF870583.1,True,False,False,False
KF870584.1,True,False,False,False
KF870585.1,True,False,False,False
KF870586.1,True,False,False,False
KF870587.1,True,False,False,False
KF870588.1,True,False,False,False
KF870589.1,True,False,False,False
KF870590.1,True,False,False,False
KF870591.1,True,False,False,False
KF870592.1,True,False,False,False
KF870593.1,True,False,False,False
KF870594.1,True,False,False,False
KF870595.1,True,False,False,False
KF870596.1,True,False,False,False
KF870597.1,True,False,False,False
KF870598.1,True,False,False,False
KF870599.1,True,False,False,False
KF870600.1,True,False,False,False
KF870601.1,True,False,False,False
KF870602.1,True,False,False,False
KF870603.1,True,False,False,False
KF870604.1,True,False,False,False
KF870605.1,True,False,False,False
KF870606.1,True,False,False,False
KF870607.1,True,False,False,False
KF870608.1,True,False,False,False
KF870609.1,True,False,False,False
KF870610.1,True,False,False,False
KF870611.1,True,False,False,False
KF870612.1,True,False,False,False
KF870613.1,True,False,False,False
KF870614.1,True,False,False,False
KF870615.1,True,False,False,False
KF870616.1,True,False,False,False
KF870617.1,True,False,False,False
KF870618.1,True,False,False,False
KF870619.1,True,False,False,False
KF870620.1,True,False,False,False
KF870621.1,True,False,False,False
KF870622.1,True,False,False,False
KF870623.1,True,False,False,False
KF870624.1,True,False,False,False
KF870625.1,True,False,False,False
KF870626.1,True,False,False,False
KF870627.1,True,False,False,False
KF870628.1,True,False,False,False
KF870629.1,True,False,False,False
KF870630.1,True,False,False,False
KF870631.1,True,False,False,False
KF870632.1,True,False,False,False
KF870633.1,True,False,False,False
KF870634.1,True,False,False,False
KF870635.1,True,False,False,False
KF870636.1,True,False,False,False
KF870637.1,True,False,False,False
KF870638.1,True,False,False,False
KF870639.1,True,False,False,False
KF870640.1,True,False,False,False
KF870641.1,True,False,False,False
KF870642.1,True,False,False,False
KF870643.1,True,False,False,False
KF870644.1,True,False,False,False
KF870645.1,True,False,False,False
KF870646.1,True,False,False,False
KF870647.1,True,False,False,False
KF870648.1,True,False,False,False
KF870649.1,True,False,False,False
KF870650.1,True,False,False,False
KF870651.1,True,False,False,False
KF870652.1,True,False,False,False
KF870653.1,True,False,False,False
KF870654.1,True,False,False,False
KF870655.1,True,False,False,False
KF870656.1,True,False,False,False
KF870657.1,True,False,False,False
KF870658.1,True,False,False,False
KF870659.1,True,False,False,False
KF870660.1,True,False,False,False
KF870661.1,True,False,False,False
KF870662.1,True,False,False,False
KF870663.1,True,False,False,False
KF870664.1,True,False,False,False
KF870665.1,True,False,False,False
KF870666.1,True,False,False,False
KF870667.1,True,False,False,False
KF870668.1,True,False,False,False
KF870669.1,True,False,False,False
KF870670.1,True,False,False,False
KF870671.1,True,False,False,False
KF870672.1,True,False,False,False
KF870673.1,True,False,False,False
KF870674.1,True,False,False,False
KF870675.1,True,False,False,False
KF870676.1,True,False,False,False
KF870677.1,True,False,False,False
KF870678.1,True,False,False,False
KF870679.1,True,False,False,False
KF870680.1,True,False,False,False
KF870681.1,True,False,False,False
KF870682.1,True,False,False,False
KF870683.1,True,False,False,False
KF870684.1,True,False,False,False
KF870685.1,True,False,False,False
KF870686.1,True,False,False,False
KF870687.1,True,False,False,False
KF870688.1,True,False,False,False
KF870689.1,True,False,False,False
KF870690.1,True,False,False,False
KF870691.1,True,False,False,False
KF870692.1,True,False,False,False
KF870693.1,True,False,False,False
KF870694.1,True,False,False,False
KF870695.1,True,False,False,False
KF870696.1,True,False,False,False
KF870697.1,True,False,False,False
KF870698.1,True,False,False,False
KF870699.1,True,False,False,False
KF870700.1,True,False,False,False
KF870701.1,True,False,False,False
KF870702.1,True,False,False,False
KF870703.1,True,False,False,False
KF870704.1,True,False,False,False
KF870705.1,True,False,False,False
KF870706.1,True,False,False,False
KF870707.1,True,False,False,False
KF870708.1,True,False,False,False
KF870709.1,True,False,False,False
KF870710.1,True,False,False,False
KF870711.1,True,False,False,False
KF870712.1,True,False,False,False
KF870713.1,True,False,False,False
KF870714.1,True,False,False,False
KF890177.1,True,False,False,True
KF895814.2,False,False,True,False
KF895815.2,False,False,True,False
KF895816.2,False,False,True,False
KF895817.4,False,False,True,False
KF895818.2,False,False,True,False
KF895821.2,False,False,True,False
KF895824.2,False,False,True,False
KF895826.2,False,False,True,False
KF895828.2,False,False,True,False
KF895834.2,False,False,True,False
KF895837.2,False,False,True,False
KF895843.2,False,False,True,False
KF895844.2,False,False,True,False
KF895846.2,False,False,True,False
KF895849.2,False,False,True,False
KF895850.2,False,False,True,False
KF895854.3,False,False,True,False
KF895855.2,False,False,True,False
KF895863.2,False,False,True,False
KF895868.2,False,False,True,False
KF895870.2,True,False,True,False
KF895871.2,True,False,True,False
KF895872.2,True,False,True,False
KF895873.2,True,False,True,False
KF895874.2,True,False,True,False
KF895875.2,False,False,True,False
KF895876.2,False,False,True,False
KF895878.2,False,False,True,False
KF895880.2,False,False,True,False
KF916584.1,True,False,False,True
KF916585.1,True,False,False,True
KF920730.2,False,False,True,False
KF931165.2,False,False,True,False
KF931166.2,False,False,True,False
KF931167.2,False,False,True,False
KF931168.3,False,False,True,False
KF931169.2,False,False,True,False
KF931170.2,False,False,True,False
KF931174.2,False,False,True,False
KF931176.2,False,False,True,False
KF931177.2,False,False,True,False
KF931178.2,False,False,True,False
KF931179.2,False,False,True,False
KF931181.2,False,False,True,False
KF931183.2,False,False,True,False
KF931184.2,False,False,True,False
KF931185.2,False,False,True,False
KF931187.2,False,False,True,False
KF931206.2,False,False,True,False
KF931208.2,False,False,True,False
KF931210.2,False,False,True,False
KF931212.2,False,False,True,False
KF931215.2,False,False,True,False
KF931219.2,False,False,True,False
KF931221.2,False,False,True,False
KF931223.2,False,False,True,False
KF931237.2,False,False,True,False
KF931239.2,False,False,True,False
KF931273.2,False,False,True,False
KF931279.2,False,False,True,False
KF931291.2,False,False,True,False
KF931305.2,False,False,True,False
KF931314.2,False,False,True,False
KF931316.2,False,False,True,False
KF931319.2,False,False,True,False
KF931320.2,False,False,True,False
KF931335.2,False,False,True,False
KF944003.2,False,False,True,False
KF944028.2,False,False,True,False
KF944031.2,False,False,True,False
KF944037.2,False,False,True,False
KF944051.2,False,False,True,False
KF944087.2,False,False,True,False
KF944091.2,False,False,True,False
KF944092.2,False,False,True,False
KF944095.2,False,False,True,False
KF944096.2,True,False,True,False
KF944097.2,True,False,True,False
KF944114.2,False,False,True,False
KF944129.2,False,False,True,False
KF944167.3,False,False,True,False
KF944176.2,False,False,True,False
KF944177.2,True,False,True,False
KF944181.2,False,False,True,False
KF944189.2,True,False,True,False
KF944191.2,True,False,True,False
KF944198.2,True,False,True,False
KF944200.3,False,False,True,False
KF944206.2,True,False,True,False
KF944221.2,False,False,True,False
KF944222.2,False,False,True,False
KF944233.2,False,False,True,False
KF944239.2,False,False,True,False
KF944242.2,True,False,True,False
KF944245.2,False,False,True,False
KF944246.2,False,False,True,False
KF944247.2,False,False,True,False
KF944252.2,True,False,True,False
KF944267.2,False,False,True,False
KF944269.2,True,False,True,False
KF944271.2,False,False,True,False
KF944275.2,False,False,True,False
KF944280.2,False,False,True,False
KF944281.2,False,False,True,False
KJ131167.1,True,False,False,True
KJ131168.1,True,False,False,True
KJ131169.1,True,False,False,True
KJ131170.1,True,False,False,True
KJ131171.1,True,False,False,True
KJ131172.1,True,False,False,True
KJ131173.1,True,False,False,True
KJ131174.1,True,False,False,True
KJ131175.1,True,False,False,True
KJ131176.1,True,False,False,True
KJ131177.1,True,False,False,True
KJ131178.1,True,False,False,True
KJ143754.1,True,False,False,False
KJ144938.1,True,False,False,False
KJ144939.1,True,False,False,False
KJ144940.1,True,False,False,False
KJ144941.1,True,False,False,False
KJ144942.1,True,False,False,False
KJ144943.1,True,False,False,False
KJ144944.1,True,False,False,False
KJ144945.1,True,False,False,False
KJ144946.1,True,False,False,False
KJ144947.1,True,False,False,False
KJ144948.1,True,False,False,False
KJ144949.1,True,False,False,False
KJ144950.1,True,False,False,False
KJ144951.1,True,False,False,False
KJ144952.1,True,False,False,False
KJ144953.1,True,False,False,False
KJ144954.1,True,False,False,False
KJ144955.1,True,False,False,False
KJ144956.1,True,False,False,False
KJ144957.1,True,False,False,False
KJ144958.1,True,False,False,False
KJ144959.1,True,False,False,False
KJ144960.1,True,False,False,False
KJ144961.1,True,False,False,False
KJ144962.1,True,False,False,False
KJ144963.1,True,False,False,False
KJ144964.1,True,False,False,False
KJ144965.1,True,False,False,False
KJ144966.1,True,False,False,False
KJ144967.1,True,False,False,False
KJ144968.1,True,False,False,False
KJ144969.1,True,False,False,False
KJ144970.1,True,False,False,False
KJ144971.1,True,False,False,False
KJ144972.1,True,False,False,False
KJ144973.1,True,False,False,False
KJ144974.1,True,False,False,False
KJ144975.1,True,False,False,False
KJ144976.1,True,False,False,False
KJ144977.1,True,False,False,False
KJ144978.1,True,False,False,False
KJ144979.1,True,False,False,False
KJ144980.1,True,False,False,False
KJ144981.1,True,False,False,False
KJ144982.1,True,False,False,False
KJ144983.1,True,False,False,False
KJ144984.1,True,False,False,False
KJ144985.1,True,False,False,False
KJ144986.1,True,False,False,False
KJ144987.1,True,False,False,False
KJ144988.1,True,False,False,False
KJ144989.1,True,False,False,False
KJ144990.1,True,False,False,False
KJ144991.1,True,False,False,False
KJ144992.1,True,False,False,False
KJ144993.1,True,False,False,False
KJ144994.1,True,False,False,False
KJ144995.1,True,False,False,False
KJ144996.1,True,False,False,False
KJ144997.1,True,False,False,False
KJ144998.1,True,False,False,False
KJ144999.1,True,False,False,False
KJ145000.1,True,False,False,False
KJ145001.1,True,False,False,False
KJ145002.1,True,False,False,False
KJ145003.1,True,False,False,False
KJ145320.1,True,False,False,True
KJ145321.1,True,False,False,True
KJ145322.1,True,False,False,True
KJ145323.1,True,False,False,True
KJ145834.1,True,False,False,False
KJ145835.1,True,False,False,False
KJ145836.1,True,False,False,False
KJ145837.1,True,False,False,False
KJ145838.1,True,False,False,False
KJ145839.1,True,False,False,False
KJ145840.1,True,False,False,False
KJ145841.1,True,False,False,False
KJ145842.1,True,False,False,False
KJ145843.1,True,False,False,False
KJ145844.1,True,False,False,False
KJ145845.1,True,False,False,False
KJ145846.1,True,False,False,False
KJ145847.1,True,False,False,True
KJ145848.1,True,False,False,True
KJ145849.1,True,False,False,True
KJ145850.1,True,False,False,True
KJ145851.1,True,False,False,True
KJ145852.1,True,False,False,True
KJ145853.1,True,False,False,True
KJ145854.1,True,False,False,True
KJ145855.1,True,False,False,True
KJ152204.1,True,False,False,True
KJ156329.1,True,False,False,True
KJ156535.1,True,False,False,True
KJ156536.1,True,False,False,True
KJ156537.1,True,False,False,True
KJ156538.1,True,False,False,True
KJ156539.1,True,False,False,True
KJ156540.1,True,False,False,True
KJ156541.1,True,False,False,True
KJ156542.1,True,False,False,True
KJ156543.1,True,False,False,True
KJ156544.1,True,False,False,True
KJ156545.1,True,False,False,True
KJ156546.1,True,False,False,True
KJ156547.1,True,False,False,True
KJ156548.1,True,False,False,True
KJ156549.1,True,False,False,True
KJ156550.1,True,False,False,True
KJ156551.1,True,False,False,True
KJ156552.1,True,False,False,True
KJ156553.1,True,False,False,True
KJ156554.1,True,False,False,True
KJ156555.1,True,False,False,True
KJ156556.1,True,False,False,False
KJ156557.1,True,False,False,False
KJ156558.1,True,False,False,True
KJ156559.1,True,False,False,True
KJ156560.1,True,False,False,True
KJ156561.1,True,False,False,True
KJ156562.1,True,False,False,True
KJ156563.1,True,False,False,False
KJ156564.1,True,False,False,False
KJ156565.1,True,False,False,False
KJ156566.1,True,False,False,True
KJ156567.1,True,False,False,True
KJ156568.1,True,False,False,True
KJ156569.1,True,False,False,True
KJ156570.1,True,False,False,True
KJ156571.1,True,False,False,True
KJ156572.1,True,False,False,True
KJ156573.1,True,False,False,True
KJ156574.1,True,False,False,True
KJ156575.1,True,False,False,True
KJ156576.1,True,False,False,True
KJ156577.1,True,False,False,True
KJ156578.1,True,False,False,True
KJ156579.1,True,False,False,True
KJ156580.1,True,False,False,True
KJ156581.1,True,False,False,True
KJ156582.1,True,False,False,True
KJ156583.1,True,False,False,True
KJ156584.1,True,False,False,True
KJ156585.1,True,False,False,True
KJ156586.1,True,False,False,True
KJ156587.1,True,False,False,True
KJ156588.1,True,False,False,True
KJ156589.1,True,False,False,True
KJ156590.1,True,False,False,True
KJ156591.1,True,False,False,True
KJ156592.1,True,False,False,True
KJ156593.1,True,False,False,True
KJ156594.1,True,False,False,True
KJ156595.1,True,False,False,True
KJ156596.1,True,False,False,False
KJ156597.1,True,False,False,False
KJ156598.1,True,False,False,False
KJ156599.1,True,False,False,True
KJ156600.1,True,False,False,True
KJ156601.1,True,False,False,True
KJ156602.1,True,False,False,True
KJ156603.1,True,False,False,False
KJ156604.1,True,False,False,True
KJ156605.1,True,False,False,False
KJ156606.1,True,False,False,True
KJ156607.1,True,False,False,True
KJ156608.1,True,False,False,True
KJ156609.1,True,False,False,True
KJ156610.1,True,False,False,True
KJ156611.1,True,False,False,True
KJ156612.1,True,False,False,True
KJ156613.1,True,False,False,True
KJ156614.1,True,False,False,False
KJ156615.1,True,False,False,False
KJ156616.1,True,False,False,False
KJ156617.1,True,False,False,False
KJ156618.1,True,False,False,True
KJ156623.1,True,False,False,False
KJ162359.1,True,False,False,True
KJ162360.1,True,False,False,True
KJ162361.1,True,False,False,True
KJ162362.1,True,False,False,True
KJ162363.1,True,False,False,True
KJ162364.1,True,False,False,True
KJ162365.1,True,False,False,True
KJ162366.1,True,False,False,True
KJ162367.1,True,False,False,True
KJ162368.1,True,False,False,True
KJ162369.1,True,False,False,True
KJ162370.1,True,False,False,True
KJ162371.1,True,False,False,True
KJ162372.1,True,False,False,True
KJ162373.1,True,False,False,True
KJ162374.1,True,False,False,True
KJ162375.1,True,False,False,True
KJ162376.1,True,False,False,True
KJ162377.1,True,False,False,True
KJ162378.1,True,False,False,True
KJ162379.1,True,False,False,True
KJ162380.1,True,False,False,True
KJ162381.1,True,False,False,True
KJ162382.1,True,False,False,True
KJ162383.1,True,False,False,True
KJ162384.1,True,False,False,True
KJ162385.1,True,False,False,True
KJ162386.1,True,False,False,True
KJ162387.1,True,False,False,True
KJ162388.1,True,False,False,True
KJ162389.1,True,False,False,True
KJ162390.1,True,False,False,True
KJ162391.1,True,False,False,True
KJ179659.1,True,False,False,False
KJ179660.1,True,False,False,False
KJ179661.1,True,False,False,False
KJ179662.1,True,False,False,False
KJ179663.1,True,False,False,False
KJ179664.1,True,False,False,False
KJ179665.1,True,False,False,False
KJ179666.1,True,False,False,False
KJ179667.1,True,False,False,False
KJ179668.1,True,False,False,False
KJ179669.1,True,False,False,False
KJ179670.1,True,False,False,False
KJ179671.1,True,False,False,False
KJ179672.1,True,False,False,False
KJ179673.1,True,False,False,False
KJ179674.1,True,False,False,False
KJ179675.1,True,False,False,False
KJ179676.1,True,False,False,False
KJ179677.1,True,False,False,False
KJ179678.1,True,False,False,False
KJ179679.1,True,False,False,False
KJ179680.1,True,False,False,False
KJ179681.1,True,False,False,False
KJ179682.1,True,False,False,False
KJ179683.1,True,False,False,False
KJ179684.1,True,False,False,False
KJ179685.1,True,False,False,False
KJ179686.1,True,False,False,False
KJ179687.1,True,False,False,False
KJ179688.1,True,False,False,False
KJ179689.1,True,False,False,False
KJ179690.1,True,False,False,False
KJ179691.1,True,False,False,False
KJ179692.1,True,False,False,False
KJ179693.1,True,False,False,False
KJ179694.1,True,False,False,False
KJ179695.1,True,False,False,False
KJ179696.1,True,False,False,False
KJ179697.1,True,False,False,False
KJ179698.1,True,False,False,False
KJ179699.1,True,False,False,False
KJ179700.1,True,False,False,False
KJ179701.1,True,False,False,False
KJ179702.1,True,False,False,False
KJ179703.1,True,False,False,False
KJ179704.1,True,False,False,False
KJ179705.1,True,False,False,False
KJ179706.1,True,False,False,False
KJ179707.1,True,False,False,False
KJ179708.1,True,False,False,False
KJ179709.1,True,False,False,False
KJ179710.1,True,False,False,False
KJ179711.1,True,False,False,False
KJ179712.1,True,False,False,False
KJ179713.1,True,False,False,False
KJ179714.1,True,False,False,False
KJ179715.1,True,False,False,False
KJ179716.1,True,False,False,False
KJ179717.1,True,False,False,False
KJ179718.1,True,False,False,False
KJ179719.1,True,False,False,False
KJ179720.1,True,False,False,False
KJ179721.1,True,False,False,False
KJ179722.1,True,False,False,False
KJ179723.1,True,False,False,False
KJ179724.1,True,False,False,False
KJ179725.1,True,False,False,False
KJ179726.1,True,False,False,False
KJ179727.1,True,False,False,False
KJ179728.1,True,False,False,False
KJ179729.1,True,False,False,False
KJ179730.1,True,False,False,False
KJ179731.1,True,False,False,False
KJ179732.1,True,False,False,False
KJ179733.1,True,False,False,False
KJ179734.1,True,False,False,False
KJ179735.1,True,False,False,False
KJ179736.1,True,False,False,False
KJ179737.1,True,False,False,False
KJ179738.1,True,False,False,False
KJ179739.1,True,False,False,False
KJ179740.1,True,False,False,False
KJ179741.1,True,False,False,False
KJ179742.1,True,False,False,False
KJ179743.1,True,False,False,False
KJ179744.1,True,False,False,False
KJ179745.1,True,False,False,False
KJ179746.1,True,False,False,False
KJ179747.1,True,False,False,False
KJ179748.1,True,False,False,False
KJ179749.1,True,False,False,False
KJ179750.1,True,False,False,False
KJ179751.1,True,False,False,False
KJ179752.1,True,False,False,False
KJ179753.1,True,False,False,False
KJ179754.1,True,False,False,False
KJ179755.1,True,False,False,False
KJ179756.1,True,False,False,False
KJ179757.1,True,False,False,False
KJ179758.1,True,False,False,False
KJ179759.1,True,False,False,False
KJ179760.1,True,False,False,False
KJ179761.1,True,False,False,False
KJ179762.1,True,False,False,False
KJ179763.1,True,False,False,False
KJ179764.1,True,False,False,False
KJ179765.1,True,False,False,False
KJ179766.1,True,False,False,False
KJ179767.1,True,False,False,False
KJ179768.1,True,False,False,False
KJ179769.1,True,False,False,False
KJ179770.1,True,False,False,False
KJ179771.1,True,False,False,False
KJ179772.1,True,False,False,False
KJ179773.1,True,False,False,False
KJ179774.1,True,False,False,False
KJ179775.1,True,False,False,False
KJ179776.1,True,False,False,False
KJ179777.1,True,False,False,False
KJ179778.1,True,False,False,False
KJ179779.1,True,False,False,False
KJ179780.1,True,False,False,False
KJ179781.1,True,False,False,False
KJ179782.1,True,False,False,False
KJ179783.1,True,False,False,False
KJ179784.1,True,False,False,False
KJ179785.1,True,False,False,False
KJ179786.1,True,False,False,False
KJ179787.1,True,False,False,False
KJ179788.1,True,False,False,False
KJ179789.1,True,False,False,False
KJ179790.1,True,False,False,False
KJ179791.1,True,False,False,False
KJ179792.1,True,False,False,False
KJ179793.1,True,False,False,False
KJ179794.1,True,False,False,False
KJ179795.1,True,False,False,False
KJ179796.1,True,False,False,False
KJ179797.1,True,False,False,False
KJ179798.1,True,False,False,False
KJ179799.1,True,False,False,False
KJ179800.1,True,False,False,False
KJ179801.1,True,False,False,False
KJ179802.1,True,False,False,False
KJ179803.1,True,False,False,False
KJ179804.1,True,False,False,False
KJ179805.1,True,False,False,False
KJ179806.1,True,False,False,False
KJ179807.1,True,False,False,False
KJ184211.2,False,False,True,False
KJ184212.2,False,False,True,False
KJ184287.2,False,False,True,False
KJ184288.2,False,False,True,False
KJ184296.2,False,False,True,False
KJ186114.1,True,False,False,True
KJ191176.1,True,False,False,True
KJ191177.1,True,False,False,True
KJ191178.1,True,False,False,True
KJ191179.1,True,False,False,True
KJ191180.1,True,False,False,True
KJ191181.1,True,False,False,True
KJ191182.1,True,False,False,True
KJ191183.1,True,False,False,True
KJ191184.1,True,False,False,True
KJ191185.1,True,False,False,True
KJ191186.1,True,False,False,True
KJ191187.1,True,False,False,True
KJ191188.1,True,False,False,True
KJ194500.1,True,False,False,True
KJ194507.1,True,False,False,True
KJ194510.1,True,False,False,True
KJ394491.1,True,False,False,True
KJ394492.1,True,False,False,True
KJ394493.1,True,False,False,True
KJ394494.1,True,False,False,True
KJ394495.1,True,False,False,True
KJ394496.1,True,False,False,True
KJ394497.1,True,False,False,True
KJ394498.1,True,False,False,True
KJ394499.1,True,False,False,True
KJ394500.1,True,False,False,True
KJ394501.1,True,False,False,True
KJ394502.1,True,False,False,True
KJ394503.1,True,False,False,True
KJ394504.1,True,False,False,True
KJ394505.1,True,False,False,True
KJ394506.1,True,False,False,True
KJ394507.1,True,False,False,True
KJ402295.1,True,False,False,False
KJ404069.1,True,False,False,False
KJ415779.1,True,False,False,True
KJ415780.1,True,False,False,True
KJ415781.1,True,False,False,True
KJ415782.1,True,False,False,True
KJ415783.1,True,False,False,True
KJ415784.1,True,False,False,True
KJ415785.1,True,False,False,True
KJ415786.1,True,False,False,True
KJ415787.1,True,False,False,True
KJ415788.1,True,False,False,True
KJ415789.1,True,False,False,True
KJ415790.1,True,False,False,True
KJ415791.1,True,False,False,True
KJ415792.1,True,False,False,True
KJ415793.1,True,False,False,True
KJ415794.1,True,False,False,True
KJ415795.1,True,False,False,True
KJ415796.1,True,False,False,True
KJ415797.1,True,False,False,True
KJ415798.1,True,False,False,True
KJ420281.1,True,False,False,False
KJ420282.1,True,False,False,False
KJ420283.1,True,False,False,False
KJ420284.1,True,False,False,False
KJ420285.1,True,False,False,False
KJ420286.1,True,False,False,False
KJ420287.1,True,False,False,False
KJ420288.1,True,False,False,False
KJ420289.1,True,False,False,False
KJ420290.1,True,False,False,False
KJ420291.1,True,False,False,False
KJ420292.1,True,False,False,False
KJ420293.1,True,False,False,False
KJ420294.1,True,False,False,False
KJ420295.1,True,False,False,False
KJ420296.1,True,False,False,False
KJ420297.1,True,False,False,False
KJ420298.1,True,False,False,False
KJ420299.1,True,False,False,False
KJ420300.1,True,False,False,False
KJ420301.1,True,False,False,False
KJ420302.1,True,False,False,False
KJ420303.1,True,False,False,False
KJ420304.1,True,False,False,False
KJ420305.1,True,False,False,False
KJ420306.1,True,False,False,False
KJ420307.1,True,False,False,False
KJ420308.1,True,False,False,False
KJ420309.1,True,False,False,False
KJ420310.1,True,False,False,False
KJ420311.1,True,False,False,False
KJ420312.1,True,False,False,False
KJ420313.1,True,False,False,False
KJ420314.1,True,False,False,False
KJ420315.1,True,False,False,False
KJ420316.1,True,False,False,False
KJ420317.1,True,False,False,False
KJ420318.1,True,False,False,False
KJ420319.1,True,False,False,False
KJ420320.1,True,False,False,False
KJ420321.1,True,False,False,False
KJ420322.1,True,False,False,False
KJ420323.1,True,False,False,False
KJ420324.1,True,False,False,False
KJ420325.1,True,False,False,False
KJ420326.1,True,False,False,False
KJ420327.1,True,False,False,False
KJ420328.1,True,False,False,False
KJ420329.1,True,False,False,False
KJ420330.1,True,False,False,False
KJ420331.1,True,False,False,False
KJ420332.1,True,False,False,False
KJ420333.1,True,False,False,False
KJ420334.1,True,False,False,False
KJ420335.1,True,False,False,False
KJ420336.1,True,False,False,False
KJ420337.1,True,False,False,False
KJ420338.1,True,False,False,False
KJ420339.1,True,False,False,False
KJ420340.1,True,False,False,False
KJ420341.1,True,False,False,False
KJ420342.1,True,False,False,False
KJ420343.1,True,False,False,False
KJ420344.1,True,False,False,False
KJ420345.1,True,False,False,False
KJ420346.1,True,False,False,False
KJ420347.1,True,False,False,False
KJ420348.1,True,False,False,False
KJ420349.1,True,False,False,False
KJ420350.1,True,False,False,False
KJ420351.1,True,False,False,False
KJ420352.1,True,False,False,False
KJ420353.1,True,False,False,False
KJ420354.1,True,False,False,False
KJ420355.1,True,False,False,False
KJ420356.1,True,False,False,False
KJ420357.1,True,False,False,False
KJ420358.1,True,False,False,False
KJ420359.1,True,False,False,False
KJ420360.1,True,False,False,False
KJ420361.1,True,False,False,False
KJ420362.1,True,False,False,False
KJ420363.1,True,False,False,False
KJ420364.1,True,False,False,False
KJ420365.1,True,False,False,False
KJ420366.1,True,False,False,False
KJ420367.1,True,False,False,False
KJ420368.1,True,False,False,False
KJ420369.1,True,False,False,False
KJ420370.1,True,False,False,False
KJ420371.1,True,False,False,False
KJ420372.1,True,False,False,False
KJ420373.1,True,False,False,False
KJ420374.1,True,False,False,True
KJ420375.1,True,False,False,True
KJ420376.1,True,False,False,True
KJ420377.1,True,False,False,True
KJ420378.1,True,False,False,True
KJ433968.1,True,False,False,False
KJ433969.1,True,False,False,False
KJ433970.1,True,False,False,False
KJ451059.1,True,False,False,False
KJ451060.1,True,False,False,False
KJ464997.1,True,False,False,False
KJ464998.1,True,False,False,False
KJ464999.1,True,False,False,False
KJ465000.1,True,False,False,False
KJ465001.1,True,False,False,False
KJ465002.1,True,False,False,False
KJ465003.1,True,False,False,False
KJ465004.1,True,False,False,False
KJ465005.1,True,False,False,False
KJ465006.1,True,False,False,False
KJ465007.1,True,False,False,False
KJ465008.1,True,False,False,False
KJ465009.1,True,False,False,False
KJ465010.1,True,False,False,False
KJ465011.1,True,False,False,False
KJ465012.1,True,False,False,False
KJ465013.1,True,False,False,False
KJ465014.1,True,False,False,False
KJ465015.1,True,False,False,False
KJ465016.1,True,False,False,False
KJ465017.1,True,False,False,False
KJ465018.1,True,False,False,False
KJ465019.1,True,False,False,False
KJ465020.1,True,False,False,False
KJ465021.1,True,False,False,False
KJ465022.1,True,False,False,False
KJ465023.1,True,False,False,False
KJ465024.1,True,False,False,False
KJ465025.1,True,False,False,False
KJ465026.1,True,False,False,False
KJ465027.1,True,False,False,False
KJ465028.1,True,False,False,False
KJ465029.1,True,False,False,False
KJ465030.1,True,False,False,False
KJ465031.1,True,False,False,False
KJ465032.1,True,False,False,False
KJ465033.1,True,False,False,False
KJ465034.1,True,False,False,False
KJ465035.1,True,False,False,False
KJ465036.1,True,False,False,False
KJ465037.1,True,False,False,False
KJ465038.1,True,False,False,False
KJ465039.1,True,False,False,False
KJ465040.1,True,False,False,False
KJ465041.1,True,False,False,False
KJ465042.1,True,False,False,False
KJ465043.1,True,False,False,False
KJ465044.1,True,False,False,False
KJ465045.1,True,False,False,False
KJ465046.1,True,False,False,False
KJ465047.1,True,False,False,False
KJ465048.1,True,False,False,False
KJ465049.1,True,False,False,False
KJ465050.1,True,False,False,False
KJ465051.1,True,False,False,False
KJ465052.1,True,False,False,False
KJ465053.1,True,False,False,False
KJ465054.1,True,False,False,False
KJ465055.1,True,False,False,False
KJ465056.1,True,False,False,False
KJ465057.1,True,False,False,False
KJ465058.1,True,False,False,False
KJ465059.1,True,False,False,False
KJ465060.1,True,False,False,False
KJ465061.1,True,False,False,False
KJ465062.1,True,False,False,False
KJ465063.1,True,False,False,False
KJ465064.1,True,False,False,False
KJ465065.1,True,False,False,False
KJ465066.1,True,False,False,False
KJ465067.1,True,False,False,False
KJ465068.1,True,False,False,False
KJ465069.1,True,False,False,False
KJ465070.1,True,False,False,False
KJ465071.1,True,False,False,False
KJ465072.1,True,False,False,False
KJ465073.1,True,False,False,False
KJ465074.1,True,False,False,False
KJ465075.1,True,False,False,False
KJ465076.1,True,False,False,False
KJ465077.1,True,False,False,False
KJ465078.1,True,False,False,False
KJ465079.1,True,False,False,False
KJ465080.1,True,False,False,False
KJ465081.1,True,False,False,False
KJ465082.1,True,False,False,False
KJ465083.1,True,False,False,False
KJ465084.1,True,False,False,False
KJ465085.1,True,False,False,False
KJ465086.1,True,False,False,False
KJ465087.1,True,False,False,False
KJ465088.1,True,False,False,False
KJ465089.1,True,False,False,False
KJ465090.1,True,False,False,False
KJ465091.1,True,False,False,False
KJ465092.1,True,False,False,False
KJ473823.1,True,False,False,False
KJ473824.1,True,False,False,False
KJ473825.1,True,False,False,False
KJ473826.1,True,False,False,False
KJ499441.1,True,False,False,True
KJ499442.1,True,False,False,True
KJ499443.1,True,False,False,True
KJ499444.1,True,False,False,True
KJ499445.1,True,False,False,True
KJ504381.1,False,False,False,True
KJ504382.1,False,False,False,True
KJ504383.1,False,False,False,True
KJ504384.1,True,False,False,False
KJ504385.1,True,False,False,False
KJ504386.1,True,False,False,False
KJ504387.1,True,False,False,False
KJ504388.1,True,False,False,False
KJ504389.1,True,False,False,False
KJ504390.1,True,False,False,False
KJ504391.1,True,False,False,False
KJ504392.1,True,False,False,False
KJ504393.1,True,False,False,False
KJ504394.1,True,False,False,False
KJ504395.1,True,False,False,False
KJ504396.1,True,False,False,False
KJ504397.1,True,False,False,False
KJ504398.1,True,False,False,False
KJ504399.1,True,False,False,False
KJ504400.1,True,False,False,False
KJ504401.1,True,False,False,False
KJ504402.1,True,False,False,False
KJ504403.1,True,False,False,False
KJ504404.1,True,False,False,False
KJ512898.1,True,False,False,False
KJ528320.1,True,False,False,False
KJ528321.1,True,False,False,False
KJ528322.1,True,False,False,False
KJ528323.1,True,False,False,False
KJ528324.1,True,False,False,False
KJ528325.1,True,False,False,False
KJ528326.1,True,False,False,False
KJ528327.1,True,False,False,False
KJ528328.1,True,False,False,False
KJ528329.1,True,False,False,False
KJ528330.1,True,False,False,False
KJ528331.1,True,False,False,False
KJ528332.1,True,False,False,False
KJ528333.1,True,False,False,False
KJ528334.1,True,False,False,False
KJ528335.1,True,False,False,False
KJ528336.1,True,False,False,False
KJ528337.1,True,False,False,False
KJ528338.1,True,False,False,False
KJ528339.1,True,False,False,False
KJ528340.1,True,False,False,False
KJ528341.1,True,False,False,False
KJ528342.1,True,False,False,False
KJ528343.1,True,False,False,False
KJ528344.1,True,False,False,False
KJ528345.1,True,False,False,False
KJ528346.1,True,False,False,False
KJ528347.1,True,False,False,False
KJ528348.1,True,False,False,False
KJ528349.1,True,False,False,False
KJ528350.1,True,False,False,False
KJ528351.1,True,False,False,False
KJ528352.1,True,False,False,False
KJ528353.1,True,False,False,False
KJ528354.1,True,False,False,False
KJ528355.1,True,False,False,False
KJ528356.1,True,False,False,False
KJ528357.1,True,False,False,False
KJ528358.1,True,False,False,False
KJ528359.1,True,False,False,False
KJ528360.1,True,False,False,False
KJ528361.1,True,False,False,False
KJ528362.1,True,False,False,False
KJ528363.1,True,False,False,False
KJ528364.1,True,False,False,False
KJ528365.1,True,False,False,False
KJ528366.1,True,False,False,False
KJ528367.1,True,False,False,False
KJ528368.1,True,False,False,False
KJ528369.1,True,False,False,False
KJ528370.1,True,False,False,False
KJ528371.1,True,False,False,False
KJ528372.1,True,False,False,False
KJ528373.1,True,False,False,False
KJ528374.1,True,False,False,False
KJ528375.1,True,False,False,True
KJ528376.1,True,False,False,False
KJ528377.1,True,False,False,False
KJ528378.1,True,False,False,False
KJ528379.1,True,False,False,False
KJ528380.1,True,False,False,False
KJ528381.1,True,False,False,False
KJ528382.1,True,False,False,False
KJ528383.1,True,False,False,False
KJ528384.1,True,False,False,False
KJ528385.1,True,False,False,False
KJ528386.1,True,False,False,False
KJ528387.1,True,False,False,False
KJ528388.1,True,False,False,False
KJ528389.1,True,False,False,False
KJ528390.1,True,False,False,False
KJ528391.1,True,False,False,False
KJ528392.1,True,False,False,False
KJ528393.1,True,False,False,False
KJ528394.1,True,False,False,False
KJ533132.1,True,False,False,False
KJ533133.1,True,False,False,False
KJ533134.1,True,False,False,False
KJ598056.1,True,False,False,False
KJ598057.1,True,False,False,False
KJ598058.1,True,False,False,False
KJ634702.1,True,False,False,False
KJ634703.1,True,False,False,False
KJ634704.1,True,False,False,False
KJ634705.1,True,False,False,False
KJ634706.1,True,False,False,False
KJ634707.1,True,False,False,False
KJ634708.2,True,False,False,False
KJ634710.1,True,False,False,False
KJ634711.1,True,False,False,False
KJ634712.2,False,False,True,False
KJ634713.2,True,False,False,False
KJ634714.2,False,False,True,False
KJ634715.1,True,False,False,False
KJ643248.1,True,False,False,False
KJ643249.1,True,False,False,False
KJ643250.1,True,False,False,False
KJ649701.1,True,False,False,False
KJ649702.1,True,False,False,False
KJ649703.1,True,False,False,False
KJ649704.1,True,False,False,False
KJ675587.1,True,False,False,False
KJ678125.1,True,False,False,False
KJ678126.1,True,False,False,False
KJ678127.1,True,False,False,False
KJ678128.1,True,False,False,False
KJ678129.1,True,False,False,False
KJ678130.1,True,False,False,False
KJ678131.1,True,False,False,False
KJ678132.1,True,False,False,False
KJ678133.1,True,False,False,False
KJ678134.1,True,False,False,False
KJ678135.1,True,False,False,False
KJ678136.1,True,False,False,False
KJ678137.1,True,False,False,False
KJ678138.1,True,False,False,False
KJ678139.1,True,False,False,False
KJ678140.1,True,False,False,False
KJ678141.1,True,False,False,False
KJ678142.1,True,False,False,False
KJ678143.1,True,False,False,False
KJ678144.1,True,False,False,False
KJ678145.1,True,False,False,False
KJ678146.1,True,False,False,False
KJ678147.1,True,False,False,False
KJ678148.1,True,False,False,False
KJ678149.1,True,False,False,False
KJ678150.1,True,False,False,False
KJ678151.1,True,False,False,False
KJ678152.1,True,False,False,False
KJ678153.1,True,False,False,False
KJ678154.1,True,False,False,False
KJ685402.1,True,False,False,False
KJ685404.1,True,False,False,True
KJ685406.1,True,False,False,False
KJ685407.1,True,False,False,True
KJ685409.1,True,False,False,False
KJ685410.1,True,False,True,True
KJ685411.1,True,False,False,False
KJ685416.1,True,False,False,True
KJ710246.1,True,False,False,True
KJ710247.1,True,False,False,True
KJ710248.1,True,False,False,True
KJ716354.1,True,False,False,False
KJ716355.1,True,False,False,False
KJ716356.1,True,False,False,False
KJ716357.1,True,False,False,False
KJ716358.1,True,False,False,False
KJ716359.1,True,False,False,False
KJ716360.1,True,False,False,False
KJ716361.1,True,False,False,False
KJ716362.1,True,False,False,False
KJ716363.1,True,False,False,False
KJ716364.1,True,False,False,False
KJ716365.1,True,False,False,False
KJ716366.1,True,False,False,False
KJ716367.1,True,False,False,False
KJ716368.1,True,False,False,False
KJ716369.1,True,False,False,False
KJ735099.1,True,False,False,True
KJ742428.1,True,False,False,False
KJ742429.1,True,False,False,False
KJ742431.1,True,False,False,False
KJ742435.1,True,False,False,False
KJ742438.1,True,False,False,False
KJ742439.1,True,False,False,False
KJ742440.1,True,False,False,False
KJ826497.1,True,False,False,False
KJ826498.1,True,False,False,False
KJ826499.1,True,False,False,False
KJ826500.1,True,False,False,False
KJ826501.1,True,False,False,False
KJ862463.1,True,False,False,True
KJ862464.1,True,False,False,True
KJ862465.1,True,False,False,True
KJ862466.1,True,False,False,True
KJ862467.1,True,False,False,True
KJ862468.1,True,False,False,True
KJ862469.1,True,False,False,True
KJ862470.1,True,False,False,True
KJ862471.1,True,False,False,True
KJ862472.1,True,False,False,True
KJ862473.1,True,False,False,True
KJ862474.1,True,False,False,True
KJ862475.1,True,False,False,True
KJ862476.1,True,False,False,True
KJ862477.1,True,False,False,True
KJ862478.1,True,False,True,True
KJ862479.1,True,False,False,True
KJ862480.1,True,False,False,True
KJ862481.1,True,False,False,True
KJ862482.1,True,False,False,True
KJ862483.1,True,False,False,True
KJ862484.1,True,False,False,True
KJ862485.1,True,False,False,True
KJ862486.1,True,False,False,True
KJ862487.1,True,False,False,True
KJ862488.1,True,False,False,True
KJ862489.1,True,False,False,True
KJ862490.1,True,False,False,True
KJ862491.1,True,False,False,True
KJ862492.1,True,False,False,True
KJ862493.1,True,False,False,True
KJ862494.1,True,False,False,True
KJ862495.1,True,False,False,True
KJ862496.1,True,False,False,True
KJ862497.1,True,False,False,True
KJ862498.1,True,False,False,True
KJ862499.1,True,False,False,True
KJ862500.1,True,False,False,True
KJ862501.1,True,False,False,True
KJ862502.1,True,False,False,True
KJ862503.1,True,False,False,True
KJ862504.1,True,False,False,True
KJ862505.1,True,False,False,True
KJ862506.1,True,False,False,True
KJ862507.1,True,False,False,True
KJ862508.1,True,False,False,True
KJ862509.1,True,False,False,True
KJ862510.1,True,False,False,True
KJ862511.1,True,False,False,True
KJ862512.1,True,False,False,True
KJ862513.1,True,False,False,True
KJ862514.1,True,False,False,True
KJ862515.1,True,False,False,True
KJ862516.1,True,False,False,True
KJ865752.1,True,False,False,False
KJ865753.1,True,False,False,False
KJ867439.1,True,False,False,False
KJ867440.1,True,False,False,True
KJ867441.1,True,False,False,False
KJ867442.1,True,False,False,False
KJ867443.1,True,False,False,False
KJ916192.1,True,False,False,True
KJ916193.1,True,False,False,True
KJ916194.1,True,False,False,True
KJ916195.1,True,False,False,True
KJ916196.1,True,False,False,True
KJ916197.1,True,False,False,True
KJ916198.1,True,False,False,True
KJ916199.1,True,False,False,True
KJ916200.1,True,False,False,True
KJ916201.1,True,False,False,True
KJ916202.1,True,False,False,True
KJ916203.1,True,False,False,True
KJ916204.1,True,False,False,True
KJ916205.1,True,False,False,True
KJ916206.1,True,False,False,True
KJ916207.1,True,False,False,True
KJ916208.1,True,False,False,True
KJ916209.1,True,False,False,True
KJ916210.1,True,False,False,True
KJ916211.1,True,False,False,True
KJ916212.1,True,False,False,True
KJ916213.1,True,False,False,True
KJ916214.1,True,False,False,True
KJ916215.1,True,False,False,True
KJ916216.1,True,False,False,True
KJ916217.1,True,False,False,True
KJ916218.1,True,False,False,True
KJ916219.1,True,False,False,True
KJ916220.1,True,False,False,True
KJ916221.1,True,False,False,True
KJ916222.1,True,False,False,True
KJ916223.1,True,False,False,True
KJ916224.1,True,False,False,True
KJ916225.1,True,False,False,True
KJ916226.1,True,False,False,True
KJ916227.1,True,False,False,True
KJ916228.1,True,False,False,True
KJ916229.1,True,False,False,True
KJ916230.1,True,False,False,True
KJ916231.1,True,False,False,True
KJ916232.1,True,False,False,True
KJ916233.1,True,False,False,True
KJ916234.1,True,False,False,True
KJ916235.1,True,False,False,True
KJ916236.1,True,False,False,True
KJ916237.1,True,False,False,True
KJ916238.1,True,False,False,True
KJ916239.1,True,False,False,True
KJ916240.1,True,False,False,True
KJ938972.1,True,False,False,False
KJ938973.1,True,False,False,False
KJ938974.1,True,False,False,False
KJ938975.1,True,False,False,False
KJ938976.1,True,False,False,False
KJ938977.1,True,False,False,False
KJ938978.1,True,False,False,False
KJ938979.1,True,False,False,False
KJ938980.1,True,False,False,False
KJ938981.1,True,False,False,False
KJ938982.1,True,False,False,False
KJ938983.1,True,False,False,False
KJ938984.1,True,False,False,False
KJ938985.1,True,False,False,False
KJ938986.1,True,False,False,False
KJ938987.1,True,False,False,False
KJ938988.1,True,False,False,False
KJ938989.1,True,False,False,False
KJ938990.1,True,False,False,False
KJ938991.1,True,False,False,False
KJ938992.1,True,False,False,False
KJ938993.1,True,False,False,False
KJ938994.1,True,False,False,False
KJ938995.1,True,False,False,False
KJ938996.1,True,False,False,False
KJ938997.1,True,False,False,False
KJ946387.1,True,False,False,False
KJ946388.1,True,False,False,False
KJ946389.1,True,False,False,False
KJ946390.1,True,False,False,False
KJ946391.1,True,False,False,False
KJ946392.1,True,False,False,False
KJ946393.1,True,False,False,False
KJ946394.1,True,False,False,False
KJ946395.1,True,False,False,False
KJ946396.1,True,False,False,False
KJ946397.1,True,False,False,False
KJ946398.1,True,False,False,False
KJ946399.1,True,False,False,False
KJ946400.1,True,False,False,False
KJ946401.1,True,False,False,False
KJ946402.1,True,False,False,False
KJ946403.1,True,False,False,False
KJ946404.1,True,False,False,False
KJ946405.1,True,False,False,False
KJ946406.1,True,False,False,False
KJ946407.1,True,False,False,False
KJ946408.1,True,False,False,False
KJ946409.1,True,False,False,False
KJ946410.1,True,False,False,False
KJ946411.1,True,False,False,False
KJ956701.1,True,False,False,False
KJ956702.1,True,False,False,False
KJ956703.1,True,False,False,False
KJ956704.1,True,False,False,False
KJ956705.1,True,False,False,False
KJ956706.1,True,False,False,False
KJ956707.1,True,False,False,False
KJ956708.1,True,False,False,False
KJ956709.1,True,False,False,False
KJ956710.1,True,False,False,False
KJ956711.1,True,False,False,False
KJ956712.1,True,False,False,False
KJ956713.1,True,False,False,False
KJ956714.1,True,False,False,False
KJ956715.1,True,False,False,False
KJ956716.1,True,False,False,False
KJ956717.1,True,False,False,False
KJ956718.1,True,False,False,False
KJ956719.1,True,False,False,False
KJ956720.1,True,False,False,False
KJ956721.1,True,False,False,False
KJ956722.1,True,False,False,False
KJ956723.1,True,False,False,False
KJ956724.1,True,False,False,False
KJ956725.1,True,False,False,False
KJ956726.1,True,False,False,False
KJ956727.1,True,False,False,False
KJ995534.1,True,False,False,True
KJ995535.1,True,False,False,True
KJ995536.1,True,False,False,True
KJ995537.1,True,False,False,True
KJ995538.1,True,False,False,True
KJ995539.1,True,False,False,True
KJ995540.1,True,False,False,True
KJ995541.1,True,False,False,True
KJ995542.1,True,False,False,True
KJ995543.1,True,False,False,True
KJ995544.1,True,False,False,True
KJ995545.1,True,False,False,True
KJ995546.1,True,False,False,True
KJ995547.1,True,False,False,True
KJ995548.1,True,False,False,True
KJ995549.1,True,False,False,True
KJ995550.1,True,False,False,True
KM017948.1,True,False,False,True
KM017949.1,True,False,False,True
KM017950.1,True,False,False,True
KM017951.1,True,False,False,True
KM017952.1,True,False,False,True
KM017953.1,True,False,False,True
KM017954.1,True,False,False,True
KM017955.1,True,False,False,True
KM017956.1,True,False,False,True
KM017957.1,True,False,False,True
KM017958.1,True,False,False,True
KM017959.1,True,False,False,True
KM025343.1,True,False,False,True
KM036372.1,True,False,False,False
KM036373.1,True,False,False,False
KM036374.1,True,False,False,False
KM036375.1,True,False,False,False
KM036376.1,True,False,False,False
KM036377.1,True,False,False,False
KM036378.1,True,False,False,False
KM036379.1,True,False,False,False
KM036380.1,True,False,False,False
KM036381.1,True,False,False,False
KM056394.1,True,False,False,True
KM057715.1,True,False,True,False
KM057716.1,True,False,False,False
KM057717.1,True,False,True,False
KM057718.1,True,False,False,False
KM057719.1,True,False,False,False
KM057720.1,True,False,False,False
KM057721.1,True,False,False,False
KM057722.1,True,False,True,False
KM057723.1,True,False,False,False
KM057724.1,True,False,False,False
KM057725.1,True,False,False,False
KM057726.1,True,False,False,False
KM057727.1,True,False,False,False
KM057728.1,True,False,False,False
KM057729.1,True,False,True,False
KM057730.1,True,False,True,False
KM114291.1,True,False,False,False
KM198480.1,True,False,False,False
KM198481.1,True,False,False,False
KM198482.1,True,False,False,False
KM198483.1,True,False,False,False
KM198484.1,True,False,False,False
KM198485.1,True,False,False,False
KM198486.1,True,False,False,False
KM198487.1,True,False,False,False
KM198488.1,True,False,False,False
KM198489.1,True,False,False,False
KM198490.1,True,False,False,False
KM198491.1,True,False,False,False
KM198492.1,True,False,False,False
KM198493.1,True,False,False,False
KM198494.1,True,False,False,False
KM198495.1,True,False,False,False
KM198496.1,True,False,False,False
KM198497.1,True,False,False,False
KM198498.1,True,False,False,False
KM198499.1,True,False,False,False
KM198500.1,True,False,False,False
KM198501.1,True,False,False,False
KM198502.1,True,False,False,False
KM198503.1,True,False,False,False
KM198504.1,True,False,False,False
KM198505.1,True,False,False,False
KM198506.1,True,False,False,False
KM198507.1,True,False,False,False
KM198508.1,True,False,False,False
KM198509.1,True,False,False,False
KM198510.1,True,False,False,False
KM198511.1,True,False,False,False
KM198512.1,True,False,False,False
KM198513.1,True,False,False,False
KM198514.1,True,False,False,False
KM198515.1,True,False,False,False
KM198516.1,True,False,False,False
KM198517.1,True,False,False,False
KM198518.1,True,False,False,False
KM198519.1,True,False,False,False
KM198520.1,True,False,False,False
KM198521.1,True,False,False,False
KM198522.1,True,False,False,False
KM198523.1,True,False,False,False
KM198524.1,True,False,False,False
KM198525.1,True,False,False,False
KM198526.1,True,False,False,False
KM198527.1,True,False,False,False
KM198528.1,True,False,False,False
KM198529.1,True,False,False,False
KM198530.1,True,False,False,False
KM198531.1,True,False,False,False
KM198532.1,True,False,False,False
KM198533.1,True,False,False,False
KM198534.1,True,False,False,False
KM198535.1,True,False,False,False
KM198536.1,True,False,False,False
KM198537.1,True,False,False,False
KM198538.1,True,False,False,False
KM198539.1,True,False,False,False
KM198540.1,True,False,False,False
KM198541.1,True,False,False,False
KM198542.1,True,False,False,False
KM198543.1,True,False,False,False
KM198544.1,True,False,False,False
KM198545.1,True,False,False,False
KM198546.1,True,False,False,False
KM198547.1,True,False,False,False
KM198548.1,True,False,False,False
KM198549.1,True,False,False,False
KM198550.1,True,False,False,False
KM198551.1,True,False,False,False
KM198552.1,True,False,False,False
KM198553.1,True,False,False,False
KM198554.1,True,False,False,False
KM198555.1,True,False,False,False
KM198556.1,True,False,False,False
KM198557.1,True,False,False,False
KM198558.1,True,False,False,False
KM198559.1,True,False,False,False
KM198560.1,True,False,False,False
KM198561.1,True,False,False,False
KM198562.1,True,False,False,False
KM198563.1,True,False,False,False
KM198564.1,True,False,False,False
KM198565.1,True,False,False,False
KM198566.1,True,False,False,False
KM198567.1,True,False,False,False
KM198568.1,True,False,False,False
KM198569.1,True,False,False,False
KM198570.1,True,False,False,False
KM198571.1,True,False,False,False
KM198572.1,True,False,False,False
KM198574.1,True,False,False,False
KM198575.1,True,False,False,False
KM198576.1,True,False,False,False
KM198577.1,True,False,False,False
KM198578.1,True,False,False,False
KM198579.1,True,False,False,False
KM198580.1,True,False,False,False
KM198581.1,True,False,False,False
KM198582.1,True,False,False,False
KM198583.1,True,False,False,False
KM198584.1,True,False,False,False
KM198585.1,True,False,False,False
KM198586.1,True,False,False,False
KM198587.1,True,False,False,False
KM198588.1,True,False,False,False
KM198589.1,True,False,False,False
KM198590.1,True,False,False,False
KM198591.1,True,False,False,False
KM225253.1,True,False,False,False
KM245069.1,True,False,False,False
KM245070.1,True,False,False,False
KM245071.1,True,False,False,False
KM245072.1,True,False,False,False
KM245073.1,True,False,False,False
KM245074.1,True,False,False,False
KM245075.1,True,False,False,False
KM246902.1,True,False,False,True
KM246903.1,True,False,False,True
KM246904.1,True,False,False,True
KM246905.1,True,False,False,True
KM246906.1,True,False,False,True
KM246907.1,True,False,False,True
KM246908.1,True,False,False,True
KM246909.1,True,False,False,True
KM246910.1,True,False,False,True
KM246911.1,True,False,False,True
KM246912.1,True,False,False,True
KM246913.1,True,False,False,True
KM246914.1,True,False,False,True
KM246915.1,True,False,False,True
KM246916.1,True,False,False,True
KM246917.1,True,False,False,False
KM246918.1,True,False,False,False
KM246919.1,True,False,False,False
KM246920.1,True,False,False,False
KM246921.1,True,False,False,False
KM246922.1,True,False,False,False
KM246923.1,True,False,False,False
KM246924.1,True,False,False,False
KM246925.1,True,False,False,False
KM246926.1,True,False,False,False
KM246927.1,True,False,False,False
KM246928.1,True,False,False,False
KM246929.1,True,False,False,False
KM246930.1,True,False,False,False
KM246931.1,True,False,False,False
KM246932.1,True,False,False,False
KM246933.1,True,False,False,False
KM246934.1,True,False,False,False
KM246935.1,True,False,False,False
KM246936.1,True,False,False,False
KM246937.1,True,False,False,False
KM246938.1,True,False,False,False
KM246939.1,True,False,False,False
KM246940.1,True,False,False,False
KM246941.1,True,False,False,False
KM246942.1,True,False,False,False
KM268075.1,True,False,False,False
KM268076.1,True,False,False,False
KM268077.1,True,False,False,False
KM268078.1,True,False,False,False
KM268079.1,True,False,False,False
KM268080.1,True,False,False,False
KM268081.1,True,False,False,False
KM268082.1,True,False,False,False
KM268083.1,True,False,False,False
KM268084.2,True,False,False,False
KM268085.1,True,False,False,False
KM268086.1,True,False,False,False
KM268087.1,True,False,False,False
KM268088.1,True,False,False,False
KM268089.1,True,False,False,False
KM268090.1,True,False,False,False
KM268091.1,True,False,False,False
KM268092.1,True,False,False,False
KM268093.1,True,False,False,False
KM268094.1,True,False,False,False
KM268095.1,True,False,False,False
KM268096.1,True,False,False,False
KM268097.1,True,False,False,False
KM268098.1,True,False,False,False
KM268099.1,True,False,False,False
KM268100.1,True,False,False,False
KM268101.1,True,False,False,False
KM268102.1,True,False,False,False
KM268103.1,True,False,False,False
KM268104.1,True,False,False,False
KM268105.1,True,False,False,False
KM268106.1,True,False,False,False
KM268107.1,True,False,False,False
KM268113.1,False,False,False,True
KM268114.1,False,False,False,True
KM268115.1,False,False,False,True
KM268116.1,False,False,False,True
KM268117.1,False,False,False,True
KM268118.1,False,False,False,True
KM268119.1,False,False,False,True
KM268120.1,False,False,False,True
KM268121.1,False,False,False,True
KM349427.1,True,False,False,True
KM349428.1,True,False,False,True
KM349429.1,True,False,False,True
KM349430.1,True,False,False,True
KM349431.1,True,False,False,True
KM349432.1,True,False,False,True
KM349433.1,True,False,False,True
KM349434.1,True,False,False,True
KM349435.1,True,False,False,True
KM349436.1,True,False,False,True
KM349437.1,True,False,False,True
KM349438.1,True,False,False,True
KM349439.1,True,False,False,True
KM349440.1,True,False,False,True
KM349441.1,True,False,False,True
KM349442.1,True,False,False,True
KM349443.1,True,False,False,True
KM349444.1,True,False,False,True
KM349445.1,True,False,False,True
KM349446.1,True,False,False,True
KM349447.1,True,False,False,True
KM349448.1,True,False,False,True
KM349449.1,True,False,False,True
KM349450.1,True,False,False,True
KM349451.1,True,False,False,True
KM349452.1,True,False,False,True
KM349453.1,True,False,False,True
KM349454.1,True,False,False,True
KM349455.1,True,False,False,True
KM349456.1,True,False,False,True
KM349457.1,True,False,False,True
KM349458.1,True,False,False,True
KM349459.1,True,False,False,True
KM349460.1,True,False,False,True
KM349461.1,True,False,False,True
KM349462.1,True,False,False,True
KM349463.1,True,False,False,True
KM349464.1,True,False,False,True
KM349465.1,True,False,False,True
KM349466.1,True,False,False,True
KM349467.1,True,False,False,True
KM349468.1,True,False,False,True
KM349469.1,True,False,False,True
KM349470.1,True,False,False,True
KM349471.1,True,False,False,True
KM349472.1,True,False,False,True
KM349473.1,True,False,False,True
KM349474.1,True,False,False,True
KM349475.1,True,False,False,True
KM349476.1,True,False,False,True
KM349477.1,True,False,False,True
KM349478.1,True,False,False,True
KM349479.1,True,False,False,True
KM349480.1,True,False,False,True
KM349481.1,True,False,False,True
KM349482.1,True,False,False,True
KM349483.1,True,False,False,True
KM349484.1,True,False,False,True
KM349485.1,True,False,False,True
KM349486.1,True,False,False,True
KM349487.1,True,False,False,True
KM349488.1,True,False,False,True
KM349489.1,True,False,False,True
KM349490.1,True,False,False,True
KM349491.1,True,False,False,True
KM349492.1,True,False,False,True
KM349493.1,True,False,False,True
KM349494.1,True,False,False,True
KM386679.1,True,False,False,False
KM386680.1,True,False,False,False
KM386681.1,True,False,False,False
KM396961.1,True,False,False,False
KM406485.1,True,False,False,False
KM461689.1,True,False,False,False
KM461690.1,True,False,False,False
KM461691.1,True,False,False,False
KM461692.1,True,False,False,False
KM461693.1,True,False,False,False
KM461694.1,True,False,False,False
KM461695.1,True,False,False,False
KM461696.1,True,False,False,False
KM461697.1,True,False,False,False
KM461698.1,True,False,False,False
KM462609.1,True,False,False,False
KM462610.1,True,False,False,False
KM462611.1,True,False,False,False
KM462612.1,True,False,False,False
KM462613.1,True,False,False,False
KM462614.1,True,False,False,False
KM462615.1,True,False,False,False
KM462616.1,True,False,False,False
KM462617.1,True,False,False,False
KM462618.1,True,False,False,False
KM462619.1,True,False,False,False
KM462620.1,True,False,False,False
KM462621.1,True,False,False,False
KM462622.1,True,False,False,False
KM462623.1,True,False,False,False
KM462624.1,True,False,False,False
KM462625.1,True,False,False,False
KM462626.1,True,False,False,False
KM462627.1,True,False,False,False
KM462628.1,True,False,False,False
KM462629.1,True,False,False,False
KM462630.1,True,False,False,False
KM462631.1,True,False,False,False
KM462632.1,True,False,False,False
KM462633.1,True,False,False,False
KM462634.1,True,False,False,False
KM462635.1,True,False,False,False
KM462636.1,True,False,False,False
KM462637.1,True,False,False,False
KM462638.1,True,False,False,False
KM462639.1,True,False,False,False
KM462640.1,True,False,False,False
KM462641.1,True,False,False,False
KM462642.1,True,False,False,False
KM462643.1,True,False,False,False
KM462644.1,True,False,False,False
KM462645.1,True,False,False,False
KM462646.1,True,False,False,False
KM462647.1,True,False,False,False
KM462648.1,True,False,False,False
KM462649.1,True,False,False,False
KM462650.1,True,False,False,False
KM462651.1,True,False,False,False
KM462652.1,True,False,False,False
KM462653.1,True,False,False,False
KM462654.1,True,False,False,False
KM462655.1,True,False,False,False
KM462656.1,True,False,False,False
KM462657.1,True,False,False,False
KM501034.1,True,False,False,False
KM501035.1,True,False,False,False
KM501036.1,True,False,False,False
KM501037.1,True,False,False,False
KM501038.1,True,False,False,False
KM514057.1,True,False,False,False
KM514058.1,True,False,False,False
KM514059.1,True,False,False,False
KM514060.1,True,False,False,False
KM514061.1,True,False,False,False
KM514062.1,True,False,False,False
KM514063.1,True,False,False,False
KM514064.1,True,False,False,False
KM514065.1,True,False,False,False
KM514066.1,True,False,False,False
KM514067.1,True,False,False,False
KM514068.1,True,False,False,False
KM514069.1,True,False,False,False
KM514070.1,True,False,False,False
KM514071.1,True,False,False,False
KM514072.1,True,False,False,False
KM514073.1,True,False,False,False
KM514074.1,True,False,False,False
KM514075.2,True,False,False,False
KM514076.1,True,False,False,False
KM514077.1,True,False,False,False
KM514078.1,True,False,False,False
KM514079.1,True,False,False,False
KM589642.1,False,False,False,True
KM589643.1,False,False,False,True
KM589644.1,True,False,False,True
KM589645.1,True,False,False,True
KM589646.1,True,False,False,True
KM589647.1,True,False,False,True
KM589648.1,True,False,False,True
KM589649.1,True,False,False,True
KM589650.1,True,False,False,True
KM589651.1,True,False,False,True
KM589652.1,True,False,False,True
KM589654.1,False,False,False,True
KM589655.1,True,False,False,True
KM589661.1,True,False,False,False
KM924000.1,True,False,False,True
KM924001.1,True,False,False,False
KM924002.1,True,False,False,False
KM924003.1,True,False,False,False
KM924004.1,True,False,False,False
KM924005.1,True,False,False,False
KM924006.1,True,False,False,False
KM924007.1,True,False,False,False
KM924008.1,True,False,False,False
KM924009.1,True,False,False,False
KM924010.1,True,False,False,False
KM924011.1,True,False,False,False
KM924012.1,True,False,False,False
KM982935.1,True,False,False,False
KM982936.1,True,False,False,False
KM982937.1,True,False,False,False
KM982938.1,True,False,False,False
KM982939.1,True,False,False,False
KM982940.1,True,False,False,False
KM982941.1,True,False,False,False
KM982942.1,True,False,False,False
KM982943.1,True,False,False,False
KM982944.1,True,False,False,False
KM982945.1,True,False,False,False
KM982946.1,True,False,False,False
KM982947.1,True,False,False,False
KM982948.1,True,False,False,False
KM982949.1,True,False,False,False
KM982950.1,True,False,False,False
KM982951.1,True,False,False,False
KM982952.1,True,False,False,False
KM982953.1,True,False,False,False
KM982954.1,True,False,False,False
KM982955.1,True,False,False,False
KM982956.1,True,False,False,False
KP027329.1,True,False,False,True
KP027330.1,True,False,False,True
KP067788.1,True,False,False,True
KP096327.1,True,False,False,False
KP096328.1,True,False,False,False
KP096329.1,True,False,False,False
KP096330.1,True,False,False,False
KP096331.1,True,False,False,False
KP096332.1,True,False,False,False
KP096333.1,True,False,False,False
KP096334.1,True,False,False,False
KP096335.1,True,False,False,False
KP096336.1,True,False,False,False
KP096337.1,True,False,False,False
KP096338.1,True,False,False,False
KP096339.1,True,False,False,False
KP096340.1,True,False,False,False
KP096341.1,True,False,False,False
KP096342.1,True,False,False,False
KP096343.1,True,False,False,False
KP096344.1,True,False,False,False
KP096345.1,True,False,False,False
KP096346.1,True,False,False,False
KP096347.1,True,False,False,False
KP096348.1,True,False,False,False
KP123606.1,True,False,False,False
KP123636.1,True,False,False,True
KP123637.1,True,False,False,True
KP123638.1,False,False,False,True
KP123639.1,False,False,False,True
KP123640.1,False,False,False,True
KP123641.1,False,False,False,True
KP123642.1,False,False,False,True
KP123643.1,False,False,False,True
KP170867.1,True,False,False,False
KP170868.1,True,False,False,False
KP170869.1,True,False,False,False
KP170870.1,True,False,False,False
KP170871.1,True,False,False,False
KP170872.1,True,False,False,False
KP170873.1,True,False,False,False
KP170874.1,True,False,False,False
KP170875.1,True,False,False,False
KP170876.1,True,False,False,False
KP170877.1,True,False,False,False
KP170878.1,True,False,False,False
KP170879.1,True,False,False,False
KP170880.1,True,False,False,False
KP170881.1,True,False,False,False
KP170882.1,True,False,False,False
KP170883.1,True,False,False,False
KP170884.1,True,False,False,False
KP170885.1,True,False,False,False
KP170886.1,True,False,False,False
KP170887.1,True,False,False,False
KP170888.1,True,False,False,False
KP170889.1,True,False,False,False
KP170890.1,True,False,False,False
KP170891.1,True,False,False,False
KP170892.1,True,False,False,False
KP170893.1,True,False,False,False
KP170894.1,True,False,False,False
KP170895.1,True,False,False,False
KP170896.1,True,False,False,False
KP170897.1,True,False,False,False
KP174834.1,True,False,False,False
KP174835.1,True,False,False,False
KP174836.1,True,False,False,False
KP174837.1,True,False,False,False
KP176393.1,True,False,False,False
KP176394.1,True,False,False,False
KP176395.1,True,False,False,False
KP176396.1,True,False,False,False
KP176397.1,True,False,False,False
KP176398.1,True,False,False,False
KP176399.1,True,False,False,False
KP176400.1,True,False,False,False
KP176401.1,True,False,False,False
KP176402.1,True,False,False,False
KP176403.1,True,False,False,False
KP176404.1,True,False,False,False
KP176405.1,True,False,False,False
KP176406.1,True,False,False,False
KP176407.1,True,False,False,False
KP176408.1,True,False,False,False
KP176409.1,True,False,False,False
KP176410.2,True,False,False,False
KP176411.1,True,False,False,False
KP176412.1,True,False,False,False
KP208782.1,True,False,False,True
KP208783.1,True,False,False,True
KP208784.1,True,False,False,True
KP208785.1,True,False,False,True
KP241905.1,True,False,False,False
KP241906.1,True,False,False,False
KP241907.1,True,False,False,False
KP241908.1,True,False,False,False
KP241909.1,True,False,False,False
KP241910.1,True,False,False,False
KP241911.1,True,False,False,False
KP241912.1,True,False,False,False
KP241913.1,True,False,False,False
KP241914.1,True,False,False,False
KP241915.1,True,False,False,False
KP293587.1,True,False,False,False
KP293588.1,True,False,False,False
KP293589.1,True,False,False,False
KP293590.1,True,False,False,False
KP293591.1,True,False,False,False
KP325642.1,True,False,False,True
KP325643.1,True,False,False,True
KP325644.1,True,False,False,True
KP325645.1,True,False,False,True
KP325646.1,True,False,False,True
KP325647.1,True,False,False,True
KP325648.1,True,False,False,True
KP325649.1,True,False,False,True
KP325650.1,True,False,False,True
KP325651.1,True,False,False,True
KP325652.1,True,False,False,True
KP325653.1,True,False,False,True
KP325654.1,True,False,False,True
KP325655.1,True,False,False,True
KP325656.1,True,False,False,True
KP335052.1,True,False,False,True
KP335053.1,True,False,False,True
KP335054.1,True,False,False,True
KP335055.1,True,False,False,True
KP335056.1,True,False,False,True
KP335057.1,True,False,False,True
KP335058.1,True,False,False,True
KP335059.1,True,False,False,True
KP335060.1,True,False,False,True
KP335061.1,True,False,False,True
KP335062.1,True,False,False,True
KP335063.1,True,False,False,True
KP335064.1,True,False,False,True
KP335065.1,True,False,False,True
KP335066.1,True,False,False,True
KP335067.1,True,False,False,True
KP335068.1,True,False,False,True
KP335069.1,True,False,False,False
KP335070.1,True,False,False,False
KP335071.1,True,False,False,False
KP335072.1,True,False,False,False
KP335073.1,True,False,False,False
KP335074.1,True,False,False,False
KP335075.1,True,False,False,False
KP335076.1,True,False,False,False
KP335077.1,True,False,False,False
KP335078.1,True,False,False,False
KP335079.1,True,False,False,False
KP335080.1,True,False,False,False
KP335081.1,True,False,False,False
KP335082.1,True,False,False,False
KP335083.1,True,False,False,False
KP335084.1,True,False,False,False
KP335085.1,True,False,False,False
KP335086.1,True,False,False,False
KP335087.1,True,False,False,False
KP335088.1,True,False,False,False
KP335089.1,True,False,False,False
KP335090.1,True,False,False,False
KP335150.1,True,False,False,False
KP335151.1,True,False,False,False
KP335152.1,True,False,False,False
KP335153.1,True,False,False,False
KP335154.1,True,False,False,False
KP335155.1,True,False,False,False
KP455650.1,True,False,False,False
KP676383.1,True,False,False,False
KP681601.1,True,False,False,False
KP681602.1,True,False,False,False
KP681603.1,True,False,False,False
KP681604.1,True,False,False,False
KP681605.1,True,False,False,False
KP681606.1,True,False,False,False
KP681607.1,True,False,False,False
KP681608.1,True,False,False,False
KP681609.1,True,False,False,False
KP681610.1,True,False,False,False
KP681611.1,True,False,False,False
KP681612.1,True,False,False,False
KP681613.1,True,False,False,False
KP681614.1,True,False,False,False
KP681615.1,True,False,False,False
KP681616.1,True,False,False,False
KP681617.1,True,False,False,False
KP681618.1,True,False,False,False
KP681619.1,True,False,False,False
KP681620.1,True,False,False,False
KP681621.1,True,False,False,False
KP681622.1,True,False,False,False
KP681623.1,True,False,False,False
KP681624.1,True,False,False,False
KP681625.1,True,False,False,False
KP681626.1,True,False,False,False
KP681627.1,True,False,False,False
KP681628.1,True,False,False,False
KP681629.1,True,False,False,False
KP681630.1,True,False,False,False
KP681631.1,True,False,False,False
KP681632.1,True,False,False,False
KP681633.1,True,False,False,False
KP681634.1,True,False,False,False
KP681635.1,True,False,False,False
KP681636.1,True,False,False,False
KP681637.1,True,False,False,False
KP681638.1,True,False,False,False
KP681639.1,True,False,False,False
KP681640.1,True,False,False,False
KP698923.1,True,False,False,False
KP698924.1,True,False,False,False
KP698925.1,True,False,False,False
KP698926.1,True,False,False,False
KP698927.1,True,False,False,False
KP698928.1,True,False,False,False
KP698929.1,True,False,False,False
KP698930.1,True,False,False,False
KP698931.1,True,False,False,False
KP718638.1,True,False,False,False
KP718639.1,True,False,False,False
KP718640.1,True,False,False,False
KP718641.1,True,False,False,False
KP718642.1,True,False,False,False
KP718643.1,True,False,False,False
KP718644.1,True,False,False,False
KP718645.1,True,False,False,False
KP718646.1,True,False,False,False
KP718647.1,True,False,False,False
KP718648.1,True,False,False,False
KP718649.1,True,False,False,False
KP718650.1,True,False,False,False
KP718651.1,True,False,False,False
KP718652.1,True,False,False,False
KP718653.1,True,False,False,False
KP718654.1,True,False,False,False
KP718655.1,True,False,False,False
KP718656.1,True,False,False,False
KP718657.1,True,False,False,False
KP718658.1,True,False,False,False
KP718659.1,True,False,False,False
KP718660.1,True,False,False,False
KP718661.1,True,False,False,False
KP718662.1,True,False,False,False
KP718663.1,True,False,False,False
KP718664.1,True,False,False,False
KP718665.1,True,False,False,False
KP718666.1,True,False,False,False
KP718667.1,True,False,False,False
KP718668.1,True,False,False,False
KP718669.1,True,False,False,False
KP718670.1,True,False,False,False
KP718671.1,True,False,False,False
KP718672.1,True,False,False,False
KP718673.1,True,False,False,False
KP718674.1,True,False,False,False
KP718675.1,True,False,False,False
KP718676.1,True,False,False,False
KP718677.1,True,False,False,False
KP718678.1,True,False,False,False
KP718679.1,True,False,False,False
KP718680.1,True,False,False,False
KP718681.1,True,False,False,False
KP718682.1,True,False,False,False
KP718683.1,True,False,False,False
KP718684.1,True,False,False,False
KP718685.1,True,False,False,False
KP718686.1,True,False,False,False
KP718687.1,True,False,False,False
KP718688.1,True,False,False,False
KP718689.1,True,False,False,False
KP718690.1,True,False,False,False
KP718691.1,True,False,False,False
KP718692.1,True,False,False,False
KP718693.1,True,False,False,False
KP718694.1,True,False,False,False
KP718695.1,True,False,False,False
KP718696.1,True,False,False,False
KP718697.1,True,False,False,False
KP718698.1,True,False,False,False
KP718699.1,True,False,False,False
KP718700.1,True,False,False,False
KP718701.1,True,False,False,False
KP718702.1,True,False,False,False
KP718703.1,True,False,False,False
KP718704.1,True,False,False,False
KP718705.1,True,False,False,False
KP718706.1,True,False,False,False
KP718707.1,True,False,False,False
KP718708.1,True,False,False,False
KP718709.1,True,False,False,False
KP718710.1,True,False,False,False
KP718711.1,True,False,False,False
KP718712.1,True,False,False,False
KP718713.1,True,False,False,False
KP718714.1,True,False,False,False
KP718715.1,True,False,False,False
KP718716.1,True,False,False,False
KP718717.1,True,False,False,False
KP718718.1,True,False,False,False
KP718719.1,True,False,False,False
KP718720.1,True,False,False,False
KP718721.1,True,False,False,False
KP718722.1,True,False,False,False
KP718723.1,True,False,False,False
KP718724.1,True,False,False,False
KP718725.1,True,False,False,False
KP718726.1,True,False,False,False
KP718727.1,True,False,False,False
KP718728.1,True,False,False,False
KP718729.1,True,False,False,False
KP718730.1,True,False,False,False
KP718731.1,True,False,False,False
KP718732.1,True,False,False,False
KP718733.1,True,False,False,False
KP718734.1,True,False,False,False
KP718735.1,True,False,False,False
KP718736.1,True,False,False,False
KP718737.1,True,False,False,False
KP718738.1,True,False,False,False
KP726281.1,True,False,False,False
KP726282.1,True,False,False,False
KP726283.1,True,False,False,False
KP753266.1,True,False,False,True
KP753267.1,True,False,False,True
KP753268.1,True,False,False,True
KP753269.1,True,False,False,True
KP753270.1,True,False,False,True
KP753271.1,True,False,False,True
KP753272.1,True,False,False,True
KP753273.1,True,False,False,True
KP753274.1,True,False,False,True
KP753275.1,True,False,False,True
KP753276.1,True,False,False,True
KP753277.1,True,False,False,True
KP753278.1,True,False,False,True
KP753279.1,True,False,False,True
KP753280.1,True,False,False,True
KP753281.1,True,False,False,True
KP753282.1,True,False,False,True
KP753283.1,True,False,False,True
KP753284.1,True,False,False,True
KP753285.1,True,False,False,True
KP753286.1,True,False,False,True
KP753287.1,True,False,False,True
KP753288.1,True,False,False,True
KP762392.1,True,False,False,False
KP762393.1,True,False,False,False
KP762394.1,True,False,False,False
KP762395.1,True,False,False,False
KP762396.1,True,False,False,False
KP762397.1,True,False,False,False
KP762398.1,True,False,False,False
KP762399.1,True,False,False,False
KP762400.1,True,False,False,False
KP762401.1,True,False,False,False
KP762402.1,True,False,False,False
KP762403.1,True,False,False,False
KP762404.1,True,False,False,False
KP762405.1,True,False,False,False
KP762406.1,True,False,False,False
KP762407.1,True,False,False,False
KP762408.1,True,False,False,False
KP762409.1,True,False,False,False
KP762410.1,True,False,False,False
KP762411.1,True,False,False,False
KP762412.1,True,False,False,False
KP762413.1,True,False,False,False
KP762414.1,True,False,False,False
KP762415.1,True,False,False,False
KP762416.1,True,False,False,False
KP762417.1,True,False,False,True
KP762418.1,True,False,False,True
KP762419.1,True,False,False,True
KP762420.1,True,False,False,True
KP762421.1,True,False,False,True
KP762422.1,True,False,False,True
KP762423.1,True,False,False,True
KP762424.1,True,False,False,True
KP762425.1,True,False,False,True
KP762426.1,True,False,False,True
KP762427.1,True,False,False,True
KP762428.1,True,False,False,True
KP762429.1,True,False,False,True
KP762430.1,True,False,False,True
KP762431.1,True,False,False,True
KP762432.1,True,False,False,True
KP762433.1,True,False,False,True
KP762434.1,True,False,False,True
KP762435.1,True,False,False,True
KP762436.1,True,False,False,True
KP762437.1,True,False,False,True
KP762438.1,True,False,False,True
KP762439.1,True,False,False,True
KP762440.1,True,False,False,True
KP762441.1,True,False,False,True
KP762442.1,True,False,False,True
KP762443.1,True,False,False,True
KP762444.1,True,False,False,True
KP762445.1,True,False,False,True
KP793708.1,True,False,False,True
KP793709.1,True,False,False,True
KP793710.1,True,False,False,True
KP793711.1,True,False,False,True
KP793712.1,True,False,False,True
KP793713.1,True,False,False,True
KP793714.1,True,False,False,True
KP857570.1,True,False,False,False
KP857571.1,True,False,False,False
KP864102.1,True,False,False,True
KP864103.1,True,False,False,True
KP864104.1,True,False,False,True
KP864105.1,True,False,False,True
KP864106.1,True,False,False,True
KP864107.1,True,False,False,True
KP864108.1,True,False,False,True
KP864109.1,True,False,False,True
KP864110.1,True,False,False,True
KP864111.1,True,False,False,True
KP864112.1,True,False,False,True
KP864113.1,True,False,False,True
KP864114.1,True,False,False,True
KP864115.1,True,False,False,True
KP864116.1,True,False,False,True
KP864117.1,True,False,False,True
KP864118.1,True,False,False,True
KP864119.1,True,False,False,True
KP864120.1,True,False,False,True
KP864121.1,True,False,False,True
KP864122.1,True,False,False,True
KP864123.1,True,False,False,True
KP864124.1,True,False,False,True
KP864125.1,True,False,False,True
KP864126.1,True,False,False,True
KP864127.1,True,False,False,True
KP864128.1,True,False,False,True
KP864129.1,True,False,False,True
KP864130.1,True,False,False,True
KP864131.1,True,False,False,True
KP864132.1,True,False,False,True
KP864133.1,True,False,False,True
KP864134.1,True,False,False,True
KP864135.1,True,False,False,True
KP864136.1,True,False,False,True
KP864137.1,True,False,False,True
KP864138.1,True,False,False,True
KP864139.1,True,False,False,True
KP864140.1,True,False,False,True
KP864141.1,True,False,False,True
KP864142.1,True,False,False,True
KP864143.1,True,False,False,True
KP864144.1,True,False,False,True
KP902563.1,True,False,False,False
KP902564.1,True,False,False,False
KP902565.1,True,False,False,False
KP902566.1,True,False,False,False
KP902567.1,True,False,False,False
KP902568.1,True,False,False,False
KP902569.1,True,False,False,False
KP902570.1,True,False,False,False
KP902571.1,True,False,False,False
KP902572.1,True,False,False,False
KP902573.1,True,False,False,False
KP902574.1,True,False,False,False
KP902575.2,True,False,False,False
KP902576.1,True,False,False,False
KP902577.1,True,False,False,False
KP902578.1,True,False,False,False
KP902579.1,True,False,False,False
KP902580.1,True,False,False,False
KP902581.1,True,False,False,False
KP902582.1,True,False,False,False
KP902583.1,True,False,False,False
KP902584.1,True,False,False,False
KP902585.1,True,False,False,False
KP902586.1,True,False,False,False
KP902587.1,True,False,False,False
KP902588.1,True,False,False,False
KP902589.1,True,False,False,False
KP902590.1,True,False,False,False
KP963716.1,True,False,False,False
KP963717.1,True,False,False,False
KP963718.1,True,False,False,False
KP963719.1,True,False,False,False
KP963720.1,True,False,False,False
KP963721.1,True,False,False,False
KP963722.1,True,False,False,False
KP963723.1,True,False,False,False
KP963724.1,True,False,False,False
KP963725.1,True,False,False,False
KP963726.1,True,False,False,False
KP963727.1,True,False,False,False
KP963728.1,True,False,False,False
KP963729.1,True,False,False,False
KP963730.1,True,False,False,False
KP963731.1,True,False,False,False
KP963732.1,True,False,False,False
KP963733.1,True,False,False,False
KP963734.1,True,False,False,False
KP963735.1,True,False,False,False
KP963736.1,True,False,False,False
KP963737.1,True,False,False,False
KP963738.1,True,False,False,False
KP963739.1,True,False,False,False
KP963740.1,True,False,False,False
KP963741.1,True,False,False,False
KP963742.1,True,False,False,False
KP963743.1,True,False,False,False
KP963744.1,True,False,False,False
KP963745.1,True,False,False,False
KP963746.1,True,False,False,False
KP963747.1,True,False,False,False
KP963748.1,True,False,False,False
KP963749.1,True,False,False,False
KP963750.1,True,False,False,False
KP963751.1,True,False,False,False
KP963752.1,True,False,False,False
KP963753.1,True,False,False,False
KP963754.1,True,False,False,False
KP963755.1,True,False,False,False
KP963756.1,True,False,False,False
KP963757.1,True,False,False,False
KP963758.1,True,False,False,False
KP963759.1,True,False,False,False
KP963760.1,True,False,False,False
KP963761.1,True,False,False,False
KP963762.1,True,False,False,False
KP963763.1,True,False,False,False
KP963764.1,True,False,False,False
KP963765.1,True,False,False,False
KP963766.1,True,False,False,False
KP963767.1,True,False,False,False
KP963768.1,True,False,False,False
KP963769.1,True,False,False,False
KP963770.1,True,False,False,False
KP963771.1,True,False,False,False
KP963772.1,True,False,False,False
KP963773.1,True,False,False,False
KP963774.1,True,False,False,False
KP963775.1,True,False,False,False
KP994317.1,True,False,False,False
KP994318.1,True,False,False,False
KP995319.1,True,False,False,True
KP995320.1,True,False,False,True
KP995321.1,True,False,False,True
KP995322.1,True,False,False,True
KP995323.1,True,False,False,True
KP995324.1,True,False,False,True
KP995325.1,True,False,False,True
KP995326.1,True,False,False,True
KP995327.1,True,False,False,True
KP995328.1,True,False,False,True
KP995329.1,True,False,False,True
KP995330.1,True,False,False,True
KP995331.1,True,False,False,True
KP995332.1,True,False,False,True
KP995333.1,True,False,False,True
KP995334.1,True,False,False,True
KP995335.1,True,False,False,True
KP995336.1,True,False,False,True
KP995337.1,True,False,False,True
KP995338.1,True,False,False,True
KP995339.1,True,False,False,True
KP995340.1,True,False,False,True
KP995341.1,True,False,False,True
KR007851.1,True,False,False,False
KR007852.1,True,False,False,False
KR007853.1,True,False,False,False
KR007854.1,True,False,False,False
KR007855.1,True,False,False,False
KR007856.1,True,False,False,False
KR007857.1,True,False,False,False
KR007858.1,True,False,False,False
KR007859.1,True,False,False,False
KR007860.1,True,False,False,False
KR007861.1,True,False,False,False
KR007862.1,True,False,False,False
KR007863.1,True,False,False,False
KR007864.1,True,False,False,False
KR007865.1,True,False,False,False
KR007866.1,True,False,False,False
KR007867.1,True,False,False,False
KR007868.1,True,False,False,False
KR007869.1,True,False,False,False
KR007870.1,True,False,False,False
KR007871.1,True,False,False,False
KR007872.1,True,False,False,False
KR007873.1,True,False,False,False
KR007874.1,True,False,False,False
KR007875.1,True,False,False,False
KR007876.1,True,False,False,False
KR007877.1,True,False,False,False
KR007878.1,True,False,False,False
KR007879.1,True,False,False,False
KR007880.1,True,False,False,False
KR007881.1,True,False,False,False
KR007882.1,True,False,False,False
KR007883.1,True,False,False,False
KR007884.1,True,False,False,False
KR007885.1,True,False,False,False
KR007886.1,True,False,False,False
KR007887.1,True,False,False,False
KR007888.1,True,False,False,False
KR007889.1,True,False,False,False
KR007890.1,True,False,False,False
KR007891.1,True,False,False,False
KR007892.1,True,False,False,False
KR007893.1,True,False,False,False
KR007894.1,True,False,False,False
KR007895.1,True,False,False,False
KR007896.1,True,False,False,False
KR007897.1,True,False,False,False
KR007898.1,True,False,False,False
KR007899.1,True,False,False,False
KR007900.1,True,False,False,False
KR007901.1,True,False,False,False
KR007902.1,True,False,False,False
KR007903.1,True,False,False,False
KR007904.1,True,False,False,False
KR007905.1,True,False,False,False
KR007906.1,True,False,False,False
KR007907.1,True,False,False,False
KR007908.1,True,False,False,False
KR007909.1,True,False,False,False
KR007910.1,True,False,False,False
KR007911.1,True,False,False,False
KR007912.1,True,False,False,False
KR007913.1,True,False,False,False
KR007914.1,True,False,False,False
KR007915.1,True,False,False,False
KR007916.1,True,False,False,False
KR007917.1,True,False,False,False
KR007918.1,True,False,False,False
KR007919.1,True,False,False,False
KR007920.1,True,False,False,False
KR007921.1,True,False,False,False
KR007922.1,True,False,False,False
KR007923.1,True,False,False,False
KR007924.1,True,False,False,False
KR007925.1,True,False,False,False
KR007926.1,True,False,False,False
KR007927.1,True,False,False,False
KR007928.1,True,False,False,False
KR007929.1,True,False,False,False
KR007930.1,True,False,False,False
KR007931.1,True,False,False,False
KR007932.1,True,False,False,False
KR007933.1,True,False,False,False
KR007934.1,True,False,False,False
KR007935.1,True,False,False,False
KR007936.1,True,False,False,False
KR007937.1,True,False,False,False
KR007938.1,True,False,False,False
KR007939.1,True,False,False,False
KR007940.1,True,False,False,False
KR007941.1,True,False,False,False
KR007942.1,True,False,False,False
KR007943.1,True,False,False,False
KR007944.1,True,False,False,False
KR007945.1,True,False,False,False
KR007946.1,True,False,False,False
KR007947.1,True,False,False,False
KR007948.1,True,False,False,False
KR007949.1,True,False,False,False
KR007950.1,True,False,False,False
KR007951.1,True,False,False,False
KR007952.1,True,False,False,False
KR007953.1,True,False,False,False
KR007954.1,True,False,False,False
KR007955.1,True,False,False,False
KR007956.1,True,False,False,False
KR007957.1,True,False,False,False
KR007958.1,True,False,False,False
KR007959.1,True,False,False,False
KR007960.1,True,False,False,False
KR020053.1,True,False,False,True
KR020503.1,True,False,False,False
KR047106.1,True,False,False,True
KR047107.1,True,False,False,True
KR047108.1,True,False,False,True
KR047109.1,True,False,False,True
KR047110.1,True,False,False,True
KR047111.1,True,False,False,True
KR047112.1,True,False,False,True
KR047113.1,True,False,False,True
KR047114.1,True,False,False,True
KR047115.1,True,False,False,True
KR047116.1,True,False,False,True
KR047117.1,False,False,False,True
KR047118.1,False,False,False,True
KR047119.1,False,False,False,True
KR047120.1,False,False,False,True
KR047121.1,False,False,False,True
KR047122.1,False,False,False,True
KR047123.1,False,False,False,True
KR047124.1,False,False,False,True
KR047125.1,False,False,False,True
KR047126.1,False,False,False,True
KR047127.1,False,False,False,True
KR047128.1,False,False,False,True
KR047129.1,False,False,False,True
KR047130.1,False,False,False,True
KR047131.1,False,False,False,True
KR047132.1,False,False,False,True
KR047133.1,False,False,False,True
KR047134.1,False,False,False,True
KR047135.1,False,False,False,True
KR047136.1,False,False,False,True
KR047137.1,False,False,False,True
KR047138.1,False,False,False,True
KR047139.1,False,False,False,True
KR047140.1,False,False,False,True
KR047141.1,False,False,False,True
KR047142.1,False,False,False,True
KR047143.1,False,False,False,True
KR047144.1,False,False,False,True
KR047145.1,False,False,False,True
KR047146.1,False,False,False,True
KR047147.1,False,False,False,True
KR047148.1,False,False,False,True
KR047149.1,False,False,False,True
KR047150.1,False,False,False,True
KR047151.1,False,False,False,True
KR047152.1,False,False,False,True
KR047153.1,False,False,False,True
KR047154.1,False,False,False,True
KR047155.1,False,False,False,True
KR047156.1,False,False,False,True
KR047157.1,False,False,False,True
KR047158.1,False,False,False,True
KR047159.1,False,False,False,True
KR047160.1,False,False,False,True
KR047161.1,False,False,False,True
KR047162.1,False,False,False,True
KR047163.1,False,False,False,True
KR047164.1,False,False,False,True
KR047165.1,False,False,False,True
KR047166.1,False,False,False,True
KR047167.1,False,False,False,True
KR047168.1,False,False,False,True
KR047169.1,False,False,False,True
KR047170.1,False,False,False,True
KR047171.1,False,False,False,True
KR047172.1,False,False,False,True
KR047173.1,False,False,False,True
KR047174.1,False,False,False,True
KR047175.1,False,False,False,True
KR047176.1,False,False,False,True
KR047177.1,False,False,False,True
KR047178.1,False,False,False,True
KR047179.1,False,False,False,True
KR047180.1,False,False,False,True
KR047181.1,False,False,False,True
KR052019.1,True,False,False,True
KR052020.1,True,False,False,True
KR052021.1,True,False,False,True
KR052022.1,True,False,False,True
KR074148.1,True,False,False,False
KR074149.1,True,False,False,False
KR074150.1,True,False,False,False
KR074151.1,True,False,False,False
KR074152.1,True,False,False,False
KR074153.1,True,False,False,False
KR074154.1,True,False,False,False
KR074155.1,True,False,False,False
KR074156.1,True,False,False,False
KR074157.1,True,False,False,False
KR074158.1,True,False,False,False
KR074159.1,True,False,False,False
KR074160.1,True,False,False,False
KR074161.1,True,False,False,False
KR074162.1,True,False,False,False
KR074163.1,True,False,False,False
KR074164.1,True,False,False,False
KR074165.1,True,False,False,False
KR074166.1,True,False,False,False
KR074167.1,True,False,False,False
KR074168.1,True,False,False,False
KR074169.1,True,False,False,False
KR074170.1,True,False,False,False
KR074171.1,True,False,False,False
KR074172.1,True,False,False,False
KR074173.1,True,False,False,False
KR074174.1,True,False,False,False
KR074175.1,True,False,False,False
KR074176.1,True,False,False,False
KR074177.1,True,False,False,False
KR074178.1,True,False,False,False
KR074179.1,True,False,False,False
KR074180.1,True,False,False,False
KR074181.1,True,False,False,False
KR074182.1,True,False,False,False
KR074183.1,True,False,False,False
KR074184.1,True,False,False,False
KR074185.1,True,False,False,False
KR074186.1,True,False,False,False
KR074187.1,True,False,False,False
KR074188.1,True,False,False,False
KR074189.1,True,False,False,False
KR074190.1,True,False,False,False
KR074191.1,True,False,False,False
KR075983.1,True,False,False,True
KR075984.1,True,False,False,True
KR083017.1,True,False,False,False
KR093991.1,True,False,False,False
KR093992.1,True,False,False,False
KR093993.1,True,False,False,False
KR093994.1,True,False,False,False
KR093995.1,True,False,False,False
KR093996.1,True,False,False,False
KR093997.1,True,False,False,False
KR093998.1,True,False,False,False
KR093999.1,True,False,False,False
KR094000.1,True,False,False,False
KR094001.1,True,False,False,False
KR094002.1,True,False,False,False
KR094003.1,True,False,False,False
KR094004.1,True,False,False,False
KR094005.1,True,False,False,False
KR094006.1,True,False,False,False
KR094007.1,True,False,False,False
KR094008.1,True,False,False,False
KR095171.1,True,False,False,False
KR095172.1,True,False,False,False
KR107558.1,True,False,False,False
KR107559.1,True,False,False,False
KR107560.1,True,False,False,False
KR107561.1,True,False,False,False
KR107562.1,True,False,False,False
KR107563.1,True,False,False,False
KR107564.1,True,False,False,False
KR107565.1,True,False,False,False
KR107566.1,True,False,False,False
KR107567.1,True,False,False,False
KR107568.1,True,False,False,False
KR107569.1,True,False,False,False
KR107570.1,True,False,False,False
KR107571.1,True,False,False,False
KR107572.1,True,False,False,False
KR107573.1,True,False,False,False
KR107574.1,True,False,False,False
KR107575.1,True,False,False,False
KR107576.1,True,False,False,False
KR107577.1,True,False,False,False
KR107578.1,True,False,False,False
KR107579.1,True,False,False,False
KR107580.1,True,False,False,False
KR107581.1,True,False,False,False
KR107582.1,True,False,False,False
KR107583.1,True,False,False,False
KR107584.1,True,False,False,False
KR107585.1,True,False,False,False
KR107586.1,True,False,False,False
KR107587.1,True,False,False,False
KR107588.1,True,False,False,False
KR107589.1,True,False,False,False
KR107590.1,True,False,False,False
KR107591.1,True,False,False,False
KR107592.1,True,False,False,False
KR107593.1,True,False,False,False
KR107594.1,True,False,False,False
KR107595.1,True,False,False,False
KR107596.1,True,False,False,False
KR107597.1,True,False,False,False
KR107598.1,True,False,False,False
KR107599.1,True,False,False,False
KR107600.1,True,False,False,False
KR107601.1,True,False,False,False
KR107602.1,True,False,False,False
KR107603.1,True,False,False,False
KR107604.1,True,False,False,False
KR107605.1,True,False,False,False
KR107606.1,True,False,False,False
KR107607.1,True,False,False,False
KR107608.1,True,False,False,False
KR107609.1,True,False,False,False
KR107610.1,True,False,False,False
KR107611.1,True,False,False,False
KR107612.1,True,False,False,False
KR107613.1,True,False,False,False
KR107614.1,True,False,False,False
KR107615.1,True,False,False,False
KR107616.1,True,False,False,False
KR107617.1,True,False,False,False
KR107618.1,True,False,False,False
KR107619.1,True,False,False,False
KR107620.1,True,False,False,False
KR107621.1,True,False,False,False
KR107622.1,True,False,False,False
KR107623.1,True,False,False,False
KR107624.1,True,False,False,False
KR107625.1,True,False,False,False
KR107626.1,True,False,False,False
KR107627.1,True,False,False,False
KR107628.1,True,False,False,False
KR107629.1,True,False,False,False
KR107630.1,True,False,False,False
KR107631.1,True,False,False,False
KR107632.1,True,False,False,False
KR107633.1,True,False,False,False
KR107634.1,True,False,False,False
KR107635.1,True,False,False,False
KR107636.1,True,False,False,False
KR107637.1,True,False,False,False
KR107638.1,True,False,False,False
KR107639.1,True,False,False,False
KR107640.1,True,False,False,False
KR107641.1,True,False,False,False
KR107642.1,True,False,False,False
KR107643.1,True,False,False,False
KR107644.1,True,False,False,False
KR107645.1,True,False,False,False
KR107646.1,True,False,False,False
KR107647.1,True,False,False,False
KR107648.1,True,False,False,False
KR107649.1,True,False,False,False
KR107650.1,True,False,False,False
KR107651.1,True,False,False,False
KR107652.1,True,False,False,False
KR107653.1,True,False,False,False
KR107654.1,True,False,False,False
KR107655.1,True,False,False,False
KR107656.1,True,False,False,False
KR107657.1,True,False,False,False
KR107658.1,True,False,False,False
KR107659.1,True,False,False,False
KR107660.1,True,False,False,False
KR107661.1,True,False,False,False
KR107662.1,True,False,False,False
KR107663.1,True,False,False,False
KR107664.1,True,False,False,False
KR107665.1,True,False,False,False
KR107666.1,True,False,False,False
KR107667.1,True,False,False,False
KR107668.1,True,False,False,False
KR107669.1,True,False,False,False
KR107670.1,True,False,False,False
KR107671.1,True,False,False,False
KR107672.1,True,False,False,False
KR107673.1,True,False,False,False
KR107674.1,True,False,False,False
KR107675.1,True,False,False,False
KR107676.1,True,False,False,False
KR107677.1,True,False,False,False
KR107678.1,True,False,False,False
KR107679.1,True,False,False,False
KR107680.1,True,False,False,False
KR107681.1,True,False,False,False
KR107682.1,True,False,False,False
KR107683.1,True,False,False,False
KR107684.1,True,False,False,False
KR107685.1,True,False,False,False
KR107686.1,True,False,False,False
KR107687.1,True,False,False,False
KR107688.1,True,False,False,False
KR107689.1,True,False,False,False
KR107690.1,True,False,False,False
KR107691.1,True,False,False,False
KR107692.1,True,False,False,False
KR107693.1,True,False,False,False
KR107694.1,True,False,False,False
KR107695.1,True,False,False,False
KR107696.1,True,False,False,False
KR107697.1,True,False,False,False
KR107698.1,True,False,False,False
KR107699.1,True,False,False,False
KR107700.1,True,False,False,False
KR107701.1,True,False,False,False
KR107702.1,True,False,False,False
KR107703.1,True,False,False,False
KR107704.1,True,False,False,False
KR107705.1,True,False,False,False
KR107706.1,True,False,False,False
KR107707.1,True,False,False,False
KR107708.1,True,False,False,False
KR107709.1,True,False,False,False
KR107710.1,True,False,False,False
KR107711.1,True,False,False,False
KR107712.1,True,False,False,False
KR107713.1,True,False,False,False
KR107714.1,True,False,False,False
KR107715.1,True,False,False,False
KR107716.1,True,False,False,False
KR107717.1,True,False,False,False
KR107718.1,True,False,False,False
KR107719.1,True,False,False,False
KR107720.1,True,False,False,False
KR107721.1,True,False,False,False
KR107722.1,True,False,False,False
KR107723.1,True,False,False,False
KR107724.1,True,False,False,False
KR107725.1,True,False,False,False
KR107726.1,True,False,False,False
KR107727.1,True,False,False,False
KR107728.1,True,False,False,False
KR107729.1,True,False,False,False
KR107730.1,True,False,False,False
KR107731.1,True,False,False,False
KR107732.1,True,False,False,False
KR107733.1,True,False,False,False
KR107734.1,True,False,False,False
KR107735.1,True,False,False,False
KR107736.1,True,False,False,False
KR107737.1,True,False,False,False
KR107738.1,True,False,False,False
KR107739.1,True,False,False,False
KR107740.1,True,False,False,False
KR107741.1,True,False,False,False
KR107742.1,True,False,False,False
KR107743.1,True,False,False,False
KR107744.1,True,False,False,False
KR107745.1,True,False,False,False
KR107746.1,True,False,False,False
KR107747.1,True,False,False,False
KR107748.1,True,False,False,False
KR107749.1,True,False,False,False
KR107750.1,True,False,False,False
KR107751.1,True,False,False,False
KR107752.1,True,False,False,False
KR107753.1,True,False,False,False
KR107754.1,True,False,False,False
KR107755.1,True,False,False,False
KR107756.1,True,False,False,False
KR107757.1,True,False,False,False
KR107758.1,True,False,False,False
KR107759.1,True,False,False,False
KR107760.1,True,False,False,False
KR107761.1,True,False,False,False
KR107762.1,True,False,False,False
KR107763.1,True,False,False,False
KR107764.1,True,False,False,False
KR107765.1,True,False,False,False
KR107766.1,True,False,False,False
KR107767.1,True,False,False,False
KR107768.1,True,False,False,False
KR107769.1,True,False,False,False
KR107770.1,True,False,False,False
KR107771.1,True,False,False,False
KR107772.1,True,False,False,False
KR107773.1,True,False,False,False
KR107774.1,True,False,False,False
KR107775.1,True,False,False,False
KR107776.1,True,False,False,False
KR107777.1,True,False,False,False
KR107778.1,True,False,False,False
KR107779.1,True,False,False,False
KR107780.1,True,False,False,False
KR107781.1,True,False,False,False
KR107782.1,True,False,False,False
KR107783.1,True,False,False,False
KR107784.1,True,False,False,False
KR107785.1,True,False,False,False
KR107786.1,True,False,False,False
KR107787.1,True,False,False,False
KR107788.1,True,False,False,False
KR107789.1,True,False,False,False
KR107790.1,True,False,False,False
KR107791.1,True,False,False,False
KR107792.1,True,False,False,False
KR107793.1,True,False,False,False
KR107794.1,True,False,False,False
KR107795.1,True,False,False,False
KR107796.1,True,False,False,False
KR107797.1,True,False,False,False
KR107798.1,True,False,False,False
KR107799.1,True,False,False,False
KR107800.1,True,False,False,False
KR107801.1,True,False,False,False
KR107802.1,True,False,False,False
KR107803.1,True,False,False,False
KR107804.1,True,False,False,False
KR107805.1,True,False,False,False
KR107806.1,True,False,False,False
KR107807.1,True,False,False,False
KR107808.1,True,False,False,False
KR107809.1,True,False,False,False
KR107810.1,True,False,False,False
KR107811.1,True,False,False,False
KR107812.1,True,False,False,False
KR107813.1,True,False,False,False
KR107814.1,True,False,False,False
KR107815.1,True,False,False,False
KR107816.1,True,False,False,False
KR107817.1,True,False,False,False
KR107818.1,True,False,False,False
KR107819.1,True,False,False,False
KR107820.1,True,False,False,False
KR107821.1,True,False,False,False
KR107822.1,True,False,False,False
KR107823.1,True,False,False,False
KR107824.1,True,False,False,False
KR107825.1,True,False,False,False
KR107826.1,True,False,False,False
KR107827.1,True,False,False,False
KR107828.1,True,False,False,False
KR107829.1,True,False,False,False
KR107830.1,True,False,False,False
KR107831.1,True,False,False,False
KR107832.1,True,False,False,False
KR107833.1,True,False,False,False
KR107834.1,True,False,False,False
KR107835.1,True,False,False,False
KR107836.1,True,False,False,False
KR107837.1,True,False,False,False
KR107838.1,True,False,False,False
KR107839.1,True,False,False,False
KR107840.1,True,False,False,False
KR107841.1,True,False,False,False
KR107842.1,True,False,False,False
KR107843.1,True,False,False,False
KR107844.1,True,False,False,False
KR107845.1,True,False,False,False
KR107846.1,True,False,False,False
KR107847.1,True,False,False,False
KR107848.1,True,False,False,False
KR107849.1,True,False,False,False
KR107850.1,True,False,False,False
KR107851.1,True,False,False,False
KR107852.1,True,False,False,False
KR107853.1,True,False,False,False
KR107854.1,True,False,False,False
KR107855.1,True,False,False,False
KR107856.1,True,False,False,False
KR107857.1,True,False,False,False
KR107858.1,True,False,False,False
KR107859.1,True,False,False,False
KR107860.1,True,False,False,False
KR107861.1,True,False,False,False
KR107862.1,True,False,False,False
KR107863.1,True,False,False,False
KR107864.1,True,False,False,False
KR107865.1,True,False,False,False
KR107866.1,True,False,False,False
KR107867.1,True,False,False,False
KR107868.1,True,False,False,False
KR107869.1,True,False,False,False
KR107870.1,True,False,False,False
KR107871.1,True,False,False,False
KR107872.1,True,False,False,False
KR107873.1,True,False,False,False
KR107874.1,True,False,False,False
KR107875.1,True,False,False,False
KR107876.1,True,False,False,False
KR107877.1,True,False,False,False
KR107878.1,True,False,False,False
KR107879.1,True,False,False,False
KR107880.1,True,False,False,False
KR107881.1,True,False,False,False
KR107882.1,True,False,False,False
KR107883.1,True,False,False,False
KR107884.1,True,False,False,False
KR107885.1,True,False,False,False
KR107886.1,True,False,False,False
KR107887.1,True,False,False,False
KR107888.1,True,False,False,False
KR107889.1,True,False,False,False
KR107890.1,True,False,False,False
KR107891.1,True,False,False,False
KR107892.1,True,False,False,False
KR107893.1,True,False,False,False
KR107894.1,True,False,False,False
KR107895.1,True,False,False,False
KR107896.1,True,False,False,False
KR107897.1,True,False,False,False
KR107898.1,True,False,False,False
KR107899.1,True,False,False,False
KR107900.1,True,False,False,False
KR107901.1,True,False,False,False
KR107902.1,True,False,False,False
KR107903.1,True,False,False,False
KR107904.1,True,False,False,False
KR107905.1,True,False,False,False
KR107906.1,True,False,False,False
KR107907.1,True,False,False,False
KR107908.1,True,False,False,False
KR107909.1,True,False,False,False
KR107910.1,True,False,False,False
KR107911.1,True,False,False,False
KR107912.1,True,False,False,False
KR107913.1,True,False,False,False
KR107914.1,True,False,False,False
KR107915.1,True,False,False,False
KR107916.1,True,False,False,False
KR107917.1,True,False,False,False
KR107918.1,True,False,False,False
KR107919.1,True,False,False,False
KR107920.1,True,False,False,False
KR107921.1,True,False,False,False
KR107922.1,True,False,False,False
KR107923.1,True,False,False,False
KR107924.1,True,False,False,False
KR107925.1,True,False,False,False
KR107926.1,True,False,False,False
KR107927.1,True,False,False,False
KR107928.1,True,False,False,False
KR107929.1,True,False,False,False
KR107930.1,True,False,False,False
KR107931.1,True,False,False,False
KR107932.1,True,False,False,False
KR107933.1,True,False,False,False
KR107934.1,True,False,False,False
KR131725.1,True,False,False,True
KR131726.1,True,False,False,True
KR131727.1,True,False,False,True
KR131728.1,True,False,False,True
KR131729.1,True,False,False,True
KR131730.1,True,False,False,False
KR131731.1,True,False,False,False
KR131732.1,True,False,False,False
KR131733.1,True,False,False,False
KR131734.1,True,False,False,False
KR131735.1,True,False,False,False
KR131736.1,True,False,False,False
KR131737.1,True,False,False,False
KR131738.1,True,False,False,False
KR131761.1,True,False,False,False
KR131762.1,True,False,False,False
KR131763.1,True,False,False,False
KR131764.1,True,False,False,False
KR131765.1,True,False,False,False
KR131766.1,True,False,False,False
KR131767.1,True,False,False,False
KR131768.1,True,False,False,False
KR131769.1,True,False,False,False
KR131770.1,True,False,False,False
KR131771.1,True,False,False,False
KR131772.1,True,False,False,False
KR131773.1,True,False,False,False
KR131774.1,True,False,False,False
KR131775.1,True,False,False,False
KR131776.1,True,False,False,False
KR131777.1,True,False,False,False
KR131778.1,True,False,False,False
KR131779.1,True,False,False,False
KR131780.1,True,False,False,False
KR131781.1,True,False,False,False
KR131782.1,True,False,False,False
KR131783.1,True,False,False,False
KR131784.1,True,False,False,False
KR131785.1,True,False,False,False
KR136305.1,True,False,False,False
KR136306.1,True,False,False,False
KR136307.1,True,False,False,False
KR136308.1,True,False,False,False
KR136309.1,True,False,False,False
KR136310.1,True,False,False,False
KR136311.1,True,False,False,False
KR136312.1,True,False,False,False
KR136313.1,True,False,False,False
KR136314.1,True,False,False,False
KR269694.1,True,False,False,False
KR269695.1,True,False,False,False
KR269696.1,True,False,False,False
KR269697.1,True,False,False,False
KR269698.1,True,False,False,False
KR269699.1,True,False,False,False
KR270442.1,True,False,False,False
KR270443.1,True,False,False,False
KR270444.1,True,False,False,False
KR270445.1,True,False,False,False
KR270446.1,True,False,False,False
KR270447.1,True,False,False,False
KR270448.1,True,False,False,False
KR270449.1,True,False,False,False
KR338878.1,True,False,False,False
KR338879.1,True,False,False,False
KR338880.1,True,False,False,False
KR338881.1,True,False,False,False
KR338882.1,True,False,False,False
KR338883.1,True,False,False,False
KR338884.1,True,False,False,False
KR338885.1,True,False,False,False
KR338886.1,True,False,False,False
KR338887.1,True,False,False,False
KR338888.1,True,False,False,False
KR338889.1,True,False,False,False
KR338890.1,True,False,False,False
KR350622.1,True,False,False,False
KR350623.1,True,False,False,False
KR350624.1,True,False,False,False
KR350625.1,True,False,False,False
KR350626.1,True,False,False,False
KR350627.1,True,False,False,False
KR350628.1,True,False,False,False
KR361528.1,True,False,False,False
KR361529.1,True,False,False,False
KR361530.1,True,False,False,False
KR361531.1,True,False,False,False
KR361532.1,True,False,False,False
KR361533.1,True,False,False,False
KR361534.1,True,False,False,False
KR361535.1,True,False,False,False
KR361536.1,True,False,False,False
KR361537.1,True,False,False,False
KR361538.1,True,False,False,False
KR361539.1,True,False,False,False
KR361540.1,True,False,False,False
KR361541.1,True,False,False,False
KR361542.1,True,False,False,False
KR361543.1,True,False,False,False
KR361544.1,True,False,False,False
KR361545.1,True,False,False,False
KR361546.1,True,False,False,False
KR361547.1,True,False,False,False
KR361548.1,True,False,False,False
KR493341.1,True,False,False,False
KR493342.1,True,False,False,False
KR493343.1,True,False,False,False
KR493344.1,True,False,False,False
KR493345.1,True,False,False,False
KR493346.1,True,False,False,False
KR493347.1,True,False,False,False
KR611787.1,True,False,False,True
KR611788.1,True,False,False,True
KR611789.1,True,False,False,True
KR611790.1,True,False,False,True
KR611791.1,True,False,False,True
KR706331.1,True,False,False,True
KR706332.1,True,False,False,True
KR706333.1,True,False,False,True
KR706334.1,True,False,False,True
KR706335.1,True,False,False,True
KR706336.1,True,False,False,True
KR706337.1,True,False,False,True
KR706338.1,True,False,False,True
KR706339.1,True,False,False,True
KR706340.1,True,False,False,True
KR706341.1,True,False,False,True
KR706342.1,True,False,False,True
KR706448.1,False,False,False,True
KR706449.1,False,False,False,True
KR706450.1,False,False,False,True
KR706451.1,False,False,False,True
KR706452.1,False,False,False,True
KR706453.1,False,False,False,True
KR706454.1,False,False,False,True
KR858308.1,True,False,False,True
KR869037.1,True,False,False,False
KR869038.1,True,False,False,False
KR869039.1,True,False,False,False
KR869040.1,True,False,False,False
KR869041.1,True,False,False,False
KR869042.1,True,False,False,False
KR869043.1,True,False,False,False
KR869044.1,True,False,False,False
KR869045.1,True,False,False,False
KR869046.1,True,False,False,False
KR869047.1,True,False,False,False
KR869048.1,True,False,False,False
KR869049.1,True,False,False,False
KR869050.1,True,False,False,False
KR869051.1,True,False,False,False
KR869052.1,True,False,False,False
KR869053.1,True,False,False,False
KR869054.1,True,False,False,False
KR869055.1,True,False,False,False
KR869056.1,True,False,False,False
KR869057.1,True,False,False,False
KR869058.1,True,False,False,False
KR869059.1,True,False,False,False
KR869060.1,True,False,False,False
KR869061.1,True,False,False,False
KR869062.1,True,False,False,False
KR869063.1,True,False,False,False
KR869064.1,True,False,False,False
KR869065.1,True,False,False,False
KR869066.1,True,False,False,False
KR869067.1,True,False,False,False
KR869068.1,True,False,False,False
KR869069.1,True,False,False,False
KR869070.1,True,False,False,False
KR869071.1,True,False,False,False
KR869072.1,True,False,False,False
KR869073.1,True,False,False,False
KR869074.1,True,False,False,False
KR869075.1,True,False,False,False
KR869076.1,True,False,False,False
KR869077.1,True,False,False,False
KR869078.1,True,False,False,False
KR869079.1,True,False,False,False
KR869080.1,True,False,False,False
KR869081.1,True,False,False,False
KR869082.1,True,False,False,False
KR869083.1,True,False,False,False
KR869084.1,True,False,False,False
KR869085.1,True,False,False,False
KR869086.1,True,False,False,False
KR904239.1,True,False,False,False
KR904240.1,True,False,False,False
KR904241.1,True,False,False,False
KR904242.1,True,False,False,False
KR904243.1,True,False,False,False
KR904244.1,True,False,False,False
KR904245.1,True,False,False,False
KR904246.1,True,False,False,False
KR904247.1,True,False,False,False
KR904248.1,True,False,False,False
KR904249.1,True,False,False,False
KR904250.1,True,False,False,False
KR904251.1,True,False,False,False
KR904252.1,True,False,False,False
KR904253.1,True,False,False,False
KR904254.1,True,False,False,False
KR904255.1,True,False,False,False
KR904256.1,True,False,False,False
KR904257.1,True,False,False,False
KR904258.1,True,False,False,False
KR904259.1,True,False,False,False
KR904260.1,True,False,False,False
KR904261.1,True,False,False,False
KR904262.1,True,False,False,False
KR904263.1,True,False,False,False
KR904264.1,True,False,False,False
KR904265.1,True,False,False,False
KR904266.1,True,False,False,False
KR904267.1,True,False,False,False
KR904268.1,True,False,False,False
KR904269.1,True,False,False,False
KR904270.1,True,False,False,False
KR904271.1,True,False,False,False
KR904272.1,True,False,False,False
KR904273.1,True,False,False,False
KR904274.1,True,False,False,False
KR904275.1,True,False,False,False
KR904276.1,True,False,False,False
KR904277.1,True,False,False,False
KR904278.1,True,False,False,False
KR904279.1,True,False,False,False
KR904280.1,True,False,False,False
KR904281.1,True,False,False,False
KR921935.1,True,False,False,False
KR921936.1,True,False,False,False
KR921937.1,True,False,False,False
KR921938.1,True,False,False,False
KR921939.1,True,False,False,False
KR921940.1,True,False,False,False
KR921941.1,True,False,False,False
KR921942.1,True,False,False,False
KT030674.1,True,False,False,False
KT033902.1,True,False,False,False
KT033903.1,True,False,False,False
KT033904.1,True,False,False,False
KT033905.1,True,False,False,False
KT150976.1,True,False,False,False
KT150977.1,True,False,False,False
KT150978.1,True,False,False,False
KT150979.1,True,False,False,False
KT150980.1,True,False,False,False
KT150981.1,True,False,False,False
KT150982.1,True,False,False,False
KT150983.1,True,False,False,False
KT150984.1,True,False,False,False
KT150985.1,True,False,False,False
KT150986.1,True,False,False,False
KT150987.1,True,False,False,False
KT150988.1,True,False,False,False
KT150989.1,True,False,False,False
KT150990.1,True,False,False,False
KT150991.1,True,False,False,False
KT150992.1,True,False,False,False
KT150993.1,True,False,False,False
KT150994.1,True,False,False,False
KT150995.1,True,False,False,False
KT150996.1,True,False,False,False
KT150997.1,True,False,False,False
KT150998.1,True,False,False,False
KT150999.1,True,False,False,False
KT151000.1,True,False,False,False
KT151001.1,True,False,False,False
KT151002.1,True,False,False,False
KT151003.1,True,False,False,False
KT151004.1,True,False,False,False
KT151005.1,True,False,False,False
KT151006.1,True,False,False,False
KT151007.1,True,False,False,False
KT151008.1,True,False,False,False
KT151009.1,True,False,False,False
KT151010.1,True,False,False,False
KT151011.1,True,False,False,False
KT151012.1,True,False,False,False
KT151013.1,True,False,False,False
KT151014.1,True,False,False,False
KT151015.1,True,False,False,False
KT151016.1,True,False,False,False
KT151017.1,True,False,False,False
KT151018.1,True,False,False,False
KT151019.1,True,False,False,False
KT151020.1,True,False,False,False
KT151021.1,True,False,False,False
KT151022.1,True,False,False,False
KT151023.1,True,False,False,False
KT151024.1,True,False,False,False
KT151025.1,True,False,False,False
KT151026.1,True,False,False,False
KT151027.1,True,False,False,False
KT151028.1,True,False,False,False
KT151029.1,True,False,False,False
KT151030.1,True,False,False,False
KT151031.1,True,False,False,False
KT151032.1,True,False,False,False
KT151033.1,True,False,False,False
KT151034.1,True,False,False,False
KT151035.1,True,False,False,False
KT151036.1,True,False,False,False
KT151037.1,True,False,False,False
KT151038.1,True,False,False,False
KT151039.1,True,False,False,False
KT151040.1,True,False,False,False
KT151041.1,True,False,False,False
KT151042.1,True,False,False,False
KT151043.1,True,False,False,False
KT151044.1,True,False,False,False
KT151045.1,True,False,False,False
KT151046.1,True,False,False,False
KT151047.1,True,False,False,False
KT151048.1,True,False,False,False
KT151049.1,True,False,False,False
KT151050.1,True,False,False,False
KT151051.1,True,False,False,False
KT151052.1,True,False,False,False
KT151053.1,True,False,False,False
KT151054.1,True,False,False,False
KT151055.1,True,False,False,False
KT151056.1,True,False,False,False
KT151057.1,True,False,False,False
KT151058.1,True,False,False,False
KT151059.1,True,False,False,False
KT151060.1,True,False,False,False
KT151061.1,True,False,False,False
KT151062.1,True,False,False,False
KT151063.1,True,False,False,False
KT151064.1,True,False,False,False
KT151065.1,True,False,False,False
KT151066.1,True,False,False,False
KT151067.1,True,False,False,False
KT151068.1,True,False,False,False
KT151069.1,True,False,False,False
KT151070.1,True,False,False,False
KT190704.1,True,False,False,False
KT224470.2,False,False,True,False
KT224473.2,True,False,False,False
KT224474.2,False,False,True,False
KT224476.2,False,False,True,False
KT224478.2,False,False,True,False
KT224479.2,False,False,True,False
KT224480.2,False,False,True,False
KT224481.2,False,False,True,False
KT224482.2,False,False,True,False
KT224483.2,False,False,True,False
KT224484.2,True,False,True,False
KT239551.1,True,False,False,False
KT239552.1,True,False,False,False
KT239553.1,True,False,False,False
KT239554.1,True,False,False,False
KT239555.1,True,False,False,False
KT239556.1,True,False,False,False
KT239557.1,True,False,False,False
KT239558.1,True,False,False,False
KT239559.1,True,False,False,False
KT239560.1,True,False,False,False
KT239561.1,True,False,False,False
KT239562.1,True,False,False,False
KT239563.1,True,False,False,False
KT239564.1,True,False,False,False
KT239565.1,True,False,False,False
KT239566.1,True,False,False,False
KT239567.1,True,False,False,False
KT239568.1,True,False,False,False
KT239569.1,True,False,False,False
KT239570.1,True,False,False,False
KT239571.1,True,False,False,False
KT239572.1,True,False,False,False
KT239573.1,True,False,False,False
KT239574.1,True,False,False,False
KT239575.1,True,False,False,False
KT239576.1,True,False,False,False
KT239577.1,True,False,False,False
KT239578.1,True,False,False,False
KT239579.2,True,False,False,False
KT239580.1,True,False,False,False
KT239581.1,True,False,False,False
KT239582.1,True,False,False,False
KT239583.1,True,False,False,False
KT239584.1,True,False,False,False
KT239585.1,True,False,False,False
KT239586.1,True,False,False,False
KT239587.1,True,False,False,False
KT239588.1,True,False,False,False
KT239589.1,True,False,False,False
KT239590.1,True,False,False,False
KT239591.1,True,False,False,False
KT239592.1,True,False,False,False
KT239593.1,True,False,False,False
KT239594.1,True,False,False,False
KT239595.1,True,False,False,False
KT239596.1,True,False,False,False
KT239597.1,True,False,False,False
KT239598.1,True,False,False,False
KT239599.1,True,False,False,False
KT239600.1,True,False,False,False
KT239601.1,True,False,False,False
KT239602.1,True,False,False,False
KT239603.1,True,False,False,False
KT239604.1,True,False,False,False
KT239605.1,True,False,False,False
KT239606.1,True,False,False,False
KT239607.1,True,False,False,False
KT239608.1,True,False,False,False
KT239609.1,True,False,False,False
KT239610.1,True,False,False,False
KT239611.1,True,False,False,False
KT239612.1,True,False,False,False
KT239613.1,True,False,False,False
KT239614.1,True,False,False,False
KT239615.1,True,False,False,False
KT239616.1,True,False,False,False
KT239617.1,True,False,False,False
KT239618.1,True,False,False,False
KT239619.1,True,False,False,False
KT239620.1,True,False,False,False
KT239621.1,True,False,False,False
KT239622.1,True,False,False,False
KT239623.1,True,False,False,False
KT239624.1,True,False,False,False
KT239625.1,True,False,False,False
KT239626.1,True,False,False,False
KT239627.1,True,False,False,False
KT239628.1,True,False,False,False
KT239629.1,True,False,False,False
KT239630.1,True,False,False,False
KT239631.1,True,False,False,False
KT239632.1,True,False,False,False
KT239633.1,True,False,False,False
KT239634.1,True,False,False,False
KT239635.1,True,False,False,False
KT239636.1,True,False,False,False
KT239637.1,True,False,False,False
KT239638.1,True,False,False,False
KT239639.1,True,False,False,False
KT239640.1,True,False,False,False
KT239641.1,True,False,False,False
KT239642.1,True,False,False,False
KT239643.1,True,False,False,False
KT239644.1,True,False,False,False
KT239645.1,True,False,False,False
KT239646.1,True,False,False,False
KT239647.1,True,False,False,False
KT239648.1,True,False,False,False
KT239649.1,True,False,False,False
KT285173.1,True,False,False,False
KT315668.1,True,False,False,False
KT315669.1,True,False,False,False
KT315670.1,True,False,False,False
KT315671.1,True,False,False,False
KT315672.1,True,False,False,False
KT315673.1,True,False,False,False
KT315674.1,True,False,False,False
KT315675.1,True,False,False,False
KT315676.1,True,False,False,False
KT315677.1,True,False,False,False
KT315678.1,True,False,False,False
KT315679.1,True,False,False,False
KT315680.1,True,False,False,False
KT315681.1,True,False,False,False
KT315682.1,True,False,False,False
KT315683.1,True,False,False,False
KT315684.1,True,False,False,False
KT315685.1,True,False,False,False
KT315686.1,True,False,False,False
KT315687.1,True,False,False,False
KT315688.1,True,False,False,False
KT315689.1,True,False,False,False
KT315690.1,True,False,False,False
KT315691.1,True,False,False,False
KT315692.1,True,False,False,False
KT315693.1,True,False,False,False
KT315694.1,True,False,False,False
KT315695.1,True,False,False,False
KT315696.1,True,False,False,False
KT315697.1,True,False,False,False
KT315698.1,True,False,False,False
KT315699.1,True,False,False,False
KT315700.1,True,False,False,False
KT315701.1,True,False,False,False
KT315702.1,True,False,False,False
KT315703.1,True,False,False,False
KT315704.1,True,False,False,False
KT315705.1,True,False,False,False
KT315706.1,True,False,False,False
KT315707.1,True,False,False,False
KT315708.1,True,False,False,False
KT315709.1,True,False,False,False
KT315710.1,True,False,False,False
KT315711.1,True,False,False,False
KT315712.1,True,False,False,False
KT315713.1,True,False,False,False
KT315714.1,True,False,False,False
KT315715.1,True,False,False,False
KT315716.1,True,False,False,False
KT315717.1,True,False,False,False
KT315718.1,True,False,False,False
KT315719.1,True,False,False,False
KT326180.1,True,False,False,False
KT326181.1,True,False,False,False
KT326182.1,True,False,False,False
KT346356.1,True,False,False,False
KT346358.1,True,False,False,False
KT346370.1,True,False,False,False
KT364262.1,True,False,False,False
KT382965.1,True,False,False,False
KT382966.1,True,False,False,False
KT382967.1,True,False,False,False
KT382968.1,True,False,False,True
KT382969.1,True,False,False,False
KT438785.1,False,False,False,True
KT438786.1,False,False,False,True
KT438787.1,False,False,False,True
KT438788.1,False,False,False,True
KT438789.1,False,False,False,True
KT438790.1,False,False,False,True
KT438791.1,False,False,False,True
KT438792.1,False,False,False,True
KT438793.1,False,False,False,True
KT438794.1,False,False,False,True
KT438795.1,False,False,False,True
KT438796.1,False,False,False,True
KT438797.1,False,False,False,True
KT438798.1,False,False,False,True
KT438799.1,False,False,False,True
KT438800.1,False,False,False,True
KT438801.1,False,False,False,True
KT438802.1,True,False,False,True
KT438803.1,True,False,False,True
KT438804.1,True,False,False,True
KT438805.1,True,False,False,True
KT444636.1,True,False,False,False
KT444637.1,True,False,False,False
KT444638.1,True,False,False,False
KT444639.1,True,False,False,False
KT444640.1,True,False,False,False
KT444641.1,True,False,False,False
KT444642.1,True,False,False,False
KT444643.1,True,False,False,False
KT444644.1,True,False,False,False
KT444645.1,True,False,False,False
KT444646.1,True,False,False,False
KT444647.1,True,False,False,False
KT444648.1,True,False,False,False
KT444649.1,True,False,False,False
KT444650.1,True,False,False,False
KT444651.1,True,False,False,False
KT444652.1,True,False,False,False
KT444653.1,True,False,False,False
KT444654.1,True,False,False,False
KT444655.1,True,False,False,False
KT444656.1,True,False,False,False
KT444657.1,True,False,False,False
KT444658.1,True,False,False,False
KT444659.1,True,False,False,False
KT444660.1,True,False,False,False
KT444661.1,True,False,False,False
KT591492.1,True,False,False,False
KT591493.1,True,False,False,False
KT591494.1,True,False,False,False
KT591495.1,True,False,False,False
KT591496.1,True,False,False,False
KT591497.1,True,False,False,False
KT591498.1,True,False,False,False
KT591499.1,True,False,False,False
KT591500.1,True,False,False,False
KT591501.2,True,False,False,False
KT633382.1,True,False,False,False
KT633383.1,True,False,False,False
KT633384.1,True,False,False,False
KT633385.1,True,False,False,False
KT633386.1,True,False,False,False
KT633387.1,True,False,False,False
KT633388.1,True,False,False,False
KT633389.1,True,False,False,False
KT633390.1,True,False,False,False
KT633391.1,True,False,False,False
KT633392.1,True,False,False,False
KT633393.1,True,False,False,False
KT633394.1,True,False,False,False
KT633395.1,True,False,False,False
KT633396.1,True,False,False,False
KT634313.1,True,False,False,False
KT634314.1,True,False,False,True
KT716704.1,True,False,False,False
KT716705.1,True,False,False,False
KT716706.1,True,False,False,False
KT716707.1,True,False,False,False
KT716708.1,True,False,False,False
KT716709.1,True,False,False,False
KT716710.1,True,False,False,False
KT716711.1,True,False,False,False
KT716712.1,True,False,False,False
KT716713.1,True,False,False,False
KT716714.1,True,False,False,False
KT716715.1,True,False,False,False
KT716716.1,True,False,False,False
KT716717.1,True,False,False,False
KT716718.1,True,False,False,False
KT716719.1,True,False,False,False
KT716720.1,True,False,False,False
KT716721.1,True,False,False,False
KT716722.1,True,False,False,False
KT716723.1,True,False,False,False
KT716724.1,True,False,False,False
KT716725.1,True,False,False,False
KT716726.1,True,False,False,False
KT716727.1,True,False,False,False
KT716728.1,True,False,False,False
KT716729.1,True,False,False,False
KT716730.1,True,False,False,False
KT716731.1,True,False,False,False
KT716732.1,True,False,False,False
KT716733.1,True,False,False,False
KT716734.1,True,False,False,False
KT716735.1,True,False,False,False
KT716736.1,True,False,False,False
KT716737.1,True,False,False,False
KT716738.1,True,False,False,False
KT716739.1,True,False,False,False
KT716740.1,True,False,False,False
KT716741.1,True,False,False,False
KT716742.1,True,False,False,False
KT716743.1,True,False,False,False
KT716744.1,True,False,False,False
KT716745.1,True,False,False,False
KT716746.1,True,False,False,False
KT716747.1,True,False,False,False
KT716748.1,True,False,False,False
KT716749.1,True,False,False,False
KT716750.1,True,False,False,False
KT716751.1,True,False,False,False
KT716752.1,True,False,False,False
KT716753.1,True,False,False,False
KT716754.1,True,False,False,False
KT716755.1,True,False,False,False
KT732274.1,True,False,False,False
KT732275.1,True,False,False,False
KT732276.1,True,False,False,False
KT732277.1,True,False,False,False
KT732278.1,True,False,False,False
KT732279.1,True,False,False,False
KT732280.1,True,False,False,False
KT732281.1,True,False,False,False
KT734635.1,False,False,False,True
KT734636.1,False,False,False,True
KT734637.1,False,False,False,True
KT780371.1,True,False,False,False
KT780372.1,True,False,False,False
KT780373.1,True,False,False,False
KT780374.1,True,False,False,False
KT780375.1,True,False,False,False
KT780376.1,True,False,False,False
KT780377.1,True,False,False,False
KT780378.1,True,False,False,False
KT780379.1,True,False,False,False
KT780380.1,True,False,False,False
KT780381.1,True,False,False,False
KT780382.1,True,False,False,False
KT780383.1,True,False,False,False
KT780384.1,True,False,False,False
KT780385.1,True,False,False,False
KT780386.1,True,False,False,False
KT780387.1,True,False,False,False
KT780388.1,True,False,False,False
KT780389.1,True,False,False,False
KT780390.1,True,False,False,False
KT780391.1,True,False,False,False
KT780392.1,True,False,False,False
KT780393.1,True,False,False,False
KT780394.1,True,False,False,False
KT780395.1,True,False,False,False
KT780396.1,True,False,False,False
KT780397.1,True,False,False,False
KT780398.1,True,False,False,False
KT780399.1,True,False,False,False
KT780400.1,True,False,False,False
KT780401.1,True,False,False,False
KT780402.1,True,False,False,False
KT780403.1,True,False,False,False
KT780404.1,True,False,False,False
KT780405.1,True,False,False,False
KT780406.1,True,False,False,False
KT780407.1,True,False,False,False
KT780408.1,True,False,False,False
KT780409.1,True,False,False,False
KT780410.1,True,False,False,False
KT780411.1,True,False,False,False
KT780412.1,True,False,False,False
KT780413.1,True,False,False,False
KT780414.1,True,False,False,False
KT780415.1,True,False,False,False
KT780416.1,True,False,False,False
KT781411.1,True,False,False,False
KT906669.1,True,False,False,False
KT906670.1,True,False,False,False
KT906671.1,True,False,False,False
KT943508.1,True,False,False,False
KT943509.1,True,False,False,False
KT962982.1,True,False,False,False
KT962983.1,True,False,False,False
KT970472.1,False,False,False,True
KT970473.1,False,False,False,True
KT992786.1,True,False,False,False
KT992789.1,True,False,False,False
KU041540.1,True,False,False,False
KU041541.1,True,False,False,False
KU041542.1,True,False,False,False
KU041543.1,True,False,False,False
KU041544.1,True,False,False,False
KU041545.1,True,False,False,False
KU041546.1,True,False,False,False
KU041547.1,True,False,False,False
KU041548.1,True,False,False,False
KU041549.1,True,False,False,False
KU041550.1,True,False,False,False
KU041551.1,True,False,False,False
KU041552.1,True,False,False,False
KU041553.1,True,False,False,False
KU041554.1,True,False,False,False
KU041555.1,True,False,False,False
KU041556.1,True,False,False,False
KU041557.1,True,False,False,False
KU041558.1,True,False,False,False
KU041559.1,True,False,False,False
KU041560.1,True,False,False,False
KU041561.1,True,False,False,False
KU041562.1,True,False,False,False
KU041563.1,True,False,False,False
KU041564.1,True,False,False,False
KU041565.1,True,False,False,False
KU041566.1,True,False,False,False
KU041567.1,True,False,False,False
KU041568.1,True,False,False,False
KU041569.1,True,False,False,False
KU041570.1,True,False,False,False
KU041571.1,True,False,False,False
KU041572.1,True,False,False,False
KU041573.1,True,False,False,False
KU041574.1,True,False,False,False
KU041575.1,True,False,False,False
KU041576.1,True,False,False,False
KU041577.1,True,False,False,False
KU041578.1,True,False,False,False
KU041579.1,True,False,False,False
KU041580.1,True,False,False,False
KU041581.1,True,False,False,False
KU173780.1,True,False,False,False
KU173781.1,True,False,False,False
KU173782.1,True,False,False,False
KU173783.1,True,False,False,False
KU173784.1,True,False,False,False
KU173785.1,True,False,False,False
KU173786.1,True,False,False,False
KU173787.1,True,False,False,False
KU173788.1,True,False,False,False
KU173789.1,True,False,False,False
KU173790.1,True,False,False,False
KU175655.1,True,False,False,False
KU175656.1,True,False,False,False
KU175657.1,True,False,False,False
KU175658.1,True,False,False,False
KU175659.1,True,False,False,False
KU175660.1,True,False,False,False
KU175661.1,True,False,False,False
KU175662.1,True,False,False,False
KU175663.1,True,False,False,False
KU175664.1,True,False,False,False
KU175665.1,True,False,False,False
KU175666.1,True,False,False,False
KU175667.1,True,False,False,False
KU175668.1,True,False,False,False
KU175669.1,True,False,False,False
KU175670.1,True,False,False,False
KU175672.1,True,False,False,False
KU175673.1,True,False,False,False
KU175674.1,True,False,False,False
KU193690.1,True,False,False,False
KU193691.1,True,False,False,False
KU193692.1,True,False,False,False
KU193693.1,True,False,False,False
KU193694.1,True,False,False,False
KU193695.1,True,False,False,False
KU193696.1,True,False,False,False
KU193697.1,True,False,False,False
KU193698.1,True,False,False,False
KU193699.1,True,False,False,False
KU193700.1,True,False,False,False
KU193701.1,True,False,False,False
KU193702.1,True,False,False,False
KU193703.1,True,False,False,False
KU193704.1,True,False,False,False
KU193705.1,True,False,False,False
KU193706.1,True,False,False,False
KU194783.1,True,False,False,False
KU194784.1,True,False,False,False
KU194785.1,True,False,False,False
KU194786.1,True,False,False,False
KU194787.1,True,False,False,False
KU194788.1,True,False,False,False
KU194789.1,True,False,False,False
KU194790.1,True,False,False,False
KU194791.1,True,False,False,False
KU194792.1,True,False,False,False
KU194793.1,True,False,False,False
KU194794.1,True,False,False,False
KU194795.1,True,False,False,False
KU194796.1,True,False,False,False
KU194797.1,True,False,False,False
KU194798.1,True,False,False,False
KU194799.1,True,False,False,False
KU194800.1,True,False,False,False
KU194801.1,True,False,False,False
KU194802.1,True,False,False,False
KU194803.1,True,False,False,False
KU194804.1,True,False,False,False
KU194805.1,True,False,False,False
KU194806.1,True,False,False,False
KU194807.1,True,False,False,False
KU194808.1,True,False,False,False
KU194809.1,True,False,False,False
KU194810.1,True,False,False,False
KU194811.1,True,False,False,False
KU194812.1,True,False,False,False
KU194813.1,True,False,False,False
KU194814.1,True,False,False,False
KU194815.1,True,False,False,False
KU194816.1,True,False,False,False
KU194817.1,True,False,False,False
KU194818.1,True,False,False,False
KU194819.1,True,False,False,False
KU194820.1,True,False,False,False
KU194821.1,True,False,False,False
KU194822.1,True,False,False,False
KU194823.1,True,False,False,False
KU194824.1,True,False,False,False
KU194825.1,True,False,False,False
KU194826.1,True,False,False,False
KU194827.1,True,False,False,False
KU194828.1,True,False,False,False
KU194829.1,True,False,False,False
KU194830.1,True,False,False,False
KU194831.1,True,False,False,False
KU194832.1,True,False,False,False
KU194833.1,True,False,False,False
KU194834.1,True,False,False,False
KU194835.1,True,False,False,False
KU194836.1,True,False,False,False
KU194837.1,True,False,False,False
KU194838.1,True,False,False,False
KU194839.1,True,False,False,False
KU194840.1,True,False,False,False
KU194841.1,True,False,False,False
KU194842.1,True,False,False,False
KU194843.1,True,False,False,False
KU194844.1,True,False,False,False
KU194845.1,True,False,False,False
KU194846.1,True,False,False,False
KU194847.1,True,False,False,False
KU194848.1,True,False,False,False
KU194849.1,True,False,False,False
KU194850.1,True,False,False,False
KU194851.1,True,False,False,False
KU194852.1,True,False,False,False
KU194853.1,True,False,False,False
KU194854.1,True,False,False,False
KU194855.1,True,False,False,False
KU194856.1,True,False,False,False
KU194857.1,True,False,False,False
KU194858.1,True,False,False,False
KU194859.1,True,False,False,False
KU194860.1,True,False,False,False
KU194861.1,True,False,False,False
KU194862.1,True,False,False,False
KU194863.1,True,False,False,False
KU194864.1,True,False,False,False
KU194865.1,True,False,False,False
KU194866.1,True,False,False,False
KU194867.1,True,False,False,False
KU194868.1,True,False,False,False
KU194869.1,True,False,False,False
KU194870.1,True,False,False,False
KU194871.1,True,False,False,False
KU194872.1,True,False,False,False
KU194873.1,True,False,False,False
KU194874.1,True,False,False,False
KU194875.1,True,False,False,False
KU194876.1,True,False,False,False
KU194877.1,True,False,False,False
KU194878.1,True,False,False,False
KU194879.1,True,False,False,False
KU194880.1,True,False,False,False
KU194881.1,True,False,False,False
KU194882.1,True,False,False,False
KU194883.1,True,False,False,False
KU194884.1,True,False,False,False
KU194885.1,True,False,False,False
KU194886.1,True,False,False,False
KU194887.1,True,False,False,False
KU194888.1,True,False,False,False
KU194889.1,True,False,False,False
KU194890.1,True,False,False,False
KU194891.1,True,False,False,False
KU194892.1,True,False,False,False
KU194893.1,True,False,False,False
KU194894.1,True,False,False,False
KU194895.1,True,False,False,False
KU194896.1,True,False,False,False
KU194897.1,True,False,False,False
KU194898.1,True,False,False,False
KU194899.1,True,False,False,False
KU194900.1,True,False,False,False
KU194901.1,True,False,False,False
KU194902.1,True,False,False,False
KU194903.1,True,False,False,False
KU194904.1,True,False,False,False
KU194905.1,True,False,False,False
KU194906.1,True,False,False,False
KU194907.1,True,False,False,False
KU194908.1,True,False,False,False
KU194909.1,True,False,False,False
KU194910.1,True,False,False,False
KU194911.1,True,False,False,False
KU194912.1,True,False,False,False
KU194913.1,True,False,False,False
KU194914.1,True,False,False,False
KU194915.1,True,False,False,False
KU194916.1,True,False,False,False
KU194917.1,True,False,False,False
KU194918.1,True,False,False,False
KU194919.1,True,False,False,False
KU194920.1,True,False,False,False
KU194921.1,True,False,False,False
KU194922.1,True,False,False,False
KU289215.1,True,False,False,True
KU289216.1,True,False,False,True
KU289217.1,True,False,False,True
KU289218.1,True,False,False,True
KU289219.1,True,False,False,True
KU289223.1,True,False,False,False
KU289224.1,True,False,False,False
KU289225.1,True,False,False,False
KU289226.1,True,False,False,False
KU289227.1,True,False,False,False
KU289228.1,True,False,False,False
KU289229.1,True,False,False,False
KU289230.1,True,False,False,False
KU289231.1,True,False,False,False
KU289232.1,True,False,False,False
KU289233.1,True,False,False,False
KU291218.1,True,False,False,True
KU291219.1,True,False,False,True
KU291220.1,True,False,False,True
KU291221.1,True,False,False,True
KU291222.1,True,False,False,True
KU291223.1,True,False,False,True
KU291224.1,True,False,False,True
KU291225.1,True,False,False,True
KU291226.1,True,False,False,True
KU291227.1,True,False,False,True
KU291228.1,True,False,False,True
KU291229.1,True,False,False,True
KU291230.1,True,False,False,True
KU291231.1,True,False,False,True
KU291232.1,True,False,False,True
KU291233.1,True,False,False,True
KU291234.1,True,False,False,True
KU291235.1,True,False,False,True
KU291236.1,True,False,False,True
KU291237.1,True,False,False,True
KU292001.1,True,False,False,True
KU298647.1,True,False,False,True
KU298648.1,True,False,False,True
KU298649.1,True,False,False,True
KU298650.1,True,False,False,True
KU298651.1,True,False,False,True
KU298652.1,True,False,False,True
KU298653.1,True,False,False,True
KU298654.1,True,False,False,True
KU298655.1,True,False,False,True
KU298656.1,True,False,False,True
KU298657.1,True,False,False,True
KU298658.1,True,False,False,True
KU298659.1,True,False,False,True
KU298660.1,True,False,False,True
KU298661.1,False,False,False,True
KU298662.1,False,False,False,True
KU308379.1,True,False,False,False
KU310883.1,True,False,False,True
KU310884.1,True,False,False,True
KU310885.1,True,False,False,True
KU310886.1,True,False,False,True
KU310887.1,True,False,False,True
KU310888.1,True,False,False,True
KU311158.1,True,False,False,False
KU311160.2,True,False,False,False
KU311161.1,True,False,False,False
KU311162.1,True,False,False,False
KU311163.1,True,False,False,False
KU351252.1,True,False,False,False
KU516833.1,False,False,False,True
KU516834.1,False,False,False,True
KU516835.1,False,False,False,True
KU516836.1,False,False,False,True
KU516837.1,False,False,False,True
KU516838.1,False,False,False,True
KU516839.1,False,False,False,True
KU516840.1,False,False,False,True
KU516841.1,False,False,False,True
KU516842.1,False,False,False,True
KU516843.1,False,False,False,True
KU516844.1,False,False,False,True
KU516845.1,False,False,False,True
KU516846.1,False,False,False,True
KU516847.1,False,False,False,True
KU516848.1,False,False,False,True
KU516849.1,False,False,False,True
KU516850.1,False,False,False,True
KU516851.1,False,False,False,True
KU516852.1,False,False,False,True
KU516853.1,False,False,False,True
KU516854.1,False,False,False,True
KU516855.1,False,False,False,True
KU516856.1,False,False,False,True
KU516857.1,False,False,False,True
KU516858.1,False,False,False,True
KU516859.1,False,False,False,True
KU516860.1,False,False,False,True
KU516861.1,False,False,False,True
KU516862.1,False,False,False,True
KU516863.1,False,False,False,True
KU516864.1,False,False,False,True
KU516865.1,False,False,False,True
KU516866.1,False,False,False,True
KU516867.1,False,False,False,True
KU516868.1,False,False,False,True
KU516869.1,False,False,False,True
KU516870.1,False,False,False,True
KU516871.1,False,False,False,True
KU516872.1,False,False,False,True
KU516873.1,False,False,False,True
KU516874.1,False,False,False,True
KU516875.1,False,False,False,True
KU516876.1,False,False,False,True
KU516877.1,False,False,False,True
KU516878.1,False,False,False,True
KU516879.1,False,False,False,True
KU516880.1,False,False,False,True
KU516881.1,False,False,False,True
KU516882.1,False,False,False,True
KU516883.1,False,False,False,True
KU516884.1,False,False,False,True
KU516885.1,False,False,False,True
KU516886.1,False,False,False,True
KU516887.1,False,False,False,True
KU516888.1,False,False,False,True
KU516889.1,False,False,False,True
KU516890.1,False,False,False,True
KU516891.1,False,False,False,True
KU516892.1,False,False,False,True
KU516893.1,False,False,False,True
KU516894.1,False,False,False,True
KU516895.1,False,False,False,True
KU516896.1,False,False,False,True
KU516897.1,False,False,False,True
KU516898.1,False,False,False,True
KU516899.1,False,False,False,True
KU516900.1,False,False,False,True
KU516901.1,False,False,False,True
KU516902.1,False,False,False,True
KU516903.1,False,False,False,True
KU516904.1,False,False,False,True
KU516905.1,False,False,False,True
KU516906.1,False,False,False,True
KU516907.1,False,False,False,True
KU516908.1,False,False,False,True
KU516909.1,False,False,False,True
KU516910.1,False,False,False,True
KU516911.1,False,False,False,True
KU516912.1,False,False,False,True
KU516913.1,False,False,False,True
KU516914.1,False,False,False,True
KU516915.1,False,False,False,True
KU516916.1,False,False,False,True
KU516917.1,False,False,False,True
KU516918.1,False,False,False,True
KU516919.1,False,False,False,True
KU516920.1,False,False,False,True
KU516921.1,False,False,False,True
KU516922.1,False,False,False,True
KU516923.1,False,False,False,True
KU516924.1,False,False,False,True
KU516925.1,False,False,False,True
KU516926.1,False,False,False,True
KU516927.1,False,False,False,True
KU516928.1,False,False,False,True
KU516929.1,False,False,False,True
KU516930.1,False,False,False,True
KU516931.1,False,False,False,True
KU516932.1,False,False,False,True
KU516933.1,False,False,False,True
KU516934.1,False,False,False,True
KU516935.1,False,False,False,True
KU516936.1,False,False,False,True
KU516937.1,False,False,False,True
KU516938.1,False,False,False,True
KU516939.1,False,False,False,True
KU516940.1,False,False,False,True
KU516941.1,False,False,False,True
KU516942.1,False,False,False,True
KU516943.1,False,False,False,True
KU516944.1,False,False,False,True
KU516945.1,False,False,False,True
KU516946.1,False,False,False,True
KU516947.1,False,False,False,True
KU516948.1,False,False,False,True
KU516949.1,False,False,False,True
KU516950.1,False,False,False,True
KU516951.1,False,False,False,True
KU516952.1,False,False,False,True
KU516953.1,False,False,False,True
KU516954.1,False,False,False,True
KU516955.1,False,False,False,True
KU516956.1,False,False,False,True
KU516957.1,False,False,False,True
KU516958.1,False,False,False,True
KU516959.1,False,False,False,True
KU516960.1,False,False,False,True
KU516961.1,False,False,False,True
KU516962.1,False,False,False,True
KU516963.1,False,False,False,True
KU516964.1,False,False,False,True
KU516965.1,False,False,False,True
KU516966.1,False,False,False,True
KU516967.1,False,False,False,True
KU516968.1,False,False,False,True
KU516969.1,False,False,False,True
KU516970.1,False,False,False,True
KU516971.1,False,False,False,True
KU516972.1,False,False,False,True
KU516973.1,False,False,False,True
KU516974.1,False,False,False,True
KU516975.1,False,False,False,True
KU516976.1,False,False,False,True
KU516977.1,False,False,False,True
KU516978.1,False,False,False,True
KU516979.1,False,False,False,True
KU516980.1,False,False,False,True
KU516981.1,False,False,False,True
KU516982.1,False,False,False,True
KU516983.1,False,False,False,True
KU516984.1,False,False,False,True
KU516985.1,False,False,False,True
KU516986.1,False,False,False,True
KU516987.1,False,False,False,True
KU516988.1,False,False,False,True
KU516989.1,False,False,False,True
KU516990.1,False,False,False,True
KU516991.1,False,False,False,True
KU516992.1,False,False,False,True
KU516993.1,False,False,False,True
KU529176.1,True,False,False,False
KU529177.1,True,False,False,False
KU529178.1,True,False,False,False
KU529179.1,True,False,False,False
KU529180.1,True,False,False,False
KU529181.1,True,False,False,False
KU529182.1,True,False,False,False
KU529183.1,True,False,False,False
KU529184.1,True,False,False,False
KU529185.1,True,False,False,False
KU529186.1,True,False,False,False
KU529187.1,True,False,False,False
KU529188.1,True,False,False,False
KU529189.1,True,False,False,False
KU529190.1,True,False,False,False
KU529191.1,True,False,False,False
KU529192.1,True,False,False,False
KU529193.1,True,False,False,False
KU529194.1,True,False,False,False
KU529195.1,True,False,False,False
KU529196.1,True,False,False,False
KU530559.1,True,False,False,False
KU530560.1,True,False,False,False
KU530561.1,True,False,False,False
KU530562.1,True,False,False,False
KU530563.1,True,False,False,False
KU530564.1,True,False,False,False
KU530565.1,True,False,False,False
KU530566.1,True,False,False,False
KU530567.1,True,False,False,False
KU530568.1,True,False,False,False
KU530569.1,True,False,False,False
KU555841.1,True,False,False,False
KU557786.1,True,False,False,False
KU557787.1,True,False,False,False
KU557789.1,True,False,False,False
KU557791.1,True,False,False,False
KU557792.1,True,False,False,False
KU557793.1,True,False,False,False
KU557794.1,True,False,False,False
KU557795.1,True,False,False,False
KU557796.1,True,False,False,False
KU557797.1,True,False,False,False
KU557798.1,True,False,False,False
KU557799.1,True,False,False,False
KU557800.1,True,False,False,False
KU557801.1,True,False,False,False
KU557802.1,True,False,False,False
KU557803.1,True,False,False,False
KU557804.1,True,False,False,False
KU557805.1,True,False,False,False
KU557806.1,True,False,False,False
KU557807.1,True,False,False,False
KU557808.1,True,False,False,False
KU557809.1,True,False,False,False
KU557810.1,True,False,False,False
KU557811.1,True,False,False,False
KU557812.1,True,False,False,False
KU557813.1,True,False,False,False
KU557814.1,True,False,False,False
KU557815.1,True,False,False,False
KU557816.1,True,False,False,False
KU557817.1,True,False,False,False
KU557818.1,True,False,False,False
KU557819.1,True,False,False,False
KU557820.1,True,False,False,False
KU557821.1,True,False,False,False
KU557822.1,True,False,False,False
KU557823.1,True,False,False,False
KU557824.1,True,False,False,False
KU557825.1,True,False,False,False
KU557826.1,True,False,False,False
KU557827.1,True,False,False,False
KU557828.1,True,False,False,False
KU557829.1,True,False,False,False
KU557830.1,True,False,False,False
KU557831.1,True,False,False,False
KU557832.1,True,False,False,False
KU557833.1,True,False,False,False
KU557834.1,True,False,False,False
KU557835.1,True,False,False,False
KU557836.1,True,False,False,False
KU557837.1,True,False,False,False
KU557838.1,True,False,False,False
KU557839.1,True,False,False,False
KU557840.1,True,False,False,False
KU557841.1,True,False,False,False
KU557842.1,True,False,False,False
KU557843.1,True,False,False,False
KU557844.1,True,False,False,False
KU557845.1,True,False,False,False
KU557846.1,True,False,False,False
KU557847.1,True,False,False,False
KU557848.1,True,False,False,False
KU557849.1,True,False,False,False
KU557850.1,True,False,False,False
KU557851.1,True,False,False,False
KU557852.1,True,False,False,False
KU557853.1,True,False,False,False
KU557854.1,True,False,False,False
KU557855.1,True,False,False,False
KU557856.1,True,False,False,False
KU557857.1,True,False,False,False
KU557858.1,True,False,False,False
KU557859.1,True,False,False,False
KU557860.1,True,False,False,False
KU557861.1,True,False,False,False
KU557862.1,True,False,False,False
KU557863.1,True,False,False,False
KU557864.1,True,False,False,False
KU557865.1,True,False,False,False
KU557866.1,True,False,False,False
KU557867.1,True,False,False,False
KU557868.1,True,False,False,False
KU557869.1,True,False,False,False
KU557870.1,True,False,False,False
KU557871.1,True,False,False,False
KU557872.1,True,False,False,False
KU557873.1,True,False,False,False
KU557874.1,True,False,False,False
KU557875.1,True,False,False,False
KU557876.1,True,False,False,False
KU557877.1,True,False,False,False
KU557878.1,True,False,False,False
KU557879.1,True,False,False,False
KU557880.1,True,False,False,False
KU557881.1,True,False,False,False
KU557882.1,True,False,False,False
KU557883.1,True,False,False,False
KU557884.1,True,False,False,False
KU557885.1,True,False,False,False
KU557886.1,True,False,False,False
KU557887.1,True,False,False,False
KU557888.1,True,False,False,False
KU557889.1,True,False,False,False
KU557890.1,True,False,False,False
KU557891.1,True,False,False,False
KU557892.1,True,False,False,False
KU557893.1,True,False,False,False
KU561224.1,True,False,False,False
KU561225.1,True,False,False,False
KU561226.1,True,False,False,False
KU561227.1,True,False,False,False
KU561228.1,True,False,False,False
KU561229.1,True,False,False,False
KU561230.1,True,False,False,False
KU561231.1,True,False,False,False
KU561232.1,True,False,False,False
KU561233.1,True,False,False,False
KU561234.1,True,False,False,False
KU561235.1,True,False,False,False
KU561236.1,True,False,False,False
KU561237.1,True,False,False,False
KU561238.1,True,False,False,False
KU561239.1,True,False,False,False
KU561240.1,True,False,False,False
KU561241.1,True,False,False,False
KU561242.1,True,False,False,False
KU561243.1,True,False,False,False
KU561244.1,True,False,False,False
KU561245.1,True,False,False,False
KU561246.1,True,False,False,False
KU561247.1,True,False,False,False
KU587625.1,True,False,False,False
KU587626.1,True,False,False,False
KU587627.1,True,False,False,False
KU587628.1,True,False,False,False
KU587629.1,True,False,False,False
KU662973.1,True,False,False,False
KU662974.1,True,False,False,False
KU662975.1,True,False,False,False
KU662976.1,True,False,False,False
KU662977.1,True,False,False,False
KU662978.1,True,False,False,False
KU662979.1,True,False,False,False
KU662980.1,True,False,False,False
KU662981.1,True,False,False,False
KU662982.1,True,False,False,False
KU662983.1,True,False,False,False
KU662984.1,True,False,False,False
KU662985.1,True,False,False,False
KU662986.1,True,False,False,False
KU662987.1,True,False,False,False
KU662988.1,True,False,False,False
KU662989.1,True,False,False,False
KU662990.1,True,False,False,False
KU662991.1,True,False,False,False
KU662992.1,True,False,False,True
KU662993.1,True,False,False,True
KU662994.1,True,False,False,True
KU662995.1,True,False,False,True
KU662996.1,True,False,False,True
KU662997.1,True,False,False,True
KU662998.1,True,False,False,True
KU662999.1,True,False,False,True
KU663000.1,True,False,False,True
KU663001.1,True,False,False,True
KU663002.1,True,False,False,True
KU663003.1,True,False,False,True
KU663004.1,True,False,False,True
KU663005.1,True,False,False,True
KU663006.1,True,False,False,True
KU663007.1,True,False,False,True
KU663008.1,True,False,False,True
KU663009.1,True,False,False,True
KU663010.1,True,False,False,True
KU663011.1,True,False,False,True
KU663012.1,True,False,False,True
KU663013.1,True,False,False,True
KU663014.1,True,False,False,True
KU663015.1,True,False,False,True
KU663016.1,True,False,False,True
KU663017.1,True,False,False,True
KU663018.1,True,False,False,True
KU663019.1,True,False,False,True
KU663020.1,True,False,False,True
KU672078.1,True,False,False,True
KU672079.1,True,False,False,True
KU672080.1,True,False,False,True
KU672081.1,True,False,False,True
KU672082.1,True,False,False,True
KU672083.1,True,False,False,True
KU672084.1,True,False,False,True
KU672085.1,True,False,False,True
KU672086.1,True,False,False,True
KU672087.1,True,False,False,True
KU672088.1,True,False,False,True
KU672089.1,True,False,False,True
KU672090.1,True,False,False,True
KU672091.1,True,False,False,True
KU672092.1,True,False,False,True
KU672093.1,True,False,False,True
KU672094.1,True,False,False,True
KU672095.1,True,False,False,True
KU672096.1,True,False,False,True
KU672097.1,True,False,False,True
KU672098.1,True,False,False,True
KU672099.1,True,False,False,True
KU672100.1,True,False,False,True
KU672101.1,True,False,False,True
KU672102.1,True,False,False,True
KU672103.1,True,False,False,True
KU672104.1,True,False,False,True
KU672105.1,True,False,False,True
KU672106.1,True,False,False,True
KU672107.1,True,False,False,True
KU672108.1,True,False,False,True
KU672109.1,True,False,False,True
KU672110.1,True,False,False,True
KU672111.1,True,False,False,True
KU672112.1,True,False,False,True
KU672113.1,True,False,False,True
KU672114.1,True,False,False,True
KU672115.1,True,False,False,True
KU672116.1,True,False,False,True
KU672117.1,True,False,False,True
KU672118.1,True,False,False,True
KU672119.1,True,False,False,True
KU672120.1,True,False,False,True
KU672121.1,True,False,False,True
KU672122.1,True,False,False,True
KU672123.1,True,False,False,True
KU672124.1,True,False,False,True
KU672125.1,True,False,False,True
KU672126.1,True,False,False,True
KU672127.1,True,False,False,True
KU672128.1,True,False,False,True
KU672129.1,True,False,False,True
KU672130.1,True,False,False,True
KU672131.1,True,False,False,True
KU672132.1,True,False,False,True
KU672133.1,True,False,False,True
KU672134.1,True,False,False,True
KU672135.1,True,False,False,True
KU672136.1,True,False,False,True
KU672137.1,True,False,False,True
KU672138.1,True,False,False,True
KU672139.1,True,False,False,True
KU672140.1,True,False,False,True
KU672141.1,True,False,False,True
KU672142.1,True,False,False,True
KU672143.1,True,False,False,True
KU672144.1,True,False,False,True
KU672145.1,True,False,False,True
KU672146.1,True,False,False,True
KU672147.1,True,False,False,True
KU672148.1,True,False,False,True
KU672149.1,True,False,False,True
KU672150.1,True,False,False,True
KU672151.1,True,False,False,True
KU672152.1,True,False,False,True
KU672153.1,True,False,False,True
KU672154.1,True,False,False,True
KU672155.1,True,False,False,True
KU672156.1,True,False,False,True
KU672157.1,True,False,False,True
KU672158.1,True,False,False,True
KU672159.1,True,False,False,True
KU672160.1,True,False,False,True
KU672161.1,True,False,False,True
KU672162.1,True,False,False,True
KU672163.1,True,False,False,True
KU672164.1,True,False,False,True
KU672165.1,True,False,False,True
KU672166.1,True,False,False,True
KU672167.1,True,False,False,True
KU672168.1,True,False,False,True
KU672169.1,True,False,False,True
KU672170.1,True,False,False,True
KU672171.1,True,False,False,True
KU672172.1,True,False,False,True
KU672173.1,True,False,False,True
KU672174.1,True,False,False,True
KU672175.1,True,False,False,True
KU672176.1,True,False,False,True
KU672177.1,True,False,False,True
KU672178.1,True,False,False,True
KU672179.1,True,False,False,True
KU672180.1,True,False,False,True
KU672181.1,True,False,False,True
KU672182.1,True,False,False,True
KU672183.1,True,False,False,True
KU672184.1,True,False,False,True
KU672185.1,True,False,False,True
KU672186.1,True,False,False,True
KU672187.1,True,False,False,True
KU672188.1,True,False,False,True
KU672189.1,True,False,False,True
KU672190.1,True,False,False,True
KU672191.1,True,False,False,True
KU672192.1,True,False,False,True
KU672193.1,True,False,False,True
KU672194.1,True,False,False,True
KU672195.1,True,False,False,True
KU672196.1,True,False,False,True
KU672197.1,True,False,False,True
KU672198.1,True,False,False,True
KU672199.1,True,False,False,True
KU672200.1,True,False,False,True
KU672201.1,True,False,False,True
KU672202.1,True,False,False,True
KU672203.1,True,False,False,True
KU672204.1,True,False,False,True
KU672205.1,True,False,False,True
KU672206.1,True,False,False,True
KU672207.1,True,False,False,True
KU672208.1,True,False,False,True
KU672209.1,True,False,False,True
KU672210.1,True,False,False,True
KU672211.1,True,False,False,True
KU672212.1,True,False,False,True
KU672213.1,True,False,False,True
KU672214.1,True,False,False,True
KU672215.1,True,False,False,True
KU672216.1,True,False,False,True
KU672217.1,True,False,False,True
KU672218.1,True,False,False,True
KU672219.1,True,False,False,True
KU672220.1,True,False,False,True
KU672221.1,True,False,False,True
KU672222.1,True,False,False,True
KU672223.1,True,False,False,True
KU672224.1,True,False,False,True
KU672225.1,True,False,False,True
KU672226.1,True,False,False,True
KU672227.1,True,False,False,True
KU672228.1,True,False,False,True
KU672229.1,True,False,False,True
KU672230.1,True,False,False,True
KU672231.1,True,False,False,True
KU672232.1,True,False,False,True
KU672233.1,True,False,False,True
KU672234.1,True,False,False,True
KU672235.1,True,False,False,True
KU672236.1,True,False,False,True
KU672237.1,True,False,False,True
KU672238.1,True,False,False,True
KU672239.1,True,False,False,True
KU672240.1,True,False,False,True
KU672241.1,True,False,False,True
KU672242.1,True,False,False,True
KU672243.1,True,False,False,True
KU672244.1,True,False,False,True
KU672245.1,True,False,False,True
KU672246.1,True,False,False,True
KU672247.1,True,False,False,True
KU672248.1,True,False,False,True
KU672249.1,True,False,False,True
KU672250.1,True,False,False,True
KU672251.1,True,False,False,True
KU672252.1,True,False,False,True
KU672253.1,True,False,False,True
KU672254.1,True,False,False,True
KU672255.1,True,False,False,True
KU672256.1,True,False,False,True
KU672257.1,True,False,False,True
KU672258.1,True,False,False,True
KU672259.1,True,False,False,True
KU672260.1,True,False,False,True
KU672261.1,True,False,False,True
KU672262.1,True,False,False,True
KU672263.1,True,False,False,True
KU672264.1,True,False,False,True
KU672265.1,True,False,False,True
KU672266.1,True,False,False,True
KU672267.1,True,False,False,True
KU672268.1,True,False,False,True
KU672269.1,True,False,False,True
KU672270.1,True,False,False,True
KU672271.1,True,False,False,True
KU672272.1,True,False,False,True
KU672273.1,True,False,False,True
KU672274.1,True,False,False,True
KU672275.1,True,False,False,True
KU672276.1,True,False,False,True
KU672277.1,True,False,False,True
KU672278.1,True,False,False,True
KU672279.1,True,False,False,True
KU672280.1,True,False,False,True
KU672281.1,True,False,False,True
KU672282.1,True,False,False,True
KU672283.1,True,False,False,True
KU672284.1,True,False,False,True
KU672285.1,True,False,False,True
KU672286.1,True,False,False,True
KU672287.1,True,False,False,True
KU672288.1,True,False,False,True
KU672289.1,True,False,False,True
KU672290.1,True,False,False,True
KU672291.1,True,False,False,True
KU672292.1,True,False,False,True
KU672293.1,True,False,False,True
KU672294.1,True,False,False,True
KU672295.1,True,False,False,True
KU672296.1,True,False,False,True
KU672297.1,True,False,False,True
KU672298.1,True,False,False,True
KU672299.1,True,False,False,True
KU672300.1,True,False,False,True
KU672301.1,True,False,False,True
KU672302.1,True,False,False,True
KU672303.1,True,False,False,True
KU672304.1,True,False,False,True
KU672305.1,True,False,False,True
KU672306.1,True,False,False,True
KU672307.1,True,False,False,True
KU672308.1,True,False,False,True
KU672309.1,True,False,False,True
KU672310.1,True,False,False,True
KU672311.1,True,False,False,True
KU672312.1,True,False,False,True
KU672313.1,True,False,False,True
KU672314.1,True,False,False,True
KU672315.1,True,False,False,True
KU672316.1,True,False,False,True
KU672317.1,True,False,False,True
KU672318.1,True,False,False,True
KU672319.1,True,False,False,True
KU672320.1,True,False,False,True
KU672321.1,True,False,False,True
KU672322.1,True,False,False,True
KU672323.1,True,False,False,True
KU672324.1,True,False,False,True
KU672325.1,True,False,False,True
KU672326.1,True,False,False,True
KU672327.1,True,False,False,True
KU672328.1,True,False,False,True
KU672329.1,True,False,False,True
KU672330.1,True,False,False,True
KU672331.1,True,False,False,True
KU678201.1,True,False,False,False
KU678202.1,True,False,False,False
KU678203.1,True,False,False,False
KU678204.1,True,False,False,False
KU678205.1,True,False,False,False
KU683739.1,True,False,False,False
KU683740.1,True,False,False,False
KU687005.1,False,False,False,True
KU687006.1,False,False,False,True
KU687007.1,False,False,False,True
KU687008.1,False,False,False,True
KU687009.1,False,False,False,True
KU687010.1,False,False,False,True
KU687011.1,False,False,False,True
KU705716.1,False,False,False,True
KU705717.1,False,False,False,True
KU720489.1,True,False,False,True
KU720490.1,True,False,False,True
KU720491.1,True,False,False,True
KU720492.1,True,False,False,True
KU720493.1,True,False,False,True
KU720494.1,True,False,False,True
KU720495.1,True,False,False,True
KU720496.1,True,False,False,True
KU720497.1,True,False,False,True
KU720498.1,True,False,False,True
KU720499.1,True,False,False,True
KU720500.1,True,False,False,True
KU720501.1,True,False,False,True
KU720502.1,True,False,False,True
KU720503.1,True,False,False,True
KU720504.1,True,False,False,True
KU720505.1,True,False,False,True
KU720506.1,True,False,False,True
KU720507.1,True,False,False,True
KU720508.1,True,False,False,True
KU720509.1,True,False,False,True
KU720510.1,True,False,False,True
KU720511.1,True,False,False,True
KU720512.1,True,False,False,True
KU720513.1,True,False,False,True
KU720514.1,True,False,False,True
KU720515.1,True,False,False,True
KU724080.1,True,False,False,True
KU724081.1,True,False,False,True
KU724082.1,True,False,False,True
KU756290.1,True,False,False,False
KU756291.1,True,False,False,False
KU756292.1,True,False,False,True
KU756293.1,True,False,False,True
KU756294.1,True,False,False,False
KU756295.1,True,False,False,True
KU757053.1,True,False,False,True
KU757054.1,True,False,False,True
KU821032.1,True,False,False,False
KU821033.1,True,False,False,False
KU821034.1,True,False,False,False
KU821035.1,True,False,False,False
KU821036.1,True,False,False,False
KU821037.1,True,False,False,False
KU821038.1,True,False,False,False
KU821039.1,True,False,False,False
KU821040.1,True,False,False,False
KU821041.1,True,False,False,False
KU821042.1,True,False,False,False
KU821043.1,True,False,False,False
KU821044.1,True,False,False,False
KU821045.1,True,False,False,False
KU821046.1,True,False,False,False
KU821047.1,True,False,False,False
KU821048.1,True,False,False,False
KU821049.1,True,False,False,False
KU821050.1,True,False,False,False
KU821051.1,True,False,False,False
KU821052.1,True,False,False,False
KU821053.1,True,False,False,False
KU821054.1,True,False,False,False
KU821055.1,True,False,False,False
KU860550.1,True,False,False,False
KU860551.1,True,False,False,False
KU860552.1,True,False,False,False
KU860553.1,True,False,False,False
KU860554.1,True,False,False,False
KU860555.1,True,False,False,False
KU860556.1,True,False,False,False
KU860557.1,True,False,False,False
KU860558.1,True,False,False,False
KU866167.1,True,False,False,True
KU866168.1,True,False,False,True
KU866169.1,True,False,False,True
KU866170.1,True,False,False,True
KU866171.1,True,False,False,True
KU866172.1,True,False,False,True
KU866173.1,True,False,False,True
KU866174.1,True,False,False,True
KU866175.1,True,False,False,True
KU866176.1,True,False,False,True
KU866177.1,True,False,False,True
KU866178.1,True,False,False,True
KU866179.1,True,False,False,True
KU866180.1,True,False,False,True
KU900126.1,False,False,False,True
KU900127.1,False,False,False,True
KU925677.1,True,False,False,True
KU925678.1,True,False,False,True
KU950315.1,True,False,False,False
KU950316.1,True,False,False,False
KU950317.1,True,False,False,False
KU950318.1,True,False,False,False
KU950319.1,True,False,False,False
KU953391.1,True,False,False,False
KU953392.1,True,False,False,False
KU953393.1,True,False,False,False
KU953394.1,True,False,False,False
KU953395.1,True,False,False,False
KU953396.1,True,False,False,False
KU953397.1,True,False,False,False
KU953398.1,True,False,False,False
KU954108.1,True,False,False,False
KU954109.1,True,False,False,False
KU954110.1,True,False,False,False
KU954111.1,True,False,False,False
KU963412.1,True,False,False,False
KU963413.1,True,False,False,False
KU963414.1,True,False,False,False
KU963415.1,True,False,False,False
KU963416.1,True,False,False,False
KU963417.1,True,False,False,False
KU963418.1,True,False,False,False
KU963419.1,True,False,False,False
KU963420.1,True,False,False,False
KU963421.1,True,False,False,False
KU963422.1,True,False,False,False
KU963423.1,True,False,False,False
KU963424.1,True,False,False,False
KU963425.1,True,False,False,False
KU963426.1,True,False,False,False
KU963427.1,True,False,False,False
KU963428.1,True,False,False,False
KU963429.1,True,False,False,False
KU963430.1,True,False,False,False
KU963431.1,True,False,False,False
KU963432.1,True,False,False,False
KU963433.1,True,False,False,False
KU963434.1,True,False,False,False
KU963435.1,True,False,False,False
KU963436.1,True,False,False,False
KU963437.1,True,False,False,False
KU963438.1,True,False,False,False
KU963439.1,True,False,False,False
KU963440.1,True,False,False,False
KU963441.1,True,False,False,False
KU963442.1,True,False,False,False
KU963443.1,True,False,False,False
KU963444.1,True,False,False,False
KU963445.1,True,False,False,False
KU963446.1,True,False,False,False
KU963447.1,True,False,False,False
KU963448.1,True,False,False,False
KU963449.1,True,False,False,False
KU963450.1,True,False,False,False
KU963451.1,True,False,False,False
KU963452.1,True,False,False,False
KU963453.1,True,False,False,False
KU963454.1,True,False,False,False
KU963455.1,True,False,False,False
KU963456.1,True,False,False,False
KU963457.1,True,False,False,False
KU963458.1,True,False,False,False
KU963459.1,True,False,False,False
KU963460.1,True,False,False,False
KU963461.1,True,False,False,False
KU963462.1,True,False,False,False
KU963463.1,True,False,False,False
KU963464.1,True,False,False,False
KU963465.1,True,False,False,False
KU963466.1,True,False,False,False
KU963467.1,True,False,False,False
KU963468.1,True,False,False,False
KU963469.1,True,False,False,False
KU963470.1,True,False,False,False
KU963471.1,True,False,False,False
KU963472.1,True,False,False,False
KU963473.1,True,False,False,False
KU963474.1,True,False,False,False
KU963475.1,True,False,False,False
KU963476.1,True,False,False,False
KU963477.1,True,False,False,False
KU963478.1,True,False,False,False
KU963479.1,True,False,False,False
KU963480.1,True,False,False,False
KU963481.1,True,False,False,False
KU963482.1,True,False,False,False
KU963483.1,True,False,False,False
KU963484.1,True,False,False,False
KU963485.1,True,False,False,False
KU963486.1,True,False,False,False
KU963487.1,True,False,False,False
KU973910.1,True,False,False,True
KU973911.1,True,False,False,True
KU973912.1,True,False,False,True
KU973913.1,True,False,False,True
KU973914.1,True,False,False,True
KU973915.1,False,False,False,True
KU973916.1,False,False,False,True
KU973917.1,False,False,False,True
KU973918.1,False,False,False,True
KU973919.1,False,False,False,True
KU973920.1,False,False,False,True
KU973921.1,False,False,False,True
KU973922.1,False,False,False,True
KU973923.1,False,False,False,True
KU973924.1,False,False,False,True
KU973925.1,False,False,False,True
KU973926.1,False,False,False,True
KU973927.1,False,False,False,True
KU973928.1,False,False,False,True
KU973929.1,False,False,False,True
KU973930.1,False,False,False,True
KU973931.1,False,False,False,True
KU973932.1,False,False,False,True
KU973933.1,False,False,False,True
KU973934.1,True,False,False,True
KU985152.1,True,False,False,True
KU985153.1,True,False,False,True
KU985154.1,True,False,False,True
KU985155.1,True,False,False,True
KU985156.1,True,False,False,True
KU985157.1,True,False,False,True
KU985158.1,True,False,False,True
KU985159.1,True,False,False,True
KU985160.1,True,False,False,True
KU985161.1,True,False,False,True
KU985162.1,True,False,False,True
KU985163.1,True,False,False,True
KU985164.1,True,False,False,True
KU985165.1,True,False,False,True
KU985166.1,True,False,False,True
KX017979.1,True,False,False,True
KX017980.1,True,False,False,True
KX017981.1,True,False,False,True
KX017982.1,True,False,False,True
KX017983.1,True,False,False,True
KX017984.1,True,False,False,True
KX017985.1,True,False,False,True
KX017986.1,True,False,False,True
KX017987.1,True,False,False,True
KX017988.1,True,False,False,True
KX017989.1,True,False,False,True
KX017990.1,True,False,False,True
KX017991.1,False,False,False,True
KX017992.1,False,False,False,True
KX017993.1,False,False,False,True
KX017994.1,False,False,False,True
KX017995.1,False,False,False,True
KX017996.1,False,False,False,True
KX017997.1,False,False,False,True
KX017998.1,False,False,False,True
KX017999.1,False,False,False,True
KX018000.1,False,False,False,True
KX018001.1,False,False,False,True
KX018002.1,False,False,False,True
KX018003.1,False,False,False,True
KX018004.1,False,False,False,True
KX018005.1,False,False,False,True
KX018006.1,False,False,False,True
KX018007.1,False,False,False,True
KX018008.1,False,False,False,True
KX018009.1,False,False,False,True
KX018010.1,False,False,False,True
KX018011.1,False,False,False,True
KX018012.1,False,False,False,True
KX018013.1,False,False,False,True
KX018014.1,False,False,False,True
KX018015.1,False,False,False,True
KX018016.1,False,False,False,True
KX018017.1,False,False,False,True
KX018018.1,False,False,False,True
KX024652.1,True,False,False,False
KX061540.1,True,False,False,False
KX064756.1,False,False,False,True
KX064757.1,False,False,False,True
KX064758.1,False,False,False,True
KX064759.1,False,False,False,True
KX064760.1,False,False,False,True
KX064761.1,False,False,False,True
KX130603.1,True,False,False,True
KX134669.1,True,False,False,False
KX134670.1,True,False,False,False
KX134671.1,True,False,False,False
KX154755.1,True,False,False,False
KX154756.1,True,False,False,True
KX154757.1,True,False,False,True
KX154758.1,True,False,False,True
KX154759.1,True,False,False,True
KX154760.1,True,False,False,True
KX154761.1,True,False,False,True
KX154762.1,True,False,False,True
KX154763.1,True,False,False,True
KX158283.1,False,False,False,True
KX158284.1,False,False,False,True
KX158286.1,False,False,False,True
KX158287.1,False,False,False,True
KX158288.1,False,False,False,True
KX158289.1,False,False,False,True
KX158290.1,False,False,False,True
KX158291.1,False,False,False,True
KX158292.1,False,False,False,True
KX158293.1,False,False,False,True
KX158294.1,False,False,False,True
KX158295.1,False,False,False,True
KX158296.1,False,False,False,True
KX168437.1,True,False,False,False
KX168438.1,True,False,False,False
KX168439.1,True,False,False,False
KX168440.1,True,False,False,False
KX168441.1,True,False,False,False
KX168442.1,True,False,False,False
KX168443.1,True,False,False,False
KX168444.1,True,False,False,False
KX168445.1,True,False,False,False
KX168446.1,True,False,False,False
KX168447.1,True,False,False,False
KX168448.1,True,False,False,False
KX168449.1,True,False,False,False
KX168450.1,True,False,False,False
KX168451.1,True,False,False,False
KX168452.1,True,False,False,False
KX168453.1,True,False,False,False
KX168454.1,True,False,False,False
KX168455.1,True,False,False,False
KX168456.1,True,False,False,False
KX171412.1,True,False,False,False
KX171413.1,True,False,False,False
KX171414.1,True,False,False,False
KX171415.1,True,False,False,False
KX171416.1,True,False,False,False
KX171417.1,True,False,False,False
KX171418.1,True,False,False,False
KX171419.1,True,False,False,False
KX216787.1,False,False,False,True
KX228750.1,True,False,False,True
KX228751.1,True,False,False,True
KX228752.1,True,False,False,True
KX228753.1,True,False,False,True
KX228754.1,True,False,False,True
KX228755.1,True,False,False,True
KX228756.1,True,False,False,True
KX228757.1,True,False,False,True
KX228758.1,True,False,False,True
KX228759.1,True,False,False,True
KX228760.1,True,False,False,True
KX228761.1,True,False,False,True
KX228762.1,True,False,False,True
KX228763.1,True,False,False,True
KX232361.1,True,False,False,True
KX232362.1,True,False,False,True
KX232363.1,True,False,False,True
KX232364.1,True,False,False,True
KX232365.1,True,False,False,True
KX232366.1,True,False,False,True
KX232367.1,True,False,False,True
KX232368.1,True,False,False,True
KX232369.1,True,False,False,True
KX232370.1,True,False,False,True
KX232371.1,True,False,False,True
KX232372.1,True,False,False,True
KX232373.1,True,False,False,True
KX232374.1,True,False,False,True
KX232375.1,True,False,False,True
KX232376.1,True,False,False,True
KX232377.1,True,False,False,True
KX232378.1,True,False,False,True
KX232379.1,True,False,False,True
KX232380.1,True,False,False,True
KX232381.1,True,False,False,True
KX232382.1,True,False,False,True
KX232383.1,True,False,False,True
KX232384.1,True,False,False,True
KX232385.1,True,False,False,True
KX232386.1,True,False,False,True
KX232387.1,True,False,False,True
KX232388.1,True,False,False,True
KX232389.1,True,False,False,True
KX232390.1,True,False,False,True
KX232391.1,True,False,False,True
KX232392.1,True,False,False,True
KX232393.1,True,False,False,True
KX232394.1,True,False,False,True
KX232395.1,True,False,False,True
KX232396.1,True,False,False,True
KX232397.1,True,False,False,True
KX232398.1,True,False,False,True
KX232399.1,True,False,False,True
KX232400.1,True,False,False,True
KX232401.1,True,False,False,True
KX232402.1,True,False,False,True
KX232403.1,True,False,False,True
KX232404.1,True,False,False,True
KX232405.1,True,False,False,True
KX232406.1,True,False,False,True
KX232407.1,True,False,False,True
KX232408.1,True,False,False,True
KX232409.1,True,False,False,True
KX232410.1,True,False,False,True
KX232411.1,True,False,False,True
KX232412.1,True,False,False,True
KX232413.1,True,False,False,True
KX232414.1,True,False,False,True
KX232415.1,True,False,False,True
KX232416.1,True,False,False,True
KX232417.1,True,False,False,True
KX232418.1,True,False,False,True
KX232419.1,True,False,False,True
KX232420.1,True,False,False,True
KX232421.1,True,False,False,True
KX232422.1,True,False,False,True
KX232423.1,True,False,False,True
KX244850.1,True,False,False,False
KX244851.1,True,False,False,False
KX244852.1,True,False,False,False
KX244853.1,True,False,False,False
KX244854.1,True,False,False,False
KX255499.1,True,False,False,True
KX255500.1,True,False,False,True
KX255501.1,True,False,False,True
KX255502.1,True,False,False,True
KX255503.1,True,False,False,True
KX255504.1,True,False,False,True
KX255505.1,True,False,False,True
KX255506.1,True,False,False,True
KX255507.1,True,False,False,True
KX255508.1,True,False,False,True
KX255509.1,True,False,False,True
KX255510.1,True,False,False,True
KX255511.1,True,False,False,True
KX255512.1,True,False,False,True
KX255513.1,True,False,False,True
KX255514.1,True,False,False,True
KX255515.1,True,False,False,True
KX255516.1,True,False,False,True
KX255517.1,True,False,False,True
KX255518.1,True,False,False,True
KX255519.1,True,False,False,True
KX255520.1,True,False,False,True
KX255521.1,True,False,False,True
KX255522.1,True,False,False,True
KX255523.1,True,False,False,True
KX255524.1,True,False,False,True
KX255525.1,True,False,False,True
KX255526.1,True,False,False,True
KX255527.1,True,False,False,True
KX255528.1,True,False,False,True
KX255529.1,True,False,False,True
KX255530.1,True,False,False,True
KX255531.1,True,False,False,True
KX255532.1,True,False,False,True
KX255533.1,True,False,False,True
KX255534.1,True,False,False,True
KX255535.1,True,False,False,True
KX255536.1,True,False,False,True
KX255537.1,True,False,False,True
KX255538.1,True,False,False,True
KX255539.1,True,False,False,True
KX255540.1,True,False,False,True
KX255541.1,True,False,False,True
KX255542.1,True,False,False,True
KX255543.1,True,False,False,True
KX255544.1,True,False,False,True
KX255545.1,True,False,False,True
KX255546.1,True,False,False,True
KX255547.1,True,False,False,True
KX255548.1,True,False,False,True
KX255549.1,True,False,False,True
KX255550.1,True,False,False,True
KX255551.1,True,False,False,True
KX255552.1,True,False,False,True
KX255553.1,True,False,False,True
KX255554.1,True,False,False,True
KX255555.1,True,False,False,True
KX255556.1,True,False,False,True
KX255557.1,True,False,False,True
KX255558.1,True,False,False,True
KX255559.1,True,False,False,True
KX255560.1,True,False,False,True
KX255561.1,True,False,False,True
KX255562.1,True,False,False,True
KX255563.1,True,False,False,True
KX255564.1,True,False,False,True
KX255565.1,True,False,False,True
KX255566.1,True,False,False,True
KX255567.1,True,False,False,True
KX255568.1,True,False,False,True
KX255569.1,True,False,False,True
KX255570.1,True,False,False,True
KX255571.1,True,False,False,True
KX255572.1,True,False,False,True
KX255573.1,True,False,False,True
KX255574.1,True,False,False,True
KX255575.1,True,False,False,True
KX255576.1,True,False,False,True
KX255577.1,True,False,False,True
KX255578.1,True,False,False,True
KX255579.1,True,False,False,True
KX255580.1,True,False,False,True
KX255581.1,True,False,False,True
KX255582.1,True,False,False,True
KX255583.1,True,False,False,True
KX255584.1,True,False,False,True
KX255585.1,True,False,False,True
KX255586.1,True,False,False,True
KX255587.1,True,False,False,True
KX255588.1,True,False,False,True
KX255589.1,True,False,False,True
KX255590.1,True,False,False,True
KX255591.1,True,False,False,True
KX255592.1,True,False,False,True
KX255593.1,True,False,False,True
KX255594.1,True,False,False,True
KX255595.1,True,False,False,True
KX255596.1,True,False,False,True
KX255597.1,True,False,False,True
KX255598.1,True,False,False,True
KX255599.1,True,False,False,True
KX255600.1,True,False,False,True
KX255601.1,True,False,False,True
KX255602.1,True,False,False,True
KX255603.1,True,False,False,True
KX255604.1,True,False,False,True
KX255605.1,True,False,False,True
KX255606.1,True,False,False,True
KX255607.1,True,False,False,True
KX255608.1,True,False,False,True
KX255609.1,True,False,False,True
KX255610.1,True,False,False,True
KX268709.1,True,False,False,False
KX346699.1,True,False,False,False
KX346700.1,True,False,False,False
KX346701.1,True,False,False,False
KX346702.1,True,False,False,False
KX346703.1,True,False,False,False
KX346704.1,True,False,False,False
KX346705.1,True,False,False,False
KX353830.1,True,False,False,False
KX353831.1,True,False,False,False
KX353832.1,True,False,False,False
KX353833.1,True,False,False,False
KX353834.1,True,False,False,False
KX353835.1,True,False,False,False
KX353836.1,True,False,False,False
KX353837.1,True,False,False,False
KX353838.1,True,False,False,False
KX353839.1,True,False,False,False
KX353840.1,True,False,False,False
KX353841.1,True,False,False,False
KX353947.1,True,False,False,False
KX353948.1,True,False,False,False
KX353949.1,True,False,False,False
KX353950.1,True,False,False,False
KX353951.1,True,False,False,False
KX353952.1,True,False,False,False
KX353953.1,True,False,False,False
KX353954.1,True,False,False,False
KX353955.1,True,False,False,False
KX353956.1,True,False,False,False
KX353957.1,True,False,False,False
KX353958.1,True,False,False,False
KX353959.1,True,False,False,False
KX353960.1,True,False,False,False
KX353961.1,True,False,False,False
KX353962.1,True,False,False,False
KX353963.1,True,False,False,False
KX353964.1,True,False,False,False
KX353965.1,True,False,False,False
KX353966.1,True,False,False,False
KX353967.1,True,False,False,False
KX353968.1,True,False,False,False
KX353969.1,True,False,False,False
KX353970.1,True,False,False,False
KX353971.1,True,False,False,False
KX353972.1,True,False,False,False
KX353973.1,True,False,False,False
KX353974.1,True,False,False,False
KX353975.1,True,False,False,False
KX353976.1,True,False,False,False
KX353977.1,True,False,False,False
KX353978.1,True,False,False,False
KX353979.1,True,False,False,False
KX353980.1,True,False,False,False
KX353981.1,True,False,False,False
KX353982.1,True,False,False,False
KX353983.1,True,False,False,False
KX353984.1,True,False,False,False
KX353985.1,True,False,False,False
KX353986.1,True,False,False,False
KX353987.1,True,False,False,False
KX353988.1,True,False,False,False
KX353989.1,True,False,False,False
KX353990.1,True,False,False,False
KX353991.1,True,False,False,False
KX353992.1,True,False,False,False
KX353993.1,True,False,False,False
KX353994.1,True,False,False,False
KX353995.1,True,False,False,False
KX353996.1,True,False,False,False
KX353997.1,True,False,False,False
KX353998.1,True,False,False,False
KX353999.1,True,False,False,False
KX354000.1,True,False,False,False
KX354001.1,True,False,False,False
KX354002.1,True,False,False,False
KX354003.1,True,False,False,False
KX354004.1,True,False,False,False
KX354005.1,True,False,False,False
KX354006.1,True,False,False,False
KX354007.1,True,False,False,False
KX354008.1,True,False,False,False
KX354009.1,True,False,False,False
KX354010.1,True,False,False,False
KX354011.1,True,False,False,False
KX354012.1,True,False,False,False
KX354013.1,True,False,False,False
KX354014.1,True,False,False,False
KX354015.1,True,False,False,False
KX354016.1,True,False,False,False
KX354017.1,True,False,False,False
KX354018.1,True,False,False,False
KX354019.1,True,False,False,False
KX354020.1,True,False,False,False
KX354021.1,True,False,False,False
KX354022.1,True,False,False,False
KX354023.1,True,False,False,False
KX354024.1,True,False,False,False
KX354025.1,True,False,False,False
KX354026.1,True,False,False,False
KX354027.1,True,False,False,False
KX354028.1,True,False,False,False
KX354029.1,True,False,False,False
KX354030.1,True,False,False,False
KX354031.1,True,False,False,False
KX354032.1,True,False,False,False
KX354033.1,True,False,False,False
KX354034.1,True,False,False,False
KX354035.1,True,False,False,False
KX354036.1,True,False,False,False
KX354037.1,True,False,False,False
KX354038.1,True,False,False,False
KX354039.1,True,False,False,False
KX354040.1,True,False,False,False
KX354041.1,True,False,False,False
KX354042.1,True,False,False,False
KX354043.1,True,False,False,False
KX354044.1,True,False,False,False
KX354045.1,True,False,False,False
KX354046.1,True,False,False,False
KX354047.1,True,False,False,False
KX354048.1,True,False,False,False
KX354049.1,True,False,False,False
KX354050.1,True,False,False,False
KX354051.1,True,False,False,False
KX354052.1,True,False,False,False
KX354053.1,True,False,False,False
KX354054.1,True,False,False,False
KX354055.1,True,False,False,False
KX354056.1,True,False,False,False
KX354057.1,True,False,False,False
KX354058.1,True,False,False,False
KX354059.1,True,False,False,False
KX354060.1,True,False,False,False
KX354061.1,True,False,False,False
KX354062.1,True,False,False,False
KX354063.1,True,False,False,False
KX354064.1,True,False,False,False
KX354065.1,True,False,False,False
KX354066.1,True,False,False,False
KX354067.1,True,False,False,False
KX354068.1,True,False,False,False
KX354069.1,True,False,False,False
KX354070.1,True,False,False,False
KX354071.1,True,False,False,False
KX354072.1,True,False,False,False
KX354073.1,True,False,False,False
KX354074.1,True,False,False,False
KX354075.1,True,False,False,False
KX354076.1,True,False,False,False
KX354077.1,True,False,False,False
KX354078.1,True,False,False,False
KX354079.1,True,False,False,False
KX354080.1,True,False,False,False
KX354081.1,True,False,False,False
KX354082.1,True,False,False,False
KX354083.1,True,False,False,False
KX354084.1,True,False,False,False
KX354085.1,True,False,False,False
KX354086.1,True,False,False,False
KX354087.1,True,False,False,False
KX354088.1,True,False,False,False
KX354089.1,True,False,False,False
KX354090.1,True,False,False,False
KX354091.1,True,False,False,False
KX354092.1,True,False,False,False
KX354093.1,True,False,False,False
KX354094.1,True,False,False,False
KX354095.1,True,False,False,False
KX354096.1,True,False,False,False
KX354097.1,True,False,False,False
KX354098.1,True,False,False,False
KX354099.1,True,False,False,False
KX354100.1,True,False,False,False
KX354101.1,True,False,False,False
KX354102.1,True,False,False,False
KX354103.1,True,False,False,False
KX354104.1,True,False,False,False
KX354105.1,True,False,False,False
KX354106.1,True,False,False,False
KX354107.1,True,False,False,False
KX354108.1,True,False,False,False
KX354109.1,True,False,False,False
KX354110.1,True,False,False,False
KX354111.1,True,False,False,False
KX354112.1,True,False,False,False
KX354113.1,True,False,False,False
KX354114.1,True,False,False,False
KX354115.1,True,False,False,False
KX354116.1,True,False,False,False
KX354117.1,True,False,False,False
KX354118.1,True,False,False,False
KX354119.1,True,False,False,False
KX354120.1,True,False,False,False
KX354121.1,True,False,False,False
KX354122.1,True,False,False,False
KX354123.1,True,False,False,False
KX354124.1,True,False,False,False
KX354125.1,True,False,False,False
KX354126.1,True,False,False,False
KX354127.1,True,False,False,False
KX354128.1,True,False,False,False
KX354129.1,True,False,False,False
KX354130.1,True,False,False,False
KX354131.1,True,False,False,False
KX354132.1,True,False,False,False
KX354133.1,True,False,False,False
KX354134.1,True,False,False,False
KX354135.1,True,False,False,False
KX354136.1,True,False,False,False
KX354137.1,True,False,False,False
KX354138.1,True,False,False,False
KX354139.1,True,False,False,False
KX354140.1,True,False,False,False
KX354141.1,True,False,False,False
KX354142.1,True,False,False,False
KX354143.1,True,False,False,False
KX354144.1,True,False,False,False
KX354145.1,True,False,False,False
KX354146.1,True,False,False,False
KX355506.1,True,False,False,False
KX356910.1,False,False,False,True
KX356911.1,False,False,False,True
KX356912.1,False,False,False,True
KX356913.1,False,False,False,True
KX356914.1,False,False,False,True
KX356915.1,False,False,False,True
KX356916.1,False,False,False,True
KX356917.1,False,False,False,True
KX356918.1,False,False,False,True
KX356919.1,False,False,False,True
KX356920.1,False,False,False,True
KX356921.1,False,False,False,True
KX356922.1,False,False,False,True
KX356923.1,False,False,False,True
KX356924.1,False,False,False,True
KX356925.1,False,False,False,True
KX356926.1,False,False,False,True
KX356927.1,False,False,False,True
KX356928.1,False,False,False,True
KX356929.1,False,False,False,True
KX356930.1,False,False,False,True
KX356931.1,False,False,False,True
KX356932.1,False,False,False,True
KX356933.1,False,False,False,True
KX356934.1,False,False,False,True
KX356935.1,False,False,False,True
KX356936.1,False,False,False,True
KX356937.1,False,False,False,True
KX356938.1,False,False,False,True
KX356939.1,False,False,False,True
KX356940.1,False,False,False,True
KX356941.1,False,False,False,True
KX356942.1,False,False,False,True
KX356943.1,False,False,False,True
KX356944.1,False,False,False,True
KX356945.1,False,False,False,True
KX356946.1,False,False,False,True
KX356947.1,False,False,False,True
KX356948.1,False,False,False,True
KX356949.1,False,False,False,True
KX356950.1,False,False,False,True
KX356951.1,False,False,False,True
KX356952.1,False,False,False,True
KX356953.1,False,False,False,True
KX356954.1,False,False,False,True
KX356955.1,False,False,False,True
KX356956.1,False,False,False,True
KX356957.1,False,False,False,True
KX356958.1,False,False,False,True
KX356959.1,False,False,False,True
KX356960.1,False,False,False,True
KX356961.1,False,False,False,True
KX356962.1,False,False,False,True
KX356963.1,False,False,False,True
KX356964.1,False,False,False,True
KX356965.1,False,False,False,True
KX356966.1,False,False,False,True
KX356967.1,False,False,False,True
KX356968.1,False,False,False,True
KX356969.1,False,False,False,True
KX356970.1,False,False,False,True
KX356971.1,False,False,False,True
KX356972.1,False,False,False,True
KX356973.1,False,False,False,True
KX356974.1,False,False,False,True
KX356975.1,False,False,False,True
KX356976.1,False,False,False,True
KX356977.1,False,False,False,True
KX356978.1,False,False,False,True
KX356979.1,False,False,False,True
KX356980.1,False,False,False,True
KX356981.1,False,False,False,True
KX356982.1,False,False,False,True
KX356983.1,False,False,False,True
KX356984.1,False,False,False,True
KX356985.1,False,False,False,True
KX356986.1,False,False,False,True
KX356987.1,False,False,False,True
KX356988.1,False,False,False,True
KX356989.1,False,False,False,True
KX356990.1,False,False,False,True
KX356991.1,False,False,False,True
KX356992.1,False,False,False,True
KX356993.1,False,False,False,True
KX356994.1,False,False,False,True
KX356995.1,False,False,False,True
KX356996.1,False,False,False,True
KX356997.1,False,False,False,True
KX356998.1,False,False,False,True
KX356999.1,False,False,False,True
KX357000.1,False,False,False,True
KX357001.1,False,False,False,True
KX357002.1,False,False,False,True
KX357003.1,False,False,False,True
KX357004.1,False,False,False,True
KX357005.1,False,False,False,True
KX357006.1,False,False,False,True
KX357007.1,False,False,False,True
KX357008.1,False,False,False,True
KX357009.1,False,False,False,True
KX357010.1,False,False,False,True
KX357011.1,False,False,False,True
KX357012.1,False,False,False,True
KX357013.1,False,False,False,True
KX357014.1,False,False,False,True
KX357015.1,False,False,False,True
KX357016.1,False,False,False,True
KX357017.1,False,False,False,True
KX357018.1,False,False,False,True
KX357019.1,False,False,False,True
KX357020.1,False,False,False,True
KX357021.1,False,False,False,True
KX357022.1,False,False,False,True
KX357023.1,False,False,False,True
KX357024.1,False,False,False,True
KX357025.1,False,False,False,True
KX357026.1,False,False,False,True
KX357027.1,False,False,False,True
KX357028.1,False,False,False,True
KX357029.1,False,False,False,True
KX357030.1,False,False,False,True
KX357031.1,False,False,False,True
KX357032.1,False,False,False,True
KX357033.1,False,False,False,True
KX357034.1,False,False,False,True
KX357035.1,False,False,False,True
KX357036.1,False,False,False,True
KX357037.1,False,False,False,True
KX357038.1,False,False,False,True
KX357039.1,False,False,False,True
KX357040.1,False,False,False,True
KX357041.1,False,False,False,True
KX357042.1,False,False,False,True
KX357043.1,False,False,False,True
KX357044.1,False,False,False,True
KX357045.1,False,False,False,True
KX357046.1,False,False,False,True
KX357047.1,False,False,False,True
KX357048.1,False,False,False,True
KX357049.1,False,False,False,True
KX357050.1,False,False,False,True
KX357051.1,False,False,False,True
KX357052.1,False,False,False,True
KX357053.1,False,False,False,True
KX357054.1,False,False,False,True
KX357055.1,False,False,False,True
KX357056.1,False,False,False,True
KX357057.1,False,False,False,True
KX357058.1,False,False,False,True
KX357059.1,False,False,False,True
KX357060.1,False,False,False,True
KX357061.1,False,False,False,True
KX357062.1,False,False,False,True
KX357063.1,False,False,False,True
KX357064.1,False,False,False,True
KX357065.1,False,False,False,True
KX357066.1,False,False,False,True
KX357067.1,False,False,False,True
KX357068.1,False,False,False,True
KX357069.1,False,False,False,True
KX357070.1,False,False,False,True
KX357071.1,False,False,False,True
KX357072.1,False,False,False,True
KX357073.1,False,False,False,True
KX357074.1,False,False,False,True
KX357075.1,False,False,False,True
KX357076.1,False,False,False,True
KX357077.1,False,False,False,True
KX357078.1,False,False,False,True
KX357079.1,False,False,False,True
KX357080.1,False,False,False,True
KX357081.1,False,False,False,True
KX357082.1,False,False,False,True
KX357083.1,False,False,False,True
KX357084.1,False,False,False,True
KX357085.1,False,False,False,True
KX357086.1,False,False,False,True
KX357087.1,False,False,False,True
KX357088.1,False,False,False,True
KX357089.1,False,False,False,True
KX357090.1,False,False,False,True
KX357091.1,False,False,False,True
KX357092.1,False,False,False,True
KX357093.1,False,False,False,True
KX357094.1,False,False,False,True
KX357095.1,False,False,False,True
KX357096.1,False,False,False,True
KX357097.1,False,False,False,True
KX357098.1,False,False,False,True
KX357099.1,False,False,False,True
KX357100.1,False,False,False,True
KX357101.1,False,False,False,True
KX357102.1,False,False,False,True
KX357103.1,False,False,False,True
KX357104.1,False,False,False,True
KX357105.1,False,False,False,True
KX357106.1,False,False,False,True
KX357107.1,False,False,False,True
KX357108.1,False,False,False,True
KX357113.1,False,False,False,True
KX371107.1,True,False,False,False
KX371108.1,True,False,False,False
KX371109.1,True,False,False,False
KX371110.1,True,False,False,False
KX371111.1,True,False,False,False
KX371112.1,True,False,False,False
KX371603.1,True,False,False,False
KX371604.1,True,False,False,False
KX371605.1,True,False,False,False
KX371606.1,True,False,False,False
KX371607.1,True,False,False,False
KX371608.1,True,False,False,False
KX371609.1,True,False,False,False
KX371610.1,True,False,False,False
KX372682.1,True,False,False,True
KX372683.1,True,False,False,True
KX372684.1,True,False,False,True
KX372685.1,True,False,False,True
KX420891.1,True,False,False,True
KX420892.1,True,False,False,True
KX420893.1,True,False,False,True
KX420894.1,True,False,False,True
KX420895.1,True,False,False,True
KX424844.1,True,False,False,True
KX426085.1,True,False,False,False
KX452701.1,True,False,False,False
KX452702.1,True,False,False,False
KX452703.1,True,False,False,False
KX452704.1,True,False,False,False
KX452705.1,True,False,False,False
KX452706.1,True,False,False,False
KX452707.1,True,False,False,False
KX452708.1,True,False,False,False
KX452709.1,True,False,False,False
KX452710.1,True,False,False,False
KX452711.1,True,False,False,False
KX452712.1,True,False,False,False
KX452713.1,True,False,False,False
KX452714.1,True,False,False,False
KX452715.1,True,False,False,False
KX452716.1,True,False,False,False
KX458103.1,True,False,False,True
KX462210.1,False,False,False,True
KX462211.1,False,False,False,True
KX462212.1,True,False,False,True
KX462213.1,True,False,False,True
KX462214.1,False,False,False,True
KX462215.1,False,False,False,True
KX462216.1,False,False,False,True
KX462217.1,False,False,False,True
KX462218.1,False,False,False,True
KX462219.1,False,False,False,True
KX462220.1,False,False,False,True
KX462221.1,False,False,False,True
KX462222.1,False,False,False,True
KX462223.1,False,False,False,True
KX462224.1,False,False,False,True
KX462225.1,False,False,False,True
KX462226.1,False,False,False,True
KX462227.1,False,False,False,True
KX514170.1,True,False,False,True
KX514171.1,True,False,False,True
KX514172.1,True,False,False,True
KX514173.1,True,False,False,True
KX514174.1,True,False,False,True
KX514175.1,True,False,False,True
KX514176.1,True,False,False,True
KX514177.1,True,False,False,True
KX514178.1,True,False,False,True
KX514179.1,True,False,False,True
KX514180.1,True,False,False,True
KX514181.1,True,False,False,True
KX514182.1,True,False,False,True
KX514183.1,True,False,False,True
KX514184.1,True,False,False,True
KX514185.1,True,False,False,True
KX514186.1,True,False,False,True
KX514187.1,True,False,False,True
KX514188.1,True,False,False,True
KX514189.1,True,False,False,True
KX514190.1,True,False,False,True
KX514191.1,True,False,False,True
KX514192.1,True,False,False,True
KX514193.1,True,False,False,True
KX514194.1,True,False,False,True
KX514195.1,True,False,False,True
KX514196.1,True,False,False,True
KX514197.1,True,False,False,True
KX514198.1,True,False,False,True
KX514199.1,True,False,False,True
KX514200.1,True,False,False,True
KX514201.1,True,False,False,True
KX514202.1,True,False,False,True
KX514203.1,True,False,False,True
KX514204.1,True,False,False,True
KX514205.1,True,False,False,True
KX514206.1,True,False,False,True
KX514207.1,True,False,False,True
KX514208.1,True,False,False,True
KX514209.1,True,False,False,True
KX514210.1,True,False,False,True
KX514211.1,True,False,False,True
KX514212.1,True,False,False,True
KX514213.1,True,False,False,True
KX514214.1,True,False,False,True
KX514215.1,True,False,False,True
KX514216.1,True,False,False,True
KX514217.1,True,False,False,True
KX514218.1,True,False,False,True
KX514219.1,True,False,False,True
KX514220.1,True,False,False,True
KX514221.1,True,False,False,True
KX514222.1,True,False,False,True
KX514223.1,True,False,False,True
KX514224.1,True,False,False,True
KX514225.1,True,False,False,True
KX514226.1,True,False,False,True
KX514227.1,True,False,False,True
KX514228.1,True,False,False,True
KX514229.1,True,False,False,True
KX514230.1,True,False,False,True
KX514231.1,True,False,False,True
KX514232.1,True,False,False,True
KX514233.1,True,False,False,True
KX514234.1,True,False,False,True
KX514235.1,True,False,False,True
KX514236.1,True,False,False,True
KX514237.1,True,False,False,True
KX514238.1,True,False,False,True
KX514239.1,True,False,False,True
KX514240.1,True,False,False,True
KX514241.1,True,False,False,True
KX514242.1,True,False,False,True
KX514243.1,True,False,False,True
KX514244.1,True,False,False,True
KX514245.1,True,False,False,True
KX514246.1,True,False,False,True
KX514247.1,True,False,False,True
KX514248.1,True,False,False,True
KX514249.1,True,False,False,True
KX514250.1,True,False,False,True
KX514251.1,True,False,False,True
KX514252.1,True,False,False,True
KX514253.1,True,False,False,True
KX514254.1,True,False,False,True
KX514255.1,True,False,False,True
KX514256.1,True,False,False,True
KX514257.1,True,False,False,True
KX514258.1,True,False,False,True
KX514259.1,True,False,False,True
KX514260.1,True,False,False,True
KX514261.1,True,False,False,True
KX514262.1,True,False,False,True
KX514263.1,True,False,False,True
KX514264.1,True,False,False,True
KX514265.1,True,False,False,True
KX514266.1,True,False,False,True
KX514267.1,True,False,False,True
KX514268.1,True,False,False,True
KX514269.1,True,False,False,True
KX514270.1,True,False,False,True
KX514271.1,True,False,False,True
KX514272.1,True,False,False,True
KX514273.1,True,False,False,True
KX514274.1,True,False,False,True
KX514275.1,True,False,False,True
KX514276.1,True,False,False,True
KX514277.1,True,False,False,True
KX514278.1,True,False,False,True
KX514279.1,True,False,False,True
KX514280.1,True,False,False,True
KX514281.1,True,False,False,True
KX514282.1,True,False,False,True
KX514283.1,True,False,False,True
KX514284.1,True,False,False,True
KX514285.1,True,False,False,True
KX514286.1,True,False,False,True
KX514287.1,True,False,False,True
KX514288.1,True,False,False,True
KX514289.1,True,False,False,True
KX514290.1,True,False,False,True
KX514291.1,True,False,False,True
KX514292.1,True,False,False,True
KX514293.1,True,False,False,True
KX514294.1,True,False,False,True
KX514295.1,True,False,False,True
KX514296.1,True,False,False,True
KX514297.1,True,False,False,True
KX514298.1,True,False,False,True
KX514299.1,True,False,False,True
KX514300.1,True,False,False,True
KX514301.1,True,False,False,True
KX514302.1,True,False,False,True
KX514303.1,True,False,False,True
KX514304.1,True,False,False,True
KX514305.1,True,False,False,True
KX514306.1,True,False,False,True
KX514307.1,True,False,False,True
KX514308.1,True,False,False,True
KX514309.1,True,False,False,True
KX514310.1,True,False,False,True
KX514311.1,True,False,False,True
KX514312.1,True,False,False,True
KX514313.1,True,False,False,True
KX514314.1,True,False,False,True
KX514315.1,True,False,False,True
KX514316.1,True,False,False,True
KX514317.1,True,False,False,True
KX514318.1,True,False,False,True
KX514319.1,True,False,False,True
KX514320.1,True,False,False,True
KX514321.1,True,False,False,True
KX514322.1,True,False,False,True
KX514323.1,True,False,False,True
KX514324.1,True,False,False,True
KX514325.1,True,False,False,True
KX514326.1,True,False,False,True
KX514327.1,True,False,False,True
KX514328.1,True,False,False,True
KX514329.1,True,False,False,True
KX514330.1,True,False,False,True
KX514331.1,True,False,False,True
KX514332.1,True,False,False,True
KX514333.1,True,False,False,True
KX514334.1,True,False,False,True
KX514335.1,True,False,False,True
KX514336.1,True,False,False,True
KX514337.1,True,False,False,True
KX514338.1,True,False,False,True
KX514339.1,True,False,False,True
KX514340.1,True,False,False,True
KX514341.1,True,False,False,True
KX514342.1,True,False,False,True
KX514343.1,True,False,False,True
KX514344.1,True,False,False,True
KX514345.1,True,False,False,True
KX514346.1,True,False,False,True
KX514347.1,True,False,False,True
KX514348.1,True,False,False,True
KX514349.1,True,False,False,True
KX514350.1,True,False,False,True
KX514351.1,True,False,False,False
KX514352.1,True,False,False,False
KX514353.1,True,False,False,False
KX514354.1,True,False,False,False
KX514355.1,True,False,False,False
KX514356.1,True,False,False,False
KX514357.1,True,False,False,False
KX514358.1,True,False,False,False
KX514359.1,True,False,False,False
KX514360.1,True,False,False,False
KX514361.1,True,False,False,False
KX514362.1,True,False,False,False
KX514363.1,True,False,False,False
KX514364.1,True,False,False,False
KX514365.1,True,False,False,False
KX514366.1,True,False,False,False
KX514367.1,True,False,False,False
KX514368.1,True,False,False,False
KX514369.1,True,False,False,False
KX514370.1,True,False,False,False
KX523898.1,True,False,False,False
KX553926.1,False,False,False,True
KX553927.1,False,False,False,True
KX553928.1,False,False,False,True
KX573904.1,True,False,False,False
KX573905.1,True,False,False,False
KX573906.1,True,False,False,False
KX573907.1,True,False,False,False
KX573908.1,True,False,False,False
KX595182.1,True,False,False,False
KX608847.1,True,False,False,False
KX608848.1,True,False,False,False
KX608849.1,True,False,False,False
KX608850.1,True,False,False,False
KX608851.1,True,False,False,False
KX608852.1,True,False,False,False
KX608853.1,True,False,False,False
KX608854.1,True,False,False,False
KX608855.1,True,False,False,False
KX608856.1,True,False,False,False
KX608857.1,True,False,False,False
KX608858.1,True,False,False,False
KX608859.1,True,False,False,False
KX608860.1,True,False,False,False
KX608861.1,True,False,False,False
KX608862.1,True,False,False,False
KX608863.1,True,False,False,False
KX608864.1,True,False,False,False
KX608865.1,True,False,False,False
KX608866.1,True,False,False,False
KX608867.1,True,False,False,False
KX608868.1,True,False,False,False
KX608869.1,True,False,False,False
KX608870.1,True,False,False,False
KX608871.1,True,False,False,False
KX608872.1,True,False,False,False
KX608873.1,True,False,False,False
KX608874.1,True,False,False,False
KX611681.1,True,False,False,False
KX611682.1,True,False,False,False
KX657722.1,False,False,False,True
KX657723.1,False,False,False,True
KX657724.1,False,False,False,True
KX657725.1,False,False,False,True
KX657726.1,False,False,False,True
KX657727.1,False,False,False,True
KX657728.1,False,False,False,True
KX657729.1,False,False,False,True
KX657730.1,False,False,False,True
KX657731.1,False,False,False,True
KX685457.1,True,False,False,True
KX685458.1,True,False,False,True
KX685459.1,True,False,False,True
KX685460.1,True,False,False,True
KX685461.1,True,False,False,True
KX685462.1,True,False,False,True
KX685463.1,True,False,False,True
KX685464.1,True,False,False,True
KX685465.1,True,False,False,True
KX685466.1,True,False,False,True
KX685467.1,True,False,False,True
KX685468.1,True,False,False,True
KX685469.1,True,False,False,True
KX685470.1,True,False,False,True
KX685471.1,True,False,False,True
KX685472.1,True,False,False,True
KX685473.1,True,False,False,True
KX685474.1,True,False,False,True
KX685475.1,True,False,False,True
KX685476.1,True,False,False,True
KX685477.1,True,False,False,True
KX685478.1,True,False,False,True
KX685479.1,True,False,False,True
KX685480.1,True,False,False,True
KX685481.1,True,False,False,True
KX685482.1,True,False,False,True
KX685483.1,True,False,False,True
KX685484.1,True,False,False,True
KX685485.1,True,False,False,True
KX685486.1,True,False,False,True
KX685487.1,True,False,False,True
KX685488.1,True,False,False,True
KX685489.1,True,False,False,True
KX685490.1,True,False,False,True
KX685491.1,True,False,False,True
KX685492.1,True,False,False,True
KX685493.1,True,False,False,True
KX685494.1,True,False,False,True
KX685495.1,True,False,False,True
KX685496.1,True,False,False,True
KX685497.1,True,False,False,True
KX685498.1,True,False,False,True
KX685499.1,True,False,False,True
KX702004.1,True,False,False,False
KX702005.1,True,False,False,False
KX702006.1,True,False,False,False
KX702007.1,True,False,False,False
KX702008.1,True,False,False,False
KX702013.1,True,False,False,False
KX702016.1,True,False,False,False
KX702018.1,True,False,False,False
KX702020.1,True,False,False,False
KX702021.1,True,False,False,False
KX702043.1,True,False,False,False
KX722244.1,True,False,False,True
KX722245.1,True,False,False,True
KX722246.1,True,False,False,True
KX722247.1,True,False,False,True
KX722248.1,True,False,False,True
KX722249.1,True,False,False,True
KX722250.1,True,False,False,True
KX722251.1,True,False,False,True
KX722252.1,True,False,False,True
KX722253.1,True,False,False,True
KX722254.1,True,False,False,True
KX722255.1,True,False,False,True
KX722256.1,True,False,False,True
KX722257.1,True,False,False,True
KX722258.1,True,False,False,True
KX722259.1,True,False,False,True
KX722260.1,True,False,False,True
KX722261.1,True,False,False,True
KX722262.1,True,False,False,True
KX722263.1,True,False,False,True
KX722264.1,True,False,False,True
KX722265.1,True,False,False,True
KX722266.1,True,False,False,True
KX722267.1,True,False,False,True
KX722268.1,True,False,False,True
KX722269.1,True,False,False,True
KX722270.1,True,False,False,True
KX722271.1,True,False,False,True
KX722272.1,True,False,False,True
KX722273.1,True,False,False,True
KX722274.1,True,False,False,True
KX722275.1,True,False,False,True
KX722276.1,True,False,False,True
KX722277.1,True,False,False,True
KX722278.1,True,False,False,True
KX722279.1,True,False,False,True
KX722280.1,True,False,False,True
KX722281.1,True,False,False,True
KX722282.1,True,False,False,True
KX722283.1,True,False,False,True
KX722284.1,True,False,False,True
KX722285.1,True,False,False,True
KX722286.1,True,False,False,True
KX722287.1,True,False,False,True
KX722288.1,True,False,False,True
KX722289.1,True,False,False,True
KX722290.1,True,False,False,True
KX722291.1,True,False,False,True
KX722292.1,True,False,False,True
KX722293.1,True,False,False,True
KX722294.1,True,False,False,True
KX722295.1,True,False,False,True
KX722296.1,True,False,False,True
KX722297.1,True,False,False,True
KX722298.1,True,False,False,True
KX722299.1,True,False,False,True
KX722300.1,True,False,False,True
KX722301.1,True,False,False,True
KX722302.1,True,False,False,True
KX722303.1,True,False,False,True
KX722304.1,True,False,False,True
KX722305.1,True,False,False,True
KX722306.1,True,False,False,True
KX722307.1,True,False,False,True
KX722308.1,True,False,False,True
KX722309.1,True,False,False,True
KX722310.1,True,False,False,True
KX722311.1,True,False,False,True
KX722312.1,True,False,False,True
KX722313.1,True,False,False,True
KX722314.1,True,False,False,True
KX722315.1,True,False,False,True
KX722316.1,True,False,False,True
KX722317.1,True,False,False,True
KX722318.1,True,False,False,True
KX722319.1,True,False,False,True
KX722320.1,True,False,False,True
KX722321.1,True,False,False,True
KX722322.1,True,False,False,True
KX722323.1,True,False,False,True
KX722324.1,True,False,False,True
KX722325.1,True,False,False,True
KX722326.1,True,False,False,True
KX722327.1,True,False,False,True
KX722328.1,True,False,False,True
KX722329.1,True,False,False,True
KX722330.1,True,False,False,True
KX722331.1,True,False,False,True
KX722332.1,True,False,False,True
KX722333.1,True,False,False,True
KX722334.1,True,False,False,True
KX722335.1,True,False,False,True
KX722336.1,True,False,False,True
KX722337.1,True,False,False,True
KX722338.1,True,False,False,True
KX722339.1,True,False,False,True
KX722340.1,True,False,False,True
KX722341.1,True,False,False,True
KX722342.1,True,False,False,True
KX722343.1,True,False,False,True
KX722344.1,True,False,False,True
KX722345.1,True,False,False,True
KX722346.1,True,False,False,True
KX722347.1,True,False,False,True
KX722348.1,True,False,False,True
KX722349.1,True,False,False,True
KX722350.1,True,False,False,True
KX722351.1,True,False,False,True
KX722352.1,True,False,False,True
KX722353.1,True,False,False,True
KX722354.1,True,False,False,True
KX722355.1,True,False,False,True
KX722356.1,True,False,False,True
KX722357.1,True,False,False,True
KX722358.1,True,False,False,True
KX722359.1,True,False,False,True
KX722360.1,True,False,False,True
KX722361.1,True,False,False,True
KX722362.1,True,False,False,True
KX722363.1,True,False,False,True
KX722364.1,True,False,False,True
KX722365.1,True,False,False,True
KX722366.1,True,False,False,True
KX722367.1,True,False,False,True
KX722368.1,True,False,False,True
KX722369.1,True,False,False,True
KX722370.1,True,False,False,True
KX722371.1,True,False,False,True
KX722372.1,True,False,False,True
KX722373.1,True,False,False,True
KX722374.1,True,False,False,True
KX722375.1,True,False,False,True
KX722376.1,True,False,False,True
KX722377.1,True,False,False,True
KX722378.1,True,False,False,True
KX722379.1,True,False,False,True
KX722380.1,True,False,False,True
KX722381.1,True,False,False,True
KX722382.1,True,False,False,True
KX722383.1,True,False,False,True
KX722384.1,True,False,False,True
KX722385.1,True,False,False,True
KX722386.1,True,False,False,True
KX722387.1,True,False,False,True
KX722388.1,True,False,False,True
KX722389.1,True,False,False,True
KX722390.1,True,False,False,True
KX722391.1,True,False,False,True
KX722392.1,True,False,False,True
KX722393.1,True,False,False,True
KX722394.1,True,False,False,True
KX722395.1,True,False,False,True
KX722396.1,True,False,False,True
KX722397.1,True,False,False,False
KX722398.1,True,False,False,True
KX722399.1,True,False,False,True
KX722400.1,True,False,False,True
KX722401.1,True,False,False,True
KX722402.1,True,False,False,True
KX722403.1,True,False,False,True
KX722404.1,True,False,False,True
KX722405.1,True,False,False,True
KX722406.1,True,False,False,True
KX722407.1,True,False,False,True
KX722408.1,True,False,False,True
KX722409.1,True,False,False,True
KX722410.1,True,False,False,True
KX722411.1,True,False,False,True
KX722412.1,True,False,False,True
KX722413.1,True,False,False,True
KX722414.1,True,False,False,True
KX722415.1,True,False,False,True
KX722416.1,True,False,False,True
KX722417.1,True,False,False,True
KX722418.1,True,False,False,True
KX722419.1,True,False,False,True
KX722420.1,True,False,False,True
KX722421.1,True,False,False,True
KX722422.1,True,False,False,True
KX722423.1,True,False,False,True
KX722424.1,True,False,False,True
KX722425.1,True,False,False,False
KX722426.1,True,False,False,False
KX722427.1,True,False,False,False
KX722428.1,True,False,False,False
KX722429.1,True,False,False,False
KX722430.1,True,False,False,False
KX722431.1,True,False,False,False
KX722432.1,True,False,False,False
KX722433.1,True,False,False,False
KX722434.1,True,False,False,False
KX722435.1,True,False,False,False
KX722436.1,True,False,False,False
KX722437.1,True,False,False,True
KX722438.1,True,False,False,True
KX722439.1,True,False,False,True
KX722440.1,True,False,False,True
KX722441.1,True,False,False,True
KX722442.1,True,False,False,True
KX722443.1,True,False,False,True
KX722444.1,True,False,False,True
KX722445.1,True,False,False,True
KX722446.1,True,False,False,True
KX722447.1,True,False,False,True
KX722448.1,True,False,False,True
KX722449.1,True,False,False,True
KX722450.1,True,False,False,True
KX722451.1,True,False,False,True
KX752057.1,True,False,False,False
KX764646.1,False,False,False,True
KX764647.1,False,False,False,True
KX764648.1,False,False,False,True
KX764649.1,False,False,False,True
KX764650.1,False,False,False,True
KX764651.1,False,False,False,True
KX764652.1,False,False,False,True
KX764653.1,False,False,False,True
KX764654.1,False,False,False,True
KX764655.1,False,False,False,True
KX764656.1,False,False,False,True
KX764657.1,False,False,False,True
KX764658.1,False,False,False,True
KX764659.1,False,False,False,True
KX764660.1,False,False,False,True
KX764661.1,False,False,False,True
KX764662.1,False,False,False,True
KX764663.1,False,False,False,True
KX764664.1,False,False,False,True
KX764665.1,False,False,False,True
KX764666.1,False,False,False,True
KX764667.1,False,False,False,True
KX764668.1,False,False,False,True
KX764669.1,False,False,False,True
KX764670.1,False,False,False,True
KX764671.1,False,False,False,True
KX764672.1,False,False,False,True
KX764673.1,False,False,False,True
KX764674.1,False,False,False,True
KX764675.1,False,False,False,True
KX764676.1,False,False,False,True
KX764677.1,False,False,False,True
KX764678.1,False,False,False,True
KX764679.1,False,False,False,True
KX764680.1,False,False,False,True
KX764681.1,False,False,False,True
KX764682.1,False,False,False,True
KX764683.1,False,False,False,True
KX764684.1,False,False,False,True
KX764685.1,False,False,False,True
KX764686.1,False,False,False,True
KX764687.1,False,False,False,True
KX764688.1,False,False,False,True
KX764689.1,False,False,False,True
KX764690.1,False,False,False,True
KX764691.1,False,False,False,True
KX764692.1,False,False,False,True
KX764693.1,False,False,False,True
KX764694.1,False,False,False,True
KX764695.1,False,False,False,True
KX764696.1,False,False,False,True
KX764697.1,False,False,False,True
KX764698.1,False,False,False,True
KX764699.1,False,False,False,True
KX764700.1,False,False,False,True
KX764701.1,False,False,False,True
KX764702.1,False,False,False,True
KX764703.1,False,False,False,True
KX764704.1,False,False,False,True
KX764705.1,False,False,False,True
KX764706.1,False,False,False,True
KX764707.1,False,False,False,True
KX764708.1,False,False,False,True
KX764709.1,False,False,False,True
KX764710.1,False,False,False,True
KX764711.1,False,False,False,True
KX764712.1,False,False,False,True
KX764713.1,False,False,False,True
KX764714.1,False,False,False,True
KX764715.1,False,False,False,True
KX764716.1,False,False,False,True
KX764717.1,False,False,False,True
KX764718.1,False,False,False,True
KX764719.1,False,False,False,True
KX764720.1,False,False,False,True
KX764721.1,False,False,False,True
KX764722.1,False,False,False,True
KX764723.1,False,False,False,True
KX764724.1,False,False,False,True
KX764725.1,False,False,False,True
KX764726.1,False,False,False,True
KX764727.1,False,False,False,True
KX764728.1,False,False,False,True
KX764729.1,False,False,False,True
KX764730.1,False,False,False,True
KX764731.1,False,False,False,True
KX764732.1,False,False,False,True
KX764733.1,False,False,False,True
KX764734.1,False,False,False,True
KX764735.1,False,False,False,True
KX764736.1,False,False,False,True
KX764737.1,False,False,False,True
KX764738.1,False,False,False,True
KX764739.1,False,False,False,True
KX764740.1,False,False,False,True
KX764741.1,False,False,False,True
KX764742.1,False,False,False,True
KX764743.1,False,False,False,True
KX764744.1,False,False,False,True
KX764745.1,False,False,False,True
KX764746.1,False,False,False,True
KX764747.1,False,False,False,True
KX764748.1,False,False,False,True
KX764749.1,False,False,False,True
KX764750.1,False,False,False,True
KX764751.1,False,False,False,True
KX764752.1,False,False,False,True
KX764753.1,False,False,False,True
KX764754.1,False,False,False,True
KX764755.1,False,False,False,True
KX764756.1,False,False,False,True
KX764757.1,False,False,False,True
KX764758.1,False,False,False,True
KX764759.1,False,False,False,True
KX764760.1,False,False,False,True
KX764761.1,False,False,False,True
KX764762.1,False,False,False,True
KX764763.1,False,False,False,True
KX764764.1,False,False,False,True
KX764765.1,False,False,False,True
KX764766.1,False,False,False,True
KX764767.1,False,False,False,True
KX764768.1,False,False,False,True
KX764769.1,False,False,False,True
KX764770.1,False,False,False,True
KX764771.1,False,False,False,True
KX764772.1,False,False,False,True
KX764773.1,False,False,False,True
KX764774.1,False,False,False,True
KX764775.1,False,False,False,True
KX764776.1,False,False,False,True
KX764777.1,False,False,False,True
KX764778.1,False,False,False,True
KX764779.1,False,False,False,True
KX764780.1,False,False,False,True
KX764781.1,False,False,False,True
KX764782.1,False,False,False,True
KX764783.1,False,False,False,True
KX764784.1,False,False,False,True
KX764785.1,False,False,False,True
KX764786.1,False,False,False,True
KX764787.1,False,False,False,True
KX764788.1,False,False,False,True
KX764789.1,False,False,False,True
KX764790.1,False,False,False,True
KX764791.1,False,False,False,True
KX764792.1,False,False,False,True
KX764793.1,False,False,False,True
KX764794.1,False,False,False,True
KX764795.1,False,False,False,True
KX764796.1,False,False,False,True
KX764797.1,False,False,False,True
KX764798.1,False,False,False,True
KX764799.1,False,False,False,True
KX764800.1,False,False,False,True
KX764801.1,False,False,False,True
KX764802.1,False,False,False,True
KX764803.1,False,False,False,True
KX764804.1,False,False,False,True
KX764805.1,False,False,False,True
KX764806.1,False,False,False,True
KX764807.1,False,False,False,True
KX764808.1,False,False,False,True
KX764809.1,False,False,False,True
KX764810.1,False,False,False,True
KX764811.1,False,False,False,True
KX764812.1,False,False,False,True
KX764813.1,False,False,False,True
KX764814.1,False,False,False,True
KX764815.1,False,False,False,True
KX764816.1,False,False,False,True
KX764817.1,False,False,False,True
KX764818.1,False,False,False,True
KX764819.1,False,False,False,True
KX764820.1,False,False,False,True
KX764821.1,False,False,False,True
KX764822.1,False,False,False,True
KX764823.1,False,False,False,True
KX764824.1,False,False,False,True
KX764825.1,False,False,False,True
KX764826.1,False,False,False,True
KX764827.1,False,False,False,True
KX764828.1,False,False,False,True
KX764829.1,False,False,False,True
KX764830.1,False,False,False,True
KX767083.1,True,False,False,True
KX789174.1,False,False,False,True
KX789175.1,False,False,False,True
KX789176.1,False,False,False,True
KX816577.1,True,False,False,False
KX816578.1,True,False,False,False
KX816644.1,True,False,False,True
KX907728.1,True,False,False,False
KX907729.1,True,False,False,False
KX907730.1,True,False,False,False
KX907731.1,True,False,False,False
KX950760.1,True,False,False,False
KX989464.1,True,False,False,True
KX989465.1,True,False,False,True
KX989466.1,True,False,False,True
KX989467.1,True,False,False,True
KX989468.1,True,False,False,True
KX989469.1,True,False,False,True
KX989470.1,True,False,False,True
KX989471.1,True,False,False,True
KX989472.1,True,False,False,True
KX989473.1,True,False,False,True
KX989474.1,True,False,False,True
KX989475.1,True,False,False,True
KX989476.1,True,False,False,True
KX989477.1,True,False,False,True
KX989478.1,True,False,False,True
KY012277.1,True,False,False,True
KY012278.1,True,False,False,True
KY012279.1,True,False,False,True
KY012280.1,True,False,False,True
KY012281.1,True,False,False,True
KY012282.1,True,False,False,True
KY012283.1,True,False,False,True
KY012284.1,True,False,False,True
KY012285.1,True,False,False,True
KY012286.1,True,False,False,True
KY012287.1,True,False,False,True
KY012288.1,True,False,False,False
KY012289.1,True,False,False,False
KY012290.1,True,False,False,False
KY012291.1,True,False,False,False
KY012292.1,True,False,False,False
KY012293.1,True,False,False,False
KY012294.1,True,False,False,False
KY012295.1,True,False,False,False
KY040050.1,True,False,False,False
KY040051.1,True,False,False,False
KY040052.1,True,False,False,False
KY056133.1,True,False,False,False
KY056134.1,True,False,False,False
KY056135.1,True,False,False,False
KY056136.1,True,False,False,False
KY056137.1,True,False,False,False
KY056138.1,True,False,False,False
KY056139.1,True,False,False,False
KY056140.1,True,False,False,False
KY069114.1,True,False,False,False
KY069115.1,True,False,False,False
KY200613.1,True,False,False,False
KY200614.1,True,False,False,False
KY200617.1,True,False,False,False
KY200618.1,True,False,False,False
KY200619.1,True,False,False,False
KY200620.1,True,False,False,False
KY200621.1,True,False,False,False
KY200622.1,True,False,False,False
KY200623.1,True,False,False,False
KY200624.1,True,False,False,False
KY200625.1,True,False,False,False
KY200626.1,True,False,False,False
KY200627.1,True,False,False,False
KY200628.1,True,False,False,False
KY200629.1,True,False,False,True
KY200630.1,True,False,False,True
KY200631.1,True,False,False,True
KY200632.1,True,False,False,True
KY200633.1,True,False,False,True
KY200634.1,True,False,False,True
KY200635.1,True,False,False,True
KY200636.1,True,False,False,True
KY200637.1,True,False,False,True
KY200638.1,True,False,False,True
KY200639.1,True,False,False,True
KY200640.1,True,False,False,True
KY200641.1,True,False,False,True
KY200642.1,True,False,False,True
KY200643.1,True,False,False,True
KY200644.1,True,False,False,True
KY200645.1,True,False,False,True
KY200646.1,True,False,False,True
KY210909.1,True,False,False,False
KY210910.1,True,False,False,False
KY210911.1,True,False,False,False
KY210912.1,True,False,True,False
KY210913.1,True,False,False,False
KY210914.1,False,False,True,False
KY210916.1,False,False,True,False
KY210925.2,False,False,True,False
KY210926.1,True,False,False,False
KY210927.1,True,False,False,False
KY210928.1,True,False,False,False
KY210929.1,True,False,False,False
KY210930.1,True,False,False,False
KY210931.1,True,False,False,False
KY210932.1,True,False,False,False
KY210933.1,True,False,False,False
KY210934.1,True,False,False,False
KY210935.1,True,False,False,False
KY210936.1,True,False,False,False
KY210937.1,True,False,False,False
KY210938.1,True,False,False,False
KY210939.1,True,False,False,False
KY210940.1,True,False,False,False
KY210941.1,True,False,False,False
KY210942.1,True,False,False,False
KY210943.1,True,False,False,False
KY210944.1,True,False,False,False
KY210945.1,True,False,False,False
KY210946.1,True,False,False,False
KY210947.1,True,False,False,False
KY210948.1,True,False,False,False
KY210949.1,True,False,False,False
KY210950.1,True,False,False,False
KY210951.1,True,False,False,False
KY210952.1,True,False,False,False
KY210953.1,True,False,False,False
KY210954.1,True,False,False,False
KY210955.1,True,False,False,False
KY210956.1,True,False,False,False
KY210957.1,True,False,False,False
KY210958.1,True,False,False,False
KY210959.1,True,False,False,False
KY210960.1,True,False,False,False
KY210961.1,True,False,False,False
KY210962.1,True,False,False,False
KY210963.1,True,False,False,False
KY210964.1,True,False,False,False
KY210965.1,True,False,False,False
KY210966.1,True,False,False,False
KY210967.1,True,False,False,False
KY210968.1,True,False,False,False
KY210969.2,True,False,False,False
KY210970.2,True,False,False,False
KY210972.2,True,False,False,False
KY210973.1,True,False,False,False
KY210974.2,True,False,False,False
KY210975.1,True,False,False,False
KY210976.2,True,False,False,False
KY210978.1,True,False,False,False
KY210979.1,True,False,False,False
KY210981.2,True,False,False,False
KY210982.2,True,False,False,False
KY210983.1,True,False,False,False
KY341923.1,True,False,False,False
KY344277.1,True,False,False,False
KY344278.1,True,False,False,False
KY344279.1,True,False,False,False
KY344280.1,True,False,False,False
KY344281.1,True,False,False,False
KY344282.1,True,False,False,False
KY344329.1,True,False,False,False
KY344330.1,True,False,False,False
KY344331.1,True,False,False,False
KY344332.1,True,False,False,False
KY344333.1,True,False,False,False
KY344334.1,True,False,False,False
KY344335.1,True,False,False,False
KY344336.1,True,False,False,False
KY344414.1,True,False,False,False
KY357449.1,False,False,False,True
KY357450.1,False,False,False,True
KY357451.1,False,False,False,True
KY357452.1,False,False,False,True
KY357453.1,False,False,False,True
KY357454.1,False,False,False,True
KY357455.1,False,False,False,True
KY357456.1,False,False,False,True
KY357457.1,False,False,False,True
KY357458.1,False,False,False,True
KY357459.1,False,False,False,True
KY357460.1,False,False,False,True
KY357461.1,False,False,False,True
KY357462.1,False,False,False,True
KY362197.1,False,False,True,False
KY362198.3,False,False,True,False
KY392867.1,True,False,False,False
KY392868.1,True,False,False,False
KY406918.1,True,False,False,True
KY406919.1,True,False,False,True
KY406920.1,True,False,False,True
KY406921.1,True,False,False,True
KY406922.1,True,False,False,True
KY406923.1,True,False,False,True
KY406924.1,True,False,False,True
KY406925.1,True,False,False,True
KY406926.1,True,False,False,True
KY406927.1,True,False,False,True
KY406928.1,True,False,False,True
KY406929.1,True,False,False,True
KY406930.1,True,False,False,True
KY406931.1,True,False,False,True
KY406932.1,True,False,False,True
KY406933.1,True,False,False,True
KY406934.1,True,False,False,True
KY406935.1,True,False,False,True
KY406936.1,True,False,False,True
KY406937.1,True,False,False,True
KY406938.1,True,False,False,True
KY406939.1,True,False,False,True
KY406940.1,True,False,False,True
KY406941.1,True,False,False,True
KY406942.1,True,False,False,True
KY406943.1,True,False,False,True
KY406944.1,True,False,False,True
KY406945.1,True,False,False,True
KY406946.1,True,False,False,True
KY406947.1,True,False,False,True
KY406948.1,True,False,False,True
KY406949.1,True,False,False,True
KY406950.1,True,False,False,True
KY406951.1,True,False,False,True
KY406952.1,True,False,False,True
KY406953.1,True,False,False,True
KY406954.1,True,False,False,True
KY406955.1,True,False,False,True
KY406956.1,True,False,False,True
KY406957.1,True,False,False,True
KY406958.1,True,False,False,True
KY406959.1,True,False,False,True
KY406960.1,True,False,False,True
KY406961.1,True,False,False,True
KY406962.1,True,False,False,True
KY406963.1,True,False,False,True
KY406964.1,True,False,False,True
KY406965.1,True,False,False,True
KY406966.1,True,False,False,True
KY406967.1,True,False,False,True
KY406968.1,True,False,False,True
KY406969.1,True,False,False,True
KY406970.1,True,False,False,True
KY406971.1,True,False,False,True
KY406972.1,True,False,False,True
KY406973.1,True,False,False,True
KY406974.1,True,False,False,True
KY406975.1,True,False,False,True
KY406976.1,True,False,False,True
KY406977.1,True,False,False,True
KY406978.1,True,False,False,True
KY406979.1,True,False,False,True
KY406980.1,True,False,False,True
KY406981.1,True,False,False,True
KY406982.1,True,False,False,True
KY406983.1,True,False,False,True
KY406984.1,True,False,False,True
KY406985.1,True,False,False,True
KY406986.1,True,False,False,True
KY406987.1,True,False,False,True
KY406988.1,True,False,False,True
KY406989.1,True,False,False,True
KY406990.1,True,False,False,True
KY406991.1,True,False,False,True
KY406992.1,True,False,False,True
KY406993.1,True,False,False,True
KY406994.1,True,False,False,True
KY406995.1,True,False,False,True
KY406996.1,True,False,False,True
KY406997.1,True,False,False,True
KY406998.1,True,False,False,True
KY406999.1,True,False,False,True
KY407000.1,True,False,False,True
KY407001.1,True,False,False,True
KY407002.1,True,False,False,True
KY407003.1,True,False,False,True
KY407004.1,True,False,False,True
KY407005.1,True,False,False,True
KY407006.1,True,False,False,True
KY407007.1,True,False,False,True
KY407008.1,True,False,False,True
KY407009.1,True,False,False,True
KY407010.1,True,False,False,True
KY407011.1,True,False,False,True
KY407012.1,True,False,False,True
KY407013.1,True,False,False,True
KY407014.1,True,False,False,True
KY407015.1,True,False,False,True
KY407016.1,True,False,False,True
KY407017.1,True,False,False,True
KY407018.1,True,False,False,True
KY407019.1,True,False,False,True
KY407020.1,True,False,False,True
KY407021.1,True,False,False,True
KY407022.1,True,False,False,True
KY407023.1,True,False,False,True
KY407024.1,True,False,False,True
KY407025.1,True,False,False,True
KY407026.1,True,False,False,True
KY407027.1,True,False,False,True
KY407028.1,True,False,False,True
KY407029.1,True,False,False,True
KY407030.1,True,False,False,True
KY407031.1,True,False,False,True
KY407032.1,True,False,False,True
KY407033.1,True,False,False,True
KY407034.1,True,False,False,True
KY407035.1,True,False,False,True
KY407036.1,True,False,False,True
KY407037.1,True,False,False,True
KY407038.1,True,False,False,True
KY407039.1,True,False,False,True
KY407040.1,True,False,False,True
KY407041.1,True,False,False,True
KY407042.1,True,False,False,True
KY407043.1,True,False,False,True
KY407044.1,True,False,False,True
KY407045.1,True,False,False,True
KY407046.1,True,False,False,True
KY407047.1,True,False,False,True
KY407048.1,True,False,False,True
KY407049.1,True,False,False,True
KY407050.1,True,False,False,True
KY407051.1,True,False,False,True
KY407052.1,True,False,False,True
KY407053.1,True,False,False,True
KY407054.1,True,False,False,True
KY407055.1,True,False,False,True
KY407056.1,True,False,False,True
KY407057.1,True,False,False,True
KY407058.1,True,False,False,True
KY407059.1,True,False,False,True
KY407060.1,True,False,False,True
KY407061.1,True,False,False,True
KY407062.1,True,False,False,True
KY407063.1,True,False,False,True
KY407064.1,True,False,False,True
KY407065.1,True,False,False,True
KY407066.1,True,False,False,True
KY407067.1,True,False,False,True
KY407068.1,True,False,False,True
KY407069.1,True,False,False,True
KY407070.1,True,False,False,True
KY407071.1,True,False,False,True
KY407072.1,True,False,False,True
KY407073.1,True,False,False,True
KY407074.1,True,False,False,True
KY407075.1,True,False,False,True
KY407076.1,True,False,False,True
KY407077.1,True,False,False,True
KY407078.1,True,False,False,True
KY407079.1,True,False,False,True
KY407080.1,True,False,False,True
KY407081.1,True,False,False,True
KY407082.1,True,False,False,True
KY407083.1,True,False,False,True
KY407084.1,True,False,False,True
KY407085.1,True,False,False,True
KY407086.1,True,False,False,True
KY407087.1,True,False,False,True
KY407088.1,True,False,False,True
KY407089.1,True,False,False,True
KY407090.1,True,False,False,True
KY407091.1,True,False,False,True
KY407092.1,True,False,False,True
KY407093.1,True,False,False,True
KY407094.1,True,False,False,True
KY407095.1,True,False,False,True
KY407096.1,True,False,False,True
KY407097.1,True,False,False,True
KY407098.1,True,False,False,True
KY407099.1,True,False,False,True
KY407100.1,True,False,False,True
KY407101.1,True,False,False,True
KY407102.1,True,False,False,True
KY407103.1,True,False,False,True
KY407104.1,True,False,False,True
KY407105.1,True,False,False,True
KY407106.1,True,False,False,True
KY407107.1,True,False,False,True
KY407108.1,True,False,False,True
KY407109.1,True,False,False,True
KY407110.1,True,False,False,True
KY407111.1,True,False,False,True
KY407112.1,True,False,False,True
KY407113.1,True,False,False,True
KY407114.1,True,False,False,True
KY407115.1,True,False,False,True
KY407116.1,True,False,False,True
KY407117.1,True,False,False,True
KY407118.1,True,False,False,True
KY407119.1,True,False,False,True
KY407120.1,True,False,False,True
KY407121.1,True,False,False,True
KY407122.1,True,False,False,True
KY407123.1,True,False,False,True
KY407124.1,True,False,False,True
KY407125.1,True,False,False,True
KY407126.1,True,False,False,True
KY407127.1,True,False,False,True
KY407128.1,True,False,False,True
KY407129.1,True,False,False,True
KY407130.1,True,False,False,True
KY407131.1,True,False,False,True
KY407132.1,True,False,False,True
KY407133.1,True,False,False,True
KY407134.1,True,False,False,True
KY407135.1,True,False,False,True
KY407136.1,True,False,False,True
KY407137.1,True,False,False,True
KY407138.1,True,False,False,True
KY407139.1,True,False,False,True
KY407140.1,True,False,False,True
KY407141.1,True,False,False,True
KY407142.1,True,False,False,True
KY407143.1,True,False,False,True
KY407144.1,True,False,False,True
KY407145.1,True,False,False,True
KY407146.1,True,False,False,True
KY407147.1,True,False,False,True
KY407148.1,True,False,False,True
KY407149.1,True,False,False,True
KY407150.1,True,False,False,True
KY407151.1,True,False,False,True
KY407152.1,True,False,False,True
KY407153.1,True,False,False,True
KY407154.1,True,False,False,True
KY407155.1,True,False,False,True
KY407156.1,True,False,False,True
KY407157.1,True,False,False,True
KY407158.1,True,False,False,True
KY407159.1,True,False,False,True
KY407160.1,True,False,False,True
KY407161.1,True,False,False,True
KY407162.1,True,False,False,True
KY407163.1,True,False,False,True
KY407164.1,True,False,False,True
KY407165.1,True,False,False,True
KY407166.1,True,False,False,True
KY407167.1,True,False,False,True
KY407168.1,True,False,False,True
KY407169.1,True,False,False,True
KY407170.1,True,False,False,True
KY407171.1,True,False,False,True
KY407172.1,True,False,False,True
KY407173.1,True,False,False,True
KY407174.1,True,False,False,True
KY407175.1,True,False,False,True
KY407176.1,True,False,False,True
KY407177.1,True,False,False,True
KY407178.1,True,False,False,True
KY407179.1,True,False,False,True
KY407180.1,True,False,False,True
KY407181.1,True,False,False,True
KY407182.1,True,False,False,True
KY407183.1,True,False,False,True
KY407184.1,True,False,False,True
KY407185.1,True,False,False,True
KY407186.1,True,False,False,True
KY407187.1,True,False,False,True
KY407188.1,True,False,False,True
KY407189.1,True,False,False,True
KY407190.1,True,False,False,True
KY407191.1,True,False,False,True
KY407192.1,True,False,False,True
KY407193.1,True,False,False,True
KY407194.1,True,False,False,True
KY407195.1,True,False,False,True
KY407196.1,True,False,False,True
KY407197.1,True,False,False,True
KY407198.1,True,False,False,True
KY407199.1,True,False,False,True
KY407200.1,True,False,False,True
KY407201.1,True,False,False,True
KY407202.1,True,False,False,True
KY407203.1,True,False,False,True
KY407204.1,True,False,False,True
KY407205.1,True,False,False,True
KY407206.1,True,False,False,True
KY407207.1,True,False,False,True
KY407208.1,True,False,False,True
KY407209.1,True,False,False,True
KY407210.1,True,False,False,True
KY407211.1,True,False,False,True
KY407212.1,True,False,False,True
KY407213.1,True,False,False,True
KY407214.1,True,False,False,True
KY407215.1,True,False,False,True
KY407216.1,True,False,False,True
KY407217.1,True,False,False,True
KY407218.1,True,False,False,True
KY407219.1,True,False,False,True
KY407220.1,True,False,False,True
KY407221.1,True,False,False,True
KY412099.1,False,False,False,True
KY412100.1,False,False,False,True
KY421044.1,True,False,False,False
KY421123.1,True,False,False,False
KY421124.1,True,False,False,False
KY421125.1,True,False,False,False
KY421126.1,True,False,False,False
KY421127.1,True,False,False,False
KY421128.1,True,False,False,False
KY421129.1,True,False,False,False
KY421130.1,True,False,False,False
KY421131.1,True,False,False,False
KY421132.1,True,False,False,False
KY421133.1,True,False,False,False
KY421134.1,True,False,False,False
KY421135.1,True,False,False,False
KY421136.1,True,False,False,False
KY421137.1,True,False,False,False
KY421138.1,True,False,False,False
KY421139.1,True,False,False,False
KY421140.1,True,False,False,False
KY421141.1,True,False,False,False
KY421142.1,True,False,False,False
KY421143.1,True,False,False,False
KY421144.1,True,False,False,False
KY421145.1,True,False,False,False
KY421146.1,True,False,False,False
KY421147.1,True,False,False,False
KY421148.1,True,False,False,False
KY421149.1,True,False,False,False
KY421150.1,True,False,False,False
KY421151.1,True,False,False,False
KY421152.1,True,False,False,False
KY421153.1,True,False,False,False
KY421154.1,True,False,False,False
KY421155.1,True,False,False,False
KY421156.1,True,False,False,False
KY421157.1,True,False,False,False
KY421158.1,True,False,False,True
KY421159.1,True,False,False,True
KY421160.1,True,False,False,True
KY421161.1,True,False,False,True
KY421162.1,True,False,False,True
KY421163.1,True,False,False,True
KY421164.1,True,False,False,True
KY421165.1,True,False,False,True
KY421166.1,True,False,False,True
KY421167.1,True,False,False,True
KY421168.1,True,False,False,True
KY421169.1,True,False,False,True
KY421170.1,True,False,False,True
KY421171.1,True,False,False,True
KY421172.1,True,False,False,True
KY421173.1,True,False,False,True
KY421174.1,True,False,False,True
KY421175.1,True,False,False,True
KY421176.1,True,False,False,True
KY421177.1,True,False,False,True
KY421178.1,True,False,False,True
KY421179.1,True,False,False,True
KY421180.1,True,False,False,True
KY421181.1,True,False,False,True
KY421182.1,True,False,False,True
KY421183.1,True,False,False,True
KY421184.1,True,False,False,True
KY421185.1,True,False,False,True
KY424328.1,True,False,False,False
KY424329.1,True,False,False,False
KY424330.1,True,False,False,False
KY424331.1,True,False,False,False
KY424332.1,True,False,False,False
KY424333.1,True,False,False,False
KY424334.1,True,False,False,False
KY424335.1,True,False,False,False
KY424336.1,True,False,False,False
KY424337.1,True,False,False,False
KY424338.1,True,False,False,False
KY424339.1,True,False,False,False
KY424340.1,True,False,False,False
KY424341.1,True,False,False,False
KY424342.1,True,False,False,False
KY424343.1,True,False,False,False
KY424344.1,True,False,False,False
KY424345.1,True,False,False,False
KY424346.1,True,False,False,False
KY424347.1,True,False,False,False
KY424348.1,True,False,False,False
KY424349.1,True,False,False,False
KY424350.1,True,False,False,False
KY427651.1,True,False,False,True
KY427652.1,True,False,False,True
KY427653.1,True,False,False,True
KY427654.1,True,False,False,True
KY427655.1,True,False,False,True
KY427656.1,True,False,False,True
KY427657.1,True,False,False,True
KY427658.1,True,False,False,True
KY427659.1,True,False,False,True
KY427660.1,True,False,False,True
KY427661.1,True,False,False,True
KY427662.1,True,False,False,False
KY427663.1,True,False,False,False
KY427664.1,True,False,False,True
KY427665.1,True,False,False,False
KY427666.1,True,False,False,False
KY427667.1,True,False,False,False
KY427668.1,True,False,False,False
KY427669.1,True,False,False,False
KY427670.1,True,False,False,False
KY427671.1,True,False,False,False
KY427672.1,True,False,False,False
KY457580.1,True,False,False,True
KY457581.1,True,False,False,True
KY457582.1,True,False,False,True
KY457583.1,True,False,False,True
KY457584.1,True,False,False,True
KY457585.1,True,False,False,True
KY457586.1,True,False,False,True
KY462031.1,True,False,False,False
KY462032.1,True,False,False,False
KY462033.1,True,False,False,False
KY462034.1,True,False,False,False
KY462035.1,True,False,False,False
KY462036.1,True,False,False,False
KY462037.1,True,False,False,False
KY462038.1,True,False,False,False
KY462039.1,True,False,False,False
KY462040.1,True,False,False,False
KY462041.1,True,False,False,False
KY462042.1,True,False,False,False
KY462043.1,True,False,False,False
KY462044.1,True,False,False,False
KY462045.1,True,False,False,False
KY462046.1,True,False,False,False
KY462047.1,True,False,False,False
KY462048.1,True,False,False,False
KY462049.1,True,False,False,False
KY462050.1,True,False,False,False
KY462051.1,True,False,False,False
KY462052.1,True,False,False,False
KY462053.1,True,False,False,False
KY462054.1,True,False,False,False
KY462055.1,True,False,False,False
KY462056.1,True,False,False,False
KY462057.1,True,False,False,False
KY462058.1,True,False,False,False
KY462059.1,True,False,False,False
KY462060.1,True,False,False,False
KY462061.1,True,False,False,False
KY462062.1,True,False,False,False
KY462063.1,True,False,False,False
KY462064.1,True,False,False,False
KY462065.1,True,False,False,False
KY462066.1,True,False,False,False
KY462067.1,True,False,False,False
KY462068.1,True,False,False,False
KY462069.1,True,False,False,False
KY462070.1,True,False,False,False
KY462071.1,True,False,False,False
KY462072.1,True,False,False,False
KY462073.1,True,False,False,False
KY462074.1,True,False,False,False
KY462075.1,True,False,False,False
KY462076.1,True,False,False,False
KY462077.1,True,False,False,False
KY462078.1,True,False,False,False
KY462079.1,True,False,False,False
KY462080.1,True,False,False,False
KY462081.1,True,False,False,False
KY462082.1,True,False,False,False
KY462083.1,True,False,False,False
KY462084.1,True,False,False,False
KY462085.1,True,False,False,False
KY462086.1,True,False,False,False
KY462087.1,True,False,False,False
KY462088.1,True,False,False,False
KY462089.1,True,False,False,False
KY485107.1,True,False,False,True
KY485108.1,True,False,False,True
KY485109.1,True,False,False,True
KY485110.1,True,False,False,True
KY485111.1,True,False,False,True
KY485112.1,True,False,False,True
KY485113.1,True,False,False,True
KY485114.1,True,False,False,True
KY485115.1,True,False,False,False
KY485116.1,True,False,False,False
KY485117.1,True,False,False,False
KY485118.1,True,False,False,False
KY485119.1,True,False,False,False
KY485120.1,True,False,False,False
KY485121.1,True,False,False,False
KY485122.1,True,False,False,False
KY485123.1,True,False,False,False
KY485124.1,True,False,False,False
KY485125.1,True,False,False,False
KY485126.1,True,False,False,False
KY489824.1,True,False,False,False
KY489825.1,True,False,False,False
KY489826.1,True,False,False,False
KY489827.1,True,False,False,False
KY489828.1,True,False,False,False
KY489829.1,True,False,False,False
KY489830.1,True,False,False,False
KY489831.1,True,False,False,False
KY489832.1,True,False,False,False
KY489833.1,True,False,False,False
KY489834.1,True,False,False,False
KY489835.1,True,False,False,False
KY489836.1,True,False,False,False
KY489837.1,True,False,False,False
KY489838.1,True,False,False,False
KY489839.1,True,False,False,False
KY489840.1,True,False,False,False
KY489841.1,True,False,False,False
KY489842.1,True,False,False,False
KY489843.1,True,False,False,False
KY489844.1,True,False,False,False
KY489845.1,True,False,False,False
KY489846.1,True,False,False,False
KY489847.1,True,False,False,False
KY489848.1,True,False,False,False
KY489849.1,True,False,False,False
KY489850.1,True,False,False,False
KY489851.1,True,False,False,False
KY502252.1,True,False,False,False
KY510433.1,False,False,False,True
KY548495.1,False,False,False,True
KY548496.1,False,False,False,True
KY548497.1,False,False,False,True
KY548498.1,False,False,False,True
KY548499.1,False,False,False,True
KY548500.1,False,False,False,True
KY548501.1,False,False,False,True
KY549325.1,False,False,False,True
KY563747.1,True,False,False,True
KY563748.1,False,False,False,True
KY563749.1,False,False,False,True
KY563750.1,False,False,False,True
KY563751.1,False,False,False,True
KY563752.1,True,False,False,True
KY563753.1,True,False,False,True
KY563754.1,True,False,False,True
KY563755.1,True,False,False,True
KY563756.1,False,False,False,True
KY563757.1,False,False,False,True
KY563758.1,False,False,False,True
KY563759.1,True,False,False,True
KY563760.1,True,False,False,True
KY563761.1,False,False,False,True
KY563762.1,False,False,False,True
KY563763.1,True,False,False,True
KY594416.1,True,False,False,False
KY594417.1,True,False,False,False
KY594418.1,True,False,False,False
KY594419.1,True,False,False,False
KY594420.1,True,False,False,False
KY594421.1,True,False,False,False
KY594422.1,True,False,False,False
KY594423.1,True,False,False,False
KY594424.1,True,False,False,False
KY594425.1,True,False,False,False
KY594426.1,True,False,False,False
KY594427.1,True,False,False,False
KY594428.1,True,False,False,False
KY594429.1,True,False,False,False
KY594430.1,True,False,False,False
KY594431.1,True,False,False,False
KY594432.1,True,False,False,False
KY594433.1,True,False,False,False
KY594434.1,True,False,False,False
KY594435.1,True,False,False,False
KY594436.1,True,False,False,False
KY594437.1,True,False,False,False
KY594438.1,True,False,False,False
KY594439.1,True,False,False,False
KY594440.1,True,False,False,False
KY594441.1,True,False,False,False
KY594442.1,True,False,False,False
KY594443.1,True,False,False,False
KY594444.1,True,False,False,False
KY594445.1,True,False,False,False
KY594446.1,True,False,False,False
KY594447.1,True,False,False,False
KY594448.1,True,False,False,False
KY594449.1,True,False,False,False
KY594450.1,True,False,False,False
KY594451.1,True,False,False,False
KY594452.1,True,False,False,False
KY594453.1,True,False,False,False
KY594454.1,True,False,False,False
KY594455.1,True,False,False,False
KY594456.1,True,False,False,False
KY594457.1,True,False,False,False
KY594458.1,True,False,False,False
KY594459.1,True,False,False,False
KY594460.1,True,False,False,False
KY594461.1,True,False,False,False
KY594462.1,True,False,False,False
KY594463.1,True,False,False,False
KY594464.1,True,False,False,False
KY594465.1,True,False,False,False
KY594466.1,True,False,False,False
KY594467.1,True,False,False,False
KY594468.1,True,False,False,False
KY594469.1,True,False,False,False
KY594470.1,True,False,False,False
KY594471.1,True,False,False,False
KY594472.1,True,False,False,False
KY594473.1,True,False,False,False
KY594474.1,True,False,False,False
KY594475.1,True,False,False,False
KY594476.1,True,False,False,False
KY594477.1,True,False,False,False
KY594478.1,True,False,False,False
KY594479.1,True,False,False,False
KY594480.1,True,False,False,False
KY594481.1,True,False,False,False
KY594482.1,True,False,False,False
KY594483.1,True,False,False,False
KY594484.1,True,False,False,False
KY594485.1,True,False,False,False
KY594486.1,True,False,False,False
KY594487.1,True,False,False,False
KY594488.1,True,False,False,False
KY594489.1,True,False,False,False
KY594490.1,True,False,False,False
KY594491.1,True,False,False,False
KY594492.1,True,False,False,False
KY594493.1,True,False,False,False
KY594494.1,True,False,False,False
KY594495.1,True,False,False,False
KY594496.1,True,False,False,False
KY594497.1,True,False,False,False
KY594498.1,True,False,False,False
KY594499.1,True,False,False,False
KY594500.1,True,False,False,False
KY594501.1,True,False,False,False
KY594502.1,True,False,False,False
KY594503.1,True,False,False,False
KY594504.1,True,False,False,False
KY594505.1,True,False,False,False
KY594506.1,True,False,False,False
KY594507.1,True,False,False,False
KY594508.1,True,False,False,False
KY594509.1,True,False,False,False
KY594510.1,True,False,False,False
KY594511.1,True,False,False,False
KY594512.1,True,False,False,False
KY594513.1,True,False,False,False
KY594514.1,True,False,False,False
KY594515.1,True,False,False,False
KY594516.1,True,False,False,False
KY594517.1,True,False,False,False
KY594518.1,True,False,False,False
KY594519.1,True,False,False,False
KY594520.1,True,False,False,False
KY594521.1,True,False,False,False
KY594522.1,True,False,False,False
KY594523.1,True,False,False,False
KY594524.1,True,False,False,False
KY594525.1,True,False,False,False
KY594526.1,True,False,False,False
KY594527.1,True,False,False,False
KY594528.1,True,False,False,False
KY594529.1,True,False,False,False
KY594530.1,True,False,False,False
KY594531.1,True,False,False,False
KY594532.1,True,False,False,False
KY594533.1,True,False,False,False
KY594534.1,True,False,False,False
KY594535.1,True,False,False,False
KY594536.1,True,False,False,False
KY594537.1,True,False,False,False
KY594538.1,True,False,False,False
KY594539.1,True,False,False,False
KY594540.1,True,False,False,False
KY594541.1,True,False,False,False
KY594542.1,True,False,False,False
KY594543.1,True,False,False,False
KY594544.1,True,False,False,False
KY594545.1,True,False,False,False
KY594546.1,True,False,False,False
KY594547.1,True,False,False,False
KY594548.1,True,False,False,False
KY594549.1,True,False,False,False
KY594550.1,True,False,False,False
KY594551.1,True,False,False,False
KY594552.1,True,False,False,False
KY594553.1,True,False,False,False
KY594554.1,True,False,False,False
KY594555.1,True,False,False,False
KY594556.1,True,False,False,False
KY594557.1,True,False,False,False
KY594558.1,True,False,False,False
KY594559.1,True,False,False,False
KY594560.1,True,False,False,False
KY594561.1,True,False,False,False
KY594562.1,True,False,False,False
KY594563.1,True,False,False,False
KY594564.1,True,False,False,False
KY594565.1,True,False,False,False
KY594566.1,True,False,False,False
KY594567.1,True,False,False,False
KY594568.1,True,False,False,False
KY594569.1,True,False,False,False
KY594570.1,True,False,False,False
KY594571.1,True,False,False,False
KY594572.1,True,False,False,False
KY594573.1,True,False,False,False
KY594574.1,True,False,False,False
KY594575.1,True,False,False,False
KY594576.1,True,False,False,False
KY594577.1,True,False,False,False
KY594578.1,True,False,False,False
KY594579.1,True,False,False,False
KY594580.1,True,False,False,False
KY594581.1,True,False,False,False
KY594582.1,True,False,False,False
KY594583.1,True,False,False,False
KY594584.1,True,False,False,False
KY594585.1,True,False,False,False
KY594586.1,True,False,False,False
KY594587.1,True,False,False,False
KY594588.1,True,False,False,False
KY594589.1,True,False,False,False
KY594590.1,True,False,False,False
KY594591.1,True,False,False,False
KY594592.1,True,False,False,False
KY594593.1,True,False,False,False
KY594594.1,True,False,False,False
KY594595.1,True,False,False,False
KY594596.1,True,False,False,False
KY594597.1,True,False,False,False
KY594598.1,True,False,False,False
KY594599.1,True,False,False,False
KY594600.1,True,False,False,False
KY594601.1,True,False,False,False
KY594602.1,True,False,False,False
KY594603.1,True,False,False,False
KY594604.1,True,False,False,False
KY594605.1,True,False,False,False
KY594606.1,True,False,False,False
KY594607.1,True,False,False,False
KY594608.1,True,False,False,False
KY594609.1,True,False,False,False
KY594610.1,True,False,False,False
KY594611.1,True,False,False,False
KY594612.1,True,False,False,False
KY594613.1,True,False,False,False
KY594614.1,True,False,False,False
KY594615.1,True,False,False,False
KY594616.1,True,False,False,False
KY594617.1,True,False,False,False
KY594618.1,True,False,False,False
KY594619.1,True,False,False,False
KY594620.1,True,False,False,False
KY594621.1,True,False,False,False
KY594622.1,True,False,False,False
KY594623.1,True,False,False,False
KY594624.1,True,False,False,False
KY594625.1,True,False,False,False
KY594626.1,True,False,False,False
KY594627.1,True,False,False,False
KY594628.1,True,False,False,False
KY594629.1,True,False,False,False
KY594630.1,True,False,False,False
KY594631.1,True,False,False,False
KY594632.1,True,False,False,False
KY594633.1,True,False,False,False
KY594634.1,True,False,False,False
KY594635.1,True,False,False,False
KY594636.1,True,False,False,False
KY594637.1,True,False,False,False
KY594638.1,True,False,False,False
KY594639.1,True,False,False,False
KY594640.1,True,False,False,False
KY594641.1,True,False,False,False
KY594642.1,True,False,False,False
KY594643.1,True,False,False,False
KY594644.1,True,False,False,False
KY594645.1,True,False,False,False
KY594646.1,True,False,False,False
KY594647.1,True,False,False,False
KY594648.1,True,False,False,False
KY594649.1,True,False,False,False
KY594650.1,True,False,False,False
KY594651.1,True,False,False,False
KY594652.1,True,False,False,False
KY594653.1,True,False,False,False
KY594654.1,True,False,False,False
KY594655.1,True,False,False,False
KY594656.1,True,False,False,False
KY594657.1,True,False,False,False
KY594658.1,True,False,False,False
KY594659.1,True,False,False,False
KY594660.1,True,False,False,False
KY594661.1,True,False,False,False
KY594662.1,True,False,False,False
KY594663.1,True,False,False,False
KY594664.1,True,False,False,False
KY594665.1,True,False,False,False
KY594666.1,True,False,False,False
KY594667.1,True,False,False,False
KY594668.1,True,False,False,False
KY594669.1,True,False,False,False
KY594670.1,True,False,False,False
KY594671.1,True,False,False,False
KY594672.1,True,False,False,False
KY594673.1,True,False,False,False
KY594674.1,True,False,False,False
KY596002.1,True,False,False,False
KY596003.1,True,False,False,False
KY611586.1,True,False,False,False
KY611587.1,True,False,False,False
KY628449.1,True,False,False,False
KY649454.1,True,False,False,False
KY649455.1,True,False,False,False
KY649456.1,True,False,False,False
KY653723.1,True,False,False,False
KY653724.1,True,False,False,False
KY679160.1,True,False,False,False
KY679161.1,True,False,False,False
KY679162.1,True,False,False,False
KY679163.1,True,False,False,False
KY679164.1,True,False,False,False
KY679165.1,True,False,False,False
KY679166.1,True,False,False,False
KY679167.1,True,False,False,False
KY679168.1,True,False,False,False
KY679169.1,True,False,False,False
KY679170.1,True,False,False,False
KY679171.1,True,False,False,False
KY679172.1,True,False,False,False
KY679173.1,True,False,False,False
KY683755.1,False,False,False,True
KY683756.1,False,False,False,True
KY683757.1,False,False,False,True
KY683758.1,False,False,False,True
KY683759.1,False,False,False,True
KY683760.1,False,False,False,True
KY683761.1,False,False,False,True
KY683762.1,False,False,False,True
KY683763.1,False,False,False,True
KY683764.1,False,False,False,True
KY683765.1,False,False,False,True
KY683766.1,False,False,False,True
KY683767.1,False,False,False,True
KY683768.1,False,False,False,True
KY683769.1,False,False,False,True
KY797681.1,False,False,False,True
KY797682.1,False,False,False,True
KY797683.1,False,False,False,True
KY797684.1,False,False,False,True
KY797685.1,False,False,False,True
KY797686.1,False,False,False,True
KY797687.1,False,False,False,True
KY797688.1,False,False,False,True
KY797689.1,False,False,False,True
KY797690.1,False,False,False,True
KY797691.1,False,False,False,True
KY797692.1,False,False,False,True
KY797693.1,False,False,False,True
KY797694.1,False,False,False,True
KY797695.1,False,False,False,True
KY797696.1,False,False,False,True
KY797697.1,False,False,False,True
KY797698.1,False,False,False,True
KY797699.1,False,False,False,True
KY797700.1,False,False,False,True
KY797701.1,False,False,False,True
KY797702.1,False,False,False,True
KY797703.1,False,False,False,True
KY797704.1,False,False,False,True
KY797705.1,False,False,False,True
KY797706.1,False,False,False,True
KY797707.1,False,False,False,True
KY797708.1,False,False,False,True
KY797709.1,False,False,False,True
KY797710.1,False,False,False,True
KY797711.1,False,False,False,True
KY797712.1,False,False,False,True
KY797713.1,False,False,False,True
KY797714.1,False,False,False,True
KY797715.1,False,False,False,True
KY797716.1,False,False,False,True
KY797717.1,False,False,False,True
KY797718.1,False,False,False,True
KY797719.1,False,False,False,True
KY797720.1,False,False,False,True
KY797721.1,False,False,False,True
KY797722.1,False,False,False,True
KY797723.1,False,False,False,True
KY797724.1,False,False,False,True
KY797725.1,False,False,False,True
KY797726.1,False,False,False,True
KY797727.1,False,False,False,True
KY797728.1,False,False,False,True
KY797729.1,False,False,False,True
KY797730.1,False,False,False,True
KY797731.1,False,False,False,True
KY797732.1,False,False,False,True
KY797733.1,False,False,False,True
KY797734.1,False,False,False,True
KY797735.1,False,False,False,True
KY797736.1,False,False,False,True
KY797737.1,False,False,False,True
KY797738.1,False,False,False,True
KY797739.1,False,False,False,True
KY797740.1,False,False,False,True
KY797741.1,False,False,False,True
KY797742.1,False,False,False,True
KY797743.1,False,False,False,True
KY797744.1,False,False,False,True
KY797745.1,False,False,False,True
KY797746.1,False,False,False,True
KY797747.1,False,False,False,True
KY797748.1,False,False,False,True
KY797749.1,False,False,False,True
KY797750.1,False,False,False,True
KY797751.1,False,False,False,True
KY797752.1,False,False,False,True
KY797753.1,False,False,False,True
KY797754.1,False,False,False,True
KY797755.1,False,False,False,True
KY797756.1,False,False,False,True
KY797757.1,False,False,False,True
KY797758.1,False,False,False,True
KY797759.1,False,False,False,True
KY797760.1,False,False,False,True
KY797761.1,False,False,False,True
KY797762.1,False,False,False,True
KY797763.1,False,False,False,True
KY797764.1,False,False,False,True
KY797765.1,False,False,False,True
KY797766.1,False,False,False,True
KY797767.1,False,False,False,True
KY797768.1,False,False,False,True
KY797769.1,False,False,False,True
KY797770.1,False,False,False,True
KY797771.1,False,False,False,True
KY797772.1,False,False,False,True
KY797773.1,False,False,False,True
KY797774.1,False,False,False,True
KY797775.1,False,False,False,True
KY797776.1,False,False,False,True
KY797777.1,False,False,False,True
KY797778.1,False,False,False,True
KY797779.1,False,False,False,True
KY797780.1,False,False,False,True
KY797781.1,False,False,False,True
KY797782.1,False,False,False,True
KY797783.1,False,False,False,True
KY806290.1,True,False,False,False
KY806291.1,True,False,False,False
KY806292.1,True,False,False,False
KY806293.1,True,False,False,False
KY806294.1,True,False,False,False
KY806295.1,True,False,False,False
KY806296.1,True,False,False,False
KY806297.1,True,False,False,False
KY806298.1,True,False,False,False
KY806299.1,True,False,False,False
KY806300.1,True,False,False,False
KY806301.1,True,False,False,False
KY815029.1,False,False,False,True
KY815030.1,False,False,False,True
KY815031.1,False,False,False,True
KY815032.1,False,False,False,True
KY815033.1,False,False,False,True
KY815034.1,True,False,False,True
KY817495.1,False,False,False,True
KY817496.1,False,False,False,True
KY817497.1,False,False,False,True
KY817498.1,False,False,False,True
KY817499.1,False,False,False,True
KY817500.1,False,False,False,True
KY817501.1,False,False,False,True
KY817502.1,False,False,False,True
KY817503.1,False,False,False,True
KY817504.1,False,False,False,True
KY817505.1,False,False,False,True
KY817506.1,False,False,False,True
KY817507.1,False,False,False,True
KY817508.1,False,False,False,True
KY817509.1,False,False,False,True
KY817510.1,False,False,False,True
KY817511.1,False,False,False,True
KY817512.1,False,False,False,True
KY817513.1,False,False,False,True
KY817514.1,False,False,False,True
KY817515.1,False,False,False,True
KY817516.1,False,False,False,True
KY817517.1,False,False,False,True
KY817518.1,False,False,False,True
KY817519.1,False,False,False,True
KY817520.1,False,False,False,True
KY817521.1,False,False,False,True
KY985368.1,True,False,False,True
KY985369.1,True,False,False,True
KY985370.1,True,False,False,True
KY985371.1,True,False,False,True
KY985372.1,True,False,False,True
LC005704.1,True,False,False,True
LC005705.1,True,False,False,True
LC005706.1,True,False,False,True
LC005707.1,True,False,False,True
LC005708.1,True,False,False,True
LC005709.1,True,False,False,True
LC005710.1,True,False,False,True
LC005711.1,True,False,False,True
LC005712.1,True,False,False,True
LC005713.1,True,False,False,True
LC005714.1,True,False,False,True
LC005715.1,True,False,False,True
LC005716.1,True,False,False,True
LC005717.1,True,False,False,True
LC005718.1,True,False,False,True
LC005719.1,True,False,False,True
LC005720.1,True,False,False,True
LC005721.1,True,False,False,True
LC005722.1,True,False,False,True
LC005723.1,True,False,False,True
LC005724.1,True,False,False,True
LC005725.1,True,False,False,True
LC005726.1,True,False,False,True
LC005727.1,True,False,False,True
LC005728.1,True,False,False,True
LC005729.1,True,False,False,True
LC005730.1,True,False,False,True
LC005731.1,True,False,False,True
LC005732.1,True,False,False,True
LC005733.1,True,False,False,True
LC005734.1,True,False,False,True
LC005735.1,True,False,False,True
LC009578.1,True,False,False,True
LC009579.1,True,False,False,True
LC009580.1,True,False,False,True
LC009581.1,True,False,False,True
LC009582.1,True,False,False,True
LC009583.1,True,False,False,True
LC009584.1,True,False,False,True
LC009585.1,True,False,False,True
LC009586.1,True,False,False,True
LC009587.1,True,False,False,True
LC009588.1,True,False,False,True
LC009589.1,True,False,False,True
LC009590.1,True,False,False,True
LC009591.1,True,False,False,True
LC009592.1,True,False,False,True
LC009593.1,True,False,False,True
LC009594.1,True,False,False,True
LC009595.1,True,False,False,True
LC009596.1,True,False,False,True
LC009597.1,True,False,False,True
LC009598.1,True,False,False,True
LC009599.1,True,False,False,True
LC009600.1,True,False,False,True
LC009601.1,True,False,False,True
LC009602.1,True,False,False,True
LC009603.1,True,False,False,True
LC009604.1,True,False,False,True
LC009605.1,True,False,False,True
LC009606.1,True,False,False,True
LC009607.1,True,False,False,True
LC009608.1,True,False,False,True
LC009609.1,True,False,False,True
LC009610.1,True,False,False,True
LC009611.1,True,False,False,True
LC009612.1,True,False,False,True
LC009613.1,True,False,False,True
LC009614.1,True,False,False,True
LC009615.1,True,False,False,True
LC009616.1,True,False,False,True
LC009617.1,True,False,False,True
LC009618.1,True,False,False,True
LC009619.1,True,False,False,True
LC009620.1,True,False,False,True
LC009621.1,True,False,False,True
LC009622.1,True,False,False,True
LC009623.1,True,False,False,True
LC009624.1,True,False,False,True
LC009625.1,True,False,False,True
LC009626.1,True,False,False,True
LC009627.1,True,False,False,True
LC009628.1,True,False,False,True
LC009629.1,True,False,False,True
LC016575.1,True,False,False,True
LC016576.1,True,False,False,True
LC016577.1,True,False,False,True
LC016578.1,True,False,False,True
LC016579.1,True,False,False,True
LC016580.1,True,False,False,True
LC016581.1,True,False,False,True
LC016582.1,True,False,False,True
LC016583.1,True,False,False,True
LC016584.1,True,False,False,True
LC016585.1,True,False,False,True
LC016586.1,True,False,False,True
LC016587.1,True,False,False,True
LC016588.1,True,False,False,True
LC016589.1,True,False,False,True
LC016590.1,True,False,False,True
LC016591.1,True,False,False,True
LC016592.1,True,False,False,True
LC016593.1,True,False,False,True
LC016594.1,True,False,False,True
LC016595.1,True,False,False,True
LC016596.1,True,False,False,True
LC016597.1,True,False,False,True
LC016598.1,True,False,False,True
LC016599.1,True,False,False,True
LC016600.1,True,False,False,True
LC016601.1,True,False,False,True
LC016602.1,True,False,False,True
LC016603.1,True,False,False,True
LC016604.1,True,False,False,True
LC016605.1,True,False,False,True
LC016606.1,True,False,False,True
LC016607.1,True,False,False,True
LC018706.1,True,False,False,True
LC018707.1,True,False,False,True
LC018708.1,True,False,False,True
LC018709.1,True,False,False,True
LC018710.1,True,False,False,True
LC032469.1,True,False,False,True
LC035072.1,True,False,False,True
LC035073.1,True,False,False,True
LC036561.1,True,False,False,True
LC043139.1,True,False,False,False
LC043305.1,True,False,False,False
LC048884.1,True,False,False,True
LC048885.1,True,False,False,True
LC048886.1,True,False,False,True
LC048887.1,True,False,False,True
LC048888.1,True,False,False,True
LC048889.1,True,False,False,True
LC048890.1,True,False,False,True
LC048891.1,True,False,False,True
LC048892.1,True,False,False,True
LC048893.1,True,False,False,True
LC048894.1,True,False,False,True
LC048895.1,True,False,False,True
LC048896.1,True,False,False,True
LC048897.1,True,False,False,True
LC048898.1,True,False,False,True
LC048899.1,True,False,False,True
LC048900.1,True,False,False,True
LC048901.1,True,False,False,True
LC048902.1,True,False,False,True
LC048903.1,True,False,False,True
LC048904.1,True,False,False,True
LC048905.1,True,False,False,True
LC048906.1,True,False,False,True
LC048907.1,True,False,False,True
LC048908.1,True,False,False,True
LC048909.1,True,False,False,True
LC048910.1,True,False,False,True
LC048911.1,True,False,False,True
LC048912.1,True,False,False,True
LC048913.1,True,False,False,True
LC048914.1,True,False,False,True
LC048915.1,True,False,False,True
LC048916.1,True,False,False,True
LC048917.1,True,False,False,True
LC048918.1,True,False,False,True
LC048919.1,True,False,False,True
LC048920.1,True,False,False,True
LC048921.1,True,False,False,True
LC048922.1,True,False,False,True
LC048923.1,True,False,False,True
LC048924.1,True,False,False,True
LC048925.1,True,False,False,True
LC048926.1,True,False,False,True
LC048927.1,True,False,False,True
LC048928.1,True,False,False,True
LC048929.1,True,False,False,True
LC048930.1,True,False,False,True
LC048931.1,True,False,False,True
LC048932.1,True,False,False,True
LC048933.1,True,False,False,True
LC048934.1,True,False,False,True
LC048935.1,True,False,False,True
LC048936.1,True,False,False,True
LC048937.1,True,False,False,True
LC048938.1,True,False,False,True
LC048939.1,True,False,False,True
LC048940.1,True,False,False,True
LC048941.1,True,False,False,True
LC048942.1,True,False,False,True
LC048943.1,True,False,False,True
LC048944.1,True,False,False,True
LC048945.1,True,False,False,True
LC048946.1,True,False,False,True
LC048947.1,True,False,False,True
LC048948.1,True,False,False,True
LC048949.1,True,False,False,True
LC048950.1,True,False,False,True
LC048951.1,True,False,False,True
LC048952.1,True,False,False,True
LC048953.1,True,False,False,True
LC048954.1,True,False,False,True
LC048955.1,True,False,False,True
LC048956.1,True,False,False,True
LC048957.1,True,False,False,True
LC048958.1,True,False,False,True
LC048959.1,True,False,False,True
LC048960.1,True,False,False,True
LC048961.1,True,False,False,True
LC048962.1,True,False,False,True
LC048963.1,True,False,False,True
LC048964.1,True,False,False,True
LC048965.1,True,False,False,True
LC048966.1,True,False,False,True
LC048967.1,True,False,False,True
LC048968.1,True,False,False,True
LC048969.1,True,False,False,True
LC048970.1,True,False,False,True
LC048971.1,True,False,False,True
LC048972.1,True,False,False,True
LC048973.1,True,False,False,True
LC048974.1,True,False,False,True
LC048975.1,True,False,False,True
LC048976.1,True,False,False,True
LC048977.1,True,False,False,True
LC048978.1,True,False,False,True
LC048979.1,True,False,False,True
LC048980.1,True,False,False,True
LC048981.1,True,False,False,True
LC048982.1,True,False,False,True
LC048983.1,True,False,False,True
LC048984.1,True,False,False,True
LC048985.1,True,False,False,True
LC048986.1,True,False,False,True
LC048987.1,True,False,False,True
LC048988.1,True,False,False,True
LC048989.1,True,False,False,True
LC048990.1,True,False,False,True
LC048992.1,True,False,False,True
LC048993.1,True,False,False,True
LC048994.1,True,False,False,True
LC052391.1,True,False,False,True
LC052392.1,True,False,False,True
LC052393.1,True,False,False,True
LC052394.1,True,False,False,True
LC052395.1,True,False,False,True
LC052396.1,True,False,False,True
LC052397.1,True,False,False,True
LC052398.1,True,False,False,True
LC052399.1,True,False,False,True
LC052400.1,True,False,False,True
LC052401.1,True,False,False,True
LC052402.1,True,False,False,True
LC052403.1,True,False,False,True
LC052404.1,True,False,False,True
LC052405.1,True,False,False,True
LC052406.1,True,False,False,True
LC052407.1,True,False,False,True
LC052408.1,True,False,False,True
LC052409.1,True,False,False,True
LC052410.1,True,False,False,True
LC052411.1,True,False,False,True
LC052412.1,True,False,False,True
LC052413.1,True,False,False,True
LC052414.1,True,False,False,True
LC052415.1,True,False,False,True
LC052416.1,True,False,False,True
LC052417.1,True,False,False,True
LC052418.1,True,False,False,True
LC052419.1,True,False,False,True
LC052420.1,True,False,False,True
LC052421.1,True,False,False,True
LC052422.1,True,False,False,True
LC052423.1,True,False,False,True
LC052424.1,True,False,False,True
LC052425.1,True,False,False,True
LC052426.1,True,False,False,True
LC052427.1,True,False,False,True
LC052428.1,True,False,False,True
LC052429.1,True,False,False,True
LC052430.1,True,False,False,True
LC052431.1,True,False,False,True
LC052432.1,True,False,False,True
LC052433.1,True,False,False,True
LC052434.1,True,False,False,True
LC052435.1,True,False,False,True
LC052436.1,True,False,False,True
LC052437.1,True,False,False,True
LC052438.1,True,False,False,True
LC052439.1,True,False,False,True
LC052440.1,True,False,False,True
LC052441.1,True,False,False,True
LC052442.1,True,False,False,True
LC052443.1,True,False,False,True
LC052444.1,True,False,False,True
LC052445.1,True,False,False,True
LC052446.1,True,False,False,True
LC052447.1,True,False,False,True
LC052448.1,True,False,False,True
LC052449.1,True,False,False,True
LC052450.1,True,False,False,True
LC052451.1,True,False,False,True
LC052452.1,True,False,False,True
LC052453.1,True,False,False,True
LC052454.1,True,False,False,True
LC052455.1,True,False,False,True
LC052456.1,True,False,False,True
LC052457.1,True,False,False,True
LC052458.1,True,False,False,True
LC052459.1,True,False,False,True
LC052460.1,True,False,False,True
LC052461.1,True,False,False,True
LC052462.1,True,False,False,True
LC052463.1,True,False,False,True
LC052464.1,True,False,False,True
LC052465.1,True,False,False,True
LC052466.1,True,False,False,True
LC052467.1,True,False,False,True
LC052468.1,True,False,False,True
LC052469.1,True,False,False,True
LC052470.1,True,False,False,True
LC052471.1,True,False,False,True
LC052472.1,True,False,False,True
LC052473.1,True,False,False,True
LC052474.1,True,False,False,True
LC052475.1,True,False,False,True
LC052476.1,True,False,False,True
LC052477.1,True,False,False,True
LC052478.1,True,False,False,True
LC052479.1,True,False,False,True
LC052480.1,True,False,False,True
LC052481.1,True,False,False,True
LC052482.1,True,False,False,True
LC052483.1,True,False,False,True
LC052484.1,True,False,False,True
LC052485.1,True,False,False,True
LC052486.1,True,False,False,True
LC052487.1,True,False,False,True
LC052488.1,True,False,False,True
LC052489.1,True,False,False,True
LC052490.1,True,False,False,True
LC052491.1,True,False,False,True
LC052492.1,True,False,False,True
LC052493.1,True,False,False,True
LC052494.1,True,False,False,True
LC052495.1,True,False,False,True
LC052496.1,True,False,False,True
LC052497.1,True,False,False,True
LC052498.1,True,False,False,True
LC052499.1,True,False,False,True
LC052500.1,True,False,False,True
LC052501.1,True,False,False,True
LC052502.1,True,False,False,True
LC052503.1,True,False,False,True
LC052504.1,True,False,False,True
LC052505.1,True,False,False,True
LC052506.1,True,False,False,True
LC052507.1,True,False,False,True
LC052508.1,True,False,False,True
LC052509.1,True,False,False,True
LC052510.1,True,False,False,True
LC052511.1,True,False,False,True
LC052512.1,True,False,False,True
LC052513.1,True,False,False,True
LC052514.1,True,False,False,True
LC052515.1,True,False,False,True
LC052516.1,True,False,False,True
LC052517.1,True,False,False,True
LC052518.1,True,False,False,True
LC052519.1,True,False,False,True
LC052520.1,True,False,False,True
LC052521.1,True,False,False,True
LC052522.1,True,False,False,True
LC052523.1,True,False,False,True
LC052524.1,True,False,False,True
LC052525.1,True,False,False,True
LC052526.1,True,False,False,True
LC052527.1,True,False,False,True
LC052528.1,True,False,False,True
LC052529.1,True,False,False,True
LC052530.1,True,False,False,True
LC052531.1,True,False,False,True
LC052532.1,True,False,False,True
LC052533.1,True,False,False,True
LC052534.1,True,False,False,True
LC052535.1,True,False,False,True
LC052536.1,True,False,False,True
LC052537.1,True,False,False,True
LC052538.1,True,False,False,True
LC052539.1,True,False,False,True
LC052540.1,True,False,False,True
LC052541.1,True,False,False,True
LC052542.1,True,False,False,True
LC052543.1,True,False,False,True
LC052544.1,True,False,False,True
LC052545.1,True,False,False,True
LC052546.1,True,False,False,True
LC052547.1,True,False,False,True
LC052548.1,True,False,False,True
LC052549.1,True,False,False,True
LC052550.1,True,False,False,True
LC052551.1,True,False,False,True
LC052552.1,True,False,False,True
LC052553.1,True,False,False,True
LC052554.1,True,False,False,True
LC052555.1,True,False,False,True
LC052556.1,True,False,False,True
LC052557.1,True,False,False,True
LC052558.1,True,False,False,True
LC052559.1,True,False,False,True
LC052560.1,True,False,False,True
LC052561.1,True,False,False,True
LC052562.1,True,False,False,True
LC052563.1,True,False,False,True
LC052564.1,True,False,False,True
LC052565.1,True,False,False,True
LC052566.1,True,False,False,True
LC052567.1,True,False,False,True
LC052568.1,True,False,False,True
LC052569.1,True,False,False,True
LC052570.1,True,False,False,True
LC052571.1,True,False,False,True
LC052572.1,True,False,False,True
LC052573.1,True,False,False,True
LC052574.1,True,False,False,True
LC052575.1,True,False,False,True
LC052576.1,True,False,False,True
LC052577.1,True,False,False,True
LC052578.1,True,False,False,True
LC052579.1,True,False,False,True
LC052580.1,True,False,False,True
LC052581.1,True,False,False,True
LC052582.1,True,False,False,True
LC052583.1,True,False,False,True
LC052584.1,True,False,False,True
LC052585.1,True,False,False,True
LC052586.1,True,False,False,True
LC052587.1,True,False,False,True
LC052588.1,True,False,False,True
LC052589.1,True,False,False,True
LC052590.1,True,False,False,True
LC052591.1,True,False,False,True
LC052592.1,True,False,False,True
LC052593.1,True,False,False,True
LC052594.1,True,False,False,True
LC052595.1,True,False,False,True
LC052596.1,True,False,False,True
LC052597.1,True,False,False,True
LC052598.1,True,False,False,True
LC052599.1,True,False,False,True
LC052600.1,True,False,False,True
LC052601.1,True,False,False,True
LC052602.1,True,False,False,True
LC052603.1,True,False,False,True
LC052604.1,True,False,False,True
LC052605.1,True,False,False,True
LC052606.1,True,False,False,True
LC052607.1,True,False,False,True
LC052608.1,True,False,False,True
LC052609.1,True,False,False,True
LC052610.1,True,False,False,True
LC052611.1,True,False,False,True
LC052612.1,True,False,False,True
LC052613.1,True,False,False,True
LC052614.1,True,False,False,True
LC052615.1,True,False,False,True
LC052616.1,True,False,False,True
LC052617.1,True,False,False,True
LC052618.1,True,False,False,True
LC052619.1,True,False,False,True
LC052620.1,True,False,False,True
LC052621.1,True,False,False,True
LC052622.1,True,False,False,True
LC052623.1,True,False,False,True
LC052624.1,True,False,False,True
LC052625.1,True,False,False,True
LC052626.1,True,False,False,True
LC052627.1,True,False,False,True
LC052628.1,True,False,False,True
LC052629.1,True,False,False,True
LC052630.1,True,False,False,True
LC060872.1,True,False,False,False
LC060873.1,True,False,False,False
LC060874.1,True,False,False,False
LC060875.1,True,False,False,False
LC060876.1,True,False,False,False
LC060877.1,True,False,False,False
LC060878.1,True,False,False,False
LC060879.1,True,False,False,False
LC060880.1,True,False,False,False
LC060881.1,True,False,False,False
LC060882.1,True,False,False,False
LC060883.1,True,False,False,False
LC060884.1,True,False,False,False
LC060885.1,True,False,False,False
LC060886.1,True,False,False,False
LC060887.1,True,False,False,False
LC060888.1,True,False,False,False
LC060889.1,True,False,False,False
LC060890.1,True,False,False,False
LC060891.1,True,False,False,False
LC060892.1,True,False,False,False
LC060893.1,True,False,False,False
LC060894.1,True,False,False,False
LC060895.1,True,False,False,False
LC060896.1,True,False,False,False
LC060897.1,True,False,False,False
LC060898.1,True,False,False,False
LC060899.1,True,False,False,False
LC060900.1,True,False,False,False
LC060901.1,True,False,False,False
LC060902.1,True,False,False,False
LC060903.1,True,False,False,False
LC070215.1,False,False,False,True
LC070216.1,False,False,False,True
LC070217.1,False,False,False,True
LC070218.1,False,False,False,True
LC070219.1,False,False,False,True
LC070220.1,False,False,False,True
LC070221.1,False,False,False,True
LC070222.1,False,False,False,True
LC070223.1,False,False,False,True
LC070224.1,False,False,False,True
LC070225.1,False,False,False,True
LC070226.1,False,False,False,True
LC070227.1,False,False,False,True
LC070228.1,True,False,False,True
LC070229.1,True,False,False,True
LC070230.1,True,False,False,True
LC074829.1,True,False,False,False
LC074830.1,True,False,False,False
LC074831.1,True,False,False,False
LC074832.1,True,False,False,False
LC074833.1,True,False,False,False
LC074834.1,True,False,False,False
LC074835.1,True,False,False,False
LC074836.1,True,False,False,False
LC074837.1,True,False,False,False
LC074838.1,True,False,False,False
LC074839.1,True,False,False,False
LC074840.1,True,False,False,False
LC074841.1,True,False,False,False
LC074842.1,True,False,False,False
LC074843.1,True,False,False,False
LC074844.1,True,False,False,False
LC074845.1,True,False,False,False
LC074846.1,True,False,False,False
LC074847.1,True,False,False,False
LC074848.1,True,False,False,False
LC074849.1,True,False,False,False
LC074850.1,True,False,False,False
LC074851.1,True,False,False,False
LC074852.1,True,False,False,False
LC074853.1,True,False,False,False
LC074854.1,True,False,False,False
LC074855.1,True,False,False,False
LC074856.1,True,False,False,False
LC074857.1,True,False,False,False
LC074858.1,True,False,False,False
LC074859.1,True,False,False,False
LC074860.1,True,False,False,False
LC074861.1,True,False,False,False
LC074862.1,True,False,False,False
LC074863.1,True,False,False,False
LC074864.1,True,False,False,False
LC074865.1,True,False,False,False
LC074866.1,True,False,False,False
LC074867.1,True,False,False,False
LC074868.1,True,False,False,False
LC074869.1,True,False,False,False
LC074870.1,True,False,False,False
LC074871.1,True,False,False,False
LC074872.1,True,False,False,False
LC074873.1,True,False,False,False
LC075599.1,True,False,False,True
LC089040.1,True,False,False,True
LC089041.1,True,False,False,True
LC089042.1,True,False,False,True
LC089043.1,True,False,False,True
LC089044.1,True,False,False,True
LC089045.1,True,False,False,True
LC089046.1,True,False,False,True
LC089047.1,True,False,False,True
LC089048.1,True,False,False,True
LC089049.1,True,False,False,True
LC089050.1,True,False,False,True
LC089051.1,True,False,False,True
LC089052.1,True,False,False,True
LC089053.1,True,False,False,True
LC089054.1,False,False,False,True
LC089055.1,False,False,False,True
LC089056.1,False,False,False,True
LC089057.1,False,False,False,True
LC089058.1,False,False,False,True
LC089059.1,False,False,False,True
LC089060.1,False,False,False,True
LC089061.1,False,False,False,True
LC089062.1,False,False,False,True
LC089063.1,False,False,False,True
LC089064.1,False,False,False,True
LC089065.1,False,False,False,True
LC089066.1,False,False,False,True
LC089067.1,False,False,False,True
LC089068.1,False,False,False,True
LC089069.1,False,False,False,True
LC089070.1,False,False,False,True
LC089071.1,False,False,False,True
LC089072.1,False,False,False,True
LC089073.1,False,False,False,True
LC089074.1,False,False,False,True
LC089075.1,False,False,False,True
LC089076.1,False,False,False,True
LC089077.1,False,False,False,True
LC089078.1,False,False,False,True
LC089079.1,False,False,False,True
LC089080.1,False,False,False,True
LC089081.1,False,False,False,True
LC089082.1,False,False,False,True
LC089083.1,False,False,False,True
LC089084.1,False,False,False,True
LC089085.1,False,False,False,True
LC089086.1,False,False,False,True
LC089087.1,False,False,False,True
LC089088.1,False,False,False,True
LC089089.1,False,False,False,True
LC089090.1,False,False,False,True
LC089091.1,False,False,False,True
LC089092.1,False,False,False,True
LC089093.1,False,False,False,True
LC089094.1,False,False,False,True
LC089095.1,False,False,False,True
LC089096.1,False,False,False,True
LC089097.1,False,False,False,True
LC089098.1,False,False,False,True
LC089099.1,False,False,False,True
LC089100.1,False,False,False,True
LC089101.1,False,False,False,True
LC089102.1,False,False,False,True
LC089103.1,False,False,False,True
LC089104.1,False,False,False,True
LC089105.1,False,False,False,True
LC089106.1,False,False,False,True
LC089107.1,False,False,False,True
LC089108.1,False,False,False,True
LC089109.1,False,False,False,True
LC089110.1,False,False,False,True
LC089111.1,False,False,False,True
LC089112.1,False,False,False,True
LC089113.1,False,False,False,True
LC089114.1,False,False,False,True
LC089115.1,False,False,False,True
LC089116.1,False,False,False,True
LC089117.1,False,False,False,True
LC089118.1,False,False,False,True
LC089119.1,False,False,False,True
LC089120.1,False,False,False,True
LC089121.1,False,False,False,True
LC089122.1,False,False,False,True
LC089123.1,False,False,False,True
LC089124.1,False,False,False,True
LC089125.1,False,False,False,True
LC089126.1,False,False,False,True
LC089127.1,False,False,False,True
LC089128.1,False,False,False,True
LC089129.1,False,False,False,True
LC089130.1,False,False,False,True
LC089131.1,False,False,False,True
LC089132.1,False,False,False,True
LC089133.1,False,False,False,True
LC089134.1,False,False,False,True
LC089135.1,False,False,False,True
LC089136.1,False,False,False,True
LC089137.1,False,False,False,True
LC089138.1,False,False,False,True
LC089139.1,False,False,False,True
LC089140.1,False,False,False,True
LC089141.1,False,False,False,True
LC089142.1,False,False,False,True
LC089143.1,False,False,False,True
LC089144.1,False,False,False,True
LC089145.1,False,False,False,True
LC089146.1,False,False,False,True
LC089147.1,False,False,False,True
LC089148.1,False,False,False,True
LC089149.1,False,False,False,True
LC089150.1,False,False,False,True
LC089151.1,False,False,False,True
LC089152.1,False,False,False,True
LC089153.1,False,False,False,True
LC089154.1,False,False,False,True
LC089155.1,False,False,False,True
LC089156.1,False,False,False,True
LC089157.1,False,False,False,True
LC089158.1,False,False,False,True
LC089159.1,False,False,False,True
LC089160.1,False,False,False,True
LC089161.1,False,False,False,True
LC089162.1,False,False,False,True
LC089163.1,False,False,False,True
LC089164.1,False,False,False,True
LC089165.1,False,False,False,True
LC089166.1,False,False,False,True
LC089167.1,False,False,False,True
LC089168.1,False,False,False,True
LC089169.1,False,False,False,True
LC089170.1,False,False,False,True
LC089171.1,False,False,False,True
LC089172.1,False,False,False,True
LC089173.1,False,False,False,True
LC089174.1,False,False,False,True
LC089175.1,False,False,False,True
LC089176.1,False,False,False,True
LC089177.1,False,False,False,True
LC089178.1,False,False,False,True
LC089179.1,False,False,False,True
LC089180.1,False,False,False,True
LC089181.1,False,False,False,True
LC089182.1,False,False,False,True
LC089183.1,False,False,False,True
LC089184.1,False,False,False,True
LC089185.1,False,False,False,True
LC089186.1,False,False,False,True
LC089187.1,False,False,False,True
LC089188.1,False,False,False,True
LC089189.1,False,False,False,True
LC089190.1,False,False,False,True
LC089191.1,False,False,False,True
LC089192.1,False,False,False,True
LC089193.1,False,False,False,True
LC089194.1,False,False,False,True
LC089195.1,False,False,False,True
LC089196.1,False,False,False,True
LC089197.1,False,False,False,True
LC089198.1,False,False,False,True
LC089199.1,False,False,False,True
LC089200.1,False,False,False,True
LC089201.1,False,False,False,True
LC089202.1,False,False,False,True
LC089203.1,False,False,False,True
LC089204.1,False,False,False,True
LC089205.1,False,False,False,True
LC089206.1,False,False,False,True
LC089207.1,False,False,False,True
LC089208.1,False,False,False,True
LC089209.1,False,False,False,True
LC089210.1,False,False,False,True
LC089211.1,False,False,False,True
LC089212.1,False,False,False,True
LC089213.1,False,False,False,True
LC089214.1,False,False,False,True
LC089215.1,False,False,False,True
LC089216.1,False,False,False,True
LC089217.1,False,False,False,True
LC089218.1,False,False,False,True
LC089219.1,False,False,False,True
LC089220.1,False,False,False,True
LC089221.1,False,False,False,True
LC089222.1,False,False,False,True
LC089223.1,False,False,False,True
LC089224.1,False,False,False,True
LC089225.1,False,False,False,True
LC089226.1,False,False,False,True
LC089227.1,False,False,False,True
LC089228.1,False,False,False,True
LC089229.1,False,False,False,True
LC089230.1,False,False,False,True
LC089231.1,False,False,False,True
LC089232.1,False,False,False,True
LC089233.1,False,False,False,True
LC089234.1,False,False,False,True
LC089235.1,False,False,False,True
LC089236.1,False,False,False,True
LC089237.1,False,False,False,True
LC089238.1,False,False,False,True
LC089239.1,False,False,False,True
LC089240.1,False,False,False,True
LC089241.1,False,False,False,True
LC089242.1,False,False,False,True
LC089243.1,False,False,False,True
LC089244.1,False,False,False,True
LC089245.1,False,False,False,True
LC089246.1,False,False,False,True
LC089247.1,False,False,False,True
LC089248.1,False,False,False,True
LC089249.1,False,False,False,True
LC089250.1,False,False,False,True
LC089251.1,False,False,False,True
LC089252.1,False,False,False,True
LC089253.1,False,False,False,True
LC089254.1,False,False,False,True
LC089255.1,False,False,False,True
LC089256.1,False,False,False,True
LC089257.1,False,False,False,True
LC089258.1,False,False,False,True
LC089259.1,False,False,False,True
LC089260.1,False,False,False,True
LC089261.1,False,False,False,True
LC089262.1,False,False,False,True
LC089263.1,False,False,False,True
LC089264.1,False,False,False,True
LC089265.1,False,False,False,True
LC089266.1,False,False,False,True
LC089267.1,False,False,False,True
LC089268.1,False,False,False,True
LC089269.1,False,False,False,True
LC089270.1,False,False,False,True
LC089271.1,False,False,False,True
LC089272.1,False,False,False,True
LC089273.1,False,False,False,True
LC089274.1,False,False,False,True
LC089275.1,False,False,False,True
LC089276.1,False,False,False,True
LC089277.1,False,False,False,True
LC089278.1,False,False,False,True
LC089279.1,False,False,False,True
LC089280.1,False,False,False,True
LC089281.1,False,False,False,True
LC089282.1,False,False,False,True
LC089283.1,False,False,False,True
LC089284.1,False,False,False,True
LC089285.1,False,False,False,True
LC089286.1,False,False,False,True
LC089287.1,False,False,False,True
LC089288.1,False,False,False,True
LC089289.1,False,False,False,True
LC089290.1,False,False,False,True
LC089291.1,False,False,False,True
LC089292.1,False,False,False,True
LC089293.1,False,False,False,True
LC089294.1,False,False,False,True
LC089295.1,False,False,False,True
LC089296.1,False,False,False,True
LC089297.1,False,False,False,True
LC089298.1,False,False,False,True
LC089299.1,False,False,False,True
LC089300.1,False,False,False,True
LC089301.1,False,False,False,True
LC089302.1,False,False,False,True
LC089303.1,False,False,False,True
LC089304.1,False,False,False,True
LC089305.1,False,False,False,True
LC089306.1,False,False,False,True
LC089307.1,False,False,False,True
LC089308.1,False,False,False,True
LC089309.1,False,False,False,True
LC089310.1,False,False,False,True
LC089311.1,False,False,False,True
LC089312.1,False,False,False,True
LC089313.1,False,False,False,True
LC089314.1,False,False,False,True
LC089315.1,False,False,False,True
LC089316.1,False,False,False,True
LC089317.1,False,False,False,True
LC089318.1,False,False,False,True
LC089319.1,False,False,False,True
LC089320.1,False,False,False,True
LC089321.1,False,False,False,True
LC089322.1,False,False,False,True
LC089323.1,False,False,False,True
LC089324.1,False,False,False,True
LC089325.1,False,False,False,True
LC089326.1,False,False,False,True
LC089327.1,False,False,False,True
LC089328.1,False,False,False,True
LC089329.1,False,False,False,True
LC089330.1,False,False,False,True
LC089331.1,False,False,False,True
LC089332.1,False,False,False,True
LC089333.1,False,False,False,True
LC089334.1,False,False,False,True
LC089335.1,False,False,False,True
LC089336.1,False,False,False,True
LC089337.1,False,False,False,True
LC089338.1,False,False,False,True
LC089339.1,False,False,False,True
LC089340.1,False,False,False,True
LC089341.1,False,False,False,True
LC089342.1,False,False,False,True
LC089343.1,False,False,False,True
LC089344.1,False,False,False,True
LC089345.1,False,False,False,True
LC089346.1,False,False,False,True
LC089347.1,False,False,False,True
LC089348.1,False,False,False,True
LC089349.1,False,False,False,True
LC089350.1,False,False,False,True
LC089351.1,False,False,False,True
LC089352.1,False,False,False,True
LC089353.1,False,False,False,True
LC089354.1,False,False,False,True
LC089355.1,False,False,False,True
LC089356.1,False,False,False,True
LC089357.1,False,False,False,True
LC089358.1,False,False,False,True
LC089359.1,False,False,False,True
LC089360.1,False,False,False,True
LC089361.1,False,False,False,True
LC089362.1,False,False,False,True
LC089363.1,False,False,False,True
LC089364.1,False,False,False,True
LC089365.1,False,False,False,True
LC089366.1,False,False,False,True
LC089367.1,False,False,False,True
LC089368.1,False,False,False,True
LC089369.1,False,False,False,True
LC089370.1,False,False,False,True
LC089371.1,False,False,False,True
LC089372.1,False,False,False,True
LC089373.1,False,False,False,True
LC089374.1,False,False,False,True
LC089375.1,False,False,False,True
LC089376.1,False,False,False,True
LC089377.1,False,False,False,True
LC089378.1,False,False,False,True
LC089379.1,False,False,False,True
LC089380.1,False,False,False,True
LC089381.1,False,False,False,True
LC089382.1,False,False,False,True
LC089383.1,False,False,False,True
LC089384.1,False,False,False,True
LC089385.1,False,False,False,True
LC089386.1,False,False,False,True
LC089387.1,False,False,False,True
LC089388.1,False,False,False,True
LC089389.1,False,False,False,True
LC089390.1,False,False,False,True
LC089391.1,False,False,False,True
LC089392.1,False,False,False,True
LC089393.1,False,False,False,True
LC089394.1,False,False,False,True
LC089395.1,False,False,False,True
LC089396.1,False,False,False,True
LC089397.1,False,False,False,True
LC089398.1,False,False,False,True
LC089399.1,False,False,False,True
LC089400.1,False,False,False,True
LC089401.1,False,False,False,True
LC089402.1,False,False,False,True
LC089403.1,False,False,False,True
LC089404.1,False,False,False,True
LC089405.1,False,False,False,True
LC089406.1,False,False,False,True
LC089407.1,False,False,False,True
LC089408.1,False,False,False,True
LC089409.1,False,False,False,True
LC089410.1,False,False,False,True
LC089411.1,False,False,False,True
LC089412.1,False,False,False,True
LC089413.1,False,False,False,True
LC089414.1,False,False,False,True
LC089415.1,False,False,False,True
LC089416.1,False,False,False,True
LC089417.1,False,False,False,True
LC089418.1,False,False,False,True
LC089419.1,False,False,False,True
LC089420.1,False,False,False,True
LC089421.1,False,False,False,True
LC089422.1,False,False,False,True
LC089423.1,False,False,False,True
LC089424.1,False,False,False,True
LC089425.1,False,False,False,True
LC089426.1,False,False,False,True
LC089427.1,False,False,False,True
LC089428.1,False,False,False,True
LC089429.1,False,False,False,True
LC089430.1,False,False,False,True
LC089431.1,False,False,False,True
LC089432.1,False,False,False,True
LC089433.1,False,False,False,True
LC089434.1,False,False,False,True
LC089435.1,False,False,False,True
LC089436.1,False,False,False,True
LC089437.1,False,False,False,True
LC089438.1,False,False,False,True
LC089439.1,False,False,False,True
LC089440.1,False,False,False,True
LC089441.1,False,False,False,True
LC089442.1,False,False,False,True
LC089443.1,False,False,False,True
LC089444.1,False,False,False,True
LC089445.1,False,False,False,True
LC089446.1,False,False,False,True
LC089447.1,False,False,False,True
LC089448.1,False,False,False,True
LC089449.1,False,False,False,True
LC089450.1,False,False,False,True
LC089451.1,False,False,False,True
LC089452.1,False,False,False,True
LC089453.1,False,False,False,True
LC089454.1,False,False,False,True
LC089455.1,False,False,False,True
LC089456.1,False,False,False,True
LC089457.1,False,False,False,True
LC089458.1,False,False,False,True
LC089459.1,False,False,False,True
LC089460.1,False,False,False,True
LC089461.1,False,False,False,True
LC089462.1,False,False,False,True
LC089463.1,False,False,False,True
LC089464.1,False,False,False,True
LC089465.1,False,False,False,True
LC089466.1,False,False,False,True
LC089467.1,False,False,False,True
LC089468.1,False,False,False,True
LC089469.1,False,False,False,True
LC089470.1,False,False,False,True
LC089471.1,False,False,False,True
LC089472.1,False,False,False,True
LC089473.1,False,False,False,True
LC089474.1,False,False,False,True
LC089475.1,False,False,False,True
LC089476.1,False,False,False,True
LC089477.1,False,False,False,True
LC089478.1,False,False,False,True
LC089479.1,False,False,False,True
LC089480.1,False,False,False,True
LC089481.1,False,False,False,True
LC089482.1,False,False,False,True
LC089483.1,False,False,False,True
LC089484.1,False,False,False,True
LC089485.1,False,False,False,True
LC089486.1,False,False,False,True
LC089487.1,False,False,False,True
LC089488.1,False,False,False,True
LC089489.1,False,False,False,True
LC089490.1,False,False,False,True
LC089491.1,False,False,False,True
LC089492.1,False,False,False,True
LC089493.1,False,False,False,True
LC089494.1,False,False,False,True
LC089495.1,False,False,False,True
LC089496.1,False,False,False,True
LC089497.1,False,False,False,True
LC089498.1,False,False,False,True
LC089499.1,False,False,False,True
LC089500.1,False,False,False,True
LC089501.1,False,False,False,True
LC089502.1,False,False,False,True
LC089503.1,False,False,False,True
LC089504.1,False,False,False,True
LC089505.1,False,False,False,True
LC089506.1,False,False,False,True
LC089507.1,False,False,False,True
LC089508.1,False,False,False,True
LC089509.1,False,False,False,True
LC089510.1,False,False,False,True
LC089511.1,False,False,False,True
LC089512.1,False,False,False,True
LC089513.1,False,False,False,True
LC089514.1,False,False,False,True
LC089515.1,False,False,False,True
LC089516.1,False,False,False,True
LC089517.1,False,False,False,True
LC089518.1,False,False,False,True
LC089519.1,False,False,False,True
LC089520.1,False,False,False,True
LC089521.1,False,False,False,True
LC089522.1,False,False,False,True
LC089523.1,False,False,False,True
LC089524.1,False,False,False,True
LC089525.1,False,False,False,True
LC089526.1,False,False,False,True
LC089527.1,False,False,False,True
LC089528.1,False,False,False,True
LC089529.1,False,False,False,True
LC089530.1,False,False,False,True
LC089531.1,False,False,False,True
LC089532.1,False,False,False,True
LC089533.1,False,False,False,True
LC089534.1,False,False,False,True
LC089535.1,False,False,False,True
LC089536.1,False,False,False,True
LC089537.1,False,False,False,True
LC089538.1,False,False,False,True
LC089539.1,False,False,False,True
LC089540.1,False,False,False,True
LC089541.1,False,False,False,True
LC089542.1,False,False,False,True
LC089543.1,False,False,False,True
LC089544.1,False,False,False,True
LC089545.1,False,False,False,True
LC089546.1,False,False,False,True
LC089547.1,False,False,False,True
LC089548.1,False,False,False,True
LC089549.1,False,False,False,True
LC089550.1,False,False,False,True
LC089551.1,False,False,False,True
LC089552.1,False,False,False,True
LC089553.1,False,False,False,True
LC089554.1,False,False,False,True
LC089555.1,False,False,False,True
LC089556.1,False,False,False,True
LC089557.1,False,False,False,True
LC089558.1,False,False,False,True
LC089559.1,False,False,False,True
LC089560.1,False,False,False,True
LC089561.1,False,False,False,True
LC089562.1,False,False,False,True
LC089563.1,False,False,False,True
LC089564.1,False,False,False,True
LC089565.1,False,False,False,True
LC089566.1,False,False,False,True
LC089567.1,False,False,False,True
LC089568.1,False,False,False,True
LC089569.1,False,False,False,True
LC089570.1,False,False,False,True
LC089571.1,False,False,False,True
LC089572.1,False,False,False,True
LC089573.1,False,False,False,True
LC089574.1,False,False,False,True
LC089575.1,False,False,False,True
LC089576.1,False,False,False,True
LC089577.1,False,False,False,True
LC089578.1,False,False,False,True
LC089579.1,False,False,False,True
LC089580.1,False,False,False,True
LC089581.1,False,False,False,True
LC089582.1,False,False,False,True
LC089583.1,False,False,False,True
LC089584.1,False,False,False,True
LC089585.1,False,False,False,True
LC089586.1,False,False,False,True
LC089587.1,False,False,False,True
LC089588.1,False,False,False,True
LC089589.1,False,False,False,True
LC089590.1,False,False,False,True
LC089591.1,False,False,False,True
LC089592.1,False,False,False,True
LC089593.1,False,False,False,True
LC089594.1,False,False,False,True
LC089595.1,False,False,False,True
LC089596.1,False,False,False,True
LC089597.1,False,False,False,True
LC089598.1,False,False,False,True
LC089599.1,False,False,False,True
LC089600.1,False,False,False,True
LC089601.1,False,False,False,True
LC089602.1,False,False,False,True
LC089603.1,False,False,False,True
LC089604.1,False,False,False,True
LC089605.1,False,False,False,True
LC089606.1,False,False,False,True
LC089607.1,False,False,False,True
LC089608.1,False,False,False,True
LC089609.1,False,False,False,True
LC089610.1,False,False,False,True
LC089611.1,False,False,False,True
LC089612.1,False,False,False,True
LC089613.1,False,False,False,True
LC089614.1,False,False,False,True
LC089615.1,False,False,False,True
LC089616.1,False,False,False,True
LC089617.1,False,False,False,True
LC089618.1,False,False,False,True
LC089619.1,False,False,False,True
LC089620.1,False,False,False,True
LC089621.1,False,False,False,True
LC089622.1,False,False,False,True
LC089623.1,False,False,False,True
LC089624.1,False,False,False,True
LC089625.1,False,False,False,True
LC089626.1,False,False,False,True
LC089627.1,False,False,False,True
LC089628.1,False,False,False,True
LC089629.1,False,False,False,True
LC089630.1,False,False,False,True
LC089631.1,False,False,False,True
LC089632.1,False,False,False,True
LC089633.1,False,False,False,True
LC089634.1,False,False,False,True
LC089635.1,False,False,False,True
LC089636.1,False,False,False,True
LC089637.1,False,False,False,True
LC089638.1,False,False,False,True
LC089639.1,False,False,False,True
LC089640.1,False,False,False,True
LC089641.1,False,False,False,True
LC089642.1,False,False,False,True
LC089643.1,False,False,False,True
LC089644.1,False,False,False,True
LC089645.1,False,False,False,True
LC089646.1,False,False,False,True
LC089647.1,False,False,False,True
LC089648.1,False,False,False,True
LC089649.1,False,False,False,True
LC089650.1,False,False,False,True
LC089651.1,False,False,False,True
LC089652.1,False,False,False,True
LC089653.1,False,False,False,True
LC089654.1,False,False,False,True
LC089655.1,False,False,False,True
LC089656.1,False,False,False,True
LC089657.1,False,False,False,True
LC089658.1,False,False,False,True
LC089659.1,False,False,False,True
LC089660.1,False,False,False,True
LC089661.1,False,False,False,True
LC089662.1,False,False,False,True
LC089663.1,False,False,False,True
LC089664.1,False,False,False,True
LC089665.1,False,False,False,True
LC089666.1,False,False,False,True
LC089667.1,False,False,False,True
LC089668.1,False,False,False,True
LC089669.1,False,False,False,True
LC089670.1,False,False,False,True
LC089671.1,False,False,False,True
LC089672.1,False,False,False,True
LC089673.1,False,False,False,True
LC089674.1,False,False,False,True
LC089675.1,False,False,False,True
LC089676.1,False,False,False,True
LC089677.1,False,False,False,True
LC089678.1,False,False,False,True
LC089679.1,False,False,False,True
LC089680.1,False,False,False,True
LC089681.1,False,False,False,True
LC089682.1,False,False,False,True
LC089683.1,False,False,False,True
LC089684.1,False,False,False,True
LC089685.1,False,False,False,True
LC089686.1,False,False,False,True
LC089687.1,False,False,False,True
LC089688.1,False,False,False,True
LC089689.1,False,False,False,True
LC089690.1,False,False,False,True
LC089691.1,False,False,False,True
LC089692.1,False,False,False,True
LC089693.1,False,False,False,True
LC089694.1,False,False,False,True
LC089695.1,False,False,False,True
LC089696.1,False,False,False,True
LC089697.1,False,False,False,True
LC089698.1,False,False,False,True
LC089699.1,False,False,False,True
LC089700.1,False,False,False,True
LC089701.1,False,False,False,True
LC089702.1,False,False,False,True
LC089703.1,False,False,False,True
LC089704.1,False,False,False,True
LC101778.1,True,False,False,False
LC101779.1,True,False,False,False
LC101780.1,True,False,False,False
LC101781.1,True,False,False,False
LC101782.1,True,False,False,False
LC101783.1,True,False,False,False
LC101784.1,True,False,False,False
LC101785.1,True,False,False,False
LC101786.1,True,False,False,False
LC101787.1,True,False,False,True
LC101788.1,True,False,False,False
LC101819.1,True,False,False,False
LC101820.1,True,False,False,False
LC101821.1,True,False,False,False
LC101822.1,True,False,False,False
LC101823.1,True,False,False,False
LC101824.1,True,False,False,False
LC101825.1,True,False,False,False
LC122688.1,True,False,False,True
LC122689.1,True,False,False,True
LC122690.1,True,False,False,True
LC122691.1,True,False,False,True
LC122692.1,True,False,False,True
LC122693.1,True,False,False,True
LC122694.1,True,False,False,True
LC122695.1,True,False,False,True
LC122696.1,True,False,False,True
LC122697.1,True,False,False,True
LC122698.1,True,False,False,True
LC122699.1,True,False,False,True
LC122700.1,True,False,False,True
LC122701.1,True,False,False,True
LC122702.1,True,False,False,True
LC122703.1,True,False,False,True
LC122704.1,True,False,False,True
LC122705.1,True,False,False,True
LC122706.1,True,False,False,True
LC122707.1,True,False,False,True
LC122708.1,True,False,False,True
LC122709.1,True,False,False,True
LC122710.1,True,False,False,True
LC122711.1,True,False,False,True
LC122712.1,True,False,False,True
LC122713.1,True,False,False,True
LC122714.1,True,False,False,True
LC122715.1,True,False,False,True
LC122716.1,True,False,False,True
LC122717.1,True,False,False,True
LC122718.1,True,False,False,True
LC122719.1,True,False,False,True
LC122720.1,True,False,False,True
LC122721.1,True,False,False,True
LC122722.1,True,False,False,True
LC122723.1,True,False,False,True
LC122724.1,False,False,False,True
LC122725.1,False,False,False,True
LC122726.1,False,False,False,True
LC122727.1,False,False,False,True
LC122728.1,False,False,False,True
LC122729.1,False,False,False,True
LC122730.1,False,False,False,True
LC122731.1,False,False,False,True
LC122732.1,False,False,False,True
LC122733.1,False,False,False,True
LC122734.1,False,False,False,True
LC122735.1,False,False,False,True
LC122736.1,False,False,False,True
LC122737.1,False,False,False,True
LC122738.1,False,False,False,True
LC122739.1,False,False,False,True
LC122740.1,False,False,False,True
LC122741.1,False,False,False,True
LC122742.1,False,False,False,True
LC122743.1,False,False,False,True
LC122744.1,False,False,False,True
LC122745.1,False,False,False,True
LC122746.1,False,False,False,True
LC122747.1,False,False,False,True
LC122748.1,False,False,False,True
LC122749.1,False,False,False,True
LC122750.1,False,False,False,True
LC122751.1,False,False,False,True
LC122752.1,False,False,False,True
LC122753.1,False,False,False,True
LC122754.1,False,False,False,True
LC122755.1,False,False,False,True
LC122756.1,False,False,False,True
LC122757.1,False,False,False,True
LC122758.1,False,False,False,True
LC122759.1,False,False,False,True
LC122760.1,False,False,False,True
LC122761.1,False,False,False,True
LC122762.1,False,False,False,True
LC122763.1,False,False,False,True
LC122764.1,False,False,False,True
LC122765.1,False,False,False,True
LC122766.1,False,False,False,True
LC122767.1,False,False,False,True
LC122768.1,False,False,False,True
LC122769.1,False,False,False,True
LC122770.1,False,False,False,True
LC122771.1,False,False,False,True
LC122772.1,False,False,False,True
LC122773.1,False,False,False,True
LC122774.1,False,False,False,True
LC122775.1,False,False,False,True
LC122776.1,False,False,False,True
LC122777.1,False,False,False,True
LC122778.1,False,False,False,True
LC122779.1,False,False,False,True
LC122780.1,False,False,False,True
LC122781.1,False,False,False,True
LC122782.1,False,False,False,True
LC122783.1,False,False,False,True
LC122784.1,False,False,False,True
LC122785.1,False,False,False,True
LC122786.1,False,False,False,True
LC122787.1,False,False,False,True
LC122788.1,False,False,False,True
LC122789.1,False,False,False,True
LC122790.1,False,False,False,True
LC122791.1,False,False,False,True
LC122792.1,False,False,False,True
LC122793.1,False,False,False,True
LC122794.1,False,False,False,True
LC122795.1,False,False,False,True
LC122796.1,False,False,False,True
LC122797.1,False,False,False,True
LC122798.1,False,False,False,True
LC122799.1,False,False,False,True
LC122800.1,False,False,False,True
LC122801.1,False,False,False,True
LC122802.1,False,False,False,True
LC122803.1,False,False,False,True
LC122804.1,False,False,False,True
LC122805.1,False,False,False,True
LC122806.1,False,False,False,True
LC122807.1,False,False,False,True
LC122808.1,False,False,False,True
LC122809.1,False,False,False,True
LC122810.1,False,False,False,True
LC122811.1,False,False,False,True
LC122812.1,False,False,False,True
LC122813.1,False,False,False,True
LC122814.1,False,False,False,True
LC122815.1,False,False,False,True
LC122816.1,False,False,False,True
LC122817.1,False,False,False,True
LC122818.1,False,False,False,True
LC122819.1,False,False,False,True
LC122820.1,False,False,False,True
LC122821.1,False,False,False,True
LC122822.1,False,False,False,True
LC122823.1,False,False,False,True
LC122824.1,False,False,False,True
LC122825.1,False,False,False,True
LC122826.1,False,False,False,True
LC122827.1,False,False,False,True
LC122828.1,False,False,False,True
LC122829.1,False,False,False,True
LC122830.1,False,False,False,True
LC122831.1,False,False,False,True
LC122832.1,False,False,False,True
LC122833.1,False,False,False,True
LC122834.1,False,False,False,True
LC122835.1,False,False,False,True
LC122836.1,False,False,False,True
LC122837.1,False,False,False,True
LC122838.1,False,False,False,True
LC122839.1,False,False,False,True
LC122840.1,False,False,False,True
LC122841.1,False,False,False,True
LC122842.1,False,False,False,True
LC122843.1,False,False,False,True
LC122844.1,False,False,False,True
LC122845.1,False,False,False,True
LC122846.1,False,False,False,True
LC122847.1,False,False,False,True
LC122848.1,False,False,False,True
LC122849.1,False,False,False,True
LC122850.1,False,False,False,True
LC122851.1,False,False,False,True
LC122852.1,False,False,False,True
LC122853.1,False,False,False,True
LC122854.1,False,False,False,True
LC122855.1,False,False,False,True
LC122856.1,False,False,False,True
LC122857.1,False,False,False,True
LC122858.1,False,False,False,True
LC122859.1,False,False,False,True
LC122860.1,False,False,False,True
LC122861.1,False,False,False,True
LC122862.1,False,False,False,True
LC122863.1,False,False,False,True
LC122864.1,False,False,False,True
LC122865.1,False,False,False,True
LC122866.1,False,False,False,True
LC122867.1,False,False,False,True
LC122868.1,False,False,False,True
LC122869.1,False,False,False,True
LC122870.1,False,False,False,True
LC122871.1,False,False,False,True
LC122872.1,False,False,False,True
LC122873.1,False,False,False,True
LC122874.1,False,False,False,True
LC122875.1,False,False,False,True
LC122876.1,False,False,False,True
LC122877.1,False,False,False,True
LC122878.1,False,False,False,True
LC122879.1,False,False,False,True
LC122880.1,False,False,False,True
LC122881.1,False,False,False,True
LC122882.1,False,False,False,True
LC122883.1,False,False,False,True
LC122884.1,False,False,False,True
LC122885.1,False,False,False,True
LC122886.1,False,False,False,True
LC122887.1,False,False,False,True
LC122888.1,False,False,False,True
LC122889.1,False,False,False,True
LC122890.1,False,False,False,True
LC122891.1,False,False,False,True
LC122892.1,False,False,False,True
LC122893.1,False,False,False,True
LC122894.1,False,False,False,True
LC122895.1,False,False,False,True
LC122896.1,False,False,False,True
LC122897.1,False,False,False,True
LC122898.1,False,False,False,True
LC122899.1,False,False,False,True
LC122900.1,False,False,False,True
LC122901.1,False,False,False,True
LC122902.1,False,False,False,True
LC122903.1,False,False,False,True
LC122904.1,False,False,False,True
LC122905.1,False,False,False,True
LC122906.1,False,False,False,True
LC122907.1,False,False,False,True
LC122908.1,False,False,False,True
LC122909.1,False,False,False,True
LC122910.1,False,False,False,True
LC122911.1,False,False,False,True
LC122912.1,False,False,False,True
LC122913.1,False,False,False,True
LC122914.1,False,False,False,True
LC122915.1,False,False,False,True
LC122916.1,False,False,False,True
LC122917.1,False,False,False,True
LC122918.1,False,False,False,True
LC122919.1,False,False,False,True
LC122920.1,False,False,False,True
LC122921.1,False,False,False,True
LC122922.1,False,False,False,True
LC122923.1,False,False,False,True
LC122924.1,False,False,False,True
LC122925.1,False,False,False,True
LC122926.1,False,False,False,True
LC122927.1,False,False,False,True
LC122928.1,False,False,False,True
LC122929.1,False,False,False,True
LC122930.1,False,False,False,True
LC122931.1,False,False,False,True
LC122932.1,False,False,False,True
LC122933.1,False,False,False,True
LC128710.1,True,False,False,True
LC133332.1,True,False,False,False
LC133333.1,True,False,False,False
LC133334.1,True,False,False,False
LC133335.1,True,False,False,False
LC133336.1,True,False,False,False
LC133337.1,True,False,False,False
LC133338.1,True,False,False,False
LC133339.1,True,False,False,False
LC133340.1,True,False,False,False
LC133341.1,True,False,False,False
LC133342.1,True,False,False,False
LC133343.1,True,False,False,False
LC133344.1,True,False,False,False
LC147086.1,True,False,False,True
LC147087.1,True,False,False,True
LC147088.1,True,False,False,True
LC147089.1,True,False,False,True
LC147090.1,True,False,False,True
LC147091.1,True,False,False,True
LC147092.1,True,False,False,True
LC147093.1,True,False,False,True
LC147139.1,True,False,False,True
LC147140.1,True,False,False,True
LC147141.1,True,False,False,True
LC147142.1,True,False,False,True
LC147143.1,True,False,False,True
LC147144.1,True,False,False,True
LC147145.1,True,False,False,True
LC147146.1,True,False,False,True
LC147147.1,True,False,False,True
LC147148.1,True,False,False,True
LC147149.1,True,False,False,True
LC147150.1,True,False,False,True
LC147151.1,True,False,False,True
LC147152.1,True,False,False,True
LC147153.1,True,False,False,True
LC147154.1,True,False,False,True
LC147155.1,True,False,False,True
LC147156.1,True,False,False,True
LC147157.1,True,False,False,True
LC147158.1,True,False,False,True
LC147159.1,True,False,False,True
LC147160.1,True,False,False,True
LC147161.1,True,False,False,True
LC147162.1,True,False,False,True
LC147163.1,True,False,False,True
LC147164.1,True,False,False,True
LC147165.1,True,False,False,True
LC147166.1,True,False,False,True
LC147167.1,True,False,False,True
LC147168.1,True,False,False,True
LC147169.1,True,False,False,True
LC147170.1,True,False,False,True
LC147171.1,True,False,False,True
LC147172.1,True,False,False,True
LC147173.1,True,False,False,True
LC147174.1,True,False,False,True
LC147175.1,True,False,False,True
LC147176.1,True,False,False,True
LC147177.1,True,False,False,True
LC147178.1,True,False,False,True
LC147179.1,True,False,False,True
LC147180.1,True,False,False,True
LC147181.1,True,False,False,True
LC147182.1,True,False,False,True
LC147183.1,True,False,False,True
LC147184.1,True,False,False,True
LC147185.1,True,False,False,True
LC147186.1,True,False,False,True
LC147187.1,True,False,False,True
LC147188.1,True,False,False,True
LC147189.1,True,False,False,True
LC147190.1,True,False,False,True
LC147191.1,True,False,False,True
LC147192.1,True,False,False,True
LC147193.1,True,False,False,True
LC147194.1,True,False,False,True
LC147195.1,True,False,False,True
LC147196.1,True,False,False,True
LC147197.1,True,False,False,True
LC147198.1,True,False,False,True
LC147199.1,True,False,False,True
LC147200.1,True,False,False,True
LC147201.1,True,False,False,True
LC147202.1,True,False,False,True
LC147203.1,True,False,False,True
LC147204.1,True,False,False,True
LC147205.1,True,False,False,True
LC147206.1,True,False,False,True
LC147207.1,True,False,False,True
LC147208.1,True,False,False,True
LC147209.1,True,False,False,True
LC147210.1,True,False,False,True
LC147211.1,True,False,False,True
LC147212.1,True,False,False,True
LC147213.1,True,False,False,True
LC147214.1,True,False,False,True
LC147215.1,True,False,False,True
LC147216.1,True,False,False,True
LC147217.1,True,False,False,True
LC147218.1,True,False,False,True
LC147219.1,True,False,False,True
LC147220.1,True,False,False,True
LC147221.1,True,False,False,True
LC147222.1,True,False,False,True
LC147223.1,True,False,False,True
LC147224.1,True,False,False,True
LC147225.1,True,False,False,True
LC147226.1,True,False,False,True
LC147227.1,True,False,False,True
LC147228.1,True,False,False,True
LC147229.1,True,False,False,True
LC147230.1,True,False,False,True
LC147231.1,True,False,False,True
LC147232.1,True,False,False,True
LC147233.1,True,False,False,True
LC147234.1,True,False,False,True
LC147235.1,True,False,False,True
LC147236.1,True,False,False,True
LC147237.1,True,False,False,True
LC147238.1,True,False,False,True
LC147239.1,True,False,False,True
LC147240.1,True,False,False,True
LC147241.1,True,False,False,True
LC147242.1,True,False,False,True
LC147243.1,True,False,False,True
LC147244.1,True,False,False,True
LC147245.1,True,False,False,True
LC147246.1,True,False,False,True
LC147247.1,True,False,False,True
LC147248.1,True,False,False,True
LC147249.1,True,False,False,True
LC147250.1,True,False,False,True
LC147251.1,True,False,False,True
LC147252.1,True,False,False,True
LC147253.1,True,False,False,True
LC148844.1,True,False,False,False
LC148845.1,True,False,False,False
LC148846.1,True,False,False,False
LC148847.1,True,False,False,False
LC148848.1,True,False,False,False
LC148849.1,True,False,False,False
LC148850.1,True,False,False,False
LC148851.1,True,False,False,False
LC148852.1,True,False,False,False
LC148853.1,True,False,False,False
LC148854.1,True,False,False,False
LC148855.1,True,False,False,False
LC148856.1,True,False,False,False
LC150707.1,True,False,False,True
LC150708.1,False,False,False,True
LC150709.1,False,False,False,True
LC150710.1,False,False,False,True
LC150711.1,False,False,False,True
LC153121.1,True,False,False,True
LC153122.1,True,False,False,True
LC153749.1,True,False,False,True
LC160136.1,True,False,False,False
LC160137.1,True,False,False,False
LC160138.1,True,False,False,False
LC160139.1,True,False,False,False
LC160140.1,True,False,False,False
LC160141.1,True,False,False,False
LC160142.1,True,False,False,False
LC160143.1,True,False,False,False
LC160144.1,True,False,False,False
LC160145.1,True,False,False,False
LC160146.1,True,False,False,False
LC160147.1,True,False,False,False
LC160148.1,True,False,False,False
LC160149.1,True,False,False,False
LC160150.1,True,False,False,False
LC160151.1,True,False,False,False
LC160152.1,True,False,False,False
LC160153.1,True,False,False,False
LC160154.1,True,False,False,False
LC160155.1,True,False,False,False
LC160156.1,True,False,False,False
LC160157.1,True,False,False,False
LC160158.1,True,False,False,False
LC160159.1,True,False,False,False
LC160160.1,True,False,False,False
LC160161.1,True,False,False,False
LC160162.1,True,False,False,False
LC160163.1,True,False,False,False
LC160164.1,True,False,False,False
LC160165.1,True,False,False,False
LC160166.1,True,False,False,False
LC160167.1,True,False,False,False
LC160168.1,True,False,False,False
LC160169.1,True,False,False,False
LC160170.1,True,False,False,False
LC160171.1,True,False,False,False
LC160172.1,True,False,False,False
LC160173.1,True,False,False,False
LC160174.1,True,False,False,False
LC160175.1,True,False,False,False
LC160176.1,True,False,False,False
LC160177.1,True,False,False,False
LC160178.1,True,False,False,False
LC160179.1,True,False,False,False
LC160180.1,True,False,False,False
LC160181.1,True,False,False,False
LC160182.1,True,False,False,False
LC160183.1,True,False,False,False
LC160184.1,True,False,False,False
LC160185.1,True,False,False,False
LC160186.1,True,False,False,False
LC160187.1,True,False,False,False
LC160188.1,True,False,False,False
LC160189.1,True,False,False,False
LC160190.1,True,False,False,False
LC160191.1,True,False,False,False
LC160192.1,True,False,False,False
LC160193.1,True,False,False,False
LC160194.1,True,False,False,False
LC160195.1,True,False,False,False
LC160196.1,True,False,False,False
LC160197.1,True,False,False,False
LC160198.1,True,False,False,False
LC160199.1,True,False,False,False
LC160200.1,True,False,False,False
LC160201.1,True,False,False,False
LC160202.1,True,False,False,False
LC160203.1,True,False,False,False
LC160204.1,True,False,False,False
LC160205.1,True,False,False,False
LC160206.1,True,False,False,False
LC160207.1,True,False,False,False
LC160208.1,True,False,False,False
LC160209.1,True,False,False,False
LC160210.1,True,False,False,False
LC160211.1,True,False,False,False
LC160212.1,True,False,False,False
LC160213.1,True,False,False,False
LC160214.1,True,False,False,False
LC160215.1,True,False,False,False
LC160216.1,True,False,False,False
LC160217.1,True,False,False,False
LC160218.1,True,False,False,False
LC160219.1,True,False,False,False
LC160220.1,True,False,False,False
LC160221.1,True,False,False,False
LC160222.1,True,False,False,False
LC160223.1,True,False,False,False
LC160224.1,True,False,False,False
LC160225.1,True,False,False,False
LC160226.1,True,False,False,False
LC160227.1,True,False,False,False
LC160228.1,True,False,False,False
LC160229.1,True,False,False,False
LC160230.1,True,False,False,False
LC160231.1,True,False,False,False
LC160232.1,True,False,False,False
LC160233.1,True,False,False,False
LC160234.1,True,False,False,False
LC160235.1,True,False,False,False
LC160236.1,True,False,False,False
LC160237.1,True,False,False,False
LC160238.1,True,False,False,False
LC169530.1,True,False,False,True
LC169531.1,True,False,False,True
LC169532.1,True,False,False,True
LC169533.1,True,False,False,True
LC169534.1,True,False,False,True
LC169535.1,True,False,False,True
LC169536.1,True,False,False,True
LC169537.1,True,False,False,True
LC169538.1,True,False,False,True
LC169539.1,True,False,False,True
LC169540.1,True,False,False,True
LC169541.1,True,False,False,True
LC169542.1,True,False,False,True
LC169543.1,True,False,False,True
LC169560.1,True,False,False,True
LC169561.1,True,False,False,True
LC169562.1,True,False,False,True
LC177653.1,True,False,False,True
LC177654.1,True,False,False,True
LC177655.1,True,False,False,True
LC177656.1,True,False,False,True
LC177657.1,True,False,False,True
LC177658.1,True,False,False,True
LC177659.1,True,False,False,True
LC177660.1,True,False,False,True
LC177661.1,True,False,False,True
LC177662.1,True,False,False,True
LC209682.1,True,False,False,False
LC209683.1,True,False,False,False
LC209684.1,True,False,False,False
LC209685.1,True,False,False,False
LC209692.1,False,False,False,True
LC209698.1,False,False,False,True
LC209723.1,False,False,False,True
LC209724.1,False,False,False,True
LC209729.1,False,False,False,True
LC209749.1,False,False,False,True
LC209759.1,False,False,False,True
LC209767.1,False,False,False,True
LC209773.1,False,False,False,True
LC209785.1,False,False,False,True
LC213885.1,True,False,False,False
LC213886.1,True,False,False,False
LC213887.1,True,False,False,False
LC213888.1,True,False,False,False
LC213889.1,True,False,False,False
LC213890.1,True,False,False,False
LC213891.1,True,False,False,False
LC213892.1,True,False,False,False
LC213893.1,True,False,False,False
LC213894.1,True,False,False,False
LC213895.1,True,False,False,False
LC213896.1,True,False,False,False
LC213897.1,True,False,False,False
LC213898.1,True,False,False,False
LC213899.1,True,False,False,False
LC213900.1,True,False,False,False
LC213901.1,True,False,False,False
LC215413.1,True,False,False,False
LC215414.1,True,False,False,False
LC215415.1,True,False,False,False
LC218421.1,True,False,False,True
LC218422.1,True,False,False,True
LC218423.1,True,False,False,True
LC218424.1,True,False,False,True
LC228948.1,True,False,False,False
LC258403.2,True,False,False,False
LC259504.1,True,False,False,True
LC259505.1,True,False,False,True
LC259506.1,True,False,False,True
LC259507.1,True,False,False,True
LC259508.1,True,False,False,True
LC259509.1,True,False,False,True
LC259510.1,True,False,False,True
LC259511.1,True,False,False,True
LC259512.1,True,False,False,True
LC259514.1,True,False,False,True
LC259515.1,True,False,False,True
LC259516.1,True,False,False,True
LC259517.1,True,False,False,True
LC279234.1,True,False,False,True
LC279235.1,True,False,False,True
LC279236.1,True,False,False,True
LC279237.1,True,False,False,True
LC279238.1,True,False,False,True
LC279239.1,True,False,False,True
LC279240.1,True,False,False,True
LC279241.1,True,False,False,True
LC279242.1,True,False,False,True
LC279243.1,True,False,False,True
LC306829.1,True,False,False,True
LC306830.1,True,False,False,True
LC306831.1,True,False,False,True
LC306832.1,True,False,False,True
LC306833.1,True,False,False,True
LC306834.1,True,False,False,True
LC312746.1,True,False,False,False
LC312747.1,True,False,False,False
LC312748.1,True,False,False,False
LC312749.1,True,False,False,False
LC312750.1,True,False,False,False
LC312751.1,True,False,False,False
LC312752.1,True,False,False,False
LC312753.1,True,False,False,False
LC312754.1,True,False,False,False
LC312755.1,True,False,False,False
LC312756.1,True,False,False,False
LC312757.1,True,False,False,False
LC312758.1,True,False,False,False
LC312759.1,True,False,False,False
LC312760.1,True,False,False,False
LC312761.1,True,False,False,False
LC312762.1,True,False,False,False
LC315931.1,True,False,False,True
LC315932.1,True,False,False,True
LC315933.1,True,False,False,True
LC315934.1,True,False,False,True
LC315935.1,True,False,False,True
LC315936.1,True,False,False,True
LC315937.1,True,False,False,True
LC315938.1,True,False,False,True
LC315939.1,True,False,False,True
LC315940.1,True,False,False,True
LC315941.1,True,False,False,True
LC315942.1,True,False,False,True
LC315943.1,True,False,False,True
LC315944.1,True,False,False,True
LC315945.1,True,False,False,True
LC315946.1,True,False,False,True
LC315947.1,True,False,False,True
LC315948.1,True,False,False,True
LC315949.1,True,False,False,True
LC315950.1,True,False,False,True
LC315951.1,True,False,False,True
LC315952.1,True,False,False,True
LC315953.1,True,False,False,True
LC315954.1,True,False,False,True
LC315955.1,True,False,False,True
LC315956.1,True,False,False,True
LC315957.1,True,False,False,True
LC315958.1,True,False,False,True
LC315959.1,True,False,False,True
LC315960.1,True,False,False,True
LC315961.1,True,False,False,True
LC315962.1,True,False,False,True
LC315963.1,True,False,False,True
LC315964.1,True,False,False,True
LC315965.1,True,False,False,True
LC315966.1,True,False,False,True
LC315967.1,True,False,False,True
LC315968.1,True,False,False,True
LC315969.1,True,False,False,True
LC315970.1,True,False,False,True
LC315971.1,True,False,False,True
LC315972.1,True,False,False,True
LC315973.1,True,False,False,True
LC315974.1,True,False,False,True
LC315975.1,True,False,False,True
LC315976.1,True,False,False,True
LC315977.1,True,False,False,True
LC315978.1,True,False,False,True
LC315979.1,True,False,False,True
LC315980.1,True,False,False,True
LC315981.1,True,False,False,True
LC315982.1,True,False,False,True
LC325213.1,True,False,False,True
LC325214.1,True,False,False,True
LC325215.1,True,False,False,True
LC325216.1,True,False,False,True
LC325217.1,True,False,False,True
LC325218.1,True,False,False,True
LC325219.1,True,False,False,True
LC325220.1,True,False,False,True
LC325221.1,True,False,False,True
LC325222.1,True,False,False,True
LC325223.1,True,False,False,True
LC325224.1,True,False,False,True
LC325225.1,True,False,False,True
LC325226.1,True,False,False,True
LC325227.1,True,False,False,True
LC325228.1,True,False,False,True
LC325229.1,True,False,False,True
LC325230.1,True,False,False,True
LC325231.1,True,False,False,True
LC325821.1,True,False,False,True
LC325822.1,True,False,False,True
LC325823.1,True,False,False,True
LC325824.1,True,False,False,True
LC325825.1,True,False,False,True
LC325826.1,True,False,False,True
LC325827.1,True,False,False,True
LC325828.1,True,False,False,True
LC325829.1,True,False,False,True
LC325830.1,True,False,False,True
LC325831.1,True,False,False,True
LC325832.1,True,False,False,True
LC325833.1,True,False,False,True
LC325834.1,True,False,False,True
LC325835.1,True,False,False,True
LC325836.1,True,False,False,True
LC325837.1,True,False,False,True
LC325838.1,True,False,False,True
LC328845.1,False,False,False,True
LC331067.1,True,False,False,False
LC331997.1,True,False,False,True
LC349981.1,True,False,False,False
LC349982.1,True,False,False,False
LC349983.1,True,False,False,False
LC349984.1,True,False,False,False
LC349985.1,True,False,False,False
LC349986.1,True,False,False,False
LC349987.1,True,False,False,False
LC349988.1,True,False,False,False
LC349989.1,True,False,False,False
LC349990.1,True,False,False,False
LC349991.1,True,False,False,False
LC349992.1,True,False,False,False
LC349993.1,True,False,False,False
LC378984.1,True,False,False,False
LC378985.1,True,False,False,False
LC378986.1,True,False,False,False
LC378987.1,True,False,False,False
LC378988.1,True,False,False,False
LC378989.1,True,False,False,False
LC378990.1,True,False,False,False
LC378991.1,True,False,False,False
LC378992.1,True,False,False,False
LC378993.1,True,False,False,False
LC406326.1,False,False,False,True
LC413804.1,False,False,False,True
LC417365.1,False,False,False,True
LC417434.1,False,False,False,True
LC433694.1,False,False,False,True
LC433695.1,False,False,False,True
LC433696.1,False,False,False,True
LC433697.1,False,False,False,True
LC433698.1,False,False,False,True
LC433699.1,False,False,False,True
LC433700.1,False,False,False,True
LC433701.1,False,False,False,True
LC433702.1,False,False,False,True
LC433703.1,False,False,False,True
LC433704.1,False,False,False,True
LC433705.1,False,False,False,True
LC433706.1,False,False,False,True
LC433707.1,False,False,False,True
LC433708.1,False,False,False,True
LC433709.1,False,False,False,True
LC433710.1,False,False,False,True
LC433711.1,False,False,False,True
LC433712.1,False,False,False,True
LC433713.1,False,False,False,True
LC433714.1,False,False,False,True
LC433715.1,False,False,False,True
LC433716.1,False,False,False,True
LC433717.1,False,False,False,True
LC433718.1,False,False,False,True
LC433719.1,False,False,False,True
LC433720.1,False,False,False,True
LC433721.1,False,False,False,True
LC433722.1,False,False,False,True
LC433723.1,False,False,False,True
LC433724.1,False,False,False,True
LC433725.1,False,False,False,True
LC433726.1,False,False,False,True
LC433727.1,False,False,False,True
LC433728.1,False,False,False,True
LC433729.1,False,False,False,True
LC433730.1,False,False,False,True
LC433731.1,False,False,False,True
LC433732.1,False,False,False,True
LC433733.1,False,False,False,True
LC433734.1,False,False,False,True
LC433735.1,False,False,False,True
LC433736.1,False,False,False,True
LC437343.1,False,False,False,True
LC437344.1,False,False,False,True
LC437345.1,False,False,False,True
LC437346.1,False,False,False,True
LC437347.1,False,False,False,True
LC469950.1,True,False,False,True
LC469951.1,False,False,False,True
LC486737.1,True,False,False,False
LC486738.1,True,False,False,False
LC486739.1,True,False,False,False
LC486740.1,True,False,False,False
LC486741.1,True,False,False,False
LC486742.1,True,False,False,False
LC486743.1,True,False,False,False
LC486744.1,True,False,False,False
LC486745.1,True,False,False,False
LC486746.1,True,False,False,False
LC486747.1,True,False,False,False
LC486748.1,True,False,False,False
LC486749.1,True,False,False,False
LC486750.1,True,False,False,False
LC486751.1,True,False,False,False
LC486752.1,True,False,False,False
LC486753.1,True,False,False,False
LC486754.1,True,False,False,False
LC486755.1,True,False,False,False
LC486756.1,True,False,False,False
LC486757.1,True,False,False,False
LC486758.1,True,False,False,False
LC486759.1,True,False,False,False
LC486760.1,True,False,False,False
LC486761.1,True,False,False,False
LC486762.1,True,False,False,False
LC486763.1,True,False,False,False
LC486764.1,True,False,False,False
LC486765.1,True,False,False,False
LC486766.1,True,False,False,False
LC486767.1,True,False,False,False
LC486768.1,True,False,False,False
LC486769.1,True,False,False,False
LC486770.1,True,False,False,False
LC521501.1,True,False,False,False
LC521502.1,True,False,False,False
LC521503.1,True,False,False,False
LC521504.1,True,False,False,False
LC521505.1,True,False,False,False
LC521506.1,True,False,False,False
LC521507.1,True,False,False,False
LC521508.1,True,False,False,False
LC521509.1,True,False,False,False
LC521510.1,True,False,False,False
LC521511.1,True,False,False,False
LC521512.1,True,False,False,False
LC521513.1,True,False,False,False
LC521514.1,True,False,False,False
LC521515.1,True,False,False,False
LC521516.1,True,False,False,False
LC521517.1,True,False,False,False
LC521518.1,True,False,False,False
LC521519.1,True,False,False,False
LC521520.1,True,False,False,False
LC521521.1,True,False,False,False
LC521522.1,True,False,False,False
LC521523.1,True,False,False,False
LC521524.1,True,False,False,False
LC521525.2,True,False,False,False
LC521526.1,True,False,False,False
LC521527.1,True,False,False,False
LC521528.1,True,False,False,False
LC521529.1,True,False,False,False
LC521530.1,True,False,False,False
LC521531.1,True,False,False,False
LC521532.1,True,False,False,False
LC521533.1,True,False,False,False
LC521534.1,True,False,False,False
LC521535.1,True,False,False,False
LC521536.1,True,False,False,False
LC521537.1,True,False,False,False
LC521538.1,True,False,False,False
LC521539.1,True,False,False,False
LC521540.1,True,False,False,False
LC521541.1,True,False,False,False
LC521542.1,True,False,False,False
LC521543.1,True,False,False,False
LC521544.1,True,False,False,False
LC521545.1,True,False,False,False
LC521546.1,True,False,False,False
LC521547.1,True,False,False,False
LC521548.1,True,False,False,False
LC521549.1,True,False,False,False
LC521550.1,True,False,False,False
LC521551.1,True,False,False,False
LC521552.1,True,False,False,False
LC521553.1,True,False,False,False
LC521554.1,True,False,False,False
LC521555.1,True,False,False,False
LC521556.1,True,False,False,False
LC521557.1,True,False,False,False
LC521558.1,True,False,False,False
LC521559.1,True,False,False,False
LC521560.1,True,False,False,False
LC521561.1,True,False,False,False
LC521562.1,True,False,False,False
LC521563.1,True,False,False,False
LC521564.1,True,False,False,False
LC521565.1,True,False,False,False
LC521566.1,True,False,False,False
LC521567.1,True,False,False,False
LC521568.1,True,False,False,False
LC521569.1,True,False,False,False
LC521570.1,True,False,False,False
LC521571.1,True,False,False,False
LC521572.1,True,False,False,False
LC521573.1,True,False,False,False
LC521574.1,True,False,False,False
LC521575.1,True,False,False,False
LC521576.1,True,False,False,False
LC521577.1,True,False,False,False
LC521578.1,True,False,False,False
LC521579.1,True,False,False,False
LC521580.1,True,False,False,False
LC521581.1,True,False,False,False
LC521582.1,True,False,False,False
LC521583.1,True,False,False,False
LC521584.1,True,False,False,False
LC521585.1,True,False,False,False
LC521586.1,True,False,False,False
LC521587.1,True,False,False,False
LC521588.1,True,False,False,False
LC521589.1,True,False,False,False
LC521590.1,True,False,False,False
LC521591.1,True,False,False,False
LC521592.1,True,False,False,False
LC521593.1,True,False,False,False
LC521594.1,True,False,False,False
LC521595.1,True,False,False,False
LC521596.1,True,False,False,False
LC521597.1,True,False,False,False
LC521598.1,True,False,False,False
LC521599.1,True,False,False,False
LC521600.1,True,False,False,False
LC521601.1,True,False,False,False
LC521602.1,True,False,False,False
LC521603.1,True,False,False,False
LC529927.1,True,False,False,False
LC529928.1,True,False,False,False
LC529929.1,True,False,False,False
LC529930.1,True,False,False,False
LC529931.1,True,False,False,False
LC529932.1,True,False,False,False
LC529933.1,True,False,False,False
LC529934.1,True,False,False,False
LC529935.1,True,False,False,False
LC529936.1,True,False,False,False
LC529937.1,True,False,False,False
LC529938.1,True,False,False,False
LC529939.1,True,False,False,False
LC544077.1,True,False,False,False
LC544078.1,True,False,False,False
LC544079.1,True,False,False,False
LC544080.1,True,False,False,False
LC556388.1,True,False,False,False
LC556389.1,True,False,False,False
LC556390.1,True,False,False,False
LC556391.1,True,False,False,False
LC556392.1,True,False,False,False
LC567100.1,True,False,False,False
LC573290.1,True,False,False,False
LC573291.1,True,False,False,False
LC573292.1,True,False,False,False
LC573293.1,True,False,False,False
LC573294.1,True,False,False,False
LC573295.1,True,False,False,False
LC573296.1,True,False,False,False
LC573297.1,True,False,False,False
LC573298.1,True,False,False,False
LC573299.1,True,False,False,False
LC573300.1,True,False,False,False
LC573301.1,True,False,False,False
LC573302.1,True,False,False,False
LC573303.1,True,False,False,False
LC573304.1,True,False,False,False
LC573305.1,True,False,False,False
LC573306.1,True,False,False,False
LC573307.1,True,False,False,False
LC573308.1,True,False,False,False
LC573309.1,True,False,False,False
LC573310.1,True,False,False,False
LC573311.1,True,False,False,False
LC573312.1,True,False,False,False
LC573313.1,True,False,False,False
LC573314.1,True,False,False,False
LC573315.1,True,False,False,False
LC573316.1,True,False,False,False
LC573317.1,True,False,False,False
LC573318.1,True,False,False,False
LC573319.1,True,False,False,False
LC573320.1,True,False,False,False
LC573321.1,True,False,False,False
LC573322.1,True,False,False,False
LC573323.1,True,False,False,False
LC573324.1,True,False,False,False
LC573325.1,True,False,False,False
LC573326.1,True,False,False,False
LC573327.1,True,False,False,False
LC573328.1,True,False,False,False
LC573329.1,True,False,False,False
LC573330.1,True,False,False,False
LC573331.1,True,False,False,False
LC573332.1,True,False,False,False
LC573333.1,True,False,False,False
LC573334.1,True,False,False,False
LC573335.1,True,False,False,False
LC573336.1,True,False,False,False
LC573337.1,True,False,False,False
LC573338.1,True,False,False,False
LC573339.1,True,False,False,False
LC573340.1,True,False,False,False
LC573341.1,True,False,False,False
LC573342.1,True,False,False,False
LC573343.1,True,False,False,False
LC573344.1,True,False,False,False
LC573345.1,True,False,False,False
LC573346.1,True,False,False,False
LC573347.1,True,False,False,False
LC573348.1,True,False,False,False
LC573349.1,True,False,False,False
LC573350.1,True,False,False,False
LC573351.1,True,False,False,False
LC573352.1,True,False,False,False
LC573353.1,True,False,False,False
LC573354.1,True,False,False,False
LC573355.1,True,False,False,False
LC573356.1,True,False,False,False
LC573357.1,True,False,False,False
LC573358.1,True,False,False,False
LC573359.1,True,False,False,False
LC573360.1,True,False,False,False
LC573361.1,True,False,False,False
LC573362.1,True,False,False,False
LC573363.1,True,False,False,False
LC573364.1,True,False,False,False
LC573365.1,True,False,False,False
LC573366.1,True,False,False,False
LC573367.1,True,False,False,False
LC573368.1,True,False,False,False
LC573369.1,True,False,False,False
LC573370.1,True,False,False,False
LC573371.1,True,False,False,False
LC573372.1,True,False,False,False
LC573373.1,True,False,False,False
LC573374.1,True,False,False,False
LC573375.1,True,False,False,False
LC573376.1,True,False,False,False
LC573377.1,True,False,False,False
LC573378.1,True,False,False,False
LC573379.1,True,False,False,False
LC573380.1,True,False,False,False
LC573381.1,True,False,False,False
LC573382.1,True,False,False,False
LC573383.1,True,False,False,False
LC573384.1,True,False,False,False
LC573385.1,True,False,False,False
LC573386.1,True,False,False,False
LC573387.1,True,False,False,False
LC573388.1,True,False,False,False
LC573389.1,True,False,False,False
LC573390.1,True,False,False,False
LC573391.1,True,False,False,False
LC573392.1,True,False,False,False
LC573393.1,True,False,False,False
LC573394.1,True,False,False,False
LC573395.1,True,False,False,False
LC573396.1,True,False,False,False
LC573397.1,True,False,False,False
LC573398.1,True,False,False,False
LC573399.1,True,False,False,False
LC573400.1,True,False,False,False
LC573401.1,True,False,False,False
LC573402.1,True,False,False,False
LC573403.1,True,False,False,False
LC573404.1,True,False,False,False
LC573405.1,True,False,False,False
LC573406.1,True,False,False,False
LC573407.1,True,False,False,False
LC573408.1,True,False,False,False
LC573409.1,True,False,False,False
LC573410.1,True,False,False,False
LC573411.1,True,False,False,False
LC573412.1,True,False,False,False
LC573413.1,True,False,False,False
LC573414.1,True,False,False,False
LC573415.1,True,False,False,False
LC573416.1,True,False,False,False
LC573417.1,True,False,False,False
LC573418.1,True,False,False,False
LC573419.1,True,False,False,False
LC573420.1,True,False,False,False
LC573421.1,True,False,False,False
LC573422.1,True,False,False,False
LC573423.1,True,False,False,False
LC573424.1,True,False,False,False
LC573425.1,True,False,False,False
LC573426.1,True,False,False,False
LC573427.1,True,False,False,False
LC573428.1,True,False,False,False
LC573429.1,True,False,False,False
LC576043.1,False,False,False,True
LC576044.1,False,False,False,True
LC576045.1,False,False,False,True
LC576046.1,False,False,False,True
LC576047.1,False,False,False,True
LC576048.1,False,False,False,True
LC576049.1,False,False,False,True
LC576050.1,False,False,False,True
LC576051.1,False,False,False,True
LC576052.1,False,False,False,True
LC576053.1,False,False,False,True
LC576054.1,False,False,False,True
LC576055.1,False,False,False,True
LC576056.1,False,False,False,True
LC576057.1,False,False,False,True
LC576058.1,False,False,False,True
LC576059.1,False,False,False,True
LC576060.1,False,False,False,True
LC576061.1,False,False,False,True
LC576062.1,False,False,False,True
LC576063.1,False,False,False,True
LC576064.1,False,False,False,True
LC576065.1,False,False,False,True
LC576066.1,False,False,False,True
LC576067.1,False,False,False,True
LC576068.1,False,False,False,True
LC576069.1,False,False,False,True
LC576070.1,False,False,False,True
LC576071.1,False,False,False,True
LC576072.1,False,False,False,True
LC576073.1,False,False,False,True
LC576074.1,False,False,False,True
LC576075.1,False,False,False,True
LC576076.1,False,False,False,True
LC576077.1,False,False,False,True
LC576078.1,False,False,False,True
LC576079.1,False,False,False,True
LC576080.1,False,False,False,True
LC576081.1,False,False,False,True
LC576082.1,False,False,False,True
LC576083.1,False,False,False,True
LC576084.1,False,False,False,True
LC576085.1,False,False,False,True
LC576086.1,False,False,False,True
LC576087.1,False,False,False,True
LC576088.1,False,False,False,True
LC576089.1,False,False,False,True
LC576090.1,False,False,False,True
LC576091.1,False,False,False,True
LC576092.1,False,False,False,True
LC576093.1,False,False,False,True
LC576094.1,False,False,False,True
LC576095.1,False,False,False,True
LC576096.1,False,False,False,True
LC576097.1,False,False,False,True
LC576098.1,False,False,False,True
LC576099.1,False,False,False,True
LC576100.1,False,False,False,True
LC576101.1,False,False,False,True
LC576102.1,False,False,False,True
LC576103.1,False,False,False,True
LC576104.1,False,False,False,True
LC576105.1,False,False,False,True
LC576106.1,False,False,False,True
LC576107.1,False,False,False,True
LC576108.1,False,False,False,True
LC576109.1,False,False,False,True
LC576110.1,False,False,False,True
LC576111.1,False,False,False,True
LC576112.1,False,False,False,True
LC576113.1,False,False,False,True
LC576114.1,False,False,False,True
LC576115.1,False,False,False,True
LC576116.1,False,False,False,True
LC576117.1,False,False,False,True
LC576118.1,False,False,False,True
LC576119.1,False,False,False,True
LC576120.1,False,False,False,True
LC576121.1,False,False,False,True
LC576122.1,False,False,False,True
LC576123.1,False,False,False,True
LC576124.1,False,False,False,True
LC576125.1,False,False,False,True
LC576126.1,False,False,False,True
LC576127.1,False,False,False,True
LC576128.1,False,False,False,True
LC576129.1,False,False,False,True
LC576130.1,False,False,False,True
LC576131.1,False,False,False,True
LC576132.1,False,False,False,True
LC576133.1,False,False,False,True
LC576134.1,False,False,False,True
LC576135.1,False,False,False,True
LC576136.1,False,False,False,True
LC576137.1,False,False,False,True
LC576138.1,False,False,False,True
LC576139.1,False,False,False,True
LC576140.1,False,False,False,True
LC576141.1,False,False,False,True
LC576142.1,False,False,False,True
LC576143.1,False,False,False,True
LC576144.1,False,False,False,True
LC576145.1,False,False,False,True
LC576146.1,False,False,False,True
LC576147.1,False,False,False,True
LC576148.1,False,False,False,True
LC576149.1,False,False,False,True
LC576150.1,False,False,False,True
LC576151.1,False,False,False,True
LC576152.1,False,False,False,True
LC576153.1,False,False,False,True
LC576154.1,False,False,False,True
LC576155.1,False,False,False,True
LC576156.1,False,False,False,True
LC576157.1,False,False,False,True
LC576158.1,False,False,False,True
LC576159.1,False,False,False,True
LC576160.1,False,False,False,True
LC576161.1,False,False,False,True
LC576162.1,False,False,False,True
LC576163.1,False,False,False,True
LC576164.1,False,False,False,True
LC576165.1,False,False,False,True
LC576166.1,False,False,False,True
LC576167.1,False,False,False,True
LC576168.1,False,False,False,True
LC576169.1,False,False,False,True
LC576170.1,False,False,False,True
LC576171.1,False,False,False,True
LC576172.1,False,False,False,True
LC576173.1,False,False,False,True
LC576174.1,False,False,False,True
LC576175.1,False,False,False,True
LC576176.1,False,False,False,True
LC576177.1,False,False,False,True
LC576178.1,False,False,False,True
LC576179.1,False,False,False,True
LC576180.1,False,False,False,True
LC576181.1,False,False,False,True
LC576182.1,False,False,False,True
LC576183.1,False,False,False,True
LC576184.1,False,False,False,True
LC576185.1,False,False,False,True
LC576186.1,False,False,False,True
LC576187.1,False,False,False,True
LC576188.1,False,False,False,True
LC576189.1,False,False,False,True
LC576190.1,False,False,False,True
LC576191.1,False,False,False,True
LC576192.1,False,False,False,True
LC576193.1,False,False,False,True
LC576194.1,False,False,False,True
LC576195.1,False,False,False,True
LC576196.1,False,False,False,True
LC576197.1,False,False,False,True
LC576198.1,False,False,False,True
LC576199.1,False,False,False,True
LC576200.1,False,False,False,True
LC576201.1,False,False,False,True
LC576202.1,False,False,False,True
LC576203.1,False,False,False,True
LC576204.1,False,False,False,True
LC576205.1,False,False,False,True
LC576206.1,False,False,False,True
LC576207.1,False,False,False,True
LC576687.1,True,False,False,False
LC577862.1,True,False,False,False
LC578495.1,True,False,False,False
LC579431.1,True,False,False,False
LC620989.1,True,False,False,False
LC620998.1,True,False,False,False
LC621004.1,True,False,False,False
LC621108.1,True,False,False,False
LC626762.1,False,False,False,True
LC626763.1,False,False,False,True
LC626764.1,False,False,False,True
LC626765.1,False,False,False,True
LC626766.1,False,False,False,True
LC644977.1,True,False,False,False
LC644978.1,True,False,False,False
LC644979.1,True,False,False,False
LC644980.1,True,False,False,False
LC644981.1,True,False,False,False
LC644982.1,True,False,False,False
LC644983.1,True,False,False,False
LC644984.1,True,False,False,False
LC644985.1,True,False,False,False
LC644986.1,True,False,False,False
LC644987.1,True,False,False,False
LC644989.1,True,False,False,False
LC644990.1,True,False,False,False
LC644991.1,True,False,False,False
LC646331.1,True,False,False,False
LC646336.1,True,False,False,False
LC646337.1,True,False,False,False
LC646338.1,True,False,False,False
LC720153.1,True,False,False,False
LC720154.1,True,False,False,False
LC720155.1,True,False,False,False
LC720156.1,True,False,False,False
LC721501.1,True,False,False,False
LC721502.1,True,False,False,False
LC721503.1,True,False,False,False
LC721504.1,True,False,False,False
LC721505.1,True,False,False,False
LC721506.1,True,False,False,False
LC721507.1,True,False,False,False
LC721508.1,True,False,False,False
LC721509.1,True,False,False,False
LC721510.1,True,False,False,False
LC721511.1,True,False,False,False
LC721512.1,True,False,False,False
LC721513.1,True,False,False,False
LC721514.1,True,False,False,False
LC721515.1,True,False,False,False
LC721516.1,True,False,False,False
LC721517.1,True,False,False,False
LC721518.1,True,False,False,False
LC721519.1,True,False,False,False
LC721520.1,True,False,False,False
LC721521.1,True,False,False,False
LC726023.1,True,False,False,False
LC726024.1,True,False,False,False
LC726025.1,True,False,False,False
LC726026.1,True,False,False,False
LC726027.1,True,False,False,False
LC726028.1,True,False,False,False
LC726029.1,True,False,False,False
LC726030.1,True,False,False,False
LC726031.1,True,False,False,False
LC726032.1,True,False,False,False
LC726033.1,True,False,False,False
LC726034.1,True,False,False,False
LC726035.1,True,False,False,False
LC726036.1,True,False,False,False
LC726037.1,True,False,False,False
LC726038.1,True,False,False,False
LC726039.1,True,False,False,False
LC726040.1,True,False,False,False
LC726041.1,True,False,False,False
LC726042.1,True,False,False,False
LC726043.1,True,False,False,False
LC726044.1,True,False,False,False
LC726045.1,True,False,False,False
LC726046.1,True,False,False,False
LC726047.1,True,False,False,False
LC726048.1,True,False,False,False
LC726049.1,True,False,False,False
LC726050.1,True,False,False,False
LC726051.1,True,False,False,False
LC726052.1,True,False,False,False
LC726053.1,True,False,False,False
LC726054.1,True,False,False,False
LC726055.1,True,False,False,False
LC726056.1,True,False,False,False
LC726057.1,True,False,False,False
LC726058.1,True,False,False,False
LC726059.1,True,False,False,False
LC726060.1,True,False,False,False
LC726061.1,True,False,False,False
LC726062.1,True,False,False,False
LC726063.1,True,False,False,False
LC726064.1,True,False,False,False
LC726065.1,True,False,False,False
LC726066.1,True,False,False,False
LC726067.1,True,False,False,False
LC726068.1,True,False,False,False
LC726069.1,True,False,False,False
LC726070.1,True,False,False,False
LC726071.1,True,False,False,False
LC726072.1,True,False,False,False
LC726073.1,True,False,False,False
LC726074.1,True,False,False,False
LC726075.1,True,False,False,False
LC726076.1,True,False,False,False
LC726077.1,True,False,False,False
LC726078.1,True,False,False,False
LC726079.1,True,False,False,False
LC726080.1,True,False,False,False
LC726081.1,True,False,False,False
LC726082.1,True,False,False,False
LC726083.1,True,False,False,False
LC726084.1,True,False,False,False
LC726085.1,True,False,False,False
LC726086.1,True,False,False,False
LC726087.1,True,False,False,False
LC726088.1,True,False,False,False
LC726089.1,True,False,False,False
LC726090.1,True,False,False,False
LC760142.1,True,False,False,True
LC760143.1,True,False,False,True
LC760144.1,True,False,False,True
LC760145.1,True,False,False,True
LC760146.1,True,False,False,True
LC760147.1,True,False,False,True
LC760148.1,True,False,False,True
LC760149.1,True,False,False,True
LC760150.1,True,False,False,True
LC760151.1,True,False,False,True
LC760152.1,True,False,False,True
LC760153.1,True,False,False,True
LC760154.1,True,False,False,True
LC760155.1,True,False,False,True
LC760156.1,True,False,False,True
LC760157.1,True,False,False,True
LC760158.1,True,False,False,True
LC760159.1,True,False,False,True
LC760160.1,True,False,False,True
LC760161.1,True,False,False,True
LC760162.1,True,False,False,True
LC760163.1,True,False,False,True
LC760164.1,True,False,False,True
LC760165.1,True,False,False,True
LC760166.1,True,False,False,True
LC760167.1,True,False,False,True
LC760168.1,True,False,False,True
LC760169.1,True,False,False,True
LC760170.1,True,False,False,True
LC760171.1,True,False,False,True
LC760172.1,True,False,False,True
LC760173.1,True,False,False,True
LC760174.1,True,False,False,True
LC760175.1,True,False,False,True
LC760176.1,True,False,False,True
LC760177.1,True,False,False,True
LC760178.1,True,False,False,True
LC760179.1,True,False,False,True
LC764769.1,True,False,False,False
LC764770.1,True,False,False,False
LC764771.1,True,False,False,False
LC764772.1,True,False,False,False
LC764773.1,True,False,False,False
LC764774.1,True,False,False,False
LC764775.1,True,False,False,False
LC764776.1,True,False,False,False
LC764777.1,True,False,False,False
LC764778.1,True,False,False,False
LC764779.1,True,False,False,False
LC764780.1,True,False,False,False
LC764781.1,True,False,False,False
LC764782.1,True,False,False,False
LC764783.1,True,False,False,False
LC764784.1,True,False,False,False
LC764785.1,True,False,False,False
LC764786.1,True,False,False,False
LC764787.1,True,False,False,False
LC764788.1,True,False,False,False
LC764789.1,True,False,False,False
LC764790.1,True,False,False,False
LC764791.1,True,False,False,False
LC764792.1,True,False,False,False
LC764793.1,True,False,False,False
LC764794.1,True,False,False,False
LC764805.1,True,False,False,False
LC764806.1,True,False,False,False
LC764807.1,True,False,False,False
LC764808.1,True,False,False,False
LC764809.1,True,False,False,False
LC764810.1,True,False,False,False
LC764811.1,True,False,False,False
LC764812.1,True,False,False,False
LC764813.1,True,False,False,False
LC764814.1,True,False,False,False
LC764815.1,True,False,False,False
LC764816.1,True,False,False,False
LC764817.1,True,False,False,False
LC764818.1,True,False,False,False
LC764819.1,True,False,False,False
LC764820.1,True,False,False,False
LC790055.1,True,False,False,False
LC790071.1,True,False,False,False
LC798026.1,False,False,False,True
LC798027.1,False,False,False,True
LC798028.1,False,False,False,True
LC798029.1,False,False,False,True
LC798030.1,False,False,False,True
LC798031.1,False,False,False,True
LC798032.1,False,False,False,True
LC798033.1,False,False,False,True
LC798034.1,False,False,False,True
LC798035.1,False,False,False,True
LC798036.1,False,False,False,True
LC798037.1,False,False,False,True
LC798038.1,False,False,False,True
LC811957.1,True,False,False,True
LC811958.1,True,False,False,True
LC812793.1,True,False,False,True
LC812794.1,True,False,False,True
LC812795.1,True,False,False,True
LC812796.1,True,False,False,True
LC812797.1,True,False,False,True
LC812798.1,True,False,False,True
LC812799.1,True,False,False,True
LC812800.1,True,False,False,True
LC812801.1,True,False,False,True
LC812802.1,True,False,False,True
LC812803.1,True,False,False,True
LC812804.1,True,False,False,True
LC812805.1,True,False,False,True
LC813219.1,False,False,False,True
LC813220.1,False,False,False,True
LC813221.1,False,False,False,True
LC813222.1,False,False,False,True
LC813223.1,False,False,False,True
LC813224.1,False,False,False,True
LC813225.1,False,False,False,True
LC813226.1,False,False,False,True
LC813227.1,False,False,False,True
LC813228.1,False,False,False,True
LC813229.1,False,False,False,True
LC813230.1,False,False,False,True
LC813496.1,False,False,False,True
LC813497.1,False,False,False,True
LC813498.1,False,False,False,True
LC813499.1,False,False,False,True
LC813500.1,False,False,False,True
LC813501.1,False,False,False,True
LC813502.1,False,False,False,True
LC813503.1,False,False,False,True
LC813504.1,False,False,False,True
LC813505.1,False,False,False,True
LC814406.1,False,False,False,True
LC814407.1,False,False,False,True
LC814408.1,False,False,False,True
LC814409.1,False,False,False,True
LC814410.1,False,False,False,True
LC814411.1,False,False,False,True
LC814412.1,False,False,False,True
LC814413.1,False,False,False,True
LC814414.1,False,False,False,True
LC814415.1,False,False,False,True
LC814416.1,False,False,False,True
LC814417.1,False,False,False,True
LC814418.1,False,False,False,True
LC814419.1,False,False,False,True
LC814420.1,False,False,False,True
LC814421.1,False,False,False,True
LC814422.1,False,False,False,True
LC814423.1,False,False,False,True
LC833827.1,False,False,False,True
LC833828.1,False,False,False,True
LC833829.1,False,False,False,True
LC833830.1,False,False,False,True
LC833831.1,False,False,False,True
LC833832.1,False,False,False,True
LC833833.1,False,False,False,True
LC833834.1,False,False,False,True
LC833835.1,False,False,False,True
LC833836.1,False,False,False,True
LC847999.1,True,False,False,False
LC848000.1,True,False,False,False
LC848019.1,True,False,False,False
LC848032.1,True,False,False,False
LC848165.1,True,False,False,False
LC848166.1,True,False,True,True
LC848167.1,True,False,False,False
LC848168.1,True,False,False,False
LC848169.1,True,False,False,False
LC848170.1,True,False,False,False
LC848171.1,True,False,True,False
LC848172.1,True,False,False,False
LC848173.1,True,False,True,True
LC868813.1,False,False,False,True
LC868814.1,False,False,False,True
LC868815.1,False,False,False,True
LC868816.1,False,False,False,True
LC868817.1,False,False,False,True
LC868818.1,False,False,False,True
LC868819.1,False,False,False,True
LC868820.1,False,False,False,True
LC868821.1,False,False,False,True
LC868822.1,False,False,False,True
LC906501.1,False,False,False,True
LC906502.1,False,False,False,True
LC906503.1,False,False,False,True
LC906504.1,False,False,False,True
LC906505.1,False,False,False,True
LC906506.1,False,False,False,True
LC906507.1,False,False,False,True
LC906508.1,False,False,False,True
LC906509.1,False,False,False,True
LC906510.1,False,False,False,True
LC906511.1,False,False,False,True
LC906512.1,False,False,False,True
LC906513.1,False,False,False,True
LC906514.1,False,False,False,True
LC906515.1,False,False,False,True
LC906516.1,False,False,False,True
LC906517.1,False,False,False,True
LC906518.1,False,False,False,True
LC906519.1,False,False,False,True
LC906520.1,False,False,False,True
LC906521.1,False,False,False,True
LC922750.1,True,False,False,True
LN482637.1,True,False,False,True
LN482638.1,True,False,False,True
LN482639.1,True,False,False,True
LN482640.1,True,False,False,True
LN482641.1,True,False,False,True
LN482642.1,True,False,False,True
LN482643.1,True,False,False,True
LN482644.1,True,False,False,True
LN482645.1,True,False,False,True
LN482646.1,True,False,False,True
LN482647.1,True,False,False,True
LN482648.1,True,False,False,True
LN482649.1,True,False,False,True
LN482650.1,True,False,False,True
LN482651.1,True,False,False,True
LN482652.1,True,False,False,True
LN482653.1,True,False,False,True
LN482654.1,True,False,False,True
LN482655.1,True,False,False,True
LN482656.1,True,False,False,True
LN482657.1,True,False,False,True
LN482658.1,True,False,False,True
LN482659.1,True,False,False,True
LN482660.1,True,False,False,True
LN482661.1,True,False,False,True
LN482662.1,True,False,False,True
LN482663.1,True,False,False,True
LN482664.1,True,False,False,True
LN482665.1,True,False,False,True
LN482666.1,True,False,False,True
LN482667.1,True,False,False,True
LN482668.1,True,False,False,True
LN482669.1,True,False,False,True
LN482670.1,True,False,False,True
LN482671.1,True,False,False,True
LN482672.1,True,False,False,True
LN482673.1,True,False,False,True
LN482674.1,True,False,False,True
LN482675.1,True,False,False,True
LN482676.1,True,False,False,True
LN482677.1,True,False,False,True
LN482678.1,True,False,False,True
LN482679.1,True,False,False,True
LN482680.1,True,False,False,True
LN482681.1,True,False,False,True
LN482682.1,True,False,False,True
LN482683.1,True,False,False,True
LN482684.1,True,False,False,True
LN482685.1,True,False,False,True
LN482686.1,True,False,False,True
LN482687.1,True,False,False,True
LN482688.1,True,False,False,True
LN482689.1,True,False,False,True
LN482690.1,True,False,False,True
LN482691.1,True,False,False,True
LN482692.1,True,False,False,True
LN482693.1,True,False,False,True
LN482694.1,True,False,False,True
LN482695.1,True,False,False,True
LN482696.1,True,False,False,True
LN482697.1,True,False,False,True
LN482698.1,True,False,False,True
LN482699.1,True,False,False,True
LN482700.1,True,False,False,True
LN482701.1,True,False,False,True
LN482702.1,True,False,False,True
LN482703.1,True,False,False,True
LN482704.1,True,False,False,True
LN482705.1,True,False,False,True
LN482706.1,True,False,False,True
LN482707.1,True,False,False,True
LN482708.1,True,False,False,True
LN482709.1,True,False,False,True
LN482710.1,True,False,False,True
LN482711.1,True,False,False,True
LN482712.1,True,False,False,True
LN482713.1,True,False,False,True
LN482714.1,True,False,False,True
LN482715.1,True,False,False,True
LN482716.1,True,False,False,True
LN482717.1,True,False,False,True
LN482718.1,True,False,False,True
LN482719.1,True,False,False,True
LN482720.1,True,False,False,True
LN482721.1,True,False,False,True
LN482722.1,True,False,False,True
LN482723.1,True,False,False,True
LN482724.1,True,False,False,True
LN482725.1,True,False,False,True
LN482726.1,True,False,False,True
LN482727.1,True,False,False,True
LN482728.1,True,False,False,True
LN482729.1,True,False,False,True
LN482730.1,True,False,False,True
LN482731.1,True,False,False,True
LN482732.1,True,False,False,True
LN482733.1,True,False,False,True
LN482734.1,True,False,False,True
LN482735.1,True,False,False,True
LN482736.1,True,False,False,True
LN482737.1,True,False,False,True
LN482738.1,True,False,False,True
LN482739.1,True,False,False,True
LN482740.1,True,False,False,True
LN482741.1,True,False,False,True
LN482742.1,True,False,False,True
LN482743.1,True,False,False,True
LN482744.1,True,False,False,True
LN482745.1,True,False,False,True
LN482746.1,True,False,False,True
LN482747.1,True,False,False,True
LN482748.1,True,False,False,True
LN482749.1,True,False,False,True
LN482750.1,True,False,False,True
LN482751.1,True,False,False,True
LN482752.1,True,False,False,True
LN482753.1,True,False,False,True
LN482754.1,True,False,False,True
LN482755.1,True,False,False,True
LN482756.1,True,False,False,True
LN482757.1,True,False,False,True
LN482758.1,True,False,False,True
LN482759.1,True,False,False,True
LN482760.1,True,False,False,True
LN482761.1,True,False,False,True
LN482762.1,True,False,False,True
LN482763.1,True,False,False,True
LN482764.1,True,False,False,True
LN482765.1,True,False,False,True
LN482766.1,True,False,False,True
LN482767.1,True,False,False,True
LN482768.1,True,False,False,True
LN482769.1,True,False,False,True
LN482770.1,True,False,False,True
LN482771.1,True,False,False,True
LN482772.1,True,False,False,True
LN482773.1,True,False,False,True
LN482774.1,True,False,False,True
LN482775.1,True,False,False,True
LN482776.1,True,False,False,True
LN482777.1,True,False,False,True
LN482778.1,True,False,False,True
LN482779.1,True,False,False,True
LN482780.1,True,False,False,True
LN482781.1,True,False,False,True
LN482782.1,True,False,False,True
LN482783.1,True,False,False,True
LN482784.1,True,False,False,True
LN482785.1,True,False,False,True
LN482786.1,True,False,False,True
LN482787.1,True,False,False,True
LN482788.1,True,False,False,True
LN482789.1,True,False,False,True
LN482790.1,True,False,False,True
LN482791.1,True,False,False,True
LN482792.1,True,False,False,True
LN482793.1,True,False,False,True
LN482794.1,True,False,False,True
LN482795.1,True,False,False,True
LN482796.1,True,False,False,True
LN482797.1,True,False,False,True
LN482798.1,True,False,False,True
LN482799.1,True,False,False,True
LN482800.1,True,False,False,True
LN482801.1,True,False,False,True
LN482802.1,True,False,False,True
LN482803.1,True,False,False,True
LN482804.1,True,False,False,True
LN482805.1,True,False,False,True
LN482806.1,True,False,False,True
LN482807.1,True,False,False,True
LN482808.1,True,False,False,True
LN482809.1,True,False,False,True
LN482810.1,True,False,False,True
LN482811.1,True,False,False,True
LN482812.1,True,False,False,True
LN482813.1,True,False,False,True
LN482814.1,True,False,False,True
LN482815.1,True,False,False,True
LN482816.1,True,False,False,True
LN482817.1,True,False,False,True
LN482818.1,True,False,False,True
LN482819.1,True,False,False,True
LN482820.1,True,False,False,True
LN482821.1,True,False,False,True
LN482822.1,True,False,False,True
LN482823.1,True,False,False,True
LN482824.1,True,False,False,True
LN482825.1,True,False,False,True
LN482826.1,True,False,False,True
LN482827.1,True,False,False,True
LN482828.1,True,False,False,True
LN482829.1,True,False,False,True
LN482830.1,True,False,False,True
LN482831.1,True,False,False,True
LN482832.1,True,False,False,True
LN482833.1,True,False,False,True
LN482834.1,True,False,False,True
LN482835.1,True,False,False,True
LN482836.1,True,False,False,True
LN482837.1,True,False,False,True
LN482838.1,True,False,False,True
LN482839.1,True,False,False,True
LN482840.1,True,False,False,True
LN482841.1,True,False,False,True
LN482842.1,True,False,False,True
LN482843.1,True,False,False,True
LN482844.1,True,False,False,True
LN482845.1,True,False,False,True
LN482846.1,True,False,False,True
LN482847.1,True,False,False,True
LN482848.1,True,False,False,True
LN482849.1,True,False,False,True
LN482850.1,True,False,False,True
LN482851.1,True,False,False,True
LN482852.1,True,False,False,True
LN482853.1,True,False,False,True
LN482854.1,True,False,False,True
LN482855.1,True,False,False,True
LN482856.1,True,False,False,True
LN482857.1,True,False,False,True
LN482858.1,True,False,False,True
LN482859.1,True,False,False,True
LN482860.1,True,False,False,True
LN482861.1,True,False,False,True
LN482862.1,True,False,False,True
LN482863.1,True,False,False,True
LN482864.1,True,False,False,True
LN482865.1,True,False,False,True
LN482866.1,True,False,False,True
LN482867.1,True,False,False,True
LN482868.1,True,False,False,True
LN482869.1,True,False,False,True
LN482870.1,True,False,False,True
LN482871.1,True,False,False,True
LN482872.1,True,False,False,True
LN482873.1,True,False,False,True
LN482874.1,True,False,False,True
LN482875.1,True,False,False,True
LN482876.1,True,False,False,True
LN482877.1,True,False,False,True
LN482878.1,True,False,False,True
LN482879.1,True,False,False,True
LN482880.1,True,False,False,True
LN482881.1,True,False,False,True
LN482882.1,True,False,False,True
LN482883.1,True,False,False,True
LN482884.1,True,False,False,True
LN482885.1,True,False,False,True
LN482886.1,True,False,False,True
LN482887.1,True,False,False,True
LN482888.1,True,False,False,True
LN482889.1,True,False,False,True
LN482890.1,True,False,False,True
LN482891.1,True,False,False,True
LN482892.1,True,False,False,True
LN482893.1,True,False,False,True
LN482894.1,True,False,False,True
LN482895.1,True,False,False,True
LN482896.1,True,False,False,True
LN482897.1,True,False,False,True
LN482898.1,True,False,False,True
LN482899.1,True,False,False,True
LN482900.1,True,False,False,True
LN482901.1,True,False,False,True
LN482902.1,True,False,False,True
LN482903.1,True,False,False,True
LN482904.1,True,False,False,True
LN482905.1,True,False,False,True
LN482906.1,True,False,False,True
LN482907.1,True,False,False,True
LN482908.1,True,False,False,True
LN482909.1,True,False,False,True
LN482910.1,True,False,False,True
LN482911.1,True,False,False,True
LN482912.1,True,False,False,True
LN482913.1,True,False,False,True
LN482914.1,True,False,False,True
LN482915.1,True,False,False,True
LN482916.1,True,False,False,True
LN482917.1,True,False,False,True
LN482918.1,True,False,False,True
LN482919.1,True,False,False,True
LN482920.1,True,False,False,True
LN482921.1,True,False,False,True
LN482922.1,True,False,False,True
LN482923.1,True,False,False,True
LN482924.1,True,False,False,True
LN482925.1,True,False,False,True
LN482926.1,True,False,False,True
LN482927.1,True,False,False,True
LN482928.1,True,False,False,True
LN482929.1,True,False,False,True
LN482930.1,True,False,False,True
LN612531.1,True,False,False,False
LN612532.1,True,False,False,False
LN612533.1,True,False,False,False
LN612534.1,True,False,False,False
LN612535.1,True,False,False,False
LN612536.1,True,False,False,False
LN612537.1,True,False,False,False
LN612538.1,True,False,False,False
LN612539.1,True,False,False,False
LN612540.1,True,False,False,False
LN612541.1,True,False,False,False
LN612542.1,True,False,False,False
LN612543.1,True,False,False,False
LN612544.1,True,False,False,False
LN612545.1,True,False,False,False
LN612546.1,True,False,False,False
LN612547.1,True,False,False,False
LN612548.1,True,False,False,False
LN612549.1,True,False,False,False
LN612550.1,True,False,False,True
LN612551.1,True,False,False,True
LN612552.1,True,False,False,True
LN612553.1,True,False,False,True
LN612554.1,True,False,False,True
LN612555.1,True,False,False,True
LN612556.1,True,False,False,True
LN612557.1,True,False,False,True
LN612558.1,True,False,False,True
LN612559.1,True,False,False,True
LN612560.1,True,False,False,True
LN612561.1,True,False,False,True
LN612562.1,True,False,False,True
LN612563.1,True,False,False,True
LN612564.1,True,False,False,True
LN612565.1,True,False,False,True
LN612566.1,True,False,False,True
LN612567.1,True,False,False,True
LN612568.1,True,False,False,True
LN612569.1,True,False,False,True
LN612570.1,True,False,False,True
LN612571.1,True,False,False,True
LT160589.1,True,False,False,False
LT160590.1,True,False,False,False
LT160591.1,True,False,False,False
M62825.1,True,False,False,True
MF000313.1,False,False,False,True
MF000316.1,False,False,False,True
MF000321.1,False,False,False,True
MF101875.1,False,False,False,True
MF101876.1,False,False,False,True
MF101877.1,False,False,False,True
MF101878.1,False,False,False,True
MF101879.1,False,False,False,True
MF101880.1,False,False,False,True
MF101881.1,False,False,False,True
MF101882.1,False,False,False,True
MF101883.1,False,False,False,True
MF101884.1,False,False,False,True
MF101885.1,False,False,False,True
MF101886.1,False,False,False,True
MF101887.1,False,False,False,True
MF101888.1,False,False,False,True
MF101889.1,False,False,False,True
MF101890.1,False,False,False,True
MF101891.1,False,False,False,True
MF101895.1,False,False,False,True
MF101899.1,False,False,False,True
MF140633.1,False,False,False,True
MF140634.1,False,False,False,True
MF140635.1,False,False,False,True
MF140636.1,False,False,False,True
MF140637.1,False,False,False,True
MF140638.1,False,False,False,True
MF140639.1,False,False,False,True
MF140640.1,False,False,False,True
MF140641.1,False,False,False,True
MF140642.1,False,False,False,True
MF140643.1,False,False,False,True
MF140644.1,False,False,False,True
MF140645.1,False,False,False,True
MF140646.1,False,False,False,True
MF140647.1,False,False,False,True
MF140648.1,False,False,False,True
MF140649.1,False,False,False,True
MF140650.1,False,False,False,True
MF140651.1,False,False,False,True
MF140652.1,False,False,False,True
MF140653.1,False,False,False,True
MF140654.1,False,False,False,True
MF140655.1,False,False,False,True
MF140656.1,False,False,False,True
MF140657.1,False,False,False,True
MF140658.1,False,False,False,True
MF140659.1,False,False,False,True
MF140660.1,False,False,False,True
MF140661.1,False,False,False,True
MF140662.1,False,False,False,True
MF140663.1,False,False,False,True
MF140664.1,False,False,False,True
MF140665.1,False,False,False,True
MF140666.1,False,False,False,True
MF140667.1,False,False,False,True
MF140668.1,False,False,False,True
MF140669.1,False,False,False,True
MF140670.1,False,False,False,True
MF140671.1,False,False,False,True
MF140672.1,False,False,False,True
MF140673.1,False,False,False,True
MF140674.1,False,False,False,True
MF140675.1,False,False,False,True
MF140676.1,False,False,False,True
MF140677.1,False,False,False,True
MF140678.1,False,False,False,True
MF140679.1,False,False,False,True
MF140680.1,False,False,False,True
MF140681.1,False,False,False,True
MF140682.1,False,False,False,True
MF140683.1,False,False,False,True
MF140684.1,False,False,False,True
MF140685.1,False,False,False,True
MF140686.1,False,False,False,True
MF140687.1,False,False,False,True
MF140688.1,False,False,False,True
MF140689.1,False,False,False,True
MF140690.1,False,False,False,True
MF140691.1,False,False,False,True
MF140692.1,False,False,False,True
MF140693.1,False,False,False,True
MF140694.1,False,False,False,True
MF140695.1,False,False,False,True
MF140696.1,False,False,False,True
MF140697.1,False,False,False,True
MF166783.1,True,False,False,True
MF166784.1,True,False,False,True
MF166785.1,True,False,False,True
MF166786.1,True,False,False,True
MF166787.1,True,False,False,True
MF166788.1,True,False,False,True
MF166789.1,True,False,False,True
MF166790.1,True,False,False,True
MF172092.1,True,False,False,False
MF172093.1,True,False,False,False
MF172094.1,True,False,False,False
MF172095.1,True,False,False,False
MF172096.1,True,False,False,False
MF179589.1,True,False,False,True
MF179590.1,True,False,False,True
MF179591.1,True,False,False,True
MF179592.1,True,False,False,True
MF179593.1,True,False,False,True
MF179594.1,True,False,False,True
MF179595.1,True,False,False,True
MF179596.1,True,False,False,True
MF179597.1,True,False,False,True
MF179598.1,True,False,False,True
MF179599.1,True,False,False,True
MF179600.1,True,False,False,True
MF179601.1,True,False,False,True
MF179602.1,True,False,False,True
MF179603.1,True,False,False,True
MF179604.1,True,False,False,True
MF179605.1,True,False,False,True
MF179606.1,True,False,False,True
MF179607.1,True,False,False,True
MF179608.1,True,False,False,True
MF182327.1,True,False,False,True
MF182328.1,True,False,False,True
MF182329.1,True,False,False,True
MF182330.1,True,False,False,True
MF182331.1,True,False,False,True
MF182332.1,True,False,False,True
MF182333.1,True,False,False,True
MF182334.1,True,False,False,True
MF182335.1,True,False,False,True
MF182336.1,True,False,False,True
MF182337.1,True,False,False,True
MF182338.1,True,False,False,True
MF182339.1,True,False,False,True
MF182340.1,True,False,False,True
MF182341.1,True,False,False,True
MF182342.1,True,False,False,True
MF182343.1,True,False,False,True
MF182344.1,True,False,False,True
MF182345.1,True,False,False,True
MF182346.1,True,False,False,True
MF182347.1,True,False,False,True
MF182348.1,True,False,False,True
MF182349.1,True,False,False,True
MF182350.1,True,False,False,True
MF190519.1,True,False,False,True
MF190520.1,True,False,False,True
MF190521.1,True,False,False,True
MF190522.1,True,False,False,True
MF190523.1,True,False,False,True
MF190524.1,True,False,False,True
MF190525.1,True,False,False,True
MF190526.1,True,False,False,True
MF190527.1,True,False,False,True
MF190528.1,True,False,False,True
MF190529.1,True,False,False,True
MF190530.1,True,False,False,True
MF190531.1,True,False,False,True
MF190532.1,True,False,False,True
MF190533.1,True,False,False,True
MF190534.1,True,False,False,True
MF190535.1,True,False,False,True
MF190536.1,True,False,False,True
MF190537.1,True,False,False,True
MF190538.1,True,False,False,True
MF190539.1,True,False,False,True
MF190540.1,True,False,False,True
MF190541.1,True,False,False,True
MF190542.1,True,False,False,True
MF190543.1,True,False,False,True
MF190544.1,True,False,False,True
MF190545.1,True,False,False,True
MF190546.1,True,False,False,True
MF190547.1,True,False,False,True
MF190548.1,True,False,False,True
MF190549.1,True,False,False,True
MF398658.1,False,False,False,True
MF398659.1,False,False,False,True
MF398660.1,False,False,False,True
MF398661.1,False,False,False,True
MF398662.1,False,False,False,True
MF398663.1,False,False,False,True
MF398664.1,False,False,False,True
MF398665.1,False,False,False,True
MF398666.1,False,False,False,True
MF398667.1,False,False,False,True
MF398668.1,False,False,False,True
MF398669.1,False,False,False,True
MF398670.1,False,False,False,True
MF398671.1,False,False,False,True
MF398672.1,False,False,False,True
MF398673.1,False,False,False,True
MF398674.1,False,False,False,True
MF398675.1,False,False,False,True
MF398676.1,False,False,False,True
MF398677.1,False,False,False,True
MF398678.1,False,False,False,True
MF398679.1,False,False,False,True
MF398680.1,False,False,False,True
MF398681.1,False,False,False,True
MF398682.1,False,False,False,True
MF398683.1,False,False,False,True
MF398684.1,False,False,False,True
MF398685.1,False,False,False,True
MF398686.1,False,False,False,True
MF398687.1,False,False,False,True
MF398688.1,False,False,False,True
MF398689.1,False,False,False,True
MF398690.1,False,False,False,True
MF398691.1,False,False,False,True
MF398692.1,False,False,False,True
MF398693.1,False,False,False,True
MF398694.1,False,False,False,True
MF398695.1,False,False,False,True
MF398696.1,False,False,False,True
MF398697.1,False,False,False,True
MF398698.1,False,False,False,True
MF398699.1,False,False,False,True
MF398700.1,False,False,False,True
MF398701.1,False,False,False,True
MF398702.1,False,False,False,True
MF398703.1,False,False,False,True
MF398704.1,False,False,False,True
MF398705.1,False,False,False,True
MF398706.1,False,False,False,True
MF398707.1,False,False,False,True
MF398708.1,False,False,False,True
MF398709.1,False,False,False,True
MF398710.1,False,False,False,True
MF398711.1,False,False,False,True
MF398712.1,False,False,False,True
MF398713.1,False,False,False,True
MF398714.1,False,False,False,True
MF398715.1,False,False,False,True
MF398716.1,False,False,False,True
MF398717.1,False,False,False,True
MF398718.1,False,False,False,True
MF398719.1,False,False,False,True
MF398720.1,False,False,False,True
MF398721.1,False,False,False,True
MF398722.1,False,False,False,True
MF398723.1,False,False,False,True
MF398724.1,False,False,False,True
MF398725.1,False,False,False,True
MF398726.1,False,False,False,True
MF398727.1,False,False,False,True
MF398728.1,False,False,False,True
MF398729.1,False,False,False,True
MF398730.1,False,False,False,True
MF398731.1,False,False,False,True
MF398732.1,False,False,False,True
MF398733.1,False,False,False,True
MF398734.1,False,False,False,True
MF398735.1,False,False,False,True
MF398736.1,False,False,False,True
MF398737.1,False,False,False,True
MF401649.1,True,False,False,False
MF401650.1,True,False,False,False
MF401651.1,True,False,False,False
MF401652.1,True,False,False,False
MF401653.1,True,False,False,False
MF401654.1,True,False,False,False
MF401655.1,True,False,False,False
MF401656.1,True,False,False,False
MF401657.1,True,False,False,False
MF401658.1,True,False,False,False
MF401659.1,True,False,False,False
MF401660.1,True,False,False,False
MF401661.1,True,False,False,False
MF401662.1,True,False,False,False
MF401663.1,True,False,False,False
MF401664.1,True,False,False,False
MF401665.1,True,False,False,False
MF401666.1,True,False,False,False
MF401667.1,True,False,False,False
MF401668.1,True,False,False,False
MF401669.1,True,False,False,False
MF401670.1,True,False,False,False
MF401671.1,True,False,False,False
MF401672.1,True,False,False,False
MF401673.1,True,False,False,False
MF401674.1,True,False,False,False
MF401675.1,True,False,False,False
MF401676.1,True,False,False,False
MF401677.1,True,False,False,False
MF401678.1,True,False,False,False
MF401679.1,True,False,False,False
MF401680.1,True,False,False,False
MF401681.1,True,False,False,False
MF401682.1,True,False,False,False
MF401683.1,True,False,False,False
MF401684.1,True,False,False,False
MF401685.1,True,False,False,False
MF401686.1,True,False,False,False
MF401687.1,True,False,False,False
MF401688.1,True,False,False,False
MF401689.1,True,False,False,False
MF401690.1,True,False,False,False
MF401691.1,True,False,False,False
MF401692.1,True,False,False,False
MF401693.1,True,False,False,False
MF401694.1,True,False,False,False
MF401695.1,True,False,False,False
MF401696.1,True,False,False,False
MF401697.1,True,False,False,False
MF401698.1,True,False,False,False
MF401699.1,True,False,False,False
MF401700.1,True,False,False,False
MF401701.1,True,False,False,False
MF401702.1,True,False,False,False
MF401703.1,True,False,False,False
MF401704.1,True,False,False,False
MF401705.1,True,False,False,False
MF401706.1,True,False,False,False
MF401707.1,True,False,False,False
MF401708.1,True,False,False,False
MF401709.1,True,False,False,False
MF401710.1,True,False,False,False
MF401711.1,True,False,False,False
MF401712.1,True,False,False,False
MF401713.1,True,False,False,False
MF401714.1,True,False,False,False
MF401715.1,True,False,False,False
MF401716.1,True,False,False,False
MF401717.1,True,False,False,False
MF401718.1,True,False,False,False
MF401719.1,True,False,False,False
MF401720.1,True,False,False,False
MF401721.1,True,False,False,False
MF401722.1,True,False,False,False
MF401723.1,True,False,False,False
MF401724.1,True,False,False,False
MF401725.1,True,False,False,False
MF401726.1,True,False,False,False
MF401727.1,True,False,False,False
MF401728.1,True,False,False,False
MF401729.1,True,False,False,False
MF401730.1,True,False,False,False
MF401731.1,True,False,False,False
MF401732.1,True,False,False,False
MF401733.1,True,False,False,False
MF401734.1,True,False,False,False
MF401735.1,True,False,False,False
MF401736.1,True,False,False,False
MF401737.1,True,False,False,False
MF401738.1,True,False,False,False
MF401739.1,True,False,False,False
MF401740.1,True,False,False,False
MF401741.1,True,False,False,False
MF401742.1,True,False,False,False
MF401743.1,True,False,False,False
MF401744.1,True,False,False,False
MF401745.1,True,False,False,False
MF401746.1,True,False,False,False
MF401747.1,True,False,False,False
MF401748.1,True,False,False,False
MF401749.1,True,False,False,False
MF401750.1,True,False,False,False
MF401751.1,True,False,False,False
MF401752.1,True,False,False,False
MF401753.1,True,False,False,False
MF401754.1,True,False,False,False
MF401755.1,True,False,False,False
MF401756.1,True,False,False,False
MF401757.1,True,False,False,False
MF401758.1,True,False,False,False
MF401759.1,True,False,False,False
MF401760.1,True,False,False,False
MF401761.1,True,False,False,False
MF401762.1,True,False,False,False
MF401763.1,True,False,False,False
MF401764.1,True,False,False,False
MF401765.1,True,False,False,False
MF401766.1,True,False,False,False
MF401767.1,True,False,False,False
MF401768.1,True,False,False,False
MF401769.1,True,False,False,False
MF401770.1,True,False,False,False
MF401771.1,True,False,False,False
MF401772.1,True,False,False,False
MF401773.1,True,False,False,False
MF401774.1,True,False,False,False
MF401775.1,True,False,False,False
MF401776.1,True,False,False,False
MF401777.1,True,False,False,False
MF401778.1,True,False,False,False
MF401779.1,True,False,False,False
MF401780.1,True,False,False,False
MF401781.1,True,False,False,False
MF401782.1,True,False,False,False
MF401783.1,True,False,False,False
MF401784.1,True,False,False,False
MF401785.1,True,False,False,False
MF401786.1,True,False,False,False
MF401787.1,True,False,False,False
MF401788.1,True,False,False,False
MF401789.1,True,False,False,False
MF401790.1,True,False,False,False
MF401791.1,True,False,False,False
MF401792.1,True,False,False,False
MF401793.1,True,False,False,False
MF401794.1,True,False,False,False
MF401795.1,True,False,False,False
MF401796.1,True,False,False,False
MF401797.1,True,False,False,False
MF401798.1,True,False,False,False
MF401799.1,True,False,False,False
MF401800.1,True,False,False,False
MF401801.1,True,False,False,False
MF401802.1,True,False,False,False
MF401803.1,True,False,False,False
MF401804.1,True,False,False,False
MF401805.1,True,False,False,False
MF401806.1,True,False,False,False
MF401807.1,True,False,False,False
MF401808.1,True,False,False,False
MF401809.1,True,False,False,False
MF401810.1,True,False,False,False
MF401811.1,True,False,False,False
MF401812.1,True,False,False,False
MF401813.1,True,False,False,False
MF401814.1,True,False,False,False
MF401815.1,True,False,False,False
MF401816.1,True,False,False,False
MF401817.1,True,False,False,False
MF401818.1,True,False,False,False
MF401819.1,True,False,False,False
MF401820.1,True,False,False,False
MF401821.1,True,False,False,False
MF401822.1,True,False,False,False
MF401823.1,True,False,False,False
MF401824.1,True,False,False,False
MF401825.1,True,False,False,False
MF401826.1,True,False,False,False
MF401827.1,True,False,False,False
MF401828.1,True,False,False,False
MF401829.1,True,False,False,False
MF401830.1,True,False,False,False
MF401831.1,True,False,False,False
MF401832.1,True,False,False,False
MF401833.1,True,False,False,False
MF401834.1,True,False,False,False
MF401835.1,True,False,False,False
MF401836.1,True,False,False,False
MF401837.1,True,False,False,False
MF401838.1,True,False,False,False
MF401839.1,True,False,False,False
MF401840.1,True,False,False,False
MF401841.1,True,False,False,False
MF401842.1,True,False,False,False
MF401843.1,True,False,False,False
MF401844.1,True,False,False,False
MF401845.1,True,False,False,False
MF401846.1,True,False,False,False
MF401847.1,True,False,False,False
MF401848.1,True,False,False,False
MF401849.1,True,False,False,False
MF401850.1,True,False,False,False
MF401851.1,True,False,False,False
MF401852.1,True,False,False,False
MF401853.1,True,False,False,False
MF401854.1,True,False,False,False
MF401855.1,True,False,False,False
MF401856.1,True,False,False,False
MF401857.1,True,False,False,False
MF401858.1,True,False,False,False
MF401859.1,True,False,False,False
MF401860.1,True,False,False,False
MF401861.1,True,False,False,False
MF401862.1,True,False,False,False
MF401863.1,True,False,False,False
MF401864.1,True,False,False,False
MF401865.1,True,False,False,False
MF401866.1,True,False,False,False
MF401867.1,True,False,False,False
MF401868.1,True,False,False,False
MF401869.1,True,False,False,False
MF401870.1,True,False,False,False
MF401871.1,True,False,False,False
MF401872.1,True,False,False,False
MF401873.1,True,False,False,False
MF401874.1,True,False,False,False
MF401875.1,True,False,False,False
MF401876.1,True,False,False,False
MF401877.1,True,False,False,False
MF401878.1,True,False,False,False
MF401879.1,True,False,False,False
MF401880.1,True,False,False,False
MF401881.1,True,False,False,False
MF401882.1,True,False,False,False
MF401883.1,True,False,False,False
MF401884.1,True,False,False,False
MF401885.1,True,False,False,False
MF401886.1,True,False,False,False
MF401887.1,True,False,False,False
MF401888.1,True,False,False,False
MF401889.1,True,False,False,False
MF401890.1,True,False,False,False
MF401891.1,True,False,False,False
MF401892.1,True,False,False,False
MF401893.1,True,False,False,False
MF401894.1,True,False,False,False
MF401895.1,True,False,False,False
MF401896.1,True,False,False,False
MF401897.1,True,False,False,False
MF401898.1,True,False,False,False
MF401899.1,True,False,False,False
MF401900.1,True,False,False,False
MF401901.1,True,False,False,False
MF401902.1,True,False,False,False
MF401903.1,True,False,False,False
MF401904.1,True,False,False,False
MF401905.1,True,False,False,False
MF401906.1,True,False,False,False
MF401907.1,True,False,False,False
MF401908.1,True,False,False,False
MF401909.1,True,False,False,False
MF401910.1,True,False,False,False
MF401911.1,True,False,False,False
MF401912.1,True,False,False,False
MF401913.1,True,False,False,False
MF401914.1,True,False,False,False
MF401915.1,True,False,False,False
MF401916.1,True,False,False,False
MF401917.1,True,False,False,False
MF401918.1,True,False,False,False
MF401919.1,True,False,False,False
MF401920.1,True,False,False,False
MF401921.1,True,False,False,False
MF401922.1,True,False,False,False
MF401923.1,True,False,False,False
MF401924.1,True,False,False,False
MF401925.1,True,False,False,False
MF401926.1,True,False,False,False
MF401927.1,True,False,False,False
MF401928.1,True,False,False,False
MF401929.1,True,False,False,False
MF401930.1,True,False,False,False
MF401931.1,True,False,False,False
MF401932.1,True,False,False,False
MF401933.1,True,False,False,False
MF401934.1,True,False,False,False
MF401935.1,True,False,False,False
MF401936.1,True,False,False,False
MF401937.1,True,False,False,False
MF401938.1,True,False,False,False
MF401939.1,True,False,False,False
MF401940.1,True,False,False,False
MF401941.1,True,False,False,False
MF401942.1,True,False,False,False
MF401943.1,True,False,False,False
MF421543.1,True,False,False,False
MF421544.1,True,False,False,False
MF421545.1,True,False,False,False
MF421546.1,True,False,False,False
MF421547.1,True,False,False,False
MF421548.1,True,False,False,False
MF421550.1,True,False,False,False
MF421551.1,True,False,False,False
MF422700.1,False,False,False,True
MF422701.1,False,False,False,True
MF422702.1,False,False,False,True
MF422703.1,False,False,False,True
MF422704.1,False,False,False,True
MF422705.1,False,False,False,True
MF422706.1,False,False,False,True
MF422707.1,False,False,False,True
MF422708.1,False,False,False,True
MF422709.1,False,False,False,True
MF422710.1,False,False,False,True
MF422711.1,False,False,False,True
MF422712.1,False,False,False,True
MF422713.1,False,False,False,True
MF422714.1,False,False,False,True
MF422715.1,False,False,False,True
MF422716.1,False,False,False,True
MF422717.1,False,False,False,True
MF422718.1,False,False,False,True
MF422719.1,False,False,False,True
MF422720.1,False,False,False,True
MF422721.1,False,False,False,True
MF422722.1,False,False,False,True
MF422723.1,False,False,False,True
MF422724.1,False,False,False,True
MF422725.1,False,False,False,True
MF422726.1,False,False,False,True
MF422727.1,False,False,False,True
MF422728.1,False,False,False,True
MF422729.1,False,False,False,True
MF422730.1,False,False,False,True
MF422731.1,False,False,False,True
MF422732.1,False,False,False,True
MF422733.1,False,False,False,True
MF422734.1,False,False,False,True
MF422735.1,False,False,False,True
MF422736.1,False,False,False,True
MF422737.1,False,False,False,True
MF422738.1,False,False,False,True
MF422739.1,False,False,False,True
MF422740.1,False,False,False,True
MF422741.1,False,False,False,True
MF422742.1,False,False,False,True
MF422743.1,False,False,False,True
MF422744.1,False,False,False,True
MF422745.1,False,False,False,True
MF422746.1,False,False,False,True
MF422747.1,False,False,False,True
MF599259.1,True,False,False,True
MF599260.1,True,False,False,True
MF599261.1,True,False,False,True
MF599262.1,True,False,False,True
MF599263.1,True,False,False,True
MF599264.1,True,False,False,True
MF599265.1,True,False,False,True
MF599266.1,True,False,False,True
MF599267.1,True,False,False,True
MF599268.1,True,False,False,True
MF599269.1,True,False,False,True
MF599270.1,True,False,False,True
MF599271.1,True,False,False,True
MF599272.1,True,False,False,True
MF615618.1,True,False,False,False
MF615619.1,True,False,True,False
MF668936.1,False,False,False,True
MF770529.1,True,False,False,True
MF770530.1,True,False,False,True
MF770531.1,True,False,False,True
MF770532.1,True,False,False,True
MF770533.1,True,False,False,True
MF770534.1,True,False,False,True
MF770535.1,True,False,False,True
MF770536.1,True,False,False,True
MF770537.1,True,False,False,True
MF770538.1,True,False,False,True
MF770539.1,True,False,False,True
MF770540.1,True,False,False,True
MF770541.1,True,False,False,True
MF770542.1,True,False,False,True
MF770543.1,True,False,False,True
MF770544.1,True,False,False,True
MF770545.1,True,False,False,True
MF770546.1,True,False,False,True
MF770547.1,True,False,False,True
MF770548.1,True,False,False,True
MF770549.1,True,False,False,True
MF770550.1,True,False,False,True
MF770551.1,True,False,False,True
MF770552.1,True,False,False,True
MF770553.1,True,False,False,True
MF770554.1,True,False,False,True
MF770555.1,True,False,False,True
MF770556.1,True,False,False,True
MF770557.1,True,False,False,True
MF770558.1,True,False,False,True
MF770559.1,True,False,False,True
MF770560.1,True,False,False,True
MF770561.1,True,False,False,True
MF770562.1,True,False,False,True
MF770563.1,True,False,False,True
MF770564.1,True,False,False,True
MF802550.1,False,False,False,True
MF802551.1,False,False,False,True
MF802552.1,False,False,False,True
MF802553.1,False,False,False,True
MF802554.1,False,False,False,True
MF817977.1,True,False,False,False
MF817978.1,True,False,False,False
MF817979.1,True,False,False,False
MF817980.1,True,False,False,False
MF817981.1,True,False,False,False
MF817982.1,True,False,False,False
MF817983.1,True,False,False,False
MF817984.1,True,False,False,False
MF817985.1,True,False,False,False
MF817986.1,True,False,False,False
MF817987.1,True,False,False,False
MF817988.1,True,False,False,False
MF817989.1,True,False,False,False
MF817990.1,True,False,False,False
MF817991.1,True,False,False,False
MF817992.1,True,False,False,False
MF817993.1,True,False,False,False
MF817994.1,True,False,False,False
MF817995.1,True,False,False,False
MF817996.1,True,False,False,False
MF817997.1,True,False,False,False
MF817998.1,True,False,False,False
MF817999.1,True,False,False,False
MF818000.1,True,False,False,False
MF818001.1,True,False,False,False
MF818002.1,True,False,False,False
MF818003.1,True,False,False,False
MF818004.1,True,False,False,False
MF818005.1,True,False,False,False
MF818006.1,True,False,False,False
MF818007.1,True,False,False,False
MF818008.1,True,False,False,False
MF818009.1,True,False,False,False
MF818327.1,False,False,False,True
MF818328.1,False,False,False,True
MF818329.1,True,False,False,True
MF818330.1,False,False,False,True
MF818331.1,False,False,False,True
MF967584.1,False,False,False,True
MF967585.1,False,False,False,True
MF972310.1,True,False,False,False
MF972311.1,True,False,False,False
MF972312.1,True,False,False,False
MF987901.1,False,False,False,True
MF987902.1,False,False,False,True
MF987903.1,False,False,False,True
MF987904.1,False,False,False,True
MF987905.1,False,False,False,True
MF987906.1,False,False,False,True
MF987907.1,False,False,False,True
MF987908.1,False,False,False,True
MF987909.1,False,False,False,True
MF987910.1,False,False,False,True
MF987911.1,False,False,False,True
MF987912.1,False,False,False,True
MF987913.1,False,False,False,True
MF987914.1,False,False,False,True
MF987915.1,False,False,False,True
MF987916.1,False,False,False,True
MF987917.1,False,False,False,True
MF987918.1,False,False,False,True
MF987919.1,False,False,False,True
MF987920.1,False,False,False,True
MF987921.1,False,False,False,True
MF987922.1,False,False,False,True
MF987923.1,False,False,False,True
MF987924.1,False,False,False,True
MF987925.1,False,False,False,True
MF987926.1,False,False,False,True
MF987927.1,False,False,False,True
MF987928.1,False,False,False,True
MF987929.1,False,False,False,True
MF987930.1,False,False,False,True
MF987931.1,False,False,False,True
MF987932.1,False,False,False,True
MF987933.1,False,False,False,True
MF987934.1,False,False,False,True
MF987935.1,False,False,False,True
MF987936.1,False,False,False,True
MF996717.1,True,False,False,True
MF996718.1,True,False,False,True
MF996719.1,True,False,False,True
MF996720.1,True,False,False,True
MF996721.1,True,False,False,True
MF996722.1,True,False,False,True
MF996723.1,False,False,False,True
MF996724.1,False,False,False,True
MF996725.1,False,False,False,True
MF996726.1,False,False,False,True
MF996727.1,False,False,False,True
MF996728.1,False,False,False,True
MF996729.1,False,False,False,True
MF996730.1,False,False,False,True
MF996731.1,False,False,False,True
MF996732.1,False,False,False,True
MF996733.1,False,False,False,True
MF996734.1,False,False,False,True
MF996735.1,False,False,False,True
MF996736.1,False,False,False,True
MF996737.1,False,False,False,True
MF996738.1,False,False,False,True
MG023187.1,True,False,False,False
MG023244.1,True,False,False,False
MG027894.1,False,False,False,True
MG203960.1,True,False,False,False
MG517328.1,True,False,False,False
MG517329.1,True,False,False,False
MG517330.1,True,False,False,False
MG517331.1,True,False,False,False
MG517332.1,True,False,False,False
MG517333.1,True,False,False,False
MG517334.1,True,False,False,False
MG517335.1,True,False,False,False
MG517336.1,True,False,False,False
MG517337.1,True,False,False,False
MG517338.1,True,False,False,False
MG517339.1,True,False,False,False
MG517340.1,True,False,False,False
MG517341.1,True,False,False,False
MG517342.1,True,False,False,False
MG517343.1,True,False,False,False
MG517344.1,True,False,False,False
MG517345.1,True,False,False,False
MG517346.1,True,False,False,False
MG517347.1,True,False,False,False
MG517348.1,True,False,False,False
MG517349.1,True,False,False,False
MG517350.1,True,False,False,False
MG517351.1,True,False,False,False
MG517352.1,True,False,False,False
MG517353.1,True,False,False,False
MG517354.1,True,False,False,False
MG517355.1,True,False,False,False
MG517356.1,True,False,False,False
MG517357.1,True,False,False,False
MG517358.1,True,False,False,False
MG517359.1,True,False,False,False
MG517360.1,True,False,False,False
MG517361.1,True,False,False,False
MG517362.1,True,False,False,False
MG517363.1,True,False,False,False
MG517364.1,True,False,False,False
MG517461.1,False,False,False,True
MG517462.1,False,False,False,True
MG517463.1,False,False,False,True
MG517464.1,False,False,False,True
MG517465.1,False,False,False,True
MG517466.1,False,False,False,True
MG517467.1,False,False,False,True
MG557592.1,True,False,False,True
MG557593.1,True,False,False,True
MG557594.1,True,False,False,True
MG557595.1,True,False,False,True
MG557596.1,True,False,False,True
MG557597.1,True,False,False,True
MG557648.1,True,False,True,False
MG557649.1,True,False,True,False
MG557650.1,True,False,False,False
MG557651.1,True,False,False,False
MG557652.1,True,False,True,False
MG557653.1,False,False,True,True
MG557656.1,False,False,True,False
MG557657.1,False,False,True,False
MG571778.1,True,False,False,False
MG572183.1,True,False,False,True
MG575422.1,False,False,False,True
MG575423.1,False,False,False,True
MG575424.1,False,False,False,True
MG575425.1,False,False,False,True
MG575426.1,False,False,False,True
MG575427.1,False,False,False,True
MG575428.1,False,False,False,True
MG575429.1,False,False,False,True
MG575430.1,False,False,False,True
MG575431.1,False,False,False,True
MG585825.1,False,False,True,False
MG585826.1,False,False,True,False
MG585827.1,False,False,True,False
MG585828.1,False,False,True,False
MG585829.1,False,False,True,False
MG585830.1,False,False,True,False
MG585831.1,False,False,True,False
MG585832.1,False,False,True,False
MG585833.1,False,False,True,False
MG585834.1,False,False,True,False
MG585835.1,False,False,True,False
MG585836.1,False,False,True,False
MG585837.1,False,False,True,False
MG585838.1,False,False,True,False
MG585839.1,False,False,True,False
MG585840.1,False,False,True,False
MG585841.1,False,False,True,False
MG585842.1,False,False,True,False
MG585843.1,False,False,True,False
MG585844.1,False,False,True,False
MG585845.1,False,False,True,False
MG585846.1,False,False,True,False
MG585847.1,False,False,True,False
MG585848.1,False,False,True,False
MG585849.1,False,False,True,False
MG585850.1,False,False,True,False
MG585851.1,False,False,True,False
MG585852.1,False,False,True,False
MG585853.1,False,False,True,False
MG585854.1,False,False,True,False
MG585855.1,False,False,True,False
MG585856.1,False,False,True,False
MG585857.1,False,False,True,False
MG585858.1,False,False,True,False
MG585859.1,False,False,True,False
MG585860.1,False,False,True,False
MG585861.1,False,False,True,False
MG585862.1,False,False,True,False
MG585863.1,False,False,True,False
MG585864.1,False,False,True,False
MG585865.1,False,False,True,False
MG585866.1,False,False,True,False
MG585867.1,False,False,True,False
MG585868.1,False,False,True,False
MG585869.1,False,False,True,False
MG585870.1,False,False,True,False
MG585871.1,False,False,True,False
MG585872.1,False,False,True,False
MG585873.1,False,False,True,False
MG585874.1,False,False,True,False
MG585875.1,False,False,True,False
MG585876.1,False,False,True,False
MG585877.1,False,False,True,False
MG585878.1,False,False,True,False
MG585879.1,False,False,True,False
MG585880.1,False,False,True,False
MG585881.1,False,False,True,False
MG585882.1,False,False,True,False
MG585883.1,False,False,True,False
MG585884.1,False,False,True,False
MG585885.1,False,False,True,False
MG585886.1,False,False,True,False
MG585887.1,False,False,True,False
MG585888.1,False,False,True,False
MG585889.1,False,False,True,False
MG585890.1,False,False,True,False
MG585891.1,False,False,True,False
MG585892.1,False,False,True,False
MG585893.1,False,False,True,False
MG585894.1,False,False,True,False
MG585895.1,False,False,True,False
MG585896.1,True,False,True,False
MG585897.1,True,False,True,False
MG585898.1,True,False,True,False
MG585899.1,True,False,True,False
MG585900.1,True,False,True,False
MG585901.1,True,False,True,False
MG585902.1,True,False,True,False
MG585903.1,True,False,True,False
MG585904.1,True,False,True,False
MG585905.1,True,False,True,False
MG585906.1,True,False,True,False
MG585907.1,True,False,True,False
MG585908.1,True,False,True,False
MG585909.1,True,False,True,False
MG585910.1,True,False,True,False
MG585911.1,True,False,True,False
MG585912.1,True,False,True,False
MG585913.1,True,False,True,False
MG585914.1,True,False,True,False
MG585915.1,True,False,True,False
MG585916.1,True,False,True,False
MG585917.1,True,False,True,False
MG585918.1,True,False,True,False
MG585919.1,True,False,True,False
MG585920.1,True,False,True,False
MG585921.1,True,False,True,False
MG585922.1,True,False,True,False
MG585923.1,True,False,True,False
MG585924.1,True,False,True,False
MG585925.1,True,False,True,False
MG585926.1,True,False,True,False
MG585927.1,True,False,True,False
MG585928.1,True,False,True,False
MG585929.1,True,False,True,False
MG585930.1,True,False,True,False
MG585931.1,True,False,True,False
MG585932.1,True,False,True,False
MG585933.1,True,False,True,False
MG585934.1,True,False,True,False
MG585935.1,True,False,True,False
MG585936.1,True,False,True,False
MG585937.1,True,False,True,False
MG662693.1,True,False,False,False
MG662694.1,True,False,False,False
MG662695.1,True,False,False,False
MG662696.1,True,False,False,False
MG662697.1,True,False,False,False
MG662698.1,True,False,False,False
MG662699.1,True,False,False,False
MG662700.1,True,False,False,False
MG662701.1,True,False,False,False
MG662702.1,True,False,False,False
MG739459.1,False,False,False,True
MG739460.1,False,False,False,True
MG739461.1,False,False,False,True
MG739462.1,False,False,False,True
MG739463.1,False,False,False,True
MG739464.1,False,False,False,True
MG739465.1,False,False,False,True
MG739466.1,False,False,False,True
MG739467.1,False,False,False,True
MG739468.1,True,False,False,True
MG739469.1,False,False,False,True
MG739470.1,False,False,False,True
MG739471.1,False,False,False,True
MG739472.1,False,False,False,True
MG739473.1,False,False,False,True
MG739474.1,False,False,False,True
MG739475.1,False,False,False,True
MG739476.1,False,False,False,True
MG739477.1,False,False,False,True
MG739478.1,False,False,False,True
MG739479.1,False,False,False,True
MG739480.1,False,False,False,True
MG739481.1,False,False,False,True
MG739482.1,False,False,False,True
MG739483.1,False,False,False,True
MG739484.1,False,False,False,True
MG739485.1,False,False,False,True
MG739486.1,False,False,False,True
MG739487.1,False,False,False,True
MG739488.1,False,False,False,True
MG739489.1,False,False,False,True
MG739490.1,False,False,False,True
MG739491.1,False,False,False,True
MG739492.1,False,False,False,True
MG739493.1,False,False,False,True
MG739494.1,False,False,False,True
MG739495.1,False,False,False,True
MG739496.1,False,False,False,True
MG739497.1,False,False,False,True
MG739498.1,False,False,False,True
MG739499.1,False,False,False,True
MG739500.1,False,False,False,True
MG739501.1,False,False,False,True
MG739502.1,False,False,False,True
MG739503.1,False,False,False,True
MG746226.1,False,False,False,True
MG746227.1,False,False,False,True
MG746228.1,False,False,False,True
MG746229.1,False,False,False,True
MG746230.1,False,False,False,True
MG746231.1,False,False,False,True
MG746232.1,False,False,False,True
MG746233.1,False,False,False,True
MG746234.1,False,False,False,True
MG746235.1,False,False,False,True
MG746236.1,False,False,False,True
MG746237.1,False,False,False,True
MG746238.1,False,False,False,True
MG746239.1,False,False,False,True
MG746240.1,False,False,False,True
MG746241.1,False,False,False,True
MG746242.1,False,False,False,True
MG746243.1,False,False,False,True
MG746244.1,False,False,False,True
MG746245.1,False,False,False,True
MG746246.1,False,False,False,True
MG746247.1,False,False,False,True
MG746248.1,False,False,False,True
MG746249.1,False,False,False,True
MG746250.1,False,False,False,True
MG746251.1,False,False,False,True
MG746252.1,False,False,False,True
MG746253.1,False,False,False,True
MG746254.1,False,False,False,True
MG746255.1,False,False,False,True
MG746256.1,False,False,False,True
MG746257.1,False,False,False,True
MG746258.1,False,False,False,True
MG746259.1,False,False,False,True
MG746260.1,False,False,False,True
MG746261.1,False,False,False,True
MG746262.1,False,False,False,True
MG746263.1,False,False,False,True
MG746264.1,False,False,False,True
MG746265.1,False,False,False,True
MG746266.1,False,False,False,True
MG746267.1,False,False,False,True
MG746268.1,False,False,False,True
MG746269.1,False,False,False,True
MG746270.1,False,False,False,True
MG746271.1,False,False,False,True
MG746272.1,False,False,False,True
MG746273.1,False,False,False,True
MG746274.1,False,False,False,True
MG746275.1,False,False,False,True
MG746276.1,False,False,False,True
MG746277.1,False,False,False,True
MG746278.1,False,False,False,True
MG746279.1,False,False,False,True
MG746280.1,False,False,False,True
MG746281.1,False,False,False,True
MG746282.1,False,False,False,True
MG746283.1,False,False,False,True
MG746284.1,False,False,False,True
MG746285.1,False,False,False,True
MG746286.1,False,False,False,True
MG746287.1,False,False,False,True
MG746288.1,False,False,False,True
MG746289.1,False,False,False,True
MG746290.1,False,False,False,True
MG746291.1,False,False,False,True
MG746292.1,False,False,False,True
MG746293.1,False,False,False,True
MG746294.1,False,False,False,True
MG746295.1,False,False,False,True
MG746296.1,False,False,False,True
MG746297.1,False,False,False,True
MG746298.1,False,False,False,True
MG746299.1,False,False,False,True
MG746300.1,False,False,False,True
MG746301.1,False,False,False,True
MG746302.1,False,False,False,True
MG746303.1,False,False,False,True
MG746304.1,False,False,False,True
MG746305.1,False,False,False,True
MG746306.1,False,False,False,True
MG746307.1,False,False,False,True
MG746308.1,False,False,False,True
MG746309.1,False,False,False,True
MG746310.1,False,False,False,True
MG746311.1,False,False,False,True
MG746312.1,False,False,False,True
MG746313.1,False,False,False,True
MG746314.1,False,False,False,True
MG746315.1,False,False,False,True
MG746316.1,False,False,False,True
MG746317.1,False,False,False,True
MG746318.1,False,False,False,True
MG746319.1,False,False,False,True
MG746320.1,False,False,False,True
MG746321.1,False,False,False,True
MG746322.1,False,False,False,True
MG746323.1,False,False,False,True
MG746324.1,False,False,False,True
MG746325.1,False,False,False,True
MG746326.1,False,False,False,True
MG746327.1,False,False,False,True
MG746328.1,False,False,False,True
MG746329.1,False,False,False,True
MG746330.1,False,False,False,True
MG746331.1,False,False,False,True
MG746332.1,False,False,False,True
MG746333.1,False,False,False,True
MG746334.1,False,False,False,True
MG746335.1,False,False,False,True
MG746336.1,False,False,False,True
MG746337.1,False,False,False,True
MG746338.1,False,False,False,True
MG746339.1,False,False,False,True
MG746340.1,False,False,False,True
MG746341.1,False,False,False,True
MG746342.1,False,False,False,True
MG746343.1,False,False,False,True
MG746344.1,False,False,False,True
MG746345.1,False,False,False,True
MG746346.1,False,False,False,True
MG746347.1,False,False,False,True
MG746348.1,False,False,False,True
MG746349.1,False,False,False,True
MG746350.1,False,False,False,True
MG746351.1,False,False,False,True
MG746352.1,False,False,False,True
MG746353.1,False,False,False,True
MG746354.1,False,False,False,True
MG746355.1,False,False,False,True
MG746356.1,False,False,False,True
MG746357.1,False,False,False,True
MG746358.1,False,False,False,True
MG746359.1,False,False,False,True
MG746360.1,False,False,False,True
MG746361.1,False,False,False,True
MG746362.1,False,False,False,True
MG746363.1,False,False,False,True
MG746364.1,False,False,False,True
MG746365.1,False,False,False,True
MG746366.1,False,False,False,True
MG746367.1,False,False,False,True
MG746368.1,False,False,False,True
MG746369.1,False,False,False,True
MG746370.1,False,False,False,True
MG746371.1,False,False,False,True
MG746372.1,False,False,False,True
MG746373.1,False,False,False,True
MG746374.1,False,False,False,True
MG746375.1,False,False,False,True
MG746376.1,False,False,False,True
MG786781.1,True,False,False,False
MG786782.1,False,False,False,True
MG786783.1,False,False,False,True
MG786784.1,False,False,False,True
MG786785.1,False,False,False,True
MG786786.1,False,False,False,True
MG786787.1,False,False,False,True
MG786788.1,False,False,False,True
MG786789.1,False,False,False,True
MG786790.1,False,False,False,True
MG786791.1,False,False,False,True
MG871408.1,True,False,False,False
MG871409.1,True,False,False,False
MG871410.1,True,False,False,False
MG871411.1,True,False,False,False
MG871412.1,True,False,False,False
MG871413.1,True,False,False,False
MG892095.1,False,False,True,False
MG892979.1,False,False,False,True
MG966663.1,True,False,False,False
MG966664.1,True,False,False,False
MG966665.1,True,False,False,False
MG966666.1,True,False,False,False
MG966667.1,True,False,False,False
MG966668.1,True,False,False,False
MH013233.1,False,False,False,True
MH013238.1,False,False,False,True
MH013240.1,False,False,False,True
MH013243.1,False,False,False,True
MH013245.1,False,False,False,True
MH013246.1,False,False,False,True
MH013247.1,False,False,False,True
MH013248.1,False,False,False,True
MH013249.1,False,False,False,True
MH013250.1,False,False,False,True
MH013251.1,False,False,False,True
MH013252.1,False,False,False,True
MH013253.1,False,False,False,True
MH013254.1,False,False,False,True
MH013257.1,False,False,False,True
MH013259.1,False,False,False,True
MH013261.1,False,False,False,True
MH013262.1,False,False,False,True
MH013263.1,False,False,False,True
MH013264.1,False,False,False,True
MH013265.1,False,False,False,True
MH013266.1,False,False,False,True
MH013267.1,False,False,False,True
MH013268.1,False,False,False,True
MH013269.1,False,False,False,True
MH057762.1,True,False,False,False
MH106750.1,True,False,False,False
MH106751.1,True,False,False,False
MH106752.1,True,False,False,False
MH106753.1,True,False,False,False
MH106754.1,True,False,False,False
MH106755.1,True,False,False,False
MH106756.1,True,False,False,False
MH106757.1,True,False,False,False
MH106758.1,True,False,False,False
MH106759.1,True,False,False,False
MH106760.1,True,False,False,False
MH106761.1,True,False,False,False
MH106762.1,True,False,False,False
MH106763.1,True,False,False,False
MH106764.1,True,False,False,False
MH106765.1,True,False,False,False
MH106766.1,True,False,False,False
MH106767.1,True,False,False,False
MH106768.1,True,False,False,False
MH106769.1,True,False,False,False
MH106770.1,True,False,False,False
MH106771.1,True,False,False,False
MH106772.1,True,False,False,False
MH106773.1,True,False,False,False
MH106774.1,True,False,False,False
MH106775.1,True,False,False,False
MH106776.1,True,False,False,False
MH106777.1,True,False,False,False
MH106778.1,True,False,False,False
MH106779.1,True,False,False,False
MH106986.1,True,False,False,False
MH106987.1,True,False,False,False
MH106988.1,True,False,False,False
MH106989.1,True,False,False,False
MH106990.1,True,False,False,False
MH106991.1,True,False,False,False
MH106992.1,True,False,False,False
MH106993.1,True,False,False,False
MH106994.1,True,False,False,False
MH106995.1,True,False,False,False
MH106996.1,True,False,False,False
MH106997.1,True,False,False,False
MH106998.1,True,False,False,False
MH106999.1,True,False,False,False
MH107000.1,True,False,False,False
MH107001.1,True,False,False,False
MH107002.1,True,False,False,False
MH107003.1,True,False,False,False
MH107004.1,True,False,False,False
MH107005.1,True,False,False,False
MH107006.1,True,False,False,False
MH107007.1,True,False,False,False
MH107008.1,True,False,False,False
MH114014.1,True,False,False,False
MH188080.1,True,False,False,False
MH191283.1,True,False,False,False
MH191284.1,True,False,False,False
MH191285.1,True,False,False,False
MH191286.1,True,False,False,False
MH191287.1,True,False,False,False
MH191288.1,True,False,False,False
MH191289.1,True,False,False,False
MH191290.1,True,False,False,False
MH191291.1,True,False,False,False
MH191292.1,True,False,False,False
MH191293.1,True,False,False,False
MH191294.1,True,False,False,False
MH191295.1,True,False,False,False
MH191296.1,True,False,False,False
MH229930.1,False,False,False,True
MH229931.1,False,False,False,True
MH229932.1,False,False,False,True
MH229933.1,False,False,False,True
MH229934.1,False,False,False,True
MH229935.1,False,False,False,True
MH229936.1,False,False,False,True
MH229937.1,False,False,False,True
MH229938.1,False,False,False,True
MH229939.1,False,False,False,True
MH229940.1,False,False,False,True
MH229941.1,False,False,False,True
MH229942.1,False,False,False,True
MH260511.1,False,False,True,False
MH271651.1,True,False,False,False
MH271652.1,True,False,False,False
MH271653.1,True,False,False,False
MH271663.1,True,False,False,False
MH327963.1,True,False,False,False
MH375788.1,False,False,False,True
MH375789.1,False,False,False,True
MH375790.1,False,False,False,True
MH375792.1,False,False,False,True
MH375793.1,False,False,False,True
MH375794.1,False,False,False,True
MH375798.1,False,False,False,True
MH393582.1,True,False,False,False
MH393583.1,True,False,False,False
MH393584.1,True,False,False,False
MH393585.1,True,False,False,False
MH393586.1,True,False,False,False
MH393587.1,True,False,False,False
MH393670.1,True,False,False,False
MH393671.1,True,False,False,False
MH393672.1,True,False,False,False
MH393673.1,True,False,False,False
MH393674.1,True,False,False,False
MH393675.1,True,False,False,False
MH428916.1,True,False,False,False
MH443711.1,True,False,False,False
MH443712.1,False,False,False,True
MH443713.1,False,False,False,True
MH443714.1,False,False,False,True
MH443715.1,False,False,False,True
MH443716.1,False,False,False,True
MH443717.1,False,False,False,True
MH443718.1,False,False,False,True
MH443719.1,False,False,False,True
MH443720.1,False,False,False,True
MH443721.1,False,False,False,True
MH443722.1,False,False,False,True
MH443723.1,False,False,False,True
MH443724.1,False,False,False,True
MH443725.1,False,False,False,True
MH443726.1,False,False,False,True
MH443727.1,False,False,False,True
MH443728.1,False,False,False,True
MH443729.1,False,False,False,True
MH443730.1,False,False,False,True
MH443731.1,False,False,False,True
MH443732.1,False,False,False,True
MH443733.1,False,False,False,True
MH443734.1,False,False,False,True
MH443735.1,False,False,False,True
MH443736.1,False,False,False,True
MH443737.1,False,False,False,True
MH443738.1,False,False,False,True
MH443739.1,False,False,False,True
MH443740.1,False,False,False,True
MH443741.1,False,False,False,True
MH443742.1,False,False,False,True
MH469166.1,False,False,True,False
MH469167.1,False,False,True,False
MH469168.1,False,False,True,False
MH469169.1,False,False,True,False
MH469170.1,False,False,True,False
MH469172.1,True,False,True,False
MH469173.1,False,False,True,False
MH469186.1,False,False,True,False
MH469193.1,False,False,True,False
MH469197.1,False,False,True,False
MH469202.1,False,False,True,False
MH469204.1,False,False,True,False
MH469205.1,False,False,True,False
MH469206.1,False,False,True,False
MH517595.1,True,False,False,False
MH544655.1,True,False,False,False
MH544656.1,True,False,False,False
MH544657.1,True,False,False,False
MH544658.1,True,False,False,False
MH569690.1,True,False,False,False
MH569691.1,True,False,False,False
MH569692.1,True,False,False,False
MH569693.1,True,False,False,False
MH569694.1,True,False,False,False
MH569695.1,True,False,False,False
MH569696.1,True,False,False,False
MH569697.1,True,False,False,False
MH569698.1,True,False,False,True
MH569699.1,True,False,False,True
MH569700.1,False,False,False,True
MH569709.1,False,False,False,True
MH638228.1,True,False,False,False
MH638229.1,True,False,False,False
MH702262.1,True,False,False,False
MH714747.1,True,False,False,False
MH744731.1,True,False,False,False
MH744732.1,True,False,False,False
MH744733.1,True,False,False,False
MH744734.1,True,False,False,False
MH744735.1,True,False,False,False
MH828423.1,True,False,False,False
MH916772.1,True,False,False,False
MH916773.1,True,False,False,False
MH916774.1,True,False,False,False
MH916775.1,True,False,False,False
MH916776.1,True,False,False,False
MH916777.1,True,False,False,False
MH916778.1,True,False,False,False
MH916780.1,True,False,False,False
MH916781.1,True,False,False,False
MH916782.1,True,False,False,False
MH916783.1,True,False,False,False
MH916784.1,True,False,False,False
MH916785.1,True,False,False,False
MH916790.1,True,False,False,False
MH916795.1,True,False,False,False
MH916799.1,True,False,False,False
MK033774.1,False,False,False,True
MK033775.1,False,False,False,True
MK033776.1,False,False,False,True
MK033777.1,False,False,False,True
MK033778.1,False,False,False,True
MK073887.1,True,False,False,False
MK073888.1,True,False,False,False
MK073889.1,True,False,False,False
MK073890.1,True,False,False,False
MK073892.1,True,False,False,False
MK073893.1,True,False,False,False
MK073894.1,True,False,False,False
MK101139.1,False,False,False,True
MK101140.1,False,False,False,True
MK101144.1,False,False,False,True
MK101149.1,False,False,False,True
MK101150.1,False,False,False,True
MK101151.1,False,False,False,True
MK101152.1,False,False,False,True
MK101153.1,False,False,False,True
MK101154.1,False,False,False,True
MK101155.1,False,False,False,True
MK101156.1,False,False,False,True
MK101157.1,False,False,False,True
MK101158.1,False,False,False,True
MK101159.1,False,False,False,True
MK101160.1,False,False,False,True
MK101161.1,False,False,False,True
MK101162.1,False,False,False,True
MK101163.1,False,False,False,True
MK101164.1,False,False,False,True
MK101165.1,False,False,False,True
MK101166.1,False,False,False,True
MK101167.1,False,False,False,True
MK101168.1,False,False,False,True
MK101169.1,False,False,False,True
MK101171.1,False,False,False,True
MK101173.1,False,False,False,True
MK101175.1,False,False,False,True
MK101176.1,False,False,False,True
MK101179.1,False,False,False,True
MK101181.1,False,False,False,True
MK101182.1,True,False,False,False
MK101183.1,True,False,False,False
MK101184.1,True,False,False,False
MK101200.1,True,False,False,False
MK101201.1,True,False,False,False
MK101202.1,True,False,False,False
MK101203.1,True,False,False,False
MK121731.1,True,False,False,False
MK236608.1,True,False,False,True
MK236609.1,True,False,False,True
MK236610.1,True,False,False,True
MK236611.1,True,False,False,True
MK246664.1,True,False,False,False
MK280856.1,True,False,True,False
MK280857.1,True,False,True,False
MK280858.1,True,False,True,False
MK280859.1,True,False,True,False
MK280860.1,True,False,True,False
MK280861.1,True,False,True,False
MK280862.1,True,False,True,False
MK280863.1,True,False,True,False
MK280864.1,True,False,True,False
MK280865.1,True,False,True,False
MK280866.1,True,False,True,False
MK280867.1,True,False,True,False
MK280868.1,True,False,True,False
MK280869.1,True,False,True,False
MK280870.1,True,False,True,False
MK280871.1,True,False,True,False
MK280872.1,True,False,True,False
MK280873.1,True,False,True,False
MK280874.1,True,False,True,False
MK280875.1,True,False,True,False
MK280876.1,True,False,True,False
MK280877.1,True,False,True,False
MK280878.1,True,False,False,False
MK280879.1,True,False,False,False
MK280880.1,True,False,False,False
MK280881.1,True,False,False,False
MK280882.1,True,False,False,False
MK280883.1,True,False,False,False
MK280884.1,True,False,False,False
MK280885.1,True,False,False,False
MK280886.1,True,False,False,False
MK280887.1,True,False,False,False
MK280888.1,False,False,True,False
MK280889.1,False,False,True,False
MK280890.1,False,False,True,False
MK280891.1,False,False,True,False
MK280892.1,False,False,True,False
MK280893.1,False,False,True,False
MK280894.1,False,False,True,False
MK280895.1,False,False,True,False
MK280896.1,False,False,True,False
MK280897.1,False,False,True,False
MK280898.1,False,False,True,False
MK280899.1,False,False,True,False
MK280900.1,False,False,True,False
MK280901.1,False,False,True,False
MK280902.1,False,False,True,False
MK280903.1,False,False,True,False
MK280904.1,False,False,True,False
MK280905.1,False,False,True,False
MK280906.1,False,False,True,False
MK280907.1,False,False,True,False
MK280908.1,False,False,True,False
MK280909.1,False,False,True,False
MK280910.1,False,False,True,False
MK280911.1,False,False,True,False
MK280912.1,False,False,True,False
MK280913.1,False,False,True,False
MK280914.1,False,False,True,False
MK280915.1,False,False,True,False
MK280916.1,False,False,True,False
MK280917.1,False,False,True,False
MK280918.1,False,False,True,False
MK280919.1,False,False,True,False
MK280920.1,False,False,True,False
MK280921.1,False,False,True,False
MK280922.1,False,False,True,False
MK280923.1,False,False,True,False
MK280924.1,False,False,True,False
MK280925.1,False,False,True,False
MK280926.1,False,False,True,False
MK280927.1,False,False,True,False
MK280928.1,False,False,True,False
MK280929.1,False,False,True,False
MK280930.1,False,False,True,False
MK382381.1,True,False,False,False
MK386959.1,False,False,False,True
MK386960.1,False,False,False,True
MK386961.1,False,False,False,True
MK386962.1,False,False,False,True
MK386963.1,False,False,False,True
MK386964.1,False,False,False,True
MK386965.1,False,False,False,True
MK386966.1,False,False,False,True
MK386967.1,False,False,False,True
MK386968.1,False,False,False,True
MK386969.1,False,False,False,True
MK386970.1,False,False,False,True
MK386971.1,False,False,False,True
MK386972.1,False,False,False,True
MK386973.1,False,False,False,True
MK386974.1,False,False,False,True
MK386975.1,False,False,False,True
MK386976.1,False,False,False,True
MK386977.1,False,False,False,True
MK386978.1,False,False,False,True
MK386979.1,False,False,False,True
MK386980.1,False,False,False,True
MK386981.1,False,False,False,True
MK386982.1,False,False,False,True
MK386983.1,False,False,False,True
MK386984.1,False,False,False,True
MK386985.1,False,False,False,True
MK386986.1,False,False,False,True
MK386987.1,False,False,False,True
MK386988.1,False,False,False,True
MK386989.1,False,False,False,True
MK386990.1,False,False,False,True
MK386991.1,False,False,False,True
MK386992.1,False,False,False,True
MK386993.1,False,False,False,True
MK386994.1,False,False,False,True
MK386995.1,False,False,False,True
MK386996.1,False,False,False,True
MK386997.1,False,False,False,True
MK387036.1,True,False,False,False
MK387047.1,True,False,False,False
MK387049.1,True,False,False,False
MK387055.1,True,False,False,False
MK396765.1,True,False,False,False
MK408527.1,True,False,False,False
MK408528.1,True,False,False,False
MK511873.1,True,False,False,False
MK511874.1,True,False,False,False
MK587785.1,False,False,False,True
MK587786.1,False,False,False,True
MK587787.1,True,False,False,True
MK587788.1,True,False,False,True
MK587789.1,True,False,False,True
MK587790.1,True,False,False,True
MK587791.1,False,False,False,True
MK587792.1,False,False,False,True
MK587793.1,False,False,False,True
MK587794.1,False,False,False,True
MK587795.1,False,False,False,True
MK587797.1,False,False,False,True
MK587798.1,False,False,False,True
MK587799.1,False,False,False,True
MK587800.1,False,False,False,True
MK587801.1,False,False,False,True
MK587802.1,False,False,False,True
MK587803.1,False,False,False,True
MK587804.1,False,False,False,True
MK587805.1,False,False,False,True
MK587806.1,False,False,False,True
MK587807.1,False,False,False,True
MK587808.1,False,False,False,True
MK587809.1,False,False,False,True
MK587810.1,False,False,False,True
MK587811.1,False,False,False,True
MK587812.1,False,False,False,True
MK587813.1,False,False,False,True
MK587814.1,False,False,False,True
MK587815.1,False,False,False,True
MK587816.1,False,False,False,True
MK587817.1,False,False,False,True
MK587818.1,False,False,False,True
MK587819.1,False,False,False,True
MK587820.1,False,False,False,True
MK587821.1,False,False,False,True
MK587822.1,False,False,False,True
MK587823.1,False,False,False,True
MK587824.1,False,False,False,True
MK587825.1,False,False,False,True
MK587826.1,False,False,False,True
MK587827.1,False,False,False,True
MK587828.1,False,False,False,True
MK587829.1,False,False,False,True
MK587830.1,False,False,False,True
MK587831.1,False,False,False,True
MK587832.1,False,False,False,True
MK587833.1,False,False,False,True
MK587834.1,False,False,False,True
MK587835.1,False,False,False,True
MK587836.1,False,False,False,True
MK587837.1,True,False,False,True
MK587838.1,False,False,False,True
MK587839.1,False,False,False,True
MK587840.1,False,False,False,True
MK587841.1,False,False,False,True
MK587842.1,False,False,False,True
MK587843.1,True,False,False,True
MK587844.1,True,False,False,True
MK587845.1,True,False,False,True
MK587846.1,False,False,False,True
MK587847.1,False,False,False,True
MK587848.1,True,False,False,True
MK587849.1,False,False,False,True
MK587850.1,False,False,False,True
MK587851.1,False,False,False,True
MK587852.1,False,False,False,True
MK587853.1,False,False,False,True
MK587854.1,False,False,False,True
MK587855.1,False,False,False,True
MK587856.1,False,False,False,True
MK587857.1,False,False,False,True
MK587858.1,False,False,False,True
MK587859.1,False,False,False,True
MK587860.1,False,False,False,True
MK587861.1,False,False,False,True
MK587862.1,False,False,False,True
MK587863.1,False,False,False,True
MK587864.1,False,False,False,True
MK587865.1,False,False,False,True
MK587866.1,False,False,False,True
MK587867.1,False,False,False,True
MK587868.1,False,False,False,True
MK587869.1,False,False,False,True
MK587870.1,False,False,False,True
MK587871.1,False,False,False,True
MK587872.1,False,False,False,True
MK587873.1,False,False,False,True
MK587874.1,False,False,False,True
MK587875.1,False,False,False,True
MK587876.1,False,False,False,True
MK587877.1,False,False,False,True
MK587878.1,False,False,False,True
MK587879.1,False,False,False,True
MK587880.1,False,False,False,True
MK587881.1,False,False,False,True
MK587882.1,False,False,False,True
MK587883.1,False,False,False,True
MK587884.1,False,False,False,True
MK587885.1,False,False,False,True
MK587886.1,False,False,False,True
MK587887.1,False,False,False,True
MK587888.1,False,False,False,True
MK587889.1,False,False,False,True
MK587890.1,False,False,False,True
MK587891.1,False,False,False,True
MK587892.1,False,False,False,True
MK587893.1,False,False,False,True
MK587894.1,False,False,False,True
MK587895.1,True,False,False,True
MK589361.1,True,False,False,False
MK589362.1,True,False,False,False
MK589363.1,True,False,False,False
MK589364.1,True,False,False,False
MK589365.1,True,False,False,False
MK589366.1,True,False,False,False
MK589367.1,True,False,False,False
MK589368.1,True,False,False,False
MK589369.1,True,False,False,False
MK589370.1,True,False,False,False
MK589371.1,True,False,False,False
MK589372.1,True,False,False,False
MK589373.1,True,False,False,False
MK589374.1,True,False,False,False
MK589375.1,True,False,False,False
MK589376.1,True,False,False,False
MK589377.1,True,False,False,False
MK589378.1,True,False,False,False
MK589379.1,True,False,False,False
MK589380.1,True,False,False,False
MK589381.1,True,False,False,False
MK589382.1,True,False,False,False
MK589383.1,True,False,False,False
MK589384.1,True,False,False,False
MK589385.1,True,False,False,False
MK589386.1,True,False,False,False
MK589387.1,True,False,False,False
MK589388.1,True,False,False,False
MK589389.1,True,False,False,False
MK589390.1,True,False,False,False
MK589391.1,True,False,False,False
MK589392.1,True,False,False,False
MK589393.1,True,False,False,False
MK589394.1,True,False,False,False
MK589395.1,True,False,False,False
MK589396.1,True,False,False,False
MK589397.1,True,False,False,False
MK589398.1,True,False,False,False
MK589399.1,True,False,False,False
MK589400.1,True,False,False,False
MK589401.1,True,False,False,False
MK589402.1,True,False,False,False
MK590696.1,False,False,False,True
MK590697.1,False,False,False,True
MK590698.1,False,False,False,True
MK590699.1,False,False,False,True
MK590700.1,False,False,False,True
MK590701.1,False,False,False,True
MK590702.1,False,False,False,True
MK590703.1,False,False,False,True
MK590704.1,False,False,False,True
MK590705.1,False,False,False,True
MK590706.1,False,False,False,True
MK590707.1,False,False,False,True
MK590708.1,False,False,False,True
MK590709.1,False,False,False,True
MK590710.1,False,False,False,True
MK590711.1,False,False,False,True
MK590712.1,False,False,False,True
MK590713.1,False,False,False,True
MK590714.1,False,False,False,True
MK590715.1,False,False,False,True
MK590716.1,False,False,False,True
MK590717.1,False,False,False,True
MK590718.1,False,False,False,True
MK590719.1,False,False,False,True
MK590720.1,False,False,False,True
MK590721.1,False,False,False,True
MK590722.1,False,False,False,True
MK590723.1,False,False,False,True
MK590724.1,False,False,False,True
MK590725.1,False,False,False,True
MK590726.1,False,False,False,True
MK590727.1,False,False,False,True
MK590728.1,False,False,False,True
MK590729.1,False,False,False,True
MK590730.1,False,False,False,True
MK590731.1,False,False,False,True
MK590732.1,False,False,False,True
MK590733.1,False,False,False,True
MK590734.1,False,False,False,True
MK590735.1,False,False,False,True
MK590736.1,False,False,False,True
MK590737.1,False,False,False,True
MK590738.1,False,False,False,True
MK590739.1,False,False,False,True
MK590740.1,False,False,False,True
MK590741.1,False,False,False,True
MK590742.1,False,False,False,True
MK590743.1,False,False,False,True
MK590744.1,False,False,False,True
MK590745.1,False,False,False,True
MK590746.1,False,False,False,True
MK590747.1,False,False,False,True
MK590748.1,False,False,False,True
MK590749.1,False,False,False,True
MK590750.1,False,False,False,True
MK590751.1,False,False,False,True
MK590752.1,False,False,False,True
MK590753.1,False,False,False,True
MK590754.1,False,False,False,True
MK590755.1,False,False,False,True
MK590756.1,False,False,False,True
MK590757.1,False,False,False,True
MK590758.1,False,False,False,True
MK590759.1,False,False,False,True
MK590760.1,False,False,False,True
MK590761.1,False,False,False,True
MK590762.1,False,False,False,True
MK590763.1,False,False,False,True
MK590764.1,False,False,False,True
MK590765.1,False,False,False,True
MK590766.1,False,False,False,True
MK590767.1,False,False,False,True
MK590768.1,False,False,False,True
MK590769.1,False,False,False,True
MK590770.1,False,False,False,True
MK590771.1,False,False,False,True
MK590772.1,False,False,False,True
MK590773.1,False,False,False,True
MK590774.1,False,False,False,True
MK590775.1,False,False,False,True
MK590776.1,False,False,False,True
MK590777.1,False,False,False,True
MK590778.1,False,False,False,True
MK590779.1,False,False,False,True
MK590780.1,False,False,False,True
MK590781.1,False,False,False,True
MK590782.1,False,False,False,True
MK590783.1,False,False,False,True
MK590784.1,False,False,False,True
MK590785.1,False,False,False,True
MK590786.1,False,False,False,True
MK590787.1,False,False,False,True
MK590788.1,False,False,False,True
MK590789.1,False,False,False,True
MK590790.1,False,False,False,True
MK590791.1,False,False,False,True
MK590792.1,False,False,False,True
MK590793.1,False,False,False,True
MK590794.1,False,False,False,True
MK590795.1,False,False,False,True
MK590796.1,False,False,False,True
MK590797.1,False,False,False,True
MK590798.1,False,False,False,True
MK590799.1,False,False,False,True
MK590800.1,False,False,False,True
MK590801.1,False,False,False,True
MK590802.1,False,False,False,True
MK590803.1,False,False,False,True
MK590804.1,False,False,False,True
MK590805.1,False,False,False,True
MK590806.1,False,False,False,True
MK590807.1,False,False,False,True
MK590808.1,False,False,False,True
MK590809.1,False,False,False,True
MK590810.1,False,False,False,True
MK590811.1,False,False,False,True
MK590812.1,False,False,False,True
MK590813.1,False,False,False,True
MK590814.1,False,False,False,True
MK590815.1,False,False,False,True
MK590816.1,False,False,False,True
MK590817.1,False,False,False,True
MK590818.1,False,False,False,True
MK590819.1,False,False,False,True
MK590820.1,False,False,False,True
MK590821.1,False,False,False,True
MK590822.1,False,False,False,True
MK590823.1,False,False,False,True
MK590824.1,False,False,False,True
MK590825.1,False,False,False,True
MK590826.1,False,False,False,True
MK590827.1,False,False,False,True
MK590828.1,False,False,False,True
MK590829.1,False,False,False,True
MK590830.1,False,False,False,True
MK590831.1,False,False,False,True
MK590832.1,False,False,False,True
MK590833.1,False,False,False,True
MK590834.1,False,False,False,True
MK590835.1,False,False,False,True
MK590836.1,False,False,False,True
MK590837.1,False,False,False,True
MK590838.1,False,False,False,True
MK590839.1,False,False,False,True
MK590840.1,False,False,False,True
MK590841.1,False,False,False,True
MK590842.1,False,False,False,True
MK590843.1,False,False,False,True
MK590844.1,False,False,False,True
MK590845.1,False,False,False,True
MK590846.1,False,False,False,True
MK590847.1,False,False,False,True
MK590848.1,False,False,False,True
MK590849.1,False,False,False,True
MK590850.1,False,False,False,True
MK590851.1,False,False,False,True
MK590852.1,False,False,False,True
MK590853.1,False,False,False,True
MK590854.1,False,False,False,True
MK590855.1,False,False,False,True
MK590856.1,False,False,False,True
MK590857.1,False,False,False,True
MK590858.1,False,False,False,True
MK590859.1,False,False,False,True
MK590860.1,False,False,False,True
MK590861.1,False,False,False,True
MK590862.1,False,False,False,True
MK590863.1,False,False,False,True
MK590864.1,False,False,False,True
MK590865.1,False,False,False,True
MK590866.1,False,False,False,True
MK590867.1,False,False,False,True
MK590868.1,False,False,False,True
MK590869.1,False,False,False,True
MK590870.1,False,False,False,True
MK590871.1,False,False,False,True
MK590872.1,False,False,False,True
MK590873.1,False,False,False,True
MK590874.1,False,False,False,True
MK590875.1,False,False,False,True
MK590876.1,False,False,False,True
MK590877.1,False,False,False,True
MK590878.1,False,False,False,True
MK590879.1,False,False,False,True
MK590880.1,False,False,False,True
MK590881.1,False,False,False,True
MK590882.1,False,False,False,True
MK590883.1,False,False,False,True
MK590884.1,False,False,False,True
MK590885.1,False,False,False,True
MK590886.1,False,False,False,True
MK590887.1,False,False,False,True
MK590888.1,False,False,False,True
MK590889.1,False,False,False,True
MK590890.1,False,False,False,True
MK590891.1,False,False,False,True
MK590892.1,False,False,False,True
MK590893.1,False,False,False,True
MK590894.1,False,False,False,True
MK590895.1,False,False,False,True
MK590896.1,False,False,False,True
MK590897.1,False,False,False,True
MK590898.1,False,False,False,True
MK590899.1,False,False,False,True
MK590900.1,False,False,False,True
MK590901.1,False,False,False,True
MK590902.1,False,False,False,True
MK590903.1,False,False,False,True
MK590904.1,False,False,False,True
MK590905.1,False,False,False,True
MK590906.1,False,False,False,True
MK590907.1,False,False,False,True
MK590908.1,False,False,False,True
MK590909.1,False,False,False,True
MK590910.1,False,False,False,True
MK590911.1,False,False,False,True
MK590912.1,False,False,False,True
MK590913.1,False,False,False,True
MK590914.1,False,False,False,True
MK590915.1,False,False,False,True
MK590916.1,False,False,False,True
MK590917.1,False,False,False,True
MK590918.1,False,False,False,True
MK590919.1,False,False,False,True
MK590920.1,False,False,False,True
MK590921.1,False,False,False,True
MK590922.1,False,False,False,True
MK590923.1,False,False,False,True
MK590924.1,False,False,False,True
MK590925.1,False,False,False,True
MK590926.1,False,False,False,True
MK590927.1,False,False,False,True
MK590928.1,False,False,False,True
MK590929.1,False,False,False,True
MK590930.1,False,False,False,True
MK590931.1,False,False,False,True
MK590932.1,False,False,False,True
MK590933.1,False,False,False,True
MK590934.1,False,False,False,True
MK590935.1,False,False,False,True
MK590936.1,False,False,False,True
MK590937.1,False,False,False,True
MK590938.1,False,False,False,True
MK590939.1,False,False,False,True
MK590940.1,False,False,False,True
MK590941.1,False,False,False,True
MK590942.1,False,False,False,True
MK590943.1,False,False,False,True
MK590944.1,False,False,False,True
MK590945.1,False,False,False,True
MK590946.1,False,False,False,True
MK590947.1,False,False,False,True
MK590948.1,False,False,False,True
MK590949.1,False,False,False,True
MK590950.1,False,False,False,True
MK590951.1,False,False,False,True
MK590952.1,False,False,False,True
MK590953.1,False,False,False,True
MK590954.1,False,False,False,True
MK590955.1,False,False,False,True
MK590956.1,False,False,False,True
MK590957.1,False,False,False,True
MK590958.1,False,False,False,True
MK590959.1,False,False,False,True
MK590960.1,False,False,False,True
MK590961.1,False,False,False,True
MK590962.1,False,False,False,True
MK614138.1,False,False,False,True
MK616564.1,False,False,False,True
MK616565.1,False,False,False,True
MK616566.1,False,False,False,True
MK616567.1,False,False,False,True
MK616568.1,False,False,False,True
MK616569.1,False,False,False,True
MK616570.1,False,False,False,True
MK616571.1,False,False,False,True
MK616572.1,False,False,False,True
MK616573.1,False,False,False,True
MK616574.1,False,False,False,True
MK616575.1,False,False,False,True
MK616576.1,False,False,False,True
MK616577.1,False,False,False,True
MK616578.1,False,False,False,True
MK616579.1,False,False,False,True
MK616580.1,False,False,False,True
MK616581.1,False,False,False,True
MK681452.1,True,False,False,False
MK692738.1,True,False,False,False
MK692739.1,True,False,False,False
MK692740.1,True,False,False,False
MK692741.1,True,False,False,False
MK692742.1,True,False,False,False
MK692743.1,True,False,False,False
MK692744.1,True,False,False,False
MK692745.1,True,False,False,False
MK692746.1,True,False,False,False
MK692747.1,True,False,False,False
MK692748.1,True,False,False,False
MK692749.1,True,False,False,False
MK692750.1,True,False,False,False
MK692751.1,True,False,False,False
MK692752.1,True,False,False,False
MK692753.1,True,False,False,False
MK692754.1,True,False,False,False
MK729082.1,True,False,False,False
MK729083.1,True,False,False,False
MK729084.1,True,False,False,False
MK729085.1,True,False,False,False
MK762573.1,True,False,False,False
MK886706.1,False,False,False,True
MK886708.1,False,False,False,True
MN018263.1,True,False,False,False
MN018264.1,True,False,False,False
MN018265.1,True,False,False,False
MN018266.1,True,False,False,False
MN018267.1,True,False,False,False
MN018268.1,True,False,False,False
MN018269.1,True,False,False,False
MN018270.1,True,False,False,False
MN018271.1,True,False,False,False
MN018272.1,True,False,False,False
MN018273.1,True,False,False,False
MN018274.1,True,False,False,False
MN018275.1,True,False,False,False
MN018276.1,True,False,False,False
MN018277.1,True,False,False,False
MN018278.1,True,False,False,False
MN018279.1,True,False,False,False
MN018280.1,True,False,False,False
MN018281.1,True,False,False,False
MN018282.1,True,False,False,False
MN018283.1,True,False,False,False
MN018284.1,True,False,False,False
MN122705.1,True,False,False,False
MN156316.1,True,False,False,False
MN186383.1,True,False,False,False
MN186384.1,True,False,False,False
MN186385.1,True,False,False,False
MN186386.1,True,False,False,False
MN186387.1,True,False,False,False
MN186388.1,True,False,False,False
MN186389.1,True,False,False,False
MN186390.1,True,False,False,False
MN186391.1,True,False,False,False
MN204073.1,True,False,False,False
MN204074.1,True,False,False,False
MN204075.1,True,False,False,False
MN204076.1,True,False,False,False
MN204077.1,True,False,False,False
MN204078.1,True,False,False,False
MN204079.1,True,False,False,False
MN204080.1,True,False,False,False
MN204081.1,True,False,False,False
MN204082.1,True,False,False,False
MN204083.1,True,False,False,False
MN204084.1,True,False,False,False
MN204085.1,True,False,False,False
MN204086.1,True,False,False,False
MN204087.1,True,False,False,False
MN204088.1,True,False,False,False
MN204089.1,True,False,False,False
MN204090.1,True,False,False,False
MN204091.1,True,False,False,False
MN204092.1,True,False,False,False
MN204093.1,True,False,False,False
MN204094.1,True,False,False,False
MN204095.1,True,False,False,False
MN204096.1,True,False,False,False
MN204097.1,True,False,False,False
MN204098.1,True,False,False,False
MN204099.1,True,False,False,False
MN204100.1,True,False,False,False
MN204101.1,True,False,False,False
MN204102.1,True,False,False,False
MN204103.1,True,False,False,False
MN204104.1,True,False,False,False
MN204105.1,True,False,False,False
MN204106.1,True,False,False,False
MN204107.1,True,False,False,False
MN204108.1,True,False,False,False
MN204109.1,True,False,False,False
MN204110.1,True,False,False,False
MN204111.1,True,False,False,False
MN204112.1,True,False,False,False
MN204113.1,True,False,False,False
MN204114.1,True,False,False,False
MN204115.1,True,False,False,False
MN204116.1,True,False,False,False
MN204117.1,True,False,False,False
MN204118.1,True,False,False,False
MN204119.1,True,False,False,False
MN204120.1,True,False,False,False
MN204121.1,True,False,False,False
MN204122.1,True,False,False,False
MN204123.1,True,False,False,False
MN204124.1,True,False,False,False
MN204125.1,True,False,False,False
MN204126.1,True,False,False,False
MN204127.1,True,False,False,False
MN204128.1,True,False,False,False
MN204129.1,True,False,False,False
MN204130.1,True,False,False,False
MN204131.1,True,False,False,False
MN204132.1,True,False,False,False
MN204133.1,True,False,False,False
MN204134.1,True,False,False,False
MN204135.1,True,False,False,False
MN204136.1,True,False,False,False
MN204137.1,True,False,False,False
MN204138.1,True,False,False,False
MN204139.1,True,False,False,False
MN204140.1,True,False,False,False
MN204141.1,True,False,False,False
MN204142.1,True,False,False,False
MN204143.1,True,False,False,False
MN204144.1,True,False,False,False
MN204145.1,True,False,False,False
MN204146.1,True,False,False,False
MN204147.1,True,False,False,False
MN204148.1,True,False,False,False
MN204149.1,True,False,False,False
MN204150.1,True,False,False,False
MN204151.1,True,False,False,False
MN204152.1,True,False,False,False
MN204153.1,True,False,False,False
MN204154.1,True,False,False,False
MN204155.1,True,False,False,False
MN204156.1,True,False,False,False
MN204157.1,True,False,False,False
MN204158.1,True,False,False,False
MN204159.1,True,False,False,False
MN226991.1,True,False,False,False
MN263857.1,True,False,False,False
MN263858.1,True,False,False,False
MN263859.1,True,False,False,False
MN263860.1,True,False,False,False
MN263861.1,True,False,False,False
MN263862.1,True,False,False,False
MN263863.1,True,False,False,False
MN271385.1,True,False,False,False
MN271386.1,True,False,False,False
MN314945.1,False,False,False,True
MN314946.1,False,False,False,True
MN314947.1,False,False,False,True
MN314948.1,False,False,False,True
MN314949.1,False,False,False,True
MN314950.1,False,False,False,True
MN314951.1,False,False,False,True
MN314952.1,False,False,False,True
MN314953.1,False,False,False,True
MN314954.1,False,False,False,True
MN314955.1,False,False,False,True
MN314956.1,False,False,False,True
MN318341.1,True,False,False,False
MN416493.1,False,False,False,True
MN416494.1,False,False,False,True
MN416497.1,False,False,False,True
MN416498.1,False,False,False,True
MN428922.1,True,False,False,False
MN505792.1,False,False,False,True
MN505793.1,False,False,False,True
MN505794.1,False,False,False,True
MN505795.1,False,False,False,True
MN505796.1,False,False,False,True
MN505797.1,False,False,False,True
MN505798.1,False,False,False,True
MN505799.1,False,False,False,True
MN505800.1,False,False,False,True
MN508755.1,True,False,False,False
MN508756.1,True,False,False,False
MN602934.1,True,False,False,False
MN602935.1,True,False,False,False
MN602936.1,True,False,False,False
MN602937.1,True,False,False,False
MN744428.1,True,False,False,False
MN749669.1,True,False,False,False
MN749670.1,True,False,False,False
MN749671.1,True,False,False,False
MN749672.1,True,False,False,False
MN818795.1,True,False,False,True
MN818796.1,True,False,False,True
MN818797.1,True,False,False,True
MN818798.1,True,False,False,False
MN818799.1,True,False,False,False
MN915139.1,True,False,False,False
MN915140.1,True,False,False,False
MN915141.1,True,False,False,False
MN915142.1,True,False,False,False
MN915143.1,True,False,False,False
MN918436.1,False,False,False,True
MN918437.1,False,False,False,True
MN922648.1,True,False,False,False
MN922649.1,True,False,False,False
MN922650.1,True,False,False,False
MN922651.1,True,False,False,False
MN922652.1,True,False,False,False
MN922653.1,True,False,False,False
MN922654.1,True,False,False,False
MN922655.1,True,False,False,False
MN922656.1,True,False,False,False
MN922657.1,True,False,False,False
MN922658.1,True,False,False,False
MN922659.1,True,False,False,False
MN922660.1,True,False,False,False
MN922661.1,True,False,False,False
MN922662.1,True,False,False,False
MN922663.1,True,False,False,False
MN922664.1,True,False,False,False
MN922665.1,True,False,False,False
MN922666.1,True,False,False,False
MN922667.1,True,False,False,False
MN922668.1,True,False,False,False
MN922669.1,True,False,False,False
MN922670.1,True,False,False,False
MN922671.1,True,False,False,False
MN922672.1,True,False,False,False
MN922673.1,True,False,False,False
MN922674.1,True,False,False,False
MN922675.1,True,False,False,False
MN922676.1,True,False,False,False
MN922677.1,True,False,False,False
MN922678.1,True,False,False,False
MN922679.1,True,False,False,False
MN922680.1,True,False,False,False
MN922681.1,True,False,False,False
MN922682.1,True,False,False,False
MN922683.1,True,False,False,False
MN922684.1,True,False,False,False
MN922685.1,True,False,False,False
MN922686.1,True,False,False,False
MN922687.1,True,False,False,False
MN922688.1,True,False,False,False
MN922689.1,True,False,False,False
MN922690.1,True,False,False,False
MN922691.1,True,False,False,False
MN922692.1,True,False,False,False
MN922693.1,True,False,False,False
MN922694.1,True,False,False,False
MN922695.1,True,False,False,False
MN922696.1,True,False,False,False
MN922697.1,True,False,False,False
MN922698.1,True,False,False,False
MN922699.1,True,False,False,False
MN922700.1,True,False,False,False
MN922701.1,True,False,False,False
MN922702.1,True,False,False,False
MN922703.1,True,False,False,False
MN922704.1,True,False,False,False
MN922705.1,True,False,False,False
MN922706.1,True,False,False,False
MN922707.1,True,False,False,False
MN922708.1,True,False,False,False
MN922709.1,True,False,False,False
MN922710.1,True,False,False,False
MN922711.1,True,False,False,False
MN922712.1,True,False,False,False
MN922713.1,True,False,False,False
MN922714.1,True,False,False,False
MN922715.1,True,False,False,False
MN922716.1,True,False,False,False
MN922717.1,True,False,False,False
MN922718.1,True,False,False,False
MN922719.1,True,False,False,False
MN922720.1,True,False,False,False
MN922721.1,True,False,False,False
MN922722.1,True,False,False,False
MN922723.1,True,False,False,False
MN922724.1,True,False,False,False
MN922725.1,True,False,False,False
MN922726.1,True,False,False,False
MN922727.1,True,False,False,False
MN922728.1,True,False,False,False
MN922729.1,True,False,False,False
MN922730.1,True,False,False,False
MN922731.1,True,False,False,False
MN922732.1,True,False,False,False
MN922733.1,True,False,False,False
MN922734.1,True,False,False,False
MN922735.1,True,False,False,False
MN922736.1,True,False,False,False
MN922737.1,True,False,False,False
MN922738.1,True,False,False,False
MN922739.1,True,False,False,False
MN922740.1,True,False,False,False
MN922741.1,True,False,False,False
MN922742.1,True,False,False,False
MN923214.1,False,False,False,True
MN936128.1,False,False,False,True
MN936129.1,False,False,False,True
MN936131.1,False,False,False,True
MN936132.1,False,False,False,True
MN936133.1,False,False,False,True
MN936134.1,False,False,False,True
MN936136.1,False,False,False,True
MN936137.1,False,False,False,True
MN936138.1,False,False,False,True
MN936140.1,False,False,False,True
MN936141.1,False,False,False,True
MN936142.1,False,False,False,True
MN936143.1,False,False,False,True
MN936144.1,False,False,False,True
MN936146.1,False,False,False,True
MN936148.1,False,False,False,True
MN936149.1,False,False,False,True
MN936150.1,False,False,False,True
MN936151.1,False,False,False,True
MN936154.1,False,False,False,True
MN936155.1,False,False,False,True
MN936156.1,False,False,False,True
MN936157.1,False,False,False,True
MN936158.1,False,False,False,True
MN936159.1,False,False,False,True
MN936160.1,False,False,False,True
MN936161.1,False,False,False,True
MN936162.1,False,False,False,True
MN936163.1,False,False,False,True
MN936164.1,False,False,False,True
MN936166.1,False,False,False,True
MN936167.1,False,False,False,True
MN936168.1,False,False,False,True
MN936169.1,False,False,False,True
MN936170.1,False,False,False,True
MN936171.1,False,False,False,True
MN936172.1,False,False,False,True
MN936173.1,False,False,False,True
MN936174.1,False,False,False,True
MN938460.1,True,False,False,False
MN938461.1,True,False,False,False
MT008453.1,True,False,False,False
MT008454.1,True,False,False,False
MT008455.1,True,False,False,False
MT008456.1,True,False,False,False
MT008457.1,True,False,False,False
MT008458.1,True,False,False,False
MT008459.1,True,False,False,False
MT008460.1,True,False,False,False
MT010298.1,True,False,False,False
MT010299.1,True,False,False,False
MT089578.1,True,False,False,False
MT089580.1,True,False,False,False
MT129795.1,True,False,False,False
MT129796.1,True,False,False,False
MT135195.1,True,False,False,False
MT232232.1,True,False,False,False
MT254996.1,True,False,False,False
MT322850.1,True,False,False,False
MT322851.1,True,False,False,False
MT322852.1,True,False,False,False
MT322853.1,True,False,False,False
MT322854.1,True,False,False,False
MT322855.1,True,False,False,False
MT322856.1,True,False,False,False
MT357897.1,True,False,False,False
MT357898.1,True,False,False,False
MT357899.1,True,False,False,False
MT357994.1,True,False,False,False
MT367758.1,True,False,False,False
MT367759.1,True,False,False,False
MT367760.1,True,False,False,False
MT367761.1,True,False,False,False
MT367762.1,True,False,False,False
MT367763.1,True,False,False,False
MT372475.1,True,False,False,False
MT451991.1,True,False,False,False
MT474037.1,False,False,False,True
MT474045.1,False,False,True,False
MT474046.1,False,False,True,False
MT491997.1,True,False,False,False
MT491998.1,True,False,False,False
MT491999.1,True,False,False,False
MT492000.1,True,False,False,False
MT492001.1,True,False,False,False
MT492002.1,True,False,False,False
MT492003.1,True,False,False,False
MT492061.1,True,False,False,False
MT492062.1,True,False,False,False
MT492063.1,True,False,False,False
MT492064.1,True,False,False,False
MT492065.1,True,False,False,False
MT492066.1,True,False,False,False
MT492067.1,True,False,False,False
MT492068.1,True,False,False,False
MT492069.1,True,False,False,False
MT495616.1,True,False,False,False
MT495617.1,True,False,False,False
MT495618.1,True,False,False,False
MT495619.1,True,False,False,False
MT495620.1,True,False,False,False
MT495621.1,True,False,False,False
MT495622.1,True,False,False,False
MT495623.1,True,False,False,False
MT495624.1,True,False,False,False
MT495625.1,True,False,False,False
MT495626.1,True,False,False,False
MT495627.1,True,False,False,False
MT495628.1,True,False,False,False
MT495629.1,True,False,False,False
MT495630.1,True,False,False,False
MT526276.1,True,False,False,False
MT526277.1,True,False,False,False
MT584847.1,True,False,False,True
MT584848.1,True,False,False,True
MT584849.1,True,False,False,True
MT584850.1,True,False,False,True
MT626025.1,True,False,False,False
MT703831.1,True,False,False,False
MT745876.1,True,False,False,False
MT745916.1,False,False,False,True
MT745917.1,False,False,False,True
MT745918.1,False,False,False,True
MT745919.1,False,False,False,True
MT745920.1,False,False,False,True
MT745921.1,False,False,False,True
MT745922.1,False,False,False,True
MT745923.1,False,False,False,True
MT745924.1,False,False,False,True
MT745925.1,False,False,False,True
MT745926.1,False,False,False,True
MT745927.1,False,False,False,True
MT745929.1,False,False,False,True
MT745930.1,False,False,False,True
MT745931.1,False,False,False,True
MT745932.1,False,False,False,True
MT745933.1,False,False,False,True
MT745934.1,False,False,False,True
MT745937.1,False,False,False,True
MT745938.1,False,False,False,True
MT745939.1,False,False,False,True
MT745940.1,False,False,False,True
MT745941.1,False,False,False,True
MT745942.1,False,False,False,True
MT745943.1,False,False,False,True
MT745945.1,False,False,False,True
MT745946.1,False,False,False,True
MT745947.1,False,False,False,True
MT745948.1,False,False,False,True
MT745949.1,False,False,False,True
MT745950.1,False,False,False,True
MT750326.1,True,False,False,False
MT753150.1,True,False,False,False
MT754179.1,True,False,False,False
MT756470.1,True,False,False,False
MT756561.1,True,False,False,False
MT756627.1,True,False,False,False
MT756629.1,True,False,False,False
MT756631.1,True,False,False,False
MT860989.1,True,False,False,False
MT862216.1,True,False,False,False
MT874469.1,True,False,False,False
MT908120.1,True,False,False,False
MT908121.1,True,False,False,False
MT908122.1,True,False,False,False
MT928711.1,True,False,False,False
MT928712.1,True,False,False,False
MW243609.1,True,False,False,False
MW255366.1,True,False,False,False
MW255382.1,True,False,False,False
MW261787.1,True,False,False,False
MW261788.1,True,False,False,False
MW261789.1,True,False,False,False
MW261790.1,True,False,False,False
MW261791.1,True,False,False,False
MW261792.1,True,False,False,False
MW261793.1,True,False,False,False
MW261794.1,True,False,False,False
MW261795.1,True,False,False,False
MW261796.1,True,False,False,False
MW261797.1,True,False,False,False
MW261798.1,True,False,False,False
MW261799.1,True,False,False,False
MW261800.1,True,False,False,False
MW284779.1,False,False,True,False
MW305481.1,True,False,False,False
MW305482.1,True,False,False,False
MW305483.1,True,False,False,False
MW305484.1,True,False,False,False
MW305485.1,True,False,False,False
MW305486.1,True,False,False,False
MW305487.1,True,False,False,False
MW305488.1,True,False,False,False
MW305489.1,True,False,False,False
MW305490.1,True,False,False,False
MW305491.1,True,False,False,False
MW305492.1,True,False,False,False
MW305493.1,True,False,False,False
MW305494.1,True,False,False,False
MW305495.1,True,False,False,False
MW305496.1,True,False,False,False
MW305497.1,True,False,False,False
MW305498.1,True,False,False,False
MW305499.1,True,False,False,False
MW305500.1,True,False,False,False
MW305501.1,True,False,False,False
MW305502.1,True,False,False,False
MW305503.1,True,False,False,False
MW305504.1,True,False,False,False
MW305505.1,True,False,False,False
MW305506.1,True,False,False,False
MW305507.1,True,False,False,False
MW305508.1,True,False,False,False
MW305509.1,True,False,False,False
MW305510.1,True,False,False,False
MW325973.1,True,False,False,False
MW325974.1,True,False,False,False
MW325975.1,True,False,False,False
MW325976.1,True,False,False,False
MW326131.1,True,False,False,False
MW326132.1,True,False,False,False
MW326133.1,True,False,False,False
MW326134.1,True,False,False,False
MW356807.1,True,False,False,False
MW356808.1,True,False,False,False
MW356809.1,True,False,False,False
MW356810.1,True,False,False,False
MW356811.1,True,False,False,False
MW362456.1,True,False,False,False
MW362457.1,True,False,False,False
MW362458.1,True,False,False,False
MW362459.1,True,False,False,False
MW362460.1,True,False,False,False
MW362461.1,True,False,False,False
MW368598.1,True,False,False,False
MW368599.1,True,False,False,False
MW368600.1,True,False,False,False
MW368601.1,True,False,False,False
MW368602.1,True,False,False,False
MW368603.1,True,False,False,False
MW368604.1,True,False,False,False
MW368605.1,True,False,False,False
MW385950.1,True,False,False,False
MW385951.1,True,False,False,False
MW385952.1,True,False,False,False
MW385953.1,True,False,False,False
MW386172.1,True,False,False,False
MW389666.1,False,False,False,True
MW389667.1,False,False,False,True
MW389668.1,False,False,False,True
MW389669.1,False,False,False,True
MW389670.1,False,False,False,True
MW389671.1,False,False,False,True
MW389672.1,False,False,False,True
MW389673.1,False,False,False,True
MW389674.1,False,False,False,True
MW389675.1,False,False,False,True
MW389676.1,False,False,False,True
MW389677.1,False,False,False,True
MW389678.1,False,False,False,True
MW389679.1,False,False,False,True
MW389680.1,False,False,False,True
MW389681.1,False,False,False,True
MW389682.1,False,False,False,True
MW389683.1,False,False,False,True
MW389684.1,False,False,False,True
MW392525.1,False,False,False,True
MW397135.1,True,False,False,False
MW397136.1,True,False,False,False
MW444889.1,True,False,False,False
MW445537.1,True,False,False,False
MW486616.1,True,False,False,False
MW492586.1,True,False,False,False
MW492587.1,True,False,False,False
MW492588.1,True,False,False,False
MW506839.1,True,False,False,False
MW506840.1,True,False,False,False
MW506841.1,True,False,False,False
MW506842.1,True,False,False,False
MW513403.1,False,False,False,True
MW513406.1,False,False,False,True
MW513413.1,False,False,False,True
MW513418.1,False,False,False,True
MW513431.1,True,False,False,False
MW513432.1,True,False,False,False
MW513433.1,True,False,False,False
MW513434.1,True,False,False,False
MW513435.1,True,False,False,False
MW513436.1,True,False,False,False
MW513437.1,True,False,False,False
MW558948.1,True,False,False,False
MW578731.1,True,False,False,False
MW578732.1,True,False,False,False
MW578733.1,True,False,False,False
MW578734.1,True,False,False,False
MW578735.1,True,False,False,False
MW578736.1,True,False,False,False
MW578737.1,True,False,False,False
MW578738.1,True,False,False,False
MW578739.1,True,False,False,False
MW578740.1,True,False,False,False
MW578741.1,True,False,False,False
MW578742.1,True,False,False,False
MW578743.1,True,False,False,False
MW578744.1,True,False,False,False
MW578745.1,True,False,False,False
MW578746.1,True,False,False,False
MW578747.1,True,False,False,False
MW578748.1,True,False,False,False
MW578749.1,True,False,False,False
MW578750.1,True,False,False,False
MW578751.1,True,False,False,False
MW578752.1,True,False,False,False
MW578753.1,True,False,False,False
MW578754.1,True,False,False,False
MW578755.1,True,False,False,False
MW578756.1,True,False,False,False
MW578757.1,True,False,False,False
MW578758.1,True,False,False,False
MW578759.1,True,False,False,False
MW578760.1,True,False,False,False
MW578761.1,True,False,False,False
MW578762.1,True,False,False,False
MW578763.1,True,False,False,False
MW578764.1,True,False,False,False
MW578765.1,True,False,False,False
MW590338.1,True,False,False,False
MW590347.1,True,False,False,False
MW590348.1,True,False,False,False
MW600279.1,True,False,False,False
MW600284.1,True,False,False,False
MW600286.1,True,False,False,False
MW603202.1,True,False,False,True
MW603487.1,True,False,False,False
MW603777.1,True,False,False,False
MW603817.1,True,False,False,False
MW603818.1,True,False,False,False
MW642196.1,True,False,False,False
MW642197.1,True,False,False,False
MW644751.1,True,False,False,False
MW644785.1,True,False,False,False
MW644786.1,True,False,False,False
MW644787.1,True,False,False,False
MW644788.1,True,False,False,False
MW644789.1,True,False,False,False
MW644790.1,True,False,False,False
MW644791.1,True,False,False,False
MW644792.1,True,False,False,False
MW644793.1,True,False,False,False
MW644794.1,True,False,False,False
MW644795.1,True,False,False,False
MW644796.1,True,False,False,False
MW644797.1,True,False,False,False
MW644798.1,True,False,False,False
MW644799.1,True,False,False,False
MW644800.1,True,False,False,False
MW647649.1,True,False,False,False
MW647666.1,True,False,False,False
MW647667.1,True,False,False,False
MW647668.1,True,False,False,False
MW647669.1,True,False,False,False
MW647670.1,True,False,False,False
MW647671.1,True,False,False,False
MW647672.1,True,False,False,False
MW647673.1,True,False,False,False
MW647674.1,True,False,False,False
MW647675.1,True,False,False,False
MW647676.1,True,False,False,False
MW647677.1,True,False,False,False
MW647678.1,True,False,False,False
MW647679.1,True,False,False,False
MW647680.1,True,False,False,False
MW647681.1,True,False,False,False
MW647682.1,True,False,False,False
MW647683.1,True,False,False,False
MW649127.1,True,False,False,False
MW649128.1,True,False,False,False
MW649129.1,True,False,False,False
MW649130.1,True,False,False,False
MW658670.1,True,False,False,False
MW658671.1,True,False,False,False
MW658672.1,True,False,False,False
MW658673.1,True,False,False,False
MW658674.1,True,False,False,False
MW658675.1,True,False,False,False
MW658676.1,True,False,False,False
MW658677.1,True,False,False,False
MW658678.1,True,False,False,False
MW658679.1,True,False,False,False
MW658680.1,True,False,False,False
MW658681.1,True,False,False,False
MW658682.1,True,False,False,False
MW658683.1,True,False,False,False
MW658684.1,True,False,False,False
MW658685.1,True,False,False,False
MW658686.1,True,False,False,False
MW658687.1,True,False,False,False
MW658688.1,True,False,False,False
MW658689.1,True,False,False,False
MW658690.1,True,False,False,False
MW658691.1,True,False,False,False
MW659097.1,True,False,False,False
MW672521.1,True,False,False,False
MW672522.1,True,False,False,False
MW680972.1,True,False,False,False
MW680973.1,True,False,False,False
MW680974.1,True,False,False,False
MW680975.1,True,False,False,False
MW680976.1,True,False,False,False
MW680977.1,True,False,False,False
MW680978.1,True,False,False,False
MW680979.1,True,False,False,False
MW680980.1,True,False,False,False
MW680981.1,True,False,False,False
MW680982.1,True,False,False,False
MW680983.1,True,False,False,False
MW680984.1,True,False,False,False
MW680985.1,True,False,False,False
MW680986.1,True,False,False,False
MW680987.1,True,False,False,False
MW680988.1,True,False,False,False
MW680989.1,True,False,False,False
MW680990.1,True,False,False,False
MW680991.1,True,False,False,False
MW680992.1,True,False,False,False
MW680993.1,True,False,False,False
MW680994.1,True,False,False,False
MW680995.1,True,False,False,False
MW680996.1,True,False,False,False
MW680997.1,True,False,False,False
MW680998.1,True,False,False,False
MW680999.1,True,False,False,False
MW681000.1,True,False,False,False
MW681001.1,True,False,False,False
MW686549.1,False,False,False,True
MW686550.1,False,False,False,True
MW686551.1,False,False,False,True
MW686552.1,False,False,False,True
MW686553.1,False,False,False,True
MW686554.1,False,False,False,True
MW686555.1,False,False,False,True
MW686556.1,False,False,False,True
MW686557.1,False,False,False,True
MW686558.1,False,False,False,True
MW686559.1,False,False,False,True
MW686560.1,False,False,False,True
MW686561.1,False,False,False,True
MW686562.1,False,False,False,True
MW686563.1,False,False,False,True
MW686564.1,False,False,False,True
MW686565.1,False,False,False,True
MW686566.1,False,False,False,True
MW686567.1,False,False,False,True
MW686568.1,False,False,False,True
MW686569.1,False,False,False,True
MW686570.1,False,False,False,True
MW686571.1,False,False,False,True
MW686572.1,False,False,False,True
MW686573.1,False,False,False,True
MW686574.1,False,False,False,True
MW686575.1,False,False,False,True
MW686576.1,False,False,False,True
MW686577.1,False,False,False,True
MW686578.1,False,False,False,True
MW686579.1,False,False,False,True
MW686580.1,False,False,False,True
MW686581.1,False,False,False,True
MW686582.1,False,False,False,True
MW686583.1,False,False,False,True
MW686584.1,False,False,False,True
MW686585.1,False,False,False,True
MW686586.1,False,False,False,True
MW686587.1,False,False,False,True
MW686588.1,False,False,False,True
MW686589.1,False,False,False,True
MW686590.1,False,False,False,True
MW686591.1,False,False,False,True
MW686592.1,False,False,False,True
MW686593.1,False,False,False,True
MW686594.1,False,False,False,True
MW686595.1,False,False,False,True
MW686596.1,False,False,False,True
MW686597.1,False,False,False,True
MW686598.1,False,False,False,True
MW686599.1,False,False,False,True
MW686600.1,False,False,False,True
MW686601.1,False,False,False,True
MW686602.1,False,False,False,True
MW686603.1,False,False,False,True
MW686604.1,False,False,False,True
MW686605.1,False,False,False,True
MW686606.1,False,False,False,True
MW686607.1,False,False,False,True
MW686608.1,False,False,False,True
MW686609.1,False,False,False,True
MW686610.1,False,False,False,True
MW686611.1,False,False,False,True
MW686612.1,False,False,False,True
MW686613.1,False,False,False,True
MW686614.1,False,False,False,True
MW686615.1,False,False,False,True
MW686747.1,True,False,False,False
MW686748.1,True,False,False,False
MW686940.1,True,False,False,False
MW686941.1,True,False,False,False
MW686942.1,True,False,False,False
MW686943.1,True,False,False,False
MW686944.1,True,False,False,False
MW686945.1,True,False,False,False
MW714855.1,True,False,False,False
MW714856.1,True,False,False,False
MW714857.1,True,False,False,False
MW714858.1,True,False,False,False
MW714859.1,True,False,False,False
MW714860.1,True,False,False,False
MW714861.1,True,False,False,False
MW714998.1,False,False,False,True
MW715004.1,False,False,False,True
MW721175.1,True,False,False,False
MW721176.1,True,False,False,False
MW721177.1,True,False,False,False
MW800353.1,True,False,False,False
MW800354.1,True,False,False,False
MW800355.1,True,False,False,False
MW800356.1,True,False,False,False
MW800357.1,True,False,False,False
MW800358.1,True,False,False,False
MW800359.1,True,False,False,False
MW800360.1,True,False,False,False
MW800617.1,True,False,False,False
MW821475.1,True,False,False,False
MW821476.1,True,False,False,False
MW821480.1,False,False,False,True
MW893642.1,True,False,False,False
MW893643.1,True,False,False,False
MZ025918.1,True,False,False,False
MZ025919.1,True,False,False,False
MZ025920.1,True,False,False,False
MZ025921.1,True,False,False,False
MZ025922.1,True,False,False,False
MZ025923.1,True,False,False,False
MZ025924.1,True,False,False,False
MZ025925.1,True,False,False,False
MZ048840.1,True,False,False,False
MZ048841.1,True,False,False,False
MZ048842.1,True,False,False,False
MZ048843.1,True,False,False,False
MZ048844.1,True,False,False,False
MZ048845.1,True,False,False,False
MZ048846.1,True,False,False,False
MZ048847.1,True,False,False,False
MZ063688.1,True,False,False,False
MZ063689.1,True,False,False,False
MZ068113.1,True,False,False,False
MZ068114.1,True,False,False,False
MZ068115.1,True,False,False,False
MZ068116.1,True,False,False,False
MZ203488.1,True,False,False,False
MZ215727.2,True,False,False,False
MZ215728.1,True,False,False,False
MZ220330.1,True,False,False,False
MZ220453.1,True,False,False,False
MZ220454.1,True,False,False,False
MZ223425.1,True,False,False,False
MZ229330.1,True,False,False,False
MZ229462.1,True,False,False,False
MZ268167.1,True,False,False,False
MZ268168.1,True,False,False,False
MZ284864.1,True,False,False,False
MZ284950.1,True,False,False,False
MZ284951.1,True,False,False,False
MZ291635.1,True,False,False,False
MZ291636.1,True,False,False,False
MZ291637.1,True,False,False,False
MZ291638.1,True,False,False,False
MZ291639.1,True,False,False,False
MZ291640.1,True,False,False,False
MZ291641.1,True,False,False,False
MZ291642.1,True,False,False,False
MZ298338.1,True,False,False,False
MZ298339.1,True,False,False,False
MZ298340.1,True,False,False,False
MZ298341.1,True,False,False,False
MZ298342.1,True,False,False,False
MZ298343.1,True,False,False,False
MZ298344.1,True,False,False,False
MZ298345.1,True,False,False,False
MZ298346.1,True,False,False,False
MZ298347.1,True,False,False,False
MZ298348.1,True,False,False,False
MZ298349.1,True,False,False,False
MZ298350.1,True,False,False,False
MZ298351.1,True,False,False,False
MZ298352.1,True,False,False,False
MZ298353.1,True,False,False,False
MZ298354.1,True,False,False,False
MZ298355.1,True,False,False,False
MZ298356.1,True,False,False,False
MZ298357.1,True,False,False,False
MZ298358.1,True,False,False,False
MZ298359.1,True,False,False,False
MZ373204.1,True,False,False,False
MZ373205.1,True,False,False,False
MZ373206.1,True,False,False,False
MZ373207.1,True,False,False,False
MZ373208.1,True,False,False,False
MZ373209.1,True,False,False,False
MZ373210.1,True,False,False,False
MZ462929.1,True,False,False,False
MZ462930.1,True,False,False,False
MZ462931.1,True,False,False,False
MZ462932.1,True,False,False,False
MZ462933.1,True,False,False,False
MZ470605.1,True,False,False,False
MZ470606.1,True,False,False,False
MZ470607.1,True,False,False,False
MZ470608.1,True,False,False,False
MZ470609.1,True,False,False,False
MZ470610.1,True,False,False,False
MZ470611.1,True,False,False,False
MZ702937.1,True,False,False,False
MZ702938.1,True,False,False,False
MZ702939.1,True,False,False,False
MZ702940.1,True,False,False,False
MZ702941.1,True,False,False,False
MZ702942.1,True,False,False,False
MZ702943.1,True,False,False,False
MZ702944.1,True,False,False,False
MZ702945.1,True,False,False,False
MZ702946.1,True,False,False,False
MZ702947.1,True,False,False,False
MZ702948.1,True,False,False,False
MZ702949.1,True,False,False,False
MZ702950.1,True,False,False,False
MZ702951.1,True,False,False,False
MZ702952.1,True,False,False,False
MZ702953.1,True,False,False,False
MZ702954.1,True,False,False,False
MZ702955.1,True,False,False,False
MZ702956.1,True,False,False,False
MZ702957.1,True,False,False,False
MZ702958.1,True,False,False,False
MZ702959.1,True,False,False,False
MZ702960.1,True,False,False,False
MZ702961.1,True,False,False,False
MZ702962.1,True,False,False,False
MZ702963.1,True,False,False,False
MZ702964.1,True,False,False,False
MZ702965.1,True,False,False,False
MZ702966.1,True,False,False,False
MZ702967.1,True,False,False,False
MZ702968.1,True,False,False,False
MZ702969.1,True,False,False,False
MZ702970.1,True,False,False,False
MZ702971.1,True,False,False,False
MZ702972.1,True,False,False,False
MZ702973.1,True,False,False,False
MZ702974.1,True,False,False,False
MZ702975.1,True,False,False,False
MZ735697.1,True,False,False,False
OK103839.1,True,False,False,False
OK103840.1,True,False,False,False
OK147872.1,True,False,False,False
OK147873.1,True,False,False,False
OK147874.1,True,False,False,False
OK147875.1,True,False,False,False
OK147876.1,True,False,False,False
OK147877.1,True,False,False,False
OK147878.1,True,False,False,False
OK147879.1,True,False,False,False
OK147880.1,True,False,False,False
OK147881.1,True,False,False,False
OK147882.1,True,False,False,False
OK147883.1,True,False,False,False
OK147884.1,True,False,False,False
OK147885.1,True,False,False,False
OK147886.1,True,False,False,False
OK147887.1,True,False,False,False
OK147888.1,True,False,False,False
OK147889.1,True,False,False,False
OK217097.1,True,False,False,False
OK217098.1,True,False,False,False
OK217099.1,True,False,False,False
OK247589.1,True,False,False,False
OK247590.1,True,False,False,False
OK326849.1,True,False,False,False
OK326850.1,True,False,False,False
OK326851.1,True,False,False,False
OK326852.1,True,False,False,False
OK326853.1,True,False,False,False
OK493612.1,True,False,False,False
OK493613.1,True,False,False,False
OK493614.1,True,False,False,False
OK562729.1,True,False,False,False
OL336330.1,False,False,False,True
OL336331.1,False,False,False,True
OL336332.1,False,False,False,True
OL336333.1,False,False,False,True
OL336334.1,False,False,False,True
OL336335.1,False,False,False,True
OL336336.1,False,False,False,True
OL336337.1,False,False,False,True
OL336338.1,False,False,False,True
OL336339.1,False,False,False,True
OL336340.1,False,False,False,True
OL336341.1,False,False,False,True
OL336368.1,False,False,False,True
OL336369.1,False,False,False,True
OL336370.1,False,False,False,True
OL336371.1,False,False,False,True
OL336372.1,False,False,False,True
OL336373.1,False,False,False,True
OL336374.1,False,False,False,True
OL336375.1,False,False,False,True
OL336376.1,False,False,False,True
OL336377.1,False,False,False,True
OL336378.1,False,False,False,True
OL336379.1,False,False,False,True
OL336380.1,False,False,False,True
OL336381.1,False,False,False,True
OL345567.1,True,False,False,False
OL685293.1,True,False,False,False
OL685294.1,True,False,False,False
OL685295.1,True,False,False,False
OL685296.1,True,False,False,False
OL685297.1,True,False,False,False
OL685298.1,True,False,False,False
OL685299.1,True,False,False,False
OL685300.1,True,False,False,False
OL685301.1,True,False,False,False
OL685302.1,True,False,False,False
OL685303.1,True,False,False,False
OL685304.1,True,False,False,False
OM182806.1,True,False,False,False
OM182807.1,True,False,False,False
OM182808.1,True,False,False,False
OM182809.1,True,False,False,False
OM182810.1,True,False,False,False
OM182811.1,True,False,False,False
OM182812.1,True,False,False,False
OM182813.1,True,False,False,False
OM182814.1,True,False,False,False
OM182815.1,True,False,False,False
OM182816.1,True,False,False,False
OM182817.1,True,False,False,False
OM182818.1,True,False,False,False
OM182819.1,True,False,False,False
OM182820.1,True,False,False,False
OM182821.1,True,False,False,False
OM182822.1,True,False,False,False
OM182823.1,True,False,False,False
OM182824.1,True,False,False,False
OM182825.1,True,False,False,False
OM182826.1,True,False,False,False
OM182827.1,True,False,False,False
OM182828.1,True,False,False,False
OM281062.1,True,False,False,False
OM281063.1,True,False,False,False
OM281064.1,True,False,False,False
OM372601.1,True,False,False,False
OM372602.1,True,False,False,False
OM372603.1,True,False,False,False
OM372604.1,True,False,False,False
OM372605.1,True,False,False,False
OM372606.1,True,False,False,False
OM372607.1,True,False,False,False
OM372608.1,True,False,False,False
OM372609.1,True,False,False,False
OM372610.1,True,False,False,False
OM372611.1,True,False,False,False
OM372612.1,True,False,False,False
OM372613.1,True,False,False,False
OM372614.1,True,False,False,False
OM372615.1,True,False,False,False
OM892923.1,True,False,False,False
OM899811.1,True,False,False,False
OM899812.1,True,False,False,False
OM899813.1,True,False,False,False
ON033826.1,True,False,False,False
ON042349.1,True,False,False,False
ON042350.1,True,False,False,False
ON042351.1,True,False,False,False
ON042352.1,True,False,False,False
ON042354.1,True,False,False,False
ON042355.1,True,False,False,False
ON042356.1,True,False,False,False
ON042357.1,True,False,False,False
ON116960.1,False,False,False,True
ON116961.1,False,False,False,True
ON116962.1,False,False,False,True
ON116963.1,False,False,False,True
ON116964.1,False,False,False,True
ON116965.1,False,False,False,True
ON116966.1,False,False,False,True
ON116967.1,False,False,False,True
ON116968.1,False,False,False,True
ON116969.1,False,False,False,True
ON116970.1,False,False,False,True
ON116971.1,False,False,False,True
ON197358.1,True,False,False,False
ON197359.1,True,False,False,False
ON197360.1,True,False,False,False
ON197361.1,True,False,False,False
ON418988.1,True,False,False,True
ON418989.1,True,False,False,True
ON418990.1,True,False,False,False
ON418991.1,True,False,False,True
ON418992.1,True,False,False,True
ON418993.1,True,False,False,False
ON418994.1,True,False,False,False
ON418995.1,True,False,False,True
ON418996.1,True,False,False,True
ON418997.1,True,False,False,True
ON418998.1,True,False,False,True
ON506828.1,False,False,False,True
ON506829.1,False,False,False,True
ON506830.1,False,False,False,True
ON506831.1,False,False,False,True
ON506832.1,False,False,False,True
ON506834.1,False,False,False,True
ON506837.1,False,False,False,True
ON506838.1,False,False,False,True
ON506839.1,False,False,False,True
ON506841.1,False,False,False,True
ON506842.1,False,False,False,True
ON506843.1,False,False,False,True
ON506844.1,False,False,False,True
ON506845.1,False,False,False,True
ON506846.1,False,False,False,True
ON506847.1,False,False,False,True
ON506849.1,False,False,False,True
ON506850.1,False,False,False,True
ON506851.1,False,False,False,True
ON506853.1,False,False,False,True
ON506854.1,False,False,False,True
ON506856.1,False,False,False,True
ON506857.1,False,False,False,True
ON506858.1,False,False,False,True
ON506859.1,False,False,False,True
ON506861.1,False,False,False,True
ON506862.1,False,False,False,True
ON506865.1,False,False,False,True
ON506867.1,False,False,False,True
ON506869.1,False,False,False,True
ON506879.1,False,False,False,True
ON506881.1,False,False,False,True
ON506882.1,False,False,False,True
ON506919.1,True,False,False,False
ON507067.1,True,False,False,False
ON507068.1,True,False,False,False
ON507069.1,True,False,False,False
ON507283.1,False,False,False,True
ON507284.1,False,False,False,True
ON507285.1,False,False,False,True
ON507286.1,False,False,False,True
ON678617.1,True,False,False,False
ON678618.1,True,False,False,False
ON681575.1,True,False,False,False
ON681576.1,True,False,False,False
ON681577.1,True,False,False,False
ON681578.1,True,False,False,False
ON681579.1,True,False,False,False
ON681580.1,True,False,False,False
ON681581.1,True,False,False,False
ON681582.1,True,False,False,False
ON681583.1,True,False,False,False
ON681584.1,True,False,False,False
ON681585.1,True,False,False,False
ON681586.1,True,False,False,False
ON951678.1,True,False,False,True
ON951679.1,True,False,False,True
ON951680.1,True,False,False,True
ON951681.1,True,False,False,True
ON951682.1,True,False,False,True
ON951683.1,True,False,False,True
ON951684.1,True,False,False,True
ON951685.1,True,False,False,False
ON951686.1,True,False,False,False
ON951687.1,True,False,False,False
ON951688.1,True,False,False,False
ON951689.1,True,False,False,False
ON951690.1,True,False,False,False
ON951691.1,True,False,False,False
ON951692.1,False,False,False,True
ON951693.1,False,False,False,True
ON951694.1,False,False,False,True
ON951695.1,False,False,False,True
ON951696.1,False,False,False,True
ON951697.1,False,False,False,True
ON951698.1,False,False,False,True
ON951699.1,False,False,False,True
ON951700.1,False,False,False,True
ON951701.1,False,False,False,True
ON951702.1,False,False,False,True
ON951703.1,False,False,False,True
ON951704.1,False,False,False,True
ON951705.1,False,False,False,True
OP156603.1,True,False,False,False
OP156604.1,True,False,False,False
OP162334.1,True,False,False,False
OP162335.1,True,False,False,False
OP162336.1,True,False,False,False
OP162337.1,True,False,False,False
OP162338.1,True,False,False,False
OP162339.1,True,False,False,False
OP162340.1,True,False,False,False
OP162341.1,True,False,False,False
OP162342.1,True,False,False,False
OP205530.1,False,False,True,False
OP205546.1,False,False,True,False
OP205548.1,False,False,True,False
OP205562.1,False,False,True,False
OP205575.1,False,False,True,False
OP210707.1,False,False,False,True
OP210708.1,False,False,False,True
OP210709.1,False,False,False,True
OP210710.1,False,False,False,True
OP210711.1,False,False,False,True
OP210712.1,False,False,False,True
OP210713.1,False,False,False,True
OP210714.1,False,False,False,True
OP210715.1,False,False,False,True
OP210716.1,False,False,False,True
OP210717.1,False,False,False,True
OP210718.1,False,False,False,True
OP210719.1,False,False,False,True
OP210720.1,False,False,False,True
OP210721.1,False,False,False,True
OP210722.1,False,False,False,True
OP210723.1,False,False,False,True
OP210724.1,False,False,False,True
OP210725.1,False,False,False,True
OP210726.1,False,False,False,True
OP210727.1,False,False,False,True
OP210728.1,False,False,False,True
OP210729.1,False,False,False,True
OP210730.1,False,False,False,True
OP210731.1,False,False,False,True
OP210732.1,False,False,False,True
OP210733.1,False,False,False,True
OP210734.1,False,False,False,True
OP210735.1,False,False,False,True
OP210736.1,False,False,False,True
OP210737.1,False,False,False,True
OP210738.1,False,False,False,True
OP210739.1,False,False,False,True
OP210740.1,False,False,False,True
OP210741.1,False,False,False,True
OP210742.1,False,False,False,True
OP210743.1,False,False,False,True
OP210744.1,False,False,False,True
OP210745.1,False,False,False,True
OP210746.1,False,False,False,True
OP210747.1,False,False,False,True
OP210748.1,False,False,False,True
OP210749.1,False,False,False,True
OP210750.1,False,False,False,True
OP210751.1,False,False,False,True
OP210752.1,False,False,False,True
OP210753.1,False,False,False,True
OP210754.1,False,False,False,True
OP615097.1,True,False,False,False
OP615098.1,True,False,False,False
OP615099.1,True,False,False,False
OP649636.1,True,False,False,False
OP649637.1,True,False,False,False
OP669384.1,True,False,False,False
OP692718.1,True,False,False,False
OP692719.1,True,False,False,False
OP692720.1,True,False,False,False
OP692721.1,True,False,False,False
OP692722.1,True,False,False,False
OP692723.1,True,False,False,False
OP692724.1,True,False,False,False
OP709668.1,True,False,False,False
OP709669.1,True,False,False,False
OP709670.1,True,False,False,False
OP709671.1,True,False,False,False
OP709672.1,True,False,False,False
OP709673.1,True,False,False,False
OP709674.1,True,False,False,False
OP709675.1,True,False,False,False
OP709676.1,True,False,False,False
OP709677.1,True,False,False,False
OP723153.1,True,False,False,False
OP723154.1,True,False,False,False
OP723155.1,True,False,False,False
OP723156.1,True,False,False,False
OP746072.1,True,False,False,False
OP746073.1,True,False,False,False
OP746074.1,True,False,False,False
OP746075.1,True,False,False,False
OP746076.1,True,False,False,False
OP746077.1,True,False,False,False
OP746078.1,True,False,False,False
OP746079.1,True,False,False,False
OP746080.1,True,False,False,False
OP746081.1,True,False,False,False
OP746082.1,True,False,False,False
OP746083.1,True,False,False,False
OP746084.1,True,False,False,False
OP746085.1,True,False,False,False
OP746086.1,True,False,False,False
OP746087.1,True,False,False,False
OP746088.1,True,False,False,False
OP746089.1,True,False,False,False
OP746090.1,True,False,False,False
OP746091.1,True,False,False,False
OP746092.1,True,False,False,False
OP746093.1,True,False,False,False
OP746094.1,True,False,False,False
OP746095.1,True,False,False,False
OP746096.1,True,False,False,False
OP746097.1,True,False,False,False
OP746098.1,True,False,False,False
OP746099.1,True,False,False,False
OP746100.1,True,False,False,False
OP746101.1,True,False,False,False
OP746102.1,True,False,False,False
OP746103.1,True,False,False,False
OP746104.1,True,False,False,False
OP746105.1,True,False,False,False
OP746106.1,True,False,False,False
OP746107.1,True,False,False,False
OP746108.1,True,False,False,False
OP746109.1,True,False,False,False
OP746110.1,True,False,False,False
OP746111.1,True,False,False,False
OP746112.1,True,False,False,False
OP746113.1,True,False,False,False
OP746114.1,True,False,False,False
OP746115.1,True,False,False,False
OP746116.1,True,False,False,False
OP746117.1,True,False,False,False
OP746118.1,True,False,False,False
OP746119.1,True,False,False,False
OP746120.1,True,False,False,False
OP746121.1,True,False,False,False
OP746122.1,True,False,False,False
OP746123.1,True,False,False,False
OP746124.1,True,False,False,False
OP746125.1,True,False,False,False
OP746126.1,True,False,False,False
OP746127.1,True,False,False,False
OP746128.1,True,False,False,False
OP746129.1,True,False,False,False
OP746130.1,True,False,False,False
OP746131.1,True,False,False,False
OP746132.1,True,False,False,False
OP746133.1,True,False,False,False
OP746134.1,True,False,False,False
OP746135.1,True,False,False,False
OP746136.1,True,False,False,False
OP746137.1,True,False,False,False
OP746138.1,True,False,False,False
OP746139.1,True,False,False,False
OP746140.1,True,False,False,False
OP746141.1,True,False,False,False
OP746142.1,True,False,False,False
OP746143.1,True,False,False,False
OP746144.1,True,False,False,False
OP746145.1,True,False,False,False
OP746146.1,True,False,False,False
OP746147.1,True,False,False,False
OP746148.1,True,False,False,False
OP746149.1,True,False,False,False
OP746150.1,True,False,False,False
OP746151.1,True,False,False,False
OP746152.1,True,False,False,False
OP746153.1,True,False,False,False
OP746154.1,True,False,False,False
OP746155.1,True,False,False,False
OP746156.1,True,False,False,False
OP746157.1,True,False,False,False
OP746158.1,True,False,False,False
OP746159.1,True,False,False,False
OP746160.1,True,False,False,False
OP746161.1,True,False,False,False
OP746162.1,True,False,False,False
OP746163.1,True,False,False,False
OP746164.1,True,False,False,False
OP746165.1,True,False,False,False
OP746166.1,True,False,False,False
OP746167.1,True,False,False,False
OP746168.1,True,False,False,False
OP746169.1,True,False,False,False
OP746170.1,True,False,False,False
OP746171.1,True,False,False,False
OP746172.1,True,False,False,False
OP746173.1,True,False,False,False
OP746174.1,True,False,False,False
OP746175.1,True,False,False,False
OP746176.1,True,False,False,False
OP746177.1,True,False,False,False
OP746178.1,True,False,False,False
OP746179.1,True,False,False,False
OP746180.1,True,False,False,False
OP746181.1,True,False,False,False
OP746182.1,True,False,False,False
OP746183.1,True,False,False,False
OP746184.1,True,False,False,False
OP746185.1,True,False,False,False
OP746186.1,True,False,False,False
OP746187.1,True,False,False,False
OP746188.1,True,False,False,False
OP746189.1,True,False,False,False
OP746190.1,True,False,False,False
OP746191.1,True,False,False,False
OP746192.1,True,False,False,False
OP746193.1,True,False,False,False
OP746194.1,True,False,False,False
OP746195.1,True,False,False,False
OP746196.1,True,False,False,False
OP746197.1,True,False,False,False
OP746198.1,True,False,False,False
OP746199.1,True,False,False,False
OP746200.1,True,False,False,False
OP746201.1,True,False,False,False
OP746202.1,True,False,False,False
OP746203.1,True,False,False,False
OP746204.1,True,False,False,False
OP746205.1,True,False,False,False
OP746206.1,True,False,False,False
OP746207.1,True,False,False,False
OP746208.1,True,False,False,False
OP746209.1,True,False,False,False
OP746210.1,True,False,False,False
OP746211.1,True,False,False,False
OP746212.1,True,False,False,False
OP746213.1,True,False,False,False
OP746214.1,True,False,False,False
OP746215.1,True,False,False,False
OP746216.1,True,False,False,False
OP746217.1,True,False,False,False
OP746218.1,True,False,False,False
OP746219.1,True,False,False,False
OP746220.1,True,False,False,False
OP746221.1,True,False,False,False
OP746222.1,True,False,False,False
OP746223.1,True,False,False,False
OP746224.1,True,False,False,False
OP746225.1,True,False,False,False
OP746226.1,True,False,False,False
OP746227.1,True,False,False,False
OP746228.1,True,False,False,False
OP746229.1,True,False,False,False
OP746230.1,True,False,False,False
OP746231.1,True,False,False,False
OP746232.1,True,False,False,False
OP746233.1,True,False,False,False
OP746234.1,True,False,False,False
OP746235.1,True,False,False,False
OP746236.1,True,False,False,False
OP746237.1,True,False,False,False
OP746238.1,True,False,False,False
OP746239.1,True,False,False,False
OP746240.1,True,False,False,False
OP746241.1,True,False,False,False
OP746242.1,True,False,False,False
OP746243.1,True,False,False,False
OP746244.1,True,False,False,False
OP746245.1,True,False,False,False
OP746246.1,True,False,False,False
OP746247.1,True,False,False,False
OP746248.1,True,False,False,False
OP746249.1,True,False,False,False
OP746250.1,True,False,False,False
OP746251.1,True,False,False,False
OP746252.1,True,False,False,False
OP746253.1,True,False,False,False
OP746254.1,True,False,False,False
OP746255.1,True,False,False,False
OP746256.1,True,False,False,False
OP746257.1,True,False,False,False
OP746258.1,True,False,False,False
OP746259.1,True,False,False,False
OP746260.1,True,False,False,False
OP746261.1,True,False,False,False
OP746262.1,True,False,False,False
OP746263.1,True,False,False,False
OP746264.1,True,False,False,False
OP746265.1,True,False,False,False
OP746266.1,True,False,False,False
OP746267.1,True,False,False,False
OP746268.1,True,False,False,False
OP746269.1,True,False,False,False
OP746270.1,True,False,False,False
OP746271.1,True,False,False,False
OP746272.1,True,False,False,False
OP746273.1,True,False,False,False
OP746274.1,True,False,False,False
OP746275.1,True,False,False,False
OP746276.1,True,False,False,False
OP746277.1,True,False,False,False
OP746278.1,True,False,False,False
OP746279.1,True,False,False,False
OP746280.1,True,False,False,False
OP746281.1,True,False,False,False
OP746282.1,True,False,False,False
OP746283.1,True,False,False,False
OP746284.1,True,False,False,False
OP746285.1,True,False,False,False
OP746286.1,True,False,False,False
OP746287.1,True,False,False,False
OP746288.1,True,False,False,False
OP746289.1,True,False,False,False
OP746290.1,True,False,False,False
OP746291.1,True,False,False,False
OP746292.1,True,False,False,False
OP746293.1,True,False,False,False
OP746294.1,True,False,False,False
OP746295.1,True,False,False,False
OP746296.1,True,False,False,False
OP746297.1,True,False,False,False
OP746298.1,True,False,False,False
OP746299.1,True,False,False,False
OP746300.1,True,False,False,False
OP746301.1,True,False,False,False
OP746302.1,True,False,False,False
OP746303.1,True,False,False,False
OP746304.1,True,False,False,False
OP746305.1,True,False,False,False
OP746306.1,True,False,False,False
OP746307.1,True,False,False,False
OP746308.1,True,False,False,False
OP746309.1,True,False,False,False
OP746310.1,True,False,False,False
OP746311.1,True,False,False,False
OP746312.1,True,False,False,False
OP746313.1,True,False,False,False
OP746314.1,True,False,False,False
OP746315.1,True,False,False,False
OP746316.1,True,False,False,False
OP746317.1,True,False,False,False
OP746318.1,True,False,False,False
OP746319.1,True,False,False,False
OP746320.1,True,False,False,False
OP746321.1,True,False,False,False
OP746322.1,True,False,False,False
OP746323.1,True,False,False,False
OP746324.1,True,False,False,False
OP746325.1,True,False,False,False
OP746326.1,True,False,False,False
OP746327.1,True,False,False,False
OP746328.1,True,False,False,False
OP746329.1,True,False,False,False
OP746330.1,True,False,False,False
OP746331.1,True,False,False,False
OP746332.1,True,False,False,False
OP746333.1,True,False,False,False
OP746334.1,True,False,False,False
OP746335.1,True,False,False,False
OP746336.1,True,False,False,False
OP746337.1,True,False,False,False
OP746338.1,True,False,False,False
OP746339.1,True,False,False,False
OP746340.1,True,False,False,False
OP746341.1,True,False,False,False
OP746342.1,True,False,False,False
OP746343.1,True,False,False,False
OP746344.1,True,False,False,False
OP746345.1,True,False,False,False
OP746346.1,True,False,False,False
OP746347.1,True,False,False,False
OP746348.1,True,False,False,False
OP746349.1,True,False,False,False
OP746350.1,True,False,False,False
OP746351.1,True,False,False,False
OP746352.1,True,False,False,False
OP746353.1,True,False,False,False
OP746354.1,True,False,False,False
OP746355.1,True,False,False,False
OP746356.1,True,False,False,False
OP746357.1,True,False,False,False
OP746358.1,True,False,False,False
OP746359.1,True,False,False,False
OP746360.1,True,False,False,False
OP746361.1,True,False,False,False
OP746362.1,True,False,False,False
OP746363.1,True,False,False,False
OP746364.1,True,False,False,False
OP746365.1,True,False,False,False
OP746366.1,True,False,False,False
OP746367.1,True,False,False,False
OP746368.1,True,False,False,False
OP746369.1,True,False,False,False
OP746370.1,True,False,False,False
OP746371.1,True,False,False,False
OP746372.1,True,False,False,False
OP746373.1,True,False,False,False
OP746374.1,True,False,False,False
OP746375.1,True,False,False,False
OP746376.1,True,False,False,False
OP746377.1,True,False,False,False
OP746378.1,True,False,False,False
OP746379.1,True,False,False,False
OP746380.1,True,False,False,False
OP746381.1,True,False,False,False
OP746382.1,True,False,False,False
OP746383.1,True,False,False,False
OP746384.1,True,False,False,False
OP746385.1,True,False,False,False
OP746386.1,True,False,False,False
OP746387.1,True,False,False,False
OP746388.1,True,False,False,False
OP746389.1,True,False,False,False
OP746390.1,True,False,False,False
OP746391.1,True,False,False,False
OP746392.1,True,False,False,False
OP746393.1,True,False,False,False
OP746394.1,True,False,False,False
OP746395.1,True,False,False,False
OP746396.1,True,False,False,False
OP746397.1,True,False,False,False
OP746398.1,True,False,False,False
OP746399.1,True,False,False,False
OP746400.1,True,False,False,False
OP746401.1,True,False,False,False
OP746402.1,True,False,False,False
OP746403.1,True,False,False,False
OP746404.1,True,False,False,False
OP746405.1,True,False,False,False
OP746406.1,True,False,False,False
OP746407.1,True,False,False,False
OP746408.1,True,False,False,False
OP746409.1,True,False,False,False
OP746410.1,True,False,False,False
OP746411.1,True,False,False,False
OP746412.1,True,False,False,False
OP746413.1,True,False,False,False
OP746414.1,True,False,False,False
OP746415.1,True,False,False,False
OP746416.1,True,False,False,False
OP746417.1,True,False,False,False
OP746418.1,True,False,False,False
OP746419.1,True,False,False,False
OP746420.1,True,False,False,False
OP746421.1,True,False,False,False
OP746422.1,True,False,False,False
OP746423.1,True,False,False,False
OP746424.1,True,False,False,False
OP746425.1,True,False,False,False
OP746426.1,True,False,False,False
OP746427.1,True,False,False,False
OP746428.1,True,False,False,False
OP746429.1,True,False,False,False
OP746430.1,True,False,False,False
OP746431.1,True,False,False,False
OP746432.1,True,False,False,False
OP746433.1,True,False,False,False
OP746434.1,True,False,False,False
OP746435.1,True,False,False,False
OP746436.1,True,False,False,False
OP746437.1,True,False,False,False
OP746438.1,True,False,False,False
OP746439.1,True,False,False,False
OP746440.1,True,False,False,False
OP746441.1,True,False,False,False
OP746442.1,True,False,False,False
OP746443.1,True,False,False,False
OP746444.1,True,False,False,False
OP746445.1,True,False,False,False
OP746446.1,True,False,False,False
OP746447.1,True,False,False,False
OP746448.1,True,False,False,False
OP746449.1,True,False,False,False
OP746450.1,True,False,False,False
OP746451.1,True,False,False,False
OP746452.1,True,False,False,False
OP746453.1,True,False,False,False
OP746454.1,True,False,False,False
OP746455.1,True,False,False,False
OP746456.1,True,False,False,False
OP746457.1,True,False,False,False
OP746458.1,True,False,False,False
OP746459.1,True,False,False,False
OP746460.1,True,False,False,False
OP746461.1,True,False,False,False
OP746462.1,True,False,False,False
OP746463.1,True,False,False,False
OP746464.1,True,False,False,False
OP746465.1,True,False,False,False
OP746466.1,True,False,False,False
OP746467.1,True,False,False,False
OP746468.1,True,False,False,False
OP746469.1,True,False,False,False
OP746470.1,True,False,False,False
OP746471.1,True,False,False,False
OP746472.1,True,False,False,False
OP746473.1,True,False,False,False
OP746474.1,True,False,False,False
OP746475.1,True,False,False,False
OP746476.1,True,False,False,False
OP746477.1,True,False,False,False
OP746478.1,True,False,False,False
OP746479.1,True,False,False,False
OP746480.1,True,False,False,False
OP746481.1,True,False,False,False
OP746482.1,True,False,False,False
OP746483.1,True,False,False,False
OP746484.1,True,False,False,False
OP746485.1,True,False,False,False
OP746486.1,True,False,False,False
OP746487.1,True,False,False,False
OP746488.1,True,False,False,False
OP746489.1,True,False,False,False
OP746490.1,True,False,False,False
OP746491.1,True,False,False,False
OP746492.1,True,False,False,False
OP746493.1,True,False,False,False
OP746494.1,True,False,False,False
OP746495.1,True,False,False,False
OP746496.1,True,False,False,False
OP746497.1,True,False,False,False
OP746498.1,True,False,False,False
OP746499.1,True,False,False,False
OP746500.1,True,False,False,False
OP746501.1,True,False,False,False
OP746502.1,True,False,False,False
OP746503.1,True,False,False,False
OP746504.1,True,False,False,False
OP746505.1,True,False,False,False
OP746506.1,True,False,False,False
OP746507.1,True,False,False,False
OP746508.1,True,False,False,False
OP746509.1,True,False,False,False
OP746510.1,True,False,False,False
OP746511.1,True,False,False,False
OP746512.1,True,False,False,False
OP746513.1,True,False,False,False
OP746514.1,True,False,False,False
OP746515.1,True,False,False,False
OP746516.1,True,False,False,False
OP746517.1,True,False,False,False
OP746518.1,True,False,False,False
OP746519.1,True,False,False,False
OP746520.1,True,False,False,False
OP746521.1,True,False,False,False
OP746522.1,True,False,False,False
OP746523.1,True,False,False,False
OP746524.1,True,False,False,False
OP746525.1,True,False,False,False
OP746526.1,True,False,False,False
OP746527.1,True,False,False,False
OP746528.1,True,False,False,False
OP746529.1,True,False,False,False
OP746530.1,True,False,False,False
OP746531.1,True,False,False,False
OP746532.1,True,False,False,False
OP746533.1,True,False,False,False
OP746534.1,True,False,False,False
OP746535.1,True,False,False,False
OP746536.1,True,False,False,False
OP746537.1,True,False,False,False
OP746538.1,True,False,False,False
OP746539.1,True,False,False,False
OP746540.1,True,False,False,False
OP746541.1,True,False,False,False
OP746542.1,True,False,False,False
OP746543.1,True,False,False,False
OP746544.1,True,False,False,False
OP746545.1,True,False,False,False
OP746546.1,True,False,False,False
OP746547.1,True,False,False,False
OP746548.1,True,False,False,False
OP746549.1,True,False,False,False
OP746550.1,True,False,False,False
OP746551.1,True,False,False,False
OP746552.1,True,False,False,False
OP746553.1,True,False,False,False
OP746554.1,True,False,False,False
OP746555.1,True,False,False,False
OP746556.1,True,False,False,False
OP746557.1,True,False,False,False
OP746558.1,True,False,False,False
OP746559.1,True,False,False,False
OP746560.1,True,False,False,False
OP746561.1,True,False,False,False
OP746562.1,True,False,False,False
OP746563.1,True,False,False,False
OP746564.1,True,False,False,False
OP746565.1,True,False,False,False
OP746566.1,True,False,False,False
OP746567.1,True,False,False,False
OP746568.1,True,False,False,False
OP746569.1,True,False,False,False
OP746570.1,True,False,False,False
OP746571.1,True,False,False,False
OP746572.1,True,False,False,False
OP746573.1,True,False,False,False
OP746574.1,True,False,False,False
OP746575.1,True,False,False,False
OP746576.1,True,False,False,False
OP746577.1,True,False,False,False
OP746578.1,True,False,False,False
OP746579.1,True,False,False,False
OP746580.1,True,False,False,False
OP746581.1,True,False,False,False
OP746582.1,True,False,False,False
OP746583.1,True,False,False,False
OP746584.1,True,False,False,False
OP746585.1,True,False,False,False
OP746586.1,True,False,False,False
OP746587.1,True,False,False,False
OP746588.1,True,False,False,False
OP746589.1,True,False,False,False
OP746590.1,True,False,False,False
OP746591.1,True,False,False,False
OP746592.1,True,False,False,False
OP746593.1,True,False,False,False
OP746594.1,True,False,False,False
OP746595.1,True,False,False,False
OP746596.1,True,False,False,False
OP746597.1,True,False,False,False
OP746598.1,True,False,False,False
OP746599.1,True,False,False,False
OP746600.1,True,False,False,False
OP746601.1,True,False,False,False
OP746602.1,True,False,False,False
OP746603.1,True,False,False,False
OP746604.1,True,False,False,False
OP746605.1,True,False,False,False
OP746606.1,True,False,False,False
OP746607.1,True,False,False,False
OP746608.1,True,False,False,False
OP746609.1,True,False,False,False
OP746610.1,True,False,False,False
OP746611.1,True,False,False,False
OP746612.1,True,False,False,False
OP746613.1,True,False,False,False
OP746614.1,True,False,False,False
OP746615.1,True,False,False,False
OP746616.1,True,False,False,False
OP746617.1,True,False,False,False
OP746618.1,True,False,False,False
OP746619.1,True,False,False,False
OP746620.1,True,False,False,False
OP746621.1,True,False,False,False
OP746622.1,True,False,False,False
OP746623.1,True,False,False,False
OP746624.1,True,False,False,False
OP746625.1,True,False,False,False
OP746626.1,True,False,False,False
OP746627.1,True,False,False,False
OP746628.1,True,False,False,False
OP746629.1,True,False,False,False
OP746630.1,True,False,False,False
OP746631.1,True,False,False,False
OP746632.1,True,False,False,False
OP746633.1,True,False,False,False
OP746634.1,True,False,False,False
OP746635.1,True,False,False,False
OP746636.1,True,False,False,False
OP746637.1,True,False,False,False
OP746638.1,True,False,False,False
OP746639.1,True,False,False,False
OP746640.1,True,False,False,False
OP746641.1,True,False,False,False
OP746642.1,True,False,False,False
OP746643.1,True,False,False,False
OP746644.1,True,False,False,False
OP746645.1,True,False,False,False
OP746646.1,True,False,False,False
OP746647.1,True,False,False,False
OP746648.1,True,False,False,False
OP746649.1,True,False,False,False
OP746650.1,True,False,False,False
OP746651.1,True,False,False,False
OP746652.1,True,False,False,False
OP746653.1,True,False,False,False
OP746654.1,True,False,False,False
OP746655.1,True,False,False,False
OP746656.1,True,False,False,False
OP746657.1,True,False,False,False
OP746658.1,True,False,False,False
OP746659.1,True,False,False,False
OP746660.1,True,False,False,False
OP746661.1,True,False,False,False
OP746662.1,True,False,False,False
OP746663.1,True,False,False,False
OP746664.1,True,False,False,False
OP746665.1,True,False,False,False
OP746666.1,True,False,False,False
OP746667.1,True,False,False,False
OP746668.1,True,False,False,False
OP746669.1,True,False,False,False
OP746670.1,True,False,False,False
OP746671.1,True,False,False,False
OP746672.1,True,False,False,False
OP746673.1,True,False,False,False
OP746674.1,True,False,False,False
OP746675.1,True,False,False,False
OP746676.1,True,False,False,False
OP746677.1,True,False,False,False
OP746678.1,True,False,False,False
OP746679.1,True,False,False,False
OP746680.1,True,False,False,False
OP746681.1,True,False,False,False
OP746682.1,True,False,False,False
OP746683.1,True,False,False,False
OP746684.1,True,False,False,False
OP746685.1,True,False,False,False
OP746686.1,True,False,False,False
OP746687.1,True,False,False,False
OP746688.1,True,False,False,False
OP746689.1,True,False,False,False
OP746690.1,True,False,False,False
OP746691.1,True,False,False,False
OP746692.1,True,False,False,False
OP746693.1,True,False,False,False
OP746694.1,True,False,False,False
OP746695.1,True,False,False,False
OP746696.1,True,False,False,False
OP746697.1,True,False,False,False
OP746698.1,True,False,False,False
OP746699.1,True,False,False,False
OP746700.1,True,False,False,False
OP746701.1,True,False,False,False
OP746702.1,True,False,False,False
OP746703.1,True,False,False,False
OP746704.1,True,False,False,False
OP746705.1,True,False,False,False
OP746706.1,True,False,False,False
OP746707.1,True,False,False,False
OP746708.1,True,False,False,False
OP746709.1,True,False,False,False
OP746710.1,True,False,False,False
OP746711.1,True,False,False,False
OP746712.1,True,False,False,False
OP746713.1,True,False,False,False
OP746714.1,True,False,False,False
OP746715.1,True,False,False,False
OP746716.1,True,False,False,False
OP746717.1,True,False,False,False
OP746718.1,True,False,False,False
OP746719.1,True,False,False,False
OP746720.1,True,False,False,False
OP746721.1,True,False,False,False
OP746722.1,True,False,False,False
OP746723.1,True,False,False,False
OP746724.1,True,False,False,False
OP746725.1,True,False,False,False
OP746726.1,True,False,False,False
OP746727.1,True,False,False,False
OP746728.1,True,False,False,False
OP746729.1,True,False,False,False
OP746730.1,True,False,False,False
OP746731.1,True,False,False,False
OP746732.1,True,False,False,False
OP746733.1,True,False,False,False
OP746734.1,True,False,False,False
OP746735.1,True,False,False,False
OP746736.1,True,False,False,False
OP746737.1,True,False,False,False
OP746738.1,True,False,False,False
OP746739.1,True,False,False,False
OP746740.1,True,False,False,False
OP746741.1,True,False,False,False
OP746742.1,True,False,False,False
OP746743.1,True,False,False,False
OP746744.1,True,False,False,False
OP746745.1,True,False,False,False
OP746746.1,True,False,False,False
OP746747.1,True,False,False,False
OP746748.1,True,False,False,False
OP746749.1,True,False,False,False
OP746750.1,True,False,False,False
OP746751.1,True,False,False,False
OP746752.1,True,False,False,False
OP746753.1,True,False,False,False
OP746754.1,True,False,False,False
OP746755.1,True,False,False,False
OP746756.1,True,False,False,False
OP746757.1,True,False,False,False
OP746758.1,True,False,False,False
OP746759.1,True,False,False,False
OP746760.1,True,False,False,False
OP746761.1,True,False,False,False
OP746762.1,True,False,False,False
OP746763.1,True,False,False,False
OP746764.1,True,False,False,False
OP746765.1,True,False,False,False
OP746766.1,True,False,False,False
OP746767.1,True,False,False,False
OP746768.1,True,False,False,False
OP746769.1,True,False,False,False
OP746770.1,True,False,False,False
OP746771.1,True,False,False,False
OP746772.1,True,False,False,False
OP746773.1,True,False,False,False
OP746774.1,True,False,False,False
OP746775.1,True,False,False,False
OP746776.1,True,False,False,False
OP746777.1,True,False,False,False
OP746778.1,True,False,False,False
OP746779.1,True,False,False,False
OP746780.1,True,False,False,False
OP746781.1,True,False,False,False
OP746782.1,True,False,False,False
OP746783.1,True,False,False,False
OP746784.1,True,False,False,False
OP746785.1,True,False,False,False
OP746786.1,True,False,False,False
OP746787.1,True,False,False,False
OP746788.1,True,False,False,False
OP746789.1,True,False,False,False
OP746790.1,True,False,False,False
OP746791.1,True,False,False,False
OP746792.1,True,False,False,False
OP746793.1,True,False,False,False
OP746794.1,True,False,False,False
OP746795.1,True,False,False,False
OP746796.1,True,False,False,False
OP746797.1,True,False,False,False
OP746798.1,True,False,False,False
OP746799.1,True,False,False,False
OP746800.1,True,False,False,False
OP746801.1,True,False,False,False
OP746802.1,True,False,False,False
OP746803.1,True,False,False,False
OP746804.1,True,False,False,False
OP746805.1,True,False,False,False
OP746806.1,True,False,False,False
OP746807.1,True,False,False,False
OP746808.1,True,False,False,False
OP746809.1,True,False,False,False
OP746810.1,True,False,False,False
OP746811.1,True,False,False,False
OP746812.1,True,False,False,False
OP746813.1,True,False,False,False
OP746814.1,True,False,False,False
OP746815.1,True,False,False,False
OP746816.1,True,False,False,False
OP746817.1,True,False,False,False
OP746818.1,True,False,False,False
OP746819.1,True,False,False,False
OP746820.1,True,False,False,False
OP746821.1,True,False,False,False
OP746822.1,True,False,False,False
OP746823.1,True,False,False,False
OP746824.1,True,False,False,False
OP746825.1,True,False,False,False
OP746826.1,True,False,False,False
OP746827.1,True,False,False,False
OP746828.1,True,False,False,False
OP746829.1,True,False,False,False
OP746830.1,True,False,False,False
OP746831.1,True,False,False,False
OP746832.1,True,False,False,False
OP746833.1,True,False,False,False
OP746834.1,True,False,False,False
OP746835.1,True,False,False,False
OP746836.1,True,False,False,False
OP746837.1,True,False,False,False
OP746838.1,True,False,False,False
OP746839.1,True,False,False,False
OP746840.1,True,False,False,False
OP746841.1,True,False,False,False
OP746842.1,True,False,False,False
OP746843.1,True,False,False,False
OP746844.1,True,False,False,False
OP746845.1,True,False,False,False
OP746846.1,True,False,False,False
OP746847.1,True,False,False,False
OP746848.1,True,False,False,False
OP746849.1,True,False,False,False
OP746850.1,True,False,False,False
OP746851.1,True,False,False,False
OP746852.1,True,False,False,False
OP746853.1,True,False,False,False
OP746854.1,True,False,False,False
OP746855.1,True,False,False,False
OP746856.1,True,False,False,False
OP746857.1,True,False,False,False
OP746858.1,True,False,False,False
OP746859.1,True,False,False,False
OP746860.1,True,False,False,False
OP746861.1,True,False,False,False
OP746862.1,True,False,False,False
OP746863.1,True,False,False,False
OP746864.1,True,False,False,False
OP746865.1,True,False,False,False
OP746866.1,True,False,False,False
OP746867.1,True,False,False,False
OP746868.1,True,False,False,False
OP746869.1,True,False,False,False
OP746870.1,True,False,False,False
OP746871.1,True,False,False,False
OP746872.1,True,False,False,False
OP746873.1,True,False,False,False
OP746874.1,True,False,False,False
OP746875.1,True,False,False,False
OP746876.1,True,False,False,False
OP746877.1,True,False,False,False
OP746878.1,True,False,False,False
OP746879.1,True,False,False,False
OP746880.1,True,False,False,False
OP746881.1,True,False,False,False
OP746882.1,True,False,False,False
OP746883.1,True,False,False,False
OP746884.1,True,False,False,False
OP746885.1,True,False,False,False
OP746886.1,True,False,False,False
OP746887.1,True,False,False,False
OP746888.1,True,False,False,False
OP746889.1,True,False,False,False
OP746890.1,True,False,False,False
OP746891.1,True,False,False,False
OP746892.1,True,False,False,False
OP746893.1,True,False,False,False
OP746894.1,True,False,False,False
OP746895.1,True,False,False,False
OP746896.1,True,False,False,False
OP746897.1,True,False,False,False
OP746898.1,True,False,False,False
OP746899.1,True,False,False,False
OP746900.1,True,False,False,False
OP746901.1,True,False,False,False
OP746902.1,True,False,False,False
OP746903.1,True,False,False,False
OP746904.1,True,False,False,False
OP746905.1,True,False,False,False
OP746906.1,True,False,False,False
OP746907.1,True,False,False,False
OP746908.1,True,False,False,False
OP746909.1,True,False,False,False
OP746910.1,True,False,False,False
OP746911.1,True,False,False,False
OP746912.1,True,False,False,False
OP746913.1,True,False,False,False
OP746914.1,True,False,False,False
OP746915.1,True,False,False,False
OP746916.1,True,False,False,False
OP746917.1,True,False,False,False
OP746918.1,True,False,False,False
OP746919.1,True,False,False,False
OP746920.1,True,False,False,False
OP746921.1,True,False,False,False
OP746922.1,True,False,False,False
OP746923.1,True,False,False,False
OP746924.1,True,False,False,False
OP746925.1,True,False,False,False
OP746926.1,True,False,False,False
OP746927.1,True,False,False,False
OP746928.1,True,False,False,False
OP746929.1,True,False,False,False
OP746930.1,True,False,False,False
OP746931.1,True,False,False,False
OP746932.1,True,False,False,False
OP746933.1,True,False,False,False
OP746934.1,True,False,False,False
OP746935.1,True,False,False,False
OP746936.1,True,False,False,False
OP746937.1,True,False,False,False
OP746938.1,True,False,False,False
OP746939.1,True,False,False,False
OP746940.1,True,False,False,False
OP746941.1,True,False,False,False
OP746942.1,True,False,False,False
OP746943.1,True,False,False,False
OP746944.1,True,False,False,False
OP746945.1,True,False,False,False
OP746946.1,True,False,False,False
OP746947.1,True,False,False,False
OP746948.1,True,False,False,False
OP746949.1,True,False,False,False
OP746950.1,True,False,False,False
OP746951.1,True,False,False,False
OP746952.1,True,False,False,False
OP746953.1,True,False,False,False
OP746954.1,True,False,False,False
OP746955.1,True,False,False,False
OP746956.1,True,False,False,False
OP746957.1,True,False,False,False
OP746958.1,True,False,False,False
OP746959.1,True,False,False,False
OP746960.1,True,False,False,False
OP746961.1,True,False,False,False
OP746962.1,True,False,False,False
OP746963.1,True,False,False,False
OP746964.1,True,False,False,False
OP746965.1,True,False,False,False
OP746966.1,True,False,False,False
OP746967.1,True,False,False,False
OP746968.1,True,False,False,False
OP746969.1,True,False,False,False
OP746970.1,True,False,False,False
OP746971.1,True,False,False,False
OP746972.1,True,False,False,False
OP746973.1,True,False,False,False
OP746974.1,True,False,False,False
OP746975.1,True,False,False,False
OP746976.1,True,False,False,False
OP746977.1,True,False,False,False
OP746978.1,True,False,False,False
OP746979.1,True,False,False,False
OP746980.1,True,False,False,False
OP746981.1,True,False,False,False
OP746982.1,True,False,False,False
OP746983.1,True,False,False,False
OP746984.1,True,False,False,False
OP746985.1,True,False,False,False
OP746986.1,True,False,False,False
OP746987.1,True,False,False,False
OP746988.1,True,False,False,False
OP746989.1,True,False,False,False
OP746990.1,True,False,False,False
OP746991.1,True,False,False,False
OP746992.1,True,False,False,False
OP746993.1,True,False,False,False
OP746994.1,True,False,False,False
OP746995.1,True,False,False,False
OP746996.1,True,False,False,False
OP746997.1,True,False,False,False
OP746998.1,True,False,False,False
OP746999.1,True,False,False,False
OP747000.1,True,False,False,False
OP747001.1,True,False,False,False
OP747002.1,True,False,False,False
OP747003.1,True,False,False,False
OP747004.1,True,False,False,False
OP747005.1,True,False,False,False
OP747006.1,True,False,False,False
OP747007.1,True,False,False,False
OP747008.1,True,False,False,False
OP747009.1,True,False,False,False
OP747010.1,True,False,False,False
OP747011.1,True,False,False,False
OP747012.1,True,False,False,False
OP747013.1,True,False,False,False
OP747014.1,True,False,False,False
OP747015.1,True,False,False,False
OP747016.1,True,False,False,False
OP747017.1,True,False,False,False
OP747018.1,True,False,False,False
OP747019.1,True,False,False,False
OP747020.1,True,False,False,False
OP747021.1,True,False,False,False
OP747022.1,True,False,False,False
OP747023.1,True,False,False,False
OP747024.1,True,False,False,False
OP747025.1,True,False,False,False
OP747026.1,True,False,False,False
OP747027.1,True,False,False,False
OP747028.1,True,False,False,False
OP747029.1,True,False,False,False
OP747030.1,True,False,False,False
OP747031.1,True,False,False,False
OP747032.1,True,False,False,False
OP747033.1,True,False,False,False
OP747034.1,True,False,False,False
OP747035.1,True,False,False,False
OP747036.1,True,False,False,False
OP747037.1,True,False,False,False
OP747038.1,True,False,False,False
OP747039.1,True,False,False,False
OP747040.1,True,False,False,False
OP862363.1,True,False,False,False
OP862364.1,True,False,False,False
OP862365.1,True,False,False,False
OP862366.1,True,False,False,False
OP862367.1,True,False,False,False
OP862368.1,True,False,False,False
OP862428.1,True,False,False,False
OP862429.1,True,False,False,False
OP862430.1,True,False,False,False
OP862431.1,True,False,False,False
OP862432.1,True,False,False,False
OP935991.1,True,False,False,False
OP935992.1,True,False,False,False
OP935993.1,True,False,False,False
OQ078680.1,True,False,False,True
OQ324916.1,True,False,False,False
OQ346254.1,True,False,False,False
OQ346255.1,True,False,False,False
OQ346261.1,True,False,False,False
OQ346262.1,True,False,False,False
OQ414203.1,True,False,False,False
OQ414237.1,True,False,False,False
OQ414241.1,True,False,False,False
OQ414242.1,True,False,False,False
OQ421105.1,True,False,False,False
OQ421123.1,True,False,False,False
OQ457700.1,True,False,False,False
OQ457701.1,True,False,False,False
OQ633109.1,True,False,False,False
OQ633110.1,True,False,False,True
OQ633111.1,True,False,False,True
OQ880474.1,True,False,False,False
OQ880475.1,True,False,False,False
OQ880476.1,True,False,False,False
OQ880477.1,True,False,False,False
OQ880478.1,True,False,False,False
OQ880479.1,True,False,False,False
OQ919251.1,True,False,False,False
OQ919252.1,True,False,False,False
OQ919253.1,True,False,False,False
OQ919254.1,True,False,False,False
OQ919255.1,True,False,False,False
OQ919256.1,True,False,False,False
OQ919257.1,True,False,False,False
OQ919258.1,True,False,False,False
OQ919259.1,True,False,False,False
OQ919260.1,True,False,False,False
OQ927992.1,True,False,False,False
OQ928377.1,True,False,False,False
OQ928378.1,True,False,False,False
OQ928379.1,True,False,False,False
OQ928380.1,True,False,False,False
OQ928381.1,True,False,False,False
OQ928382.1,True,False,False,False
OQ928383.1,True,False,False,False
OQ928384.1,True,False,False,False
OQ928385.1,True,False,False,False
OR018830.1,True,False,False,False
OR018831.1,True,False,False,False
OR046322.1,False,False,False,True
OR058538.1,False,False,False,True
OR058539.1,False,False,False,True
OR058540.1,False,False,False,True
OR058541.1,False,False,False,True
OR058542.1,False,False,False,True
OR058544.1,False,False,False,True
OR058545.1,False,False,False,True
OR065043.1,True,False,False,False
OR084255.1,True,False,False,False
OR088485.1,True,False,False,False
OR088486.1,True,False,False,False
OR088487.1,True,False,False,False
OR088488.1,True,False,False,False
OR088489.1,True,False,False,False
OR088490.1,True,False,False,False
OR088491.1,True,False,False,False
OR088492.1,True,False,False,False
OR088497.1,True,False,False,False
OR088498.1,True,False,False,False
OR088499.1,True,False,False,False
OR088500.1,True,False,False,False
OR088501.1,True,False,False,False
OR088502.1,True,False,False,False
OR088503.1,True,False,False,False
OR088506.1,True,False,False,False
OR088508.1,True,False,False,False
OR088509.1,True,False,False,False
OR100630.1,True,False,False,False
OR100694.1,True,False,False,False
OR177872.1,True,False,False,False
OR225881.1,False,False,False,True
OR225884.1,False,False,False,True
OR225885.1,False,False,False,True
OR225886.1,False,False,False,True
OR225887.1,False,False,False,True
OR225888.1,False,False,False,True
OR225890.1,False,False,False,True
OR225891.1,False,False,False,True
OR225896.1,False,False,False,True
OR225897.1,False,False,False,True
OR225898.1,True,False,False,True
OR252328.1,True,False,False,False
OR267350.1,True,False,False,False
OR267444.1,True,False,False,False
OR267445.1,True,False,False,False
OR267446.1,True,False,False,False
OR267447.1,True,False,False,False
OR268205.1,True,False,False,False
OR268206.1,True,False,False,False
OR268207.1,True,False,False,False
OR268208.1,True,False,False,False
OR268635.1,True,False,False,False
OR268636.1,True,False,False,False
OR367325.1,True,False,False,False
OR367326.1,True,False,False,False
OR367327.1,True,False,False,False
OR367328.1,True,False,False,False
OR399514.1,True,False,False,False
OR419693.1,False,False,False,True
OR419694.1,False,False,False,True
OR419696.1,False,False,False,True
OR419698.1,False,False,False,True
OR419700.1,False,False,False,True
OR419701.1,False,False,False,True
OR419702.1,False,False,False,True
OR419704.1,False,False,False,True
OR419708.1,False,False,False,True
OR419711.1,False,False,False,True
OR419712.1,False,False,False,True
OR419714.1,False,False,False,True
OR419716.1,False,False,False,True
OR419719.1,False,False,False,True
OR419737.1,True,False,False,False
OR463400.1,True,False,False,False
OR463401.1,True,False,False,False
OR463402.1,True,False,False,False
OR463403.1,True,False,False,False
OR463404.1,True,False,False,False
OR478480.1,True,False,False,False
OR478481.1,True,False,False,False
OR478482.1,True,False,False,False
OR478483.1,True,False,False,False
OR478484.1,True,False,False,True
OR478485.1,True,False,False,True
OR478486.1,True,False,False,True
OR478487.1,True,False,False,True
OR478488.1,True,False,False,True
OR478489.1,True,False,False,True
OR523294.1,True,False,False,False
OR523295.1,True,False,False,False
OR523296.1,True,False,False,False
OR523297.1,True,False,False,False
OR523298.1,True,False,False,False
OR523299.1,True,False,False,False
OR523300.1,True,False,False,False
OR523301.1,True,False,False,False
OR523302.1,True,False,False,False
OR523303.1,True,False,False,False
OR523304.1,True,False,False,False
OR523305.1,True,False,False,False
OR597872.1,True,False,False,False
OR597873.1,True,False,False,False
OR597874.1,True,False,False,False
OR597875.1,True,False,False,False
OR597876.1,True,False,False,False
OR597877.1,True,False,False,False
OR597878.1,True,False,False,False
OR597879.1,True,False,False,False
OR597880.1,True,False,False,False
OR597881.1,True,False,False,False
OR597882.1,True,False,False,False
OR597883.1,True,False,False,False
OR597884.1,True,False,False,False
OR597885.1,True,False,False,False
OR597886.1,True,False,False,False
OR597887.1,True,False,False,False
OR597888.1,True,False,False,False
OR597889.1,True,False,False,False
OR597890.1,True,False,False,False
OR597891.1,True,False,False,False
OR597892.1,True,False,False,False
OR597893.1,True,False,False,False
OR597894.1,True,False,False,False
OR597895.1,True,False,False,False
OR597896.1,True,False,False,False
OR618152.1,True,False,False,False
OR618153.1,True,False,False,False
OR618154.1,True,False,False,False
OR618155.1,True,False,False,False
OR618156.1,True,False,False,False
OR618157.1,True,False,False,False
OR618158.1,True,False,False,False
OR618159.1,True,False,False,False
OR618160.1,True,False,False,False
OR618161.1,True,False,False,False
OR618162.1,True,False,False,False
OR618163.1,True,False,False,False
OR618164.1,True,False,False,False
OR618165.1,True,False,False,False
OR618166.1,True,False,False,False
OR618167.1,True,False,False,False
OR618168.1,True,False,False,False
OR618169.1,True,False,False,False
OR618170.1,True,False,False,False
OR618171.1,True,False,False,False
OR618172.1,True,False,False,False
OR618173.1,True,False,False,False
OR618174.1,True,False,False,False
OR618175.1,True,False,False,False
OR618176.1,True,False,False,False
OR618177.1,True,False,False,False
OR618178.1,True,False,False,False
OR618179.1,True,False,False,False
OR618180.1,True,False,False,False
OR618181.1,True,False,False,False
OR618182.1,True,False,False,False
OR618183.1,True,False,False,False
OR618184.1,True,False,False,False
OR618185.1,True,False,False,False
OR618186.1,True,False,False,False
OR618187.1,True,False,False,False
OR618188.1,True,False,False,False
OR618189.1,True,False,False,False
OR618190.1,True,False,False,False
OR618191.1,True,False,False,False
OR618192.1,True,False,False,False
OR618193.1,True,False,False,False
OR618194.1,True,False,False,False
OR618195.1,True,False,False,False
OR618196.1,True,False,False,False
OR618197.1,True,False,False,False
OR618198.1,True,False,False,False
OR618199.1,True,False,False,False
OR618200.1,True,False,False,False
OR618201.1,True,False,False,False
OR618202.1,True,False,False,False
OR648469.1,True,False,False,False
OR648672.1,True,False,False,False
OR666410.1,True,False,False,False
OR666411.1,True,False,False,False
OR674242.1,True,False,False,False
OR674243.1,True,False,False,False
OR681028.1,True,False,False,False
OR681029.1,True,False,False,False
OR681030.1,True,False,False,False
OR681031.1,True,False,False,False
OR681032.1,True,False,False,False
OR681033.1,True,False,False,False
OR681034.1,True,False,False,False
OR681035.1,True,False,False,False
OR681036.1,True,False,False,False
OR681037.1,True,False,False,False
OR681038.1,True,False,False,False
OR681039.1,True,False,False,False
OR685281.1,True,False,False,False
OR780022.1,True,False,False,False
OR780023.1,True,False,False,False
OR780024.1,True,False,False,False
OR780025.1,True,False,False,False
OR780639.1,True,False,False,False
OR780640.1,True,False,False,False
OR780641.1,True,False,False,False
OR780757.1,True,False,False,False
OR780758.1,True,False,False,False
OR780759.1,True,False,False,False
OR780760.1,True,False,False,False
OR780762.1,True,False,False,False
OR780763.1,True,False,False,False
OR780764.1,True,False,False,False
OR780765.1,True,False,False,False
OR780766.1,True,False,False,False
OR780767.1,True,False,False,False
OR780768.1,True,False,False,False
OR780769.1,True,False,False,False
OR780770.1,True,False,False,False
OR780771.1,True,False,False,False
OR780772.1,True,False,False,False
OR780773.1,True,False,False,False
OR780774.1,True,False,False,False
OR780775.1,True,False,False,False
OR780777.1,True,False,False,False
OR780778.1,True,False,False,False
OR792344.1,True,False,False,False
OR792345.1,True,False,False,False
OR792774.1,True,False,False,False
OR792775.1,True,False,False,False
OR816112.1,True,False,False,False
OR857077.1,True,False,False,False
OR857078.1,True,False,False,False
PP151212.1,True,False,False,False
PP188472.1,False,False,False,True
PP389369.1,True,False,False,False
PP389370.1,True,False,False,False
PP389371.1,True,False,False,False
PP389372.1,True,False,False,False
PP389373.1,True,False,False,False
PP389374.1,True,False,False,False
PP389375.1,True,False,False,False
PP389376.1,True,False,False,False
PP389377.1,True,False,False,False
PP389378.1,True,False,False,False
PP389379.1,True,False,False,False
PP389380.1,True,False,False,False
PP389381.1,True,False,False,False
PP389382.1,True,False,False,False
PP391261.1,True,False,False,False
PP391262.1,True,False,False,False
PP391263.1,True,False,False,False
PP391264.1,True,False,False,False
PP391265.1,True,False,False,False
PP423011.1,True,False,False,False
PP423012.1,True,False,False,False
PP532847.1,True,False,False,False
PP532848.1,True,False,False,False
PP564824.1,True,False,False,False
PP584624.1,True,False,False,False
PP594195.1,True,False,False,False
PP663093.1,True,False,False,False
PP709365.1,True,False,False,False
PP709366.1,True,False,False,False
PP709367.1,True,False,False,False
PP709368.1,True,False,False,False
PP733362.1,True,False,False,False
PP733363.1,True,False,False,False
PP733364.1,True,False,False,False
PP733365.1,True,False,False,False
PP733366.1,True,False,False,False
PP733367.1,True,False,False,False
PP733368.1,True,False,False,False
PP733369.1,True,False,False,False
PP733370.1,True,False,False,False
PP733371.1,True,False,False,False
PP733372.1,True,False,False,False
PP733373.1,True,False,False,False
PP733374.1,True,False,False,False
PP733375.1,True,False,False,False
PP733376.1,True,False,False,False
PP733377.1,True,False,False,False
PP733378.1,True,False,False,False
PP733379.1,True,False,False,False
PP733380.1,True,False,False,False
PP733381.1,True,False,False,False
PP733382.1,True,False,False,False
PP733383.1,True,False,False,False
PP733384.1,True,False,False,False
PP733385.1,True,False,False,False
PP733386.1,True,False,False,False
PP733387.1,True,False,False,False
PP733388.1,True,False,False,False
PP733389.1,True,False,False,False
PP733390.1,True,False,False,False
PP733391.1,True,False,False,False
PP733855.1,True,False,False,False
PP733856.1,True,False,False,False
PP733857.1,True,False,False,False
PP733858.1,True,False,False,False
PP733859.1,True,False,False,False
PP733860.1,True,False,False,False
PP733861.1,True,False,False,False
PP733862.1,True,False,False,False
PP733863.1,True,False,False,False
PP733864.1,True,False,False,False
PP753793.1,True,False,False,False
PP753794.1,True,False,False,False
PP753795.1,True,False,False,False
PP753796.1,True,False,False,False
PP753797.1,True,False,False,False
PP753798.1,True,False,False,False
PP753799.1,True,False,False,False
PP753800.1,True,False,False,False
PP753801.1,True,False,False,False
PP753802.1,True,False,False,False
PP753803.1,True,False,False,False
PP753804.1,True,False,False,False
PP753805.1,True,False,False,False
PP753806.1,True,False,False,False
PP753807.1,True,False,False,False
PP753808.1,True,False,False,False
PP753809.1,True,False,False,False
PP753810.1,True,False,False,False
PP753811.1,True,False,False,False
PP753812.1,True,False,False,False
PP753813.1,True,False,False,False
PP753814.1,True,False,False,False
PP753815.1,True,False,False,False
PP753816.1,True,False,False,False
PP753817.1,True,False,False,False
PP753818.1,True,False,False,False
PP753819.1,True,False,False,False
PP753820.1,True,False,False,False
PP753821.1,True,False,False,False
PP753822.1,True,False,False,False
PP753823.1,True,False,False,False
PP753827.1,True,False,False,True
PP753828.1,True,False,False,True
PP753829.1,True,False,False,True
PP753830.1,True,False,False,True
PP753831.1,True,False,False,True
PP753832.1,True,False,False,True
PP753833.1,True,False,False,True
PP753834.1,True,False,False,True
PP753835.1,True,False,False,True
PP753836.1,True,False,False,True
PP753837.1,True,False,False,True
PP753838.1,True,False,False,True
PP753839.1,True,False,False,True
PP753840.1,True,False,False,True
PP753841.1,True,False,False,True
PP753842.1,True,False,False,True
PP753843.1,True,False,False,True
PP753844.1,True,False,False,True
PP753845.1,True,False,False,True
PP753846.1,True,False,False,True
PP753847.1,True,False,False,True
PP753848.1,True,False,False,True
PP753849.1,True,False,False,True
PP753850.1,True,False,False,True
PP753851.1,True,False,False,True
PP753852.1,True,False,False,True
PP753853.1,True,False,False,True
PP753854.1,True,False,False,True
PP753855.1,True,False,False,True
PP753856.1,True,False,False,True
PP753857.1,True,False,False,True
PP753999.1,False,False,False,True
PP754000.1,False,False,False,True
PP754001.1,False,False,False,True
PP754002.1,False,False,False,True
PP754003.1,False,False,False,True
PP754004.1,False,False,False,True
PP754005.1,False,False,False,True
PP754006.1,False,False,False,True
PP754007.1,False,False,False,True
PP754008.1,False,False,False,True
PP754009.1,False,False,False,True
PP754010.1,False,False,False,True
PP754011.1,False,False,False,True
PP754012.1,False,False,False,True
PP754013.1,False,False,False,True
PP754014.1,False,False,False,True
PP754015.1,False,False,False,True
PP754016.1,False,False,False,True
PP754017.1,False,False,False,True
PP754018.1,False,False,False,True
PP754019.1,False,False,False,True
PP754020.1,False,False,False,True
PP754021.1,False,False,False,True
PP754022.1,False,False,False,True
PP754023.1,False,False,False,True
PP754024.1,False,False,False,True
PP754025.1,False,False,False,True
PP754026.1,False,False,False,True
PP754027.1,False,False,False,True
PP754028.1,False,False,False,True
PP754029.1,False,False,False,True
PP754030.1,False,False,False,True
PP754031.1,False,False,False,True
PP754032.1,False,False,False,True
PP754033.1,False,False,False,True
PP754034.1,False,False,False,True
PP754035.1,False,False,False,True
PP754036.1,False,False,False,True
PP754037.1,False,False,False,True
PP754038.1,False,False,False,True
PP754039.1,False,False,False,True
PP754040.1,False,False,False,True
PP754041.1,False,False,False,True
PP754042.1,False,False,False,True
PP754043.1,False,False,False,True
PP754044.1,False,False,False,True
PP754045.1,False,False,False,True
PP851051.1,True,False,False,False
PP851052.1,True,False,False,False
PP851053.1,True,False,False,False
PP851054.1,True,False,False,False
PP851055.1,True,False,False,False
PP851056.1,True,False,False,False
PP851057.1,True,False,False,False
PP851058.1,True,False,False,False
PP851059.1,True,False,False,False
PP851060.1,True,False,False,False
PP851061.1,True,False,False,False
PP851409.1,True,False,False,False
PQ097766.1,True,False,False,False
PQ097767.1,True,False,False,False
PQ249007.1,True,False,False,False
PQ369661.1,True,False,False,False
PQ429041.1,True,False,False,False
PQ455501.1,True,False,False,False
PQ455502.1,True,False,False,False
PQ455503.1,True,False,False,False
PQ455504.1,True,False,False,False
PQ455505.1,True,False,False,False
PQ455506.1,True,False,False,False
PQ455507.1,True,False,False,False
PQ455508.1,True,False,False,False
PQ455509.1,True,False,False,False
PQ455510.1,True,False,False,False
PQ455511.1,True,False,False,False
PQ455512.1,True,False,False,False
PQ455513.1,True,False,False,False
PQ455514.1,True,False,False,False
PQ455515.1,True,False,False,False
PQ455516.1,True,False,False,False
PQ455517.1,True,False,False,False
PQ455589.1,True,False,False,False
PQ459916.1,True,False,False,False
PQ459917.1,True,False,False,False
PQ459936.1,False,False,False,True
PQ459937.1,False,False,False,True
PQ459938.1,False,False,False,True
PQ459939.1,False,False,False,True
PQ459940.1,False,False,False,True
PQ459941.1,False,False,False,True
PQ459942.1,False,False,False,True
PQ582089.1,True,False,False,False
PQ583777.1,True,False,False,False
PQ583778.1,True,False,False,False
PQ585620.1,True,False,False,False
PQ590386.1,True,False,False,False
PQ593272.1,True,False,False,False
PQ593273.1,True,False,False,False
PQ593274.1,True,False,False,True
PQ596184.1,True,False,False,False
PQ596185.1,True,False,False,False
PQ614896.1,True,False,False,False
PQ614897.1,True,False,False,False
PQ626682.1,True,False,False,False
PQ632216.1,True,False,False,False
PQ632217.1,True,False,False,False
PQ632221.1,True,False,False,False
PQ657421.1,True,False,False,False
PQ740278.1,True,False,False,False
PQ780062.1,True,False,False,False
PQ780063.1,True,False,False,False
PV022783.1,True,False,False,False
PV022784.1,True,False,False,False
PV022785.1,True,False,False,False
PV022786.1,True,False,False,False
PV022787.1,True,False,False,False
PV022788.1,True,False,False,False
PV022789.1,True,False,False,False
PV022790.1,True,False,False,False
PV054758.1,True,False,False,False
PV054759.1,True,False,False,False
PV054760.1,True,False,False,False
PV054761.1,True,False,False,False
PV104188.1,True,False,False,False
PV242299.1,True,False,False,False
PV242300.1,True,False,False,False
PV242301.1,True,False,False,False
PV242302.1,True,False,False,False
PV242303.1,True,False,False,False
PV242304.1,True,False,False,False
PV242305.1,True,False,False,False
PV242306.1,True,False,False,False
PV242307.1,True,False,False,False
PV242308.1,True,False,False,False
PV242309.1,True,False,False,False
PV242310.1,True,False,False,False
PV242311.1,True,False,False,False
PV242312.1,True,False,False,False
PV242313.1,True,False,False,False
PV242314.1,True,False,False,False
PV242315.1,True,False,False,False
PV242316.1,True,False,False,False
PV242317.1,True,False,False,False
PV242318.1,True,False,False,False
PV277014.1,True,False,False,False
PV277015.1,True,False,False,False
PV289253.1,True,False,False,False
PV394765.1,False,False,True,False
PV616823.1,True,False,False,False
PV616824.1,True,False,False,False
PV640830.1,True,False,False,False
PV702611.1,True,False,False,False
PV702612.1,True,False,False,False
PV702613.1,True,False,False,False
PV702614.1,True,False,False,False
PV702615.1,True,False,False,False
PV702616.1,True,False,False,False
PV702617.1,True,False,False,False
PV702618.1,True,False,False,False
PV702619.1,True,False,False,False
PV702620.1,True,False,False,False
PV702621.1,True,False,False,False
PV702622.1,True,False,False,False
PV702623.1,True,False,False,False
PV702624.1,True,False,False,False
PV702625.1,True,False,False,False
PV702626.1,True,False,False,False
PV702627.1,True,False,False,False
PV702628.1,True,False,False,False
PV702629.1,True,False,False,False
PV731529.1,False,False,True,False
PV731541.1,False,False,True,False
PV731543.1,False,False,False,True
PV731546.1,False,False,True,False
PV740688.1,True,False,False,False
PV746404.1,False,False,True,False
PV746406.1,False,False,True,False
PV746418.1,False,False,True,False
PV746421.1,False,False,True,False
PV746422.1,False,False,True,False
PV746423.1,False,False,True,False
PV746431.1,False,False,False,True
PV746436.1,False,False,True,False
PV746446.1,False,False,True,False
PV746447.1,False,False,True,False
PV746449.1,False,False,False,True
PV746458.1,False,False,True,False
PV746462.1,False,False,True,False
PV746463.1,False,False,False,True
PV746464.1,False,False,False,True
PV746465.1,False,False,True,False
PV746467.1,False,False,True,False
PV746473.1,False,False,True,False
PV746474.1,True,False,False,False
PV765564.1,False,False,True,False
PV766928.1,False,False,True,False
PV785757.1,False,False,False,True
PV793428.1,True,False,False,False
PV793429.1,True,False,False,False
PV798840.1,True,False,False,False
PV798841.1,True,False,False,False
PV839786.1,True,False,False,False
PV842270.1,False,False,False,True
PV844357.1,False,False,False,True
PV876273.1,False,False,False,True
PV876279.1,False,False,False,True
PV876302.1,False,False,False,True
PV932082.1,True,False,False,False
PV932083.1,True,False,False,False
PV932084.1,True,False,False,False
PV932086.1,True,False,False,False
PV932088.1,True,False,False,False
PV932103.1,True,False,False,False
PV932111.1,True,False,False,False
PV932112.1,True,False,False,False
PV932170.1,True,False,False,False
PV932171.1,True,False,False,False
PV932173.1,True,False,False,False
PV932191.1,True,False,False,False
PV932192.1,True,False,False,False
PV932214.1,True,False,False,False
PV932215.1,True,False,False,False
PV932408.1,True,False,False,False
PV932409.1,True,False,False,False
PV932430.1,True,False,False,False
PV932840.1,True,False,False,False
PV932841.1,True,False,False,False
PV932865.1,True,False,False,False
PV973181.1,False,False,False,True
PV973184.1,False,False,False,True
PV973187.1,False,False,False,True
PV973188.1,False,False,False,True
PV973192.1,False,False,False,True
PV973193.1,False,False,False,True
PV973194.1,False,False,False,True
PV973201.1,False,False,False,True
PV973204.1,False,False,False,True
PV973208.1,False,False,False,True
PV973210.1,False,False,False,True
PV973213.1,False,False,False,True
PV973214.1,False,False,False,True
PV973215.1,False,False,False,True
PV973222.1,False,False,False,True
PV973223.1,False,False,False,True
PX113522.1,False,False,True,False
PX113524.1,False,False,True,False
PX226098.1,True,False,False,False
PX359222.1,True,False,False,False
PX359223.1,True,False,False,False
PX359224.1,True,False,False,False
PX359225.1,True,False,False,False
PX359226.1,True,False,False,False
PX359227.1,True,False,False,False
PX458190.1,True,False,False,False
PX458191.1,True,False,False,False
PX458192.1,True,False,False,False
PX458193.1,True,False,False,False
PX458194.1,True,False,False,False
PX458195.1,True,False,False,False
PX458196.1,True,False,False,False
PX458197.1,True,False,False,False
PX458198.1,True,False,False,False
PX458199.1,True,False,False,False
PX458200.1,True,False,False,False
PX458201.1,True,False,False,False
PX458202.1,True,False,False,False
PX458205.1,True,False,False,False
PX458206.1,True,False,False,False
PX458207.1,True,False,False,False
PX458208.1,True,False,False,False
PX458210.1,True,False,False,False
PX458211.1,True,False,False,False
PX458212.1,True,False,False,False
PX458213.1,True,False,False,False
PX458214.1,True,False,False,False
PX458215.1,True,False,False,False
PX458216.1,True,False,False,False
PX458217.1,True,False,False,False
PX458218.1,True,False,False,False
PX458219.1,True,False,False,False
PX458220.1,True,False,False,False
PX458221.1,True,False,False,False
PX458222.1,True,False,False,False
PX458223.1,True,False,False,False
PX458224.1,True,False,False,False
PX458225.1,True,False,False,False
PX458226.1,True,False,False,False
PX458227.1,True,False,False,False
PX458228.1,True,False,False,False
PX458229.1,True,False,False,False
PX458230.1,True,False,False,False
PX458231.1,True,False,False,False
PX458232.1,True,False,False,False
PX458233.1,True,False,False,False
PX458234.1,True,False,False,False
PX458236.1,True,False,False,False
PX458237.1,True,False,False,False
PX458238.1,True,False,False,False
PX458239.1,True,False,False,False
PX458241.1,True,False,False,False
PX458242.1,True,False,False,False
PX458243.1,True,False,False,False
PX458244.1,True,False,False,False
PX458245.1,True,False,False,False
PX458246.1,True,False,False,False
PX458247.1,True,False,False,False
PX458248.1,True,False,False,False
PX458249.1,True,False,False,False
PX458250.1,True,False,False,False
PX458252.1,True,False,False,False
PX458253.1,True,False,False,False
PX458254.1,True,False,False,False
PX458255.1,True,False,False,False
PX458256.1,True,False,False,False
PX458257.1,True,False,False,False
PX458258.1,True,False,False,False
PX458259.1,True,False,False,False
PX458260.1,True,False,False,False
PX458261.1,True,False,False,False
PX458262.1,True,False,False,False
PX458263.1,True,False,False,False
PX458265.1,True,False,False,False
PX458266.1,True,False,False,False
PX458267.1,True,False,False,False
PX458268.1,True,False,False,False
PX458269.1,True,False,False,False
PX458270.1,True,False,False,False
PX458271.1,True,False,False,False
PX458272.1,True,False,False,False
PX458273.1,True,False,False,False
PX458274.1,True,False,False,False
PX458275.1,True,False,False,False
PX458276.1,True,False,False,False
PX458277.1,True,False,False,False
PX458278.1,True,False,False,False
PX458279.1,True,False,False,False
PX458280.1,True,False,False,False
PX487757.1,True,False,False,False
PX487758.1,True,False,False,False
PX487759.1,True,False,False,False
PX588131.1,True,False,False,False
PX588132.1,True,False,False,False
PX588133.1,True,False,False,False
PX588134.1,True,False,False,False
PX588135.1,True,False,False,False
PX588136.1,True,False,False,False
PX588137.1,True,False,False,False
PX588138.1,True,False,False,False
PX588139.1,True,False,False,False
PX588140.1,True,False,False,False
PX588141.1,True,False,False,False
PX588142.1,True,False,False,False
PX588143.1,True,False,False,False
PX588144.1,True,False,False,False
PX588145.1,True,False,False,False
PX588146.1,True,False,False,False
PX588147.1,True,False,False,False
PX588148.1,True,False,False,False
PX588149.1,True,False,False,False
PX588150.1,True,False,False,False
PX588151.1,True,False,False,False
PX588152.1,True,False,False,False
PX588153.1,True,False,False,False
PX588154.1,True,False,False,False
PX588155.1,True,False,False,False
PX588156.1,True,False,False,False
PX588157.1,True,False,False,False
PX588158.1,True,False,False,False
PX588159.1,True,False,False,False
PX588160.1,True,False,False,False
PX588161.1,True,False,False,False
PX588162.1,True,False,False,False
PX588163.1,True,False,False,False
PX588164.1,True,False,False,False
PX588165.1,True,False,False,False
PX588166.1,True,False,False,False
PX588167.1,True,False,False,False
PX588168.1,True,False,False,False
PX588169.1,True,False,False,False
PX588170.1,True,False,False,False
PX588171.1,True,False,False,False
PX588172.1,True,False,False,False
PX588173.1,True,False,False,False
PX588174.1,True,False,False,False
PX588175.1,True,False,False,False
PX588176.1,True,False,False,False
PX588177.1,True,False,False,False
PX588178.1,True,False,False,False
PX588179.1,True,False,False,False
PX588180.1,True,False,False,False
PX588181.1,True,False,False,False
PX588182.1,True,False,False,False
PX588183.1,True,False,False,False
PX588184.1,True,False,False,False
PX588185.1,True,False,False,False
PX588186.1,True,False,False,False
PX588187.1,True,False,False,False
PX588188.1,True,False,False,False
PX588189.1,True,False,False,False
PX588190.1,True,False,False,False
PX588191.1,True,False,False,False
PX588192.1,True,False,False,False
PX588193.1,True,False,False,False
PX588194.1,True,False,False,False
PX588195.1,True,False,False,False
PX588196.1,True,False,False,False
PX588197.1,True,False,False,False
PX588198.1,True,False,False,False
PX588199.1,True,False,False,False
PX588200.1,True,False,False,False
PX588201.1,True,False,False,False
PX588202.1,True,False,False,False
PX588203.1,True,False,False,False
PX588204.1,True,False,False,False
PX588205.1,True,False,False,False
PX588206.1,True,False,False,False
PX588207.1,True,False,False,False
PX588208.1,True,False,False,False
PX588209.1,True,False,False,False
PX588210.1,True,False,False,False
PX588211.1,True,False,False,False
PX588212.1,True,False,False,False
PX588213.1,True,False,False,False
PX588214.1,True,False,False,False
PX588215.1,True,False,False,False
PX588216.1,True,False,False,False
PX588217.1,True,False,False,False
PX588218.1,True,False,False,False
PX588219.1,True,False,False,False
PX588220.1,True,False,False,False
PX588221.1,True,False,False,False
PX588222.1,True,False,False,False
PX588223.1,True,False,False,False
PX588224.1,True,False,False,False
PX588225.1,True,False,False,False
PX588226.1,True,False,False,False
PX588227.1,True,False,False,False
PX588228.1,True,False,False,False
PX588229.1,True,False,False,False
PX588230.1,True,False,False,False
PX588231.1,True,False,False,False
PX588232.1,True,False,False,False
PX588233.1,True,False,False,False
PX588234.1,True,False,False,False
PX588235.1,True,False,False,False
PX588236.1,True,False,False,False
PX588237.1,True,False,False,False
PX588238.1,True,False,False,False
PX588239.1,True,False,False,False
PX588240.1,True,False,False,False
PX588241.1,True,False,False,False
PX588242.1,True,False,False,False
PX588243.1,True,False,False,False
PX588244.1,True,False,False,False
PX588245.1,True,False,False,False
PX588246.1,True,False,False,False
PX588247.1,True,False,False,False
PX588248.1,True,False,False,False
PX588249.1,True,False,False,False
PX588250.1,True,False,False,False
PX588251.1,True,False,False,False
PX588252.1,True,False,False,False
PX588253.1,True,False,False,False
PX588254.1,True,False,False,False
PX588255.1,True,False,False,False
PX588256.1,True,False,False,False
PX588257.1,True,False,False,False
PX588258.1,True,False,False,False
PX598973.1,True,False,False,False
PX598974.1,True,False,False,False
PX598975.1,True,False,False,False
PX598976.1,True,False,False,False
PX598977.1,True,False,False,False
PX598978.1,True,False,False,False
PX598979.1,True,False,False,False
PX598980.1,True,False,False,False
PX598981.1,True,False,False,False
PX598982.1,True,False,False,False
PX598983.1,True,False,False,False
PX598984.1,True,False,False,False
PX598985.1,True,False,False,False
PX598986.1,True,False,False,False
PX598987.1,True,False,False,False
PX598988.1,True,False,False,False
PX598989.1,True,False,False,False
PX598990.1,True,False,False,False
PX598991.1,True,False,False,False
PX598992.1,True,False,False,False
PX599732.1,True,False,False,False
PX599733.1,True,False,False,False
PX599734.1,True,False,False,False
PX599735.1,True,False,False,False
PX599736.1,True,False,False,False
PX599737.1,True,False,False,False
PX599738.1,True,False,False,False
PX599739.1,True,False,False,False
PX599740.1,True,False,False,False
PX599741.1,True,False,False,False
PX599742.1,True,False,False,False
PX599743.1,True,False,False,False
PX599744.1,True,False,False,False
PX599745.1,True,False,False,False
PX599746.1,True,False,False,False
PX599747.1,True,False,False,False
PX599748.1,True,False,False,False
PX599749.1,True,False,False,False
PX599750.1,True,False,False,False
PX599751.1,True,False,False,False
PX599752.1,True,False,False,False
PX599753.1,True,False,False,False
PX599754.1,True,False,False,False
PX599755.1,True,False,False,False
PX599756.1,True,False,False,False
PX599757.1,True,False,False,False
PX599758.1,True,False,False,False
PX599759.1,True,False,False,False
PX599760.1,True,False,False,False
PX599761.1,True,False,False,False
PX599762.1,True,False,False,False
PX599763.1,True,False,False,False
PX599764.1,True,False,False,False
PX599765.1,True,False,False,False
PX599766.1,True,False,False,False
PX599767.1,True,False,False,False
PX631433.1,True,False,False,False
PX631434.1,True,False,False,False
PX686277.1,True,False,False,False
PX686278.1,True,False,False,False
PX686279.1,True,False,False,False
PX686280.1,True,False,False,False
PX686281.1,True,False,False,False
PX686282.1,True,False,False,False
PX686283.1,True,False,False,False
PX686284.1,True,False,False,False
PX686285.1,True,False,False,False
PX686286.1,True,False,False,False
PX686287.1,True,False,False,False
PX686288.1,True,False,False,False
PX686289.1,True,False,False,False
PX686290.1,True,False,False,False
PX686291.1,True,False,False,False
PX686292.1,True,False,False,False
PX686293.1,True,False,False,False
PX686294.1,True,False,False,False
PX686295.1,True,False,False,False
PX686296.1,True,False,False,False
PX686297.1,True,False,False,False
PX686298.1,True,False,False,False
PX686299.1,True,False,False,False
PX686300.1,True,False,False,False
PX686301.1,True,False,False,False
PX686302.1,True,False,False,False
PX686303.1,True,False,False,False
PX686304.1,True,False,False,False
PX686305.1,True,False,False,False
PX686306.1,True,False,False,False
PX686307.1,True,False,False,False
PX686308.1,True,False,False,False
PX686309.1,True,False,False,False
PX686310.1,True,False,False,False
PX686311.1,True,False,False,False
PX686312.1,True,False,False,False
PX686313.1,True,False,False,False
PX686314.1,True,False,False,False
PX686315.1,True,False,False,False
PX686316.1,True,False,False,False
PX686317.1,True,False,False,False
PX686416.1,True,False,False,False
PX686417.1,True,False,False,False
PX686418.1,True,False,False,False
PX686419.1,True,False,False,False
PX686420.1,True,False,False,False
PX686421.1,True,False,False,False
PX686422.1,True,False,False,False
PX686423.1,True,False,False,False
PX686424.1,True,False,False,False
PX686425.1,True,False,False,False
PX686426.1,True,False,False,False
PX686427.1,True,False,False,False
PX686428.1,True,False,False,False
PX686429.1,True,False,False,False
PX686492.1,True,False,False,False
PX686493.1,True,False,False,False
PX686494.1,True,False,False,False
PX686495.1,True,False,False,False
PX686496.1,True,False,False,False
PX686497.1,True,False,False,False
PX686498.1,True,False,False,False
PX686499.1,True,False,False,False
PX686500.1,True,False,False,False
PX686501.1,True,False,False,False
PX686502.1,True,False,False,False
PX686503.1,True,False,False,False
PX686504.1,True,False,False,False
PX686505.1,True,False,False,False
PX686506.1,True,False,False,False
PX686507.1,True,False,False,False
PX686508.1,True,False,False,False
PX686509.1,True,False,False,False
PX686510.1,True,False,False,False
PX686511.1,True,False,False,False
PX686512.1,True,False,False,False
PX686513.1,True,False,False,False
PX686514.1,True,False,False,False
PX686515.1,True,False,False,False
PX687001.1,True,False,False,False
PX687002.1,True,False,False,False
PX687003.1,True,False,False,False
PX687004.1,True,False,False,False
PX687005.1,True,False,False,False
PX687006.1,True,False,False,False
PX687007.1,True,False,False,False
PX687008.1,True,False,False,False
PX687009.1,True,False,False,False
PX687184.1,True,False,False,False
PX687185.1,True,False,False,False
PX687186.1,True,False,False,False
PX687187.1,True,False,False,False
PX687188.1,True,False,False,False
PX687189.1,True,False,False,False
PX687190.1,True,False,False,False
PX687191.1,True,False,False,False
PX687192.1,True,False,False,False
PX687193.1,True,False,False,False
PX710099.1,True,False,False,False
PX710100.1,True,False,False,False
PX710101.1,True,False,False,False
PX710102.1,True,False,False,False
PX710104.1,True,False,False,False
PX710120.1,True,False,False,False
PX710121.1,True,False,False,False
PX710122.1,True,False,False,False
PX710123.1,True,False,False,False
PX710124.1,True,False,False,False
PX710125.1,True,False,False,False
PX710126.1,True,False,False,False
PX710127.1,True,False,False,False
PX710128.1,True,False,False,False
PX710129.1,True,False,False,False
PX710130.1,True,False,False,False
PX710131.1,True,False,False,False
PX710132.1,True,False,False,False
PX710133.1,True,False,False,False
PX710134.1,True,False,False,False
PX710135.1,True,False,False,False
PX710136.1,True,False,False,False
PX710137.1,True,False,False,False
PX710138.1,True,False,False,False
PX710139.1,True,False,False,False
PX710140.1,True,False,False,False
PX710141.1,True,False,False,False
PX710142.1,True,False,False,False
PX710143.1,True,False,False,False
PX710144.1,True,False,False,False
PX710145.1,True,False,False,False
PX710146.1,True,False,False,False
PX710147.1,True,False,False,False
PX710148.1,True,False,False,False
PX710149.1,True,False,False,False
PX710478.1,True,False,False,False
PX710479.1,True,False,False,False
PX710480.1,True,False,False,False
PX710481.1,True,False,False,False
PX710482.1,True,False,False,False
PX710483.1,True,False,False,False
PX710484.1,True,False,False,False
PX710485.1,True,False,False,False
PX710486.1,True,False,False,False
PX710487.1,True,False,False,False
PX710488.1,True,False,False,False
PX710489.1,True,False,False,False
PX710490.1,True,False,False,False
PX710491.1,True,False,False,False
PX710492.1,True,False,False,False
PX710493.1,True,False,False,False
PX710494.1,True,False,False,False
PX720642.1,True,False,False,False
PX720643.1,True,False,False,False
PX720644.1,True,False,False,False
PX720645.1,True,False,False,False
PX720646.1,True,False,False,False
PX720647.1,True,False,False,False
PX720648.1,True,False,False,False
PX720649.1,True,False,False,False
PX720650.1,True,False,False,False
PX720651.1,True,False,False,False
PX720652.1,True,False,False,False
PX720653.1,True,False,False,False
PX720654.1,True,False,False,False
PX720655.1,True,False,False,False
PX720656.1,True,False,False,False
PX720657.1,True,False,False,False
PX869001.1,False,False,False,True
PX869002.1,False,False,False,True
PX869003.1,False,False,False,True
PX869004.1,False,False,False,True
PX869005.1,False,False,False,True
PX869006.1,False,False,False,True
PX869007.1,False,False,False,True
PX869008.1,False,False,False,True
PX869009.1,False,False,False,True
PX869010.1,False,False,False,True
PX869011.1,False,False,False,True
PX869012.1,False,False,False,True
PX869013.1,False,False,False,True
PX869014.1,False,False,False,True
PX869015.1,False,False,False,True
PX869016.1,False,False,False,True
PX869017.1,False,False,False,True
PX869018.1,False,False,False,True
PX869019.1,False,False,False,True
PX869020.1,False,False,False,True
PX869021.1,False,False,False,True
PX869022.1,False,False,False,True
PX869023.1,False,False,False,True
PX869024.1,False,False,False,True
PX869025.1,False,False,False,True
PX869026.1,False,False,False,True
PX869027.1,False,False,False,True
PX869028.1,False,False,False,True
PX869029.1,False,False,False,True
PX869030.1,False,False,False,True
PX869031.1,False,False,False,True
PX869032.1,False,False,False,True
PX869033.1,False,False,False,True
PX869034.1,False,False,False,True
PX869035.1,False,False,False,True
PX869036.1,False,False,False,True
PX869037.1,False,False,False,True
PX869038.1,False,False,False,True
PX869039.1,False,False,False,True
PX869040.1,False,False,False,True
PX869041.1,False,False,False,True
PX869042.1,False,False,False,True
PX869043.1,False,False,False,True
PX869044.1,False,False,False,True
PX869045.1,False,False,False,True
PX869046.1,False,False,False,True
PX869047.1,False,False,False,True
PX869048.1,False,False,False,True
PX869049.1,False,False,False,True
PX869050.1,False,False,False,True
PX869051.1,False,False,False,True
PX869052.1,False,False,False,True
PX869053.1,False,False,False,True
PX869054.1,False,False,False,True
PX869055.1,False,False,False,True
PX869056.1,False,False,False,True
PX869057.1,False,False,False,True
PX869058.1,False,False,False,True
PX869059.1,False,False,False,True
PX869060.1,False,False,False,True
PX869061.1,False,False,False,True
PX869062.1,False,False,False,True
PX869063.1,False,False,False,True
PX869064.1,False,False,False,True
PX869065.1,False,False,False,True
PX869066.1,False,False,False,True
PX869067.1,False,False,False,True
PX869068.1,False,False,False,True
PX869069.1,False,False,False,True
PX869070.1,False,False,False,True
PX869071.1,False,False,False,True
PX869072.1,False,False,False,True
PX869073.1,False,False,False,True
PX869074.1,False,False,False,True
PX869075.1,False,False,False,True
PX869076.1,False,False,False,True
PX869077.1,False,False,False,True
PX869078.1,False,False,False,True
PX869079.1,False,False,False,True
PX869080.1,False,False,False,True
PX869081.1,False,False,False,True
PX869082.1,False,False,False,True
PX869083.1,False,False,False,True
PX869084.1,False,False,False,True
PX869085.1,False,False,False,True
PX869086.1,False,False,False,True
PX869087.1,False,False,False,True
PX869088.1,False,False,False,True
PX869089.1,False,False,False,True
PX869090.1,False,False,False,True
PX869091.1,False,False,False,True
PX869092.1,False,False,False,True
PX869093.1,False,False,False,True
PX869094.1,False,False,False,True
PX869095.1,False,False,False,True
PX869096.1,False,False,False,True
PX869097.1,False,False,False,True
PX869098.1,False,False,False,True
PX869099.1,False,False,False,True
PX869100.1,False,False,False,True
PX869101.1,False,False,False,True
PX869102.1,False,False,False,True
PX869103.1,False,False,False,True
PX869104.1,False,False,False,True
PX869105.1,False,False,False,True
PX869106.1,False,False,False,True
PX869107.1,False,False,False,True
PX933720.1,True,False,False,False
PX933721.1,True,False,False,False
PX933722.1,True,False,False,False
PX933723.1,True,False,False,False
PX969940.1,False,False,False,True
PX969941.1,False,False,False,True
PX969942.1,False,False,False,True
PX969943.1,False,False,False,True
PX969944.1,False,False,False,True
PX969945.1,False,False,False,True
PX969946.1,False,False,False,True
PX969947.1,False,False,False,True
PX969948.1,False,False,False,True
PX969949.1,False,False,False,True
PX969950.1,False,False,False,True
PX969951.1,False,False,False,True
PX969952.1,False,False,False,True
PX969953.1,False,False,False,True
PX969954.1,False,False,False,True
PX969955.1,False,False,False,True
PX969956.1,False,False,False,True
PX969957.1,False,False,False,True
PX969958.1,False,False,False,True
PX969959.1,False,False,False,True
PX969960.1,False,False,False,True
PX969961.1,False,False,False,True
PX969962.1,False,False,False,True
PX969963.1,False,False,False,True
PX969964.1,False,False,False,True
PX969965.1,False,False,False,True
PX969966.1,False,False,False,True
PX969967.1,False,False,False,True
PX969968.1,False,False,False,True
PX969969.1,False,False,False,True
PX969970.1,False,False,False,True
PX969971.1,False,False,False,True
PX969972.1,False,False,False,True
PX969973.1,False,False,False,True
PX969974.1,False,False,False,True
PX969975.1,False,False,False,True
PX969976.1,False,False,False,True
PX969977.1,False,False,False,True
PX969978.1,False,False,False,True
PX969979.1,False,False,False,True
PX969980.1,False,False,False,True
PX969981.1,False,False,False,True
PX969982.1,False,False,False,True
PX969983.1,False,False,False,True
PX969984.1,False,False,False,True
PX969985.1,False,False,False,True
PX969986.1,False,False,False,True
PX969987.1,False,False,False,True
PX969988.1,False,False,False,True
PX969989.1,False,False,False,True
PX969990.1,False,False,False,True
PX969991.1,False,False,False,True
PX969992.1,False,False,False,True
PX969993.1,False,False,False,True
PX969994.1,False,False,False,True
PX969995.1,False,False,False,True
PX969996.1,False,False,False,True
PX969997.1,False,False,False,True
PX969998.1,False,False,False,True
PX969999.1,False,False,False,True
PX970000.1,False,False,False,True
PX970001.1,False,False,False,True
PX970002.1,False,False,False,True
PX970003.1,False,False,False,True
PX970004.1,False,False,False,True
PX970005.1,False,False,False,True
PX970006.1,False,False,False,True
PX970007.1,False,False,False,True
PX970008.1,False,False,False,True
PX970009.1,False,False,False,True
PX970010.1,False,False,False,True
PX970011.1,False,False,False,True
PX970012.1,False,False,False,True
PX970013.1,False,False,False,True
PX970014.1,False,False,False,True
PX970015.1,False,False,False,True
PX970016.1,False,False,False,True
PX970017.1,False,False,False,True
PX970018.1,False,False,False,True
PX970019.1,False,False,False,True
PX970020.1,False,False,False,True
PX970021.1,False,False,False,True
PX970022.1,False,False,False,True
PX970023.1,False,False,False,True
PX970024.1,False,False,False,True
PX970025.1,False,False,False,True
PX970026.1,False,False,False,True
PX970027.1,False,False,False,True
PX970028.1,False,False,False,True
PX970029.1,False,False,False,True
PX970030.1,False,False,False,True
PX970031.1,False,False,False,True
PX970032.1,False,False,False,True
PX970033.1,False,False,False,True
PX970034.1,False,False,False,True
PX970035.1,False,False,False,True
PX970036.1,False,False,False,True
PX970037.1,False,False,False,True
PX970038.1,False,False,False,True
PX970039.1,False,False,False,True
PX970040.1,False,False,False,True
PX970041.1,False,False,False,True
PX970042.1,False,False,False,True
PX970043.1,False,False,False,True
PX970044.1,False,False,False,True
PX970045.1,False,False,False,True
PX970046.1,False,False,False,True
PX970047.1,False,False,False,True
PX970048.1,False,False,False,True
PX970049.1,False,False,False,True
PX970050.1,False,False,False,True
PX970051.1,False,False,False,True
PX970052.1,False,False,False,True
PX970053.1,False,False,False,True
PX970054.1,False,False,False,True
PX970055.1,False,False,False,True
PX970056.1,False,False,False,True
PX970057.1,False,False,False,True
PX970058.1,False,False,False,True
PX970059.1,False,False,False,True
PX970060.1,False,False,False,True
PX970061.1,False,False,False,True
PX970062.1,False,False,False,True
PX970063.1,False,False,False,True
PX970064.1,False,False,False,True
PX970065.1,False,False,False,True
PX970066.1,False,False,False,True
PX970067.1,False,False,False,True
PX970068.1,False,False,False,True
PX970069.1,False,False,False,True
PX970070.1,False,False,False,True
PX970071.1,False,False,False,True
PX970072.1,False,False,False,True
PX970073.1,False,False,False,True
PX970074.1,False,False,False,True
PX970075.1,False,False,False,True
PX970076.1,False,False,False,True
PX970077.1,False,False,False,True
PX970078.1,False,False,False,True
PX970079.1,False,False,False,True
PX970080.1,False,False,False,True
PX970081.1,False,False,False,True
PX970082.1,False,False,False,True
PX970083.1,False,False,False,True
PX970084.1,False,False,False,True
PX974160.1,True,False,False,False
PX974161.1,True,False,False,False
PX974162.1,True,False,False,False
PZ019914.1,False,False,False,True
PZ019915.1,False,False,False,True
PZ019921.1,False,False,False,True
PZ096308.1,True,False,False,False
PZ145857.1,True,False,False,False
PZ145858.1,True,False,False,False
PZ145859.1,True,False,False,False
PZ145860.1,True,False,False,False
PZ145861.1,True,False,False,False
PZ145862.1,True,False,False,False
PZ145863.1,True,False,False,False
PZ145864.1,True,False,False,False
PZ145865.1,True,False,False,False
PZ145866.1,True,False,False,False
PZ159314.1,True,False,False,False
PZ176369.1,True,False,False,False
PZ239374.1,True,False,False,False
PZ239375.1,True,False,False,False
PZ239376.1,True,False,False,False
PZ239377.1,True,False,False,False
PZ239378.1,True,False,False,False
PZ239379.1,True,False,False,False
PZ239380.1,True,False,False,False
PZ239815.1,False,False,False,True
PZ251443.1,True,False,False,False
PZ418319.1,True,False,False,False
U22498.1,True,False,False,True
U31868.1,True,False,False,True
U33182.1,True,False,False,True
U33183.1,True,False,False,True
U33184.1,True,False,False,True
U34381.1,True,False,False,True
U46039.1,True,False,False,True
U50825.1,True,False,False,True
U56394.1,True,False,False,True
U56395.1,True,False,False,True
U56396.1,True,False,False,True
X86559.1,True,False,False,True
X89024.1,True,False,False,True
X89025.1,True,False,False,True
X89026.1,True,False,False,True
X89027.1,True,False,False,True
X89028.1,True,False,False,True
X89029.1,True,False,False,True
X89030.1,True,False,False,True
X89031.1,True,False,False,True
X89032.1,True,False,False,True
X89033.1,True,False,False,True
X89034.1,True,False,False,True
X89035.1,True,False,False,True
Y13702.1,True,False,False,True
Y13703.1,True,False,False,True
Y13704.1,True,False,False,True
Y13705.1,True,False,False,True
Y13706.1,True,False,False,True
Y13707.1,True,False,False,True
Y13708.1,True,False,False,True
