Genome	forward_primer_var1,reverse_primer_var1	forward_primer_var1,reverse_primer_var2	forward_primer_var1,reverse_primer_var3	forward_primer_var1,reverse_primer_var4	forward_primer_var1,reverse_primer_var5	forward_primer_var1,reverse_primer_var6	forward_primer_var1,reverse_primer_var7	forward_primer_var1,reverse_primer_var8	forward_primer_var2,reverse_primer_var1	forward_primer_var2,reverse_primer_var2	forward_primer_var2,reverse_primer_var3	forward_primer_var2,reverse_primer_var4	forward_primer_var2,reverse_primer_var5	forward_primer_var2,reverse_primer_var6	forward_primer_var2,reverse_primer_var7	forward_primer_var2,reverse_primer_var8	forward_primer_var3,reverse_primer_var1	forward_primer_var3,reverse_primer_var2	forward_primer_var3,reverse_primer_var3	forward_primer_var3,reverse_primer_var4	forward_primer_var3,reverse_primer_var5	forward_primer_var3,reverse_primer_var6	forward_primer_var3,reverse_primer_var7	forward_primer_var3,reverse_primer_var8	forward_primer_var4,reverse_primer_var1	forward_primer_var4,reverse_primer_var2	forward_primer_var4,reverse_primer_var3	forward_primer_var4,reverse_primer_var4	forward_primer_var4,reverse_primer_var5	forward_primer_var4,reverse_primer_var6	forward_primer_var4,reverse_primer_var7	forward_primer_var4,reverse_primer_var8	forward_primer_var5,reverse_primer_var1	forward_primer_var5,reverse_primer_var2	forward_primer_var5,reverse_primer_var3	forward_primer_var5,reverse_primer_var4	forward_primer_var5,reverse_primer_var5	forward_primer_var5,reverse_primer_var6	forward_primer_var5,reverse_primer_var7	forward_primer_var5,reverse_primer_var8	forward_primer_var7,reverse_primer_var1	forward_primer_var7,reverse_primer_var2	forward_primer_var7,reverse_primer_var3	forward_primer_var7,reverse_primer_var4	forward_primer_var7,reverse_primer_var5	forward_primer_var7,reverse_primer_var6	forward_primer_var7,reverse_primer_var7	forward_primer_var7,reverse_primer_var8	reverse_primer_var1,forward_primer_var1	reverse_primer_var1,forward_primer_var2	reverse_primer_var1,forward_primer_var3	reverse_primer_var1,forward_primer_var4	reverse_primer_var1,forward_primer_var5	reverse_primer_var1,forward_primer_var6	reverse_primer_var1,forward_primer_var7	reverse_primer_var1,reverse_primer_var1	reverse_primer_var1,reverse_primer_var2	reverse_primer_var1,reverse_primer_var3	reverse_primer_var1,reverse_primer_var4	reverse_primer_var1,reverse_primer_var5	reverse_primer_var1,reverse_primer_var6	reverse_primer_var1,reverse_primer_var7	reverse_primer_var1,reverse_primer_var8	reverse_primer_var2,reverse_primer_var1	reverse_primer_var2,reverse_primer_var2	reverse_primer_var2,reverse_primer_var3	reverse_primer_var2,reverse_primer_var4	reverse_primer_var2,reverse_primer_var5	reverse_primer_var2,reverse_primer_var6	reverse_primer_var2,reverse_primer_var7	reverse_primer_var2,reverse_primer_var8	reverse_primer_var4,reverse_primer_var1	reverse_primer_var4,reverse_primer_var2	reverse_primer_var4,reverse_primer_var3	reverse_primer_var4,reverse_primer_var4	reverse_primer_var4,reverse_primer_var5	reverse_primer_var4,reverse_primer_var6	reverse_primer_var4,reverse_primer_var7	reverse_primer_var4,reverse_primer_var8	reverse_primer_var8,reverse_primer_var1	reverse_primer_var8,reverse_primer_var2	reverse_primer_var8,reverse_primer_var3	reverse_primer_var8,reverse_primer_var4	reverse_primer_var8,reverse_primer_var5	reverse_primer_var8,reverse_primer_var6	reverse_primer_var8,reverse_primer_var7	reverse_primer_var8,reverse_primer_var8
PZ221915.1	none	none	exp F1+ R3-	none	exp F1+ R3-	none	exp F1+ R2-	exp F1+ R3-	none	none	none	none	none	none	none	none	none	none	none	none	none	none	none	none	none	none	none	none	none	none	none	none	none	none	none	none	none	none	none	none	none	none	none	none	none	none	none	none	none	none	none	none	none	none	none	none	none	none	none	none	none	none	none	none	none	none	none	none	none	none	none	none	none	none	none	none	none	none	none	none	none	none	none	none	none	none	none
PZ234772.1	exp F3+ R2-	exp F3+ R1-	exp F3+ R3-	exp F3+ R2-	exp F3+ R2-	exp F3+ R1-	exp F3+ R3-	exp F3+ R2-	none	none	none	none	none	none	none	none	none	none	none	none	none	none	none	none	none	none	none	none	none	none	none	none	none	none	none	none	none	none	none	none	none	none	none	none	none	none	none	none	none	none	none	none	none	none	none	none	none	none	none	none	none	none	none	none	none	none	none	none	none	none	none	none	none	none	none	none	none	none	none	none	none	none	none	none	none	none	none
PZ240487.1	exp F2+ R3-	exp F2+ R2-	exp F2+ R3-	exp F2+ R2-	exp F2+ R3-	exp F2+ R2-	exp F2+ R3-	exp F2+ R2-	none	none	none	none	none	none	none	none	none	none	none	none	none	none	none	none	none	none	none	none	none	none	none	none	none	none	none	none	none	none	none	none	none	none	none	none	none	none	none	none	none	none	none	none	none	none	none	none	none	none	none	none	none	none	none	none	none	none	none	none	none	none	none	none	none	none	none	none	none	none	none	none	none	none	none	none	none	none	none
PX631121.1	exp F3+ R3-	exp F3+ R2-	exp F3+ R3-	exp F3+ R2-	exp F3+ R3-	exp F3+ R2-	exp F3+ R3-	exp F3+ R2-	none	none	none	none	none	none	none	none	none	none	none	none	none	none	none	none	none	none	none	none	none	none	none	none	none	none	none	none	none	none	none	none	none	none	none	none	none	none	none	none	none	none	none	none	none	none	none	none	none	none	none	none	none	none	none	none	none	none	none	none	none	none	none	none	none	none	none	none	none	none	none	none	none	none	none	none	none	none	none
PX285872.1	none	none	none	none	none	none	none	none	none	none	none	none	none	none	none	none	exp F3+ R3-	exp F3+ R2-	exp F3+ R2-	exp F3+ R1-	exp F3+ R3-	exp F3+ R2-	exp F3+ R2-	exp F3+ R1-	none	none	none	none	none	none	none	none	none	none	none	none	none	none	none	none	none	none	none	none	none	none	none	none	none	none	none	none	none	none	none	none	none	none	none	none	none	none	none	none	none	none	none	none	none	none	none	none	none	none	none	none	none	none	none	none	none	none	none	none	none	none	none
PX285874.1	exp F3+ R3-	exp F3+ R2-	exp F3+ R3-	exp F3+ R2-	exp F3+ R3-	exp F3+ R2-	exp F3+ R3-	exp F3+ R2-	none	none	none	none	none	none	none	none	none	none	none	none	none	none	none	none	none	none	none	none	none	none	none	none	none	none	none	none	none	none	none	none	none	none	none	none	none	none	none	none	none	none	none	none	none	none	none	none	none	none	none	none	none	none	none	none	none	none	none	none	none	none	none	none	none	none	none	none	none	none	none	none	none	none	none	none	none	none	none
PV784272.1	exp F3+ R2-	exp F3+ R1-	exp F3+ R3-	exp F3+ R2-	exp F3+ R2-	exp F3+ R1-	exp F3+ R3-	exp F3+ R2-	none	none	none	none	none	none	none	none	none	none	none	none	none	none	none	none	none	none	none	none	none	none	none	none	none	none	none	none	none	none	none	none	none	none	none	none	none	none	none	none	none	none	none	none	none	none	none	none	none	none	none	none	none	none	none	none	none	none	none	none	none	none	none	none	none	none	none	none	none	none	none	none	none	none	none	none	none	none	none
PV784273.1	exp F3+ R2-	exp F3+ R1-	exp F3+ R3-	exp F3+ R2-	exp F3+ R2-	exp F3+ R1-	exp F3+ R3-	exp F3+ R2-	none	none	none	none	none	none	none	none	none	none	none	none	none	none	none	none	none	none	none	none	none	none	none	none	none	none	none	none	none	none	none	none	none	none	none	none	none	none	none	none	none	none	none	none	none	none	none	none	none	none	none	none	none	none	none	none	none	none	none	none	none	none	none	none	none	none	none	none	none	none	none	none	none	none	none	none	none	none	none
PV784303.1	exp F3+ R2-	exp F3+ R1-	exp F3+ R3-	exp F3+ R2-	exp F3+ R2-	exp F3+ R1-	exp F3+ R3-	exp F3+ R2-	none	none	none	none	none	none	none	none	none	none	none	none	none	none	none	none	none	none	none	none	none	none	none	none	none	none	none	none	none	none	none	none	none	none	none	none	none	none	none	none	none	none	none	none	none	none	none	none	none	none	none	none	none	none	none	none	none	none	none	none	none	none	none	none	none	none	none	none	none	none	none	none	none	none	none	none	none	none	none
PV635313.1	exp F3+ R2-	exp F3+ R1-	exp F3+ R3-	exp F3+ R2-	exp F3+ R2-	exp F3+ R1-	exp F3+ R3-	exp F3+ R2-	none	none	none	none	none	none	none	none	none	none	none	none	none	none	none	none	none	none	none	none	none	none	none	none	none	none	none	none	none	none	none	none	none	none	none	none	none	none	none	none	none	none	none	none	none	none	none	none	none	none	none	none	none	none	none	none	none	none	none	none	none	none	none	none	none	none	none	none	none	none	none	none	none	none	none	none	none	none	none
PV275040.1	none	none	none	none	none	none	none	none	exp F3+ R3-	exp F3+ R2-	exp F3+ R3-	exp F3+ R2-	exp F3+ R3-	exp F3+ R2-	exp F3+ R3-	exp F3+ R2-	none	none	none	none	none	none	none	none	none	none	none	none	none	none	none	none	none	none	none	none	none	none	none	none	none	none	none	none	none	none	none	none	none	none	none	none	none	none	none	none	none	none	none	none	none	none	none	none	none	none	none	none	none	none	none	none	none	none	none	none	none	none	none	none	none	none	none	none	none	none	none
PV275046.1	exp F3+ R3-	exp F3+ R2-	exp F3+ R3-	exp F3+ R2-	exp F3+ R3-	exp F3+ R2-	exp F3+ R3-	exp F3+ R2-	none	none	none	none	none	none	none	none	none	none	none	none	none	none	none	none	none	none	none	none	none	none	none	none	none	none	none	none	none	none	none	none	none	none	none	none	none	none	none	none	none	none	none	none	none	none	none	none	none	none	none	none	none	none	none	none	none	none	none	none	none	none	none	none	none	none	none	none	none	none	none	none	none	none	none	none	none	none	none
PV275062.1	exp F2+ R2-	exp F2+ R3-	exp F2+ R2-	exp F2+ R3-	exp F2+ R1-	exp F2+ R2-	exp F2+ R1-	exp F2+ R2-	none	none	none	none	none	none	none	none	none	none	none	none	none	none	none	none	none	none	none	none	none	none	none	none	none	none	none	none	none	none	none	none	none	none	none	none	none	none	none	none	none	none	none	none	none	none	none	none	none	none	none	none	none	none	none	none	none	none	none	none	none	none	none	none	none	none	none	none	none	none	none	none	none	none	none	none	none	none	none
PQ213436.1	exp F2+ R3-	exp F2+ R2-	exp F2+ R3-	exp F2+ R2-	exp F2+ R3-	exp F2+ R2-	exp F2+ R3-	exp F2+ R2-	none	none	none	none	none	none	none	none	none	none	none	none	none	none	none	none	none	none	none	none	none	none	none	none	none	none	none	none	none	none	none	none	none	none	none	none	none	none	none	none	none	none	none	none	none	none	none	none	none	none	none	none	none	none	none	none	none	none	none	none	none	none	none	none	none	none	none	none	none	none	none	none	none	none	none	none	none	none	none
PQ215525.1	exp F3+ R3-	exp F3+ R2-	exp F3+ R3-	exp F3+ R2-	exp F3+ R2-	exp F3+ R1-	exp F3+ R2-	exp F3+ R1-	none	none	none	none	none	none	none	none	none	none	none	none	none	none	none	none	none	none	none	none	none	none	none	none	none	none	none	none	none	none	none	none	none	none	none	none	none	none	none	none	none	none	none	none	none	none	none	none	none	none	none	none	none	none	none	none	none	none	none	none	none	none	none	none	none	none	none	none	none	none	none	none	none	none	none	none	none	none	none
PQ215575.1	exp F2+ R2-	exp F2+ R1-	exp F2+ R3-	exp F2+ R2-	exp F2+ R2-	exp F2+ R1-	exp F2+ R3-	exp F2+ R2-	none	none	none	none	none	none	none	none	none	none	none	none	none	none	none	none	none	none	none	none	none	none	none	none	none	none	none	none	none	none	none	none	none	none	none	none	none	none	none	none	none	none	none	none	none	none	none	none	none	none	none	none	none	none	none	none	none	none	none	none	none	none	none	none	none	none	none	none	none	none	none	none	none	none	none	none	none	none	none
PQ215578.1	exp F3+ R3-	exp F3+ R2-	exp F3+ R3-	exp F3+ R2-	exp F3+ R3-	exp F3+ R2-	exp F3+ R3-	exp F3+ R2-	none	none	none	none	none	none	none	none	none	none	none	none	none	none	none	none	none	none	none	none	none	none	none	none	none	none	none	none	none	none	none	none	none	none	none	none	none	none	none	none	none	none	none	none	none	none	none	none	none	none	none	none	none	none	none	none	none	none	none	none	none	none	none	none	none	none	none	none	none	none	none	none	none	none	none	none	none	none	none
PQ218468.1	exp F3+ R2-	exp F3+ R1-	exp F3+ R2-	exp F3+ R1-	exp F3+ R3-	exp F3+ R2-	exp F3+ R3-	exp F3+ R2-	none	none	none	none	none	none	none	none	none	none	none	none	none	none	none	none	none	none	none	none	none	none	none	none	none	none	none	none	none	none	none	none	none	none	none	none	none	none	none	none	none	none	none	none	none	none	none	none	none	none	none	none	none	none	none	none	none	none	none	none	none	none	none	none	none	none	none	none	none	none	none	none	none	none	none	none	none	none	none
PQ273182.1	none	none	exp F3+ R3-	none	exp F3+ R3-	none	exp F3+ R2-	exp F3+ R3-	none	none	none	none	none	none	none	none	none	none	none	none	none	none	none	none	none	none	none	none	none	none	none	none	none	none	none	none	none	none	none	none	none	none	none	none	none	none	none	none	none	none	none	none	none	none	none	none	none	none	none	none	none	none	none	none	none	none	none	none	none	none	none	none	none	none	none	none	none	none	none	none	none	none	none	none	none	none	none
PQ273187.1	exp F2+ R1-	exp F2+ R2-	exp F2+ R0-	exp F2+ R1-	exp F2+ R2-	exp F2+ R3-	exp F2+ R1-	exp F2+ R2-	none	none	none	none	none	none	none	none	none	none	none	none	none	none	none	none	none	none	none	none	none	none	none	none	none	none	none	none	none	none	none	none	none	none	none	none	none	none	none	none	none	none	none	none	none	none	none	none	none	none	none	none	none	none	none	none	none	none	none	none	none	none	none	none	none	none	none	none	none	none	none	none	none	none	none	none	none	none	none
PQ304610.1	exp F2+ R2-	exp F2+ R1-	exp F2+ R3-	exp F2+ R2-	exp F2+ R2-	exp F2+ R1-	exp F2+ R3-	exp F2+ R2-	none	none	none	none	none	none	none	none	none	none	none	none	none	none	none	none	none	none	none	none	none	none	none	none	none	none	none	none	none	none	none	none	none	none	none	none	none	none	none	none	none	none	none	none	none	none	none	none	none	none	none	none	none	none	none	none	none	none	none	none	none	none	none	none	none	none	none	none	none	none	none	none	none	none	none	none	none	none	none
PQ304611.1	exp F2+ R2-	exp F2+ R1-	exp F2+ R3-	exp F2+ R2-	exp F2+ R2-	exp F2+ R1-	exp F2+ R3-	exp F2+ R2-	none	none	none	none	none	none	none	none	none	none	none	none	none	none	none	none	none	none	none	none	none	none	none	none	none	none	none	none	none	none	none	none	none	none	none	none	none	none	none	none	none	none	none	none	none	none	none	none	none	none	none	none	none	none	none	none	none	none	none	none	none	none	none	none	none	none	none	none	none	none	none	none	none	none	none	none	none	none	none
PQ304633.1	exp F3+ R1-	exp F3+ R2-	exp F3+ R1-	exp F3+ R2-	exp F3+ R2-	exp F3+ R3-	exp F3+ R2-	exp F3+ R3-	none	none	none	none	none	none	none	none	none	none	none	none	none	none	none	none	none	none	none	none	none	none	none	none	none	none	none	none	none	none	none	none	none	none	none	none	none	none	none	none	none	none	none	none	none	none	none	none	none	none	none	none	none	none	none	none	none	none	none	none	none	none	none	none	none	none	none	none	none	none	none	none	none	none	none	none	none	none	none
PQ310235.1	exp F1+ R2-	exp F1+ R1-	exp F1+ R3-	exp F1+ R2-	exp F1+ R2-	exp F1+ R1-	exp F1+ R3-	exp F1+ R2-	none	none	none	none	none	none	none	none	none	none	none	none	none	none	none	none	none	none	none	none	none	none	none	none	none	none	none	none	none	none	none	none	none	none	none	none	none	none	none	none	none	none	none	none	none	none	none	none	none	none	none	none	none	none	none	none	none	none	none	none	none	none	none	none	none	none	none	none	none	none	none	none	none	none	none	none	none	none	none
PQ373127.1	exp F3+ R2-	exp F3+ R1-	exp F3+ R3-	exp F3+ R2-	exp F3+ R2-	exp F3+ R1-	exp F3+ R3-	exp F3+ R2-	none	none	none	none	none	none	none	none	none	none	none	none	none	none	none	none	none	none	none	none	none	none	none	none	none	none	none	none	none	none	none	none	none	none	none	none	none	none	none	none	none	none	none	none	none	none	none	none	none	none	none	none	none	none	none	none	none	none	none	none	none	none	none	none	none	none	none	none	none	none	none	none	none	none	none	none	none	none	none
PQ100946.1	none	none	none	none	lin R3-	none	none	none	none	none	none	none	none	none	none	none	none	none	none	none	none	none	none	none	none	none	none	none	none	none	none	none	none	none	none	none	none	none	none	none	lin R2-	none	none	lin R0-	none	none	lin R2-	lin R1-	none	none	none	none	none	none	none	none	none	none	none	none	none	none	none	none	none	none	none	none	lin R1-	none	none	none	none	lin R1-	none	none	none	none	none	none	none	none	none	none	none	none	none
PP549876.1	exp F3+ R2-	exp F3+ R1-	exp F3+ R2-	exp F3+ R1-	exp F3+ R3-	exp F3+ R2-	exp F3+ R3-	exp F3+ R2-	none	none	none	none	none	none	none	none	none	none	none	none	none	none	none	none	none	none	none	none	none	none	none	none	none	none	none	none	none	none	none	none	none	none	none	none	none	none	none	none	none	none	none	none	none	none	none	none	none	none	none	none	none	none	none	none	none	none	none	none	none	none	none	none	none	none	none	none	none	none	none	none	none	none	none	none	none	none	none
PP658552.1	none	none	none	none	none	none	none	none	none	none	none	none	none	none	none	none	none	none	none	none	none	none	none	none	exp F3+ R3-	exp F3+ R2-	exp F3+ R3-	exp F3+ R2-	exp F3+ R3-	exp F3+ R2-	exp F3+ R3-	exp F3+ R2-	none	none	none	none	none	none	none	none	none	none	none	none	none	none	none	none	none	none	none	none	none	none	none	none	none	none	none	none	none	none	none	none	none	none	none	none	none	none	none	none	none	none	none	none	none	none	none	none	none	none	none	none	none	none	none
PP658553.1	exp F3+ R2-	exp F3+ R1-	exp F3+ R2-	exp F3+ R1-	exp F3+ R3-	exp F3+ R2-	exp F3+ R3-	exp F3+ R2-	none	none	none	none	none	none	none	none	none	none	none	none	none	none	none	none	none	none	none	none	none	none	none	none	none	none	none	none	none	none	none	none	none	none	none	none	none	none	none	none	none	none	none	none	none	none	none	none	none	none	none	none	none	none	none	none	none	none	none	none	none	none	none	none	none	none	none	none	none	none	none	none	none	none	none	none	none	none	none
PP381824.1	exp F3+ R2-	exp F3+ R1-	exp F3+ R3-	exp F3+ R2-	exp F3+ R2-	exp F3+ R1-	exp F3+ R3-	exp F3+ R2-	none	none	none	none	none	none	none	none	none	none	none	none	none	none	none	none	none	none	none	none	none	none	none	none	none	none	none	none	none	none	none	none	none	none	none	none	none	none	none	none	none	none	none	none	none	none	none	none	none	none	none	none	none	none	none	none	none	none	none	none	none	none	none	none	none	none	none	none	none	none	none	none	none	none	none	none	none	none	none
OR536466.1	exp F1+ R3-	none	exp F1+ R2-	none	exp F1+ R2-	none	exp F1+ R1-	exp F1+ R2-	none	none	none	none	none	none	none	none	none	none	none	none	none	none	none	none	none	none	none	none	none	none	none	none	none	none	none	none	none	none	none	none	none	none	none	none	none	none	none	none	none	none	none	none	none	none	none	none	none	none	none	none	none	none	none	none	none	none	none	none	none	none	none	none	none	none	none	none	none	none	none	none	none	none	none	none	none	none	none
OR536469.1	none	none	exp F1+ R3-	none	exp F1+ R3-	none	exp F1+ R2-	exp F1+ R3-	none	none	none	none	none	none	none	none	none	none	none	none	none	none	none	none	none	none	none	none	none	none	none	none	none	none	none	none	none	none	none	none	none	none	none	none	none	none	none	none	none	none	none	none	none	none	none	none	none	none	none	none	none	none	none	none	none	none	none	none	none	none	none	none	none	none	none	none	none	none	none	none	none	none	none	none	none	none	none
OR536475.1	exp F1+ R2-	exp F1+ R3-	exp F1+ R1-	exp F1+ R2-	exp F1+ R1-	exp F1+ R2-	exp F1+ R0-	exp F1+ R1-	none	none	none	none	none	none	none	none	none	none	none	none	none	none	none	none	none	none	none	none	none	none	none	none	none	none	none	none	none	none	none	none	none	none	none	none	none	none	none	none	none	none	none	none	none	none	none	none	none	none	none	none	none	none	none	none	none	none	none	none	none	none	none	none	none	none	none	none	none	none	none	none	none	none	none	none	none	none	none
OR536476.1	none	none	exp F1+ R3-	none	exp F1+ R3-	none	exp F1+ R2-	exp F1+ R3-	none	none	none	none	none	none	none	none	none	none	none	none	none	none	none	none	none	none	none	none	none	none	none	none	none	none	none	none	none	none	none	none	none	none	none	none	none	none	none	none	none	none	none	none	none	none	none	none	none	none	none	none	none	none	none	none	none	none	none	none	none	none	none	none	none	none	none	none	none	none	none	none	none	none	none	none	none	none	none
OR536477.1	none	none	exp F1+ R3-	none	exp F1+ R3-	none	exp F1+ R2-	exp F1+ R3-	none	none	none	none	none	none	none	none	none	none	none	none	none	none	none	none	none	none	none	none	none	none	none	none	none	none	none	none	none	none	none	none	none	none	none	none	none	none	none	none	none	none	none	none	none	none	none	none	none	none	none	none	none	none	none	none	none	none	none	none	none	none	none	none	none	none	none	none	none	none	none	none	none	none	none	none	none	none	none
OR536481.1	none	none	exp F1+ R3-	none	exp F1+ R3-	none	exp F1+ R2-	exp F1+ R3-	none	none	none	none	none	none	none	none	none	none	none	none	none	none	none	none	none	none	none	none	none	none	none	none	none	none	none	none	none	none	none	none	none	none	none	none	none	none	none	none	none	none	none	none	none	none	none	none	none	none	none	none	none	none	none	none	none	none	none	none	none	none	none	none	none	none	none	none	none	none	none	none	none	none	none	none	none	none	none
OR536485.1	none	none	exp F1+ R3-	none	exp F1+ R3-	none	exp F1+ R2-	exp F1+ R3-	none	none	none	none	none	none	none	none	none	none	none	none	none	none	none	none	none	none	none	none	none	none	none	none	none	none	none	none	none	none	none	none	none	none	none	none	none	none	none	none	none	none	none	none	none	none	none	none	none	none	none	none	none	none	none	none	none	none	none	none	none	none	none	none	none	none	none	none	none	none	none	none	none	none	none	none	none	none	none
OR536491.1	none	none	exp F1+ R3-	none	exp F1+ R3-	none	exp F1+ R2-	exp F1+ R3-	none	none	none	none	none	none	none	none	none	none	none	none	none	none	none	none	none	none	none	none	none	none	none	none	none	none	none	none	none	none	none	none	none	none	none	none	none	none	none	none	none	none	none	none	none	none	none	none	none	none	none	none	none	none	none	none	none	none	none	none	none	none	none	none	none	none	none	none	none	none	none	none	none	none	none	none	none	none	none
OR536492.1	none	none	exp F1+ R3-	none	exp F1+ R3-	none	exp F1+ R2-	exp F1+ R3-	none	none	none	none	none	none	none	none	none	none	none	none	none	none	none	none	none	none	none	none	none	none	none	none	none	none	none	none	none	none	none	none	none	none	none	none	none	none	none	none	none	none	none	none	none	none	none	none	none	none	none	none	none	none	none	none	none	none	none	none	none	none	none	none	none	none	none	none	none	none	none	none	none	none	none	none	none	none	none
OP901692.1	exp F2+ R1-	exp F2+ R2-	exp F2+ R0-	exp F2+ R1-	exp F2+ R2-	exp F2+ R3-	exp F2+ R1-	exp F2+ R2-	none	none	none	none	none	none	none	none	none	none	none	none	none	none	none	none	none	none	none	none	none	none	none	none	none	none	none	none	none	none	none	none	none	none	none	none	none	none	none	none	none	none	none	none	none	none	none	none	none	none	none	none	none	none	none	none	none	none	none	none	none	none	none	none	none	none	none	none	none	none	none	none	none	none	none	none	none	none	none
OQ342793.1	none	none	exp F2+ R3-	none	none	none	exp F2+ R2-	exp F2+ R3-	none	none	none	none	none	none	none	none	none	none	none	none	none	none	none	none	none	none	none	none	none	none	none	none	none	none	none	none	none	none	none	none	none	none	none	none	none	none	none	none	none	none	none	none	none	none	none	none	none	none	none	none	none	none	none	none	none	none	none	none	none	none	none	none	none	none	none	none	none	none	none	none	none	none	none	none	none	none	none
OP686903.1	exp F3+ R1-	exp F3+ R0-	exp F3+ R2-	exp F3+ R1-	exp F3+ R2-	exp F3+ R1-	exp F3+ R3-	exp F3+ R2-	none	none	none	none	none	none	none	none	none	none	none	none	none	none	none	none	none	none	none	none	none	none	none	none	none	none	none	none	none	none	none	none	none	none	none	none	none	none	none	none	none	none	none	none	none	none	none	none	none	none	none	none	none	none	none	none	none	none	none	none	none	none	none	exp F3+ R1-	exp F3+ R0-	exp F3+ R2-	exp F3+ R1-	exp F3+ R2-	exp F3+ R1-	exp F3+ R3-	exp F3+ R2-	none	none	none	none	none	none	none	none
OP686904.1	exp F1+ R2-	exp F1+ R3-	exp F1+ R1-	exp F1+ R2-	exp F1+ R2-	exp F1+ R3-	exp F1+ R1-	exp F1+ R2-	none	none	none	none	none	none	none	none	none	none	none	none	none	none	none	none	none	none	none	none	none	none	none	none	none	none	none	none	none	none	none	none	none	none	none	none	none	none	none	none	lin F3+ F1+	lin F3+ F2+	lin F3+ F2+	lin F3+ F3+	lin F3+ F2+	lin F3+ F3+	lin F3+ F3+	exp F3+ R2-	exp F3+ R3-	exp F3+ R1-	exp F3+ R2-	exp F3+ R2-	exp F3+ R3-	exp F3+ R1-	exp F3+ R2-	none	none	none	none	none	none	none	none	none	none	none	none	none	none	none	none	none	none	none	none	none	none	none	none
OP690427.1	exp F3+ R2-	exp F3+ R1-	exp F3+ R2-	exp F3+ R1-	exp F3+ R3-	exp F3+ R2-	exp F3+ R3-	exp F3+ R2-	none	none	none	none	none	none	none	none	none	none	none	none	none	none	none	none	none	none	none	none	none	none	none	none	none	none	none	none	none	none	none	none	none	none	none	none	none	none	none	none	none	none	none	none	none	none	none	none	none	none	none	none	none	none	none	none	none	none	none	none	none	none	none	none	none	none	none	none	none	none	none	none	none	none	none	none	none	none	none
OP712197.1	exp F2+ R3-	none	exp F2+ R2-	none	exp F2+ R2-	none	exp F2+ R1-	exp F2+ R2-	none	none	none	none	none	none	none	none	none	none	none	none	none	none	none	none	none	none	none	none	none	none	none	none	none	none	none	none	none	none	none	none	none	none	none	none	none	none	none	none	none	none	none	none	none	none	none	none	none	none	none	none	none	none	none	none	none	none	none	none	none	none	none	none	none	none	none	none	none	none	none	none	none	none	none	none	none	none	none
OK376253.1	none	none	none	none	none	none	none	none	none	none	none	none	none	none	none	none	exp F3+ R3-	exp F3+ R2-	exp F3+ R2-	exp F3+ R1-	exp F3+ R3-	exp F3+ R2-	exp F3+ R2-	exp F3+ R1-	none	none	none	none	none	none	none	none	none	none	none	none	none	none	none	none	none	none	none	none	none	none	none	none	none	none	none	none	none	none	none	none	none	none	none	none	none	none	none	none	none	none	none	none	none	none	none	none	none	none	none	none	none	none	none	none	none	none	none	none	none	none	none
OL898506.1	exp F2+ R2-	exp F2+ R3-	exp F2+ R1-	exp F2+ R2-	exp F2+ R1-	exp F2+ R2-	exp F2+ R0-	exp F2+ R1-	none	none	none	none	none	none	none	none	none	none	none	none	none	none	none	none	none	none	none	none	none	none	none	none	none	none	none	none	none	none	none	none	none	none	none	none	none	none	none	none	none	none	none	none	none	none	none	none	none	none	none	none	none	none	none	none	none	none	none	none	none	none	none	none	none	none	none	none	none	none	none	none	none	none	none	none	none	none	none
OL898507.1	exp F3+ R3-	exp F3+ R2-	exp F3+ R2-	exp F3+ R1-	exp F3+ R3-	exp F3+ R2-	exp F3+ R2-	exp F3+ R1-	none	none	none	none	none	none	none	none	none	none	none	none	none	none	none	none	none	none	none	none	none	none	none	none	none	none	none	none	none	none	none	none	none	none	none	none	none	none	none	none	none	none	none	none	none	none	none	none	none	none	none	none	none	none	none	none	none	none	none	none	none	none	none	none	none	none	none	none	none	none	none	none	none	none	none	none	none	none	none
OL898508.1	exp F3+ R3-	exp F3+ R2-	exp F3+ R3-	exp F3+ R2-	exp F3+ R3-	exp F3+ R2-	exp F3+ R3-	exp F3+ R2-	none	none	none	none	none	none	none	none	none	none	none	none	none	none	none	none	none	none	none	none	none	none	none	none	none	none	none	none	none	none	none	none	none	none	none	none	none	none	none	none	none	none	none	none	none	none	none	none	none	none	none	none	none	none	none	none	none	none	none	none	none	none	none	none	none	none	none	none	none	none	none	none	none	none	none	none	none	none	none
OL898511.1	exp F3+ R2-	exp F3+ R3-	exp F3+ R2-	exp F3+ R3-	exp F3+ R2-	exp F3+ R3-	exp F3+ R2-	exp F3+ R3-	none	none	none	none	none	none	none	none	none	none	none	none	none	none	none	none	none	none	none	none	none	none	none	none	none	none	none	none	none	none	none	none	none	none	none	none	none	none	none	none	none	none	none	none	none	none	none	none	none	none	none	none	none	none	none	none	none	none	none	none	none	none	none	none	none	none	none	none	none	none	none	none	none	none	none	none	none	none	none
OL898513.1	none	none	none	none	none	none	none	none	none	none	none	none	none	none	none	none	none	none	none	none	none	none	none	none	none	none	none	none	none	none	none	none	exp F3+ R1-	exp F3+ R2-	exp F3+ R0-	exp F3+ R1-	exp F3+ R2-	exp F3+ R3-	exp F3+ R1-	exp F3+ R2-	none	none	none	none	none	none	none	none	none	none	none	none	none	none	none	none	none	none	none	none	none	none	none	none	none	none	none	none	none	none	none	none	none	none	none	none	none	none	none	none	none	none	none	none	none	none	none
OL913975.1	none	none	exp F3+ R3-	none	exp F3+ R3-	none	exp F3+ R2-	exp F3+ R3-	none	none	none	none	none	none	none	none	none	none	none	none	none	none	none	none	none	none	none	none	none	none	none	none	none	none	none	none	none	none	none	none	none	none	none	none	none	none	none	none	none	none	none	none	none	none	none	none	none	none	none	none	none	none	none	none	none	none	none	none	none	none	none	none	none	none	none	none	none	none	none	none	none	none	none	none	none	none	none
OL943799.1	exp F2+ R3-	exp F2+ R2-	exp F2+ R3-	exp F2+ R2-	exp F2+ R3-	exp F2+ R2-	exp F2+ R3-	exp F2+ R2-	none	none	none	none	none	none	none	none	none	none	none	none	none	none	none	none	none	none	none	none	none	none	none	none	none	none	none	none	none	none	none	none	none	none	none	none	none	none	none	none	none	none	none	none	none	none	none	none	none	none	none	none	none	none	none	none	none	none	none	none	none	none	none	none	none	none	none	none	none	none	none	none	none	none	none	none	none	none	none
OL943800.1	exp F2+ R3-	exp F2+ R2-	exp F2+ R3-	exp F2+ R2-	exp F2+ R3-	exp F2+ R2-	exp F2+ R3-	exp F2+ R2-	none	none	none	none	none	none	none	none	none	none	none	none	none	none	none	none	none	none	none	none	none	none	none	none	none	none	none	none	none	none	none	none	none	none	none	none	none	none	none	none	none	none	none	none	none	none	none	none	none	none	none	none	none	none	none	none	none	none	none	none	none	none	none	none	none	none	none	none	none	none	none	none	none	none	none	none	none	none	none
OL943801.1	none	none	exp F3+ R3-	none	exp F3+ R3-	none	exp F3+ R2-	exp F3+ R3-	none	none	none	none	none	none	none	none	none	none	none	none	none	none	none	none	none	none	none	none	none	none	none	none	none	none	none	none	none	none	none	none	none	none	none	none	none	none	none	none	none	none	none	none	none	none	none	none	none	none	none	none	none	none	none	none	none	none	none	none	none	none	none	none	none	none	none	none	none	none	none	none	none	none	none	none	none	none	none
OL943802.1	exp F3+ R1-	exp F3+ R2-	exp F3+ R2-	exp F3+ R3-	exp F3+ R0-	exp F3+ R1-	exp F3+ R1-	exp F3+ R2-	none	none	none	none	none	none	none	none	none	none	none	none	none	none	none	none	none	none	none	none	none	none	none	none	none	none	none	none	none	none	none	none	none	none	none	none	none	none	none	none	none	none	none	none	none	none	none	none	none	none	none	none	none	none	none	none	none	none	none	none	none	none	none	none	none	none	none	none	none	none	none	none	none	none	none	none	none	none	none
NC_044932.1	exp F2+ R3-	none	none	none	exp F2+ R2-	exp F2+ R3-	none	none	none	none	none	none	none	none	none	none	none	none	none	none	none	none	none	none	none	none	none	none	none	none	none	none	none	none	none	none	none	none	none	none	none	none	none	none	none	none	none	none	none	none	none	none	none	none	none	none	none	none	none	none	none	none	none	none	none	none	none	none	none	none	none	none	none	none	none	none	none	none	none	none	none	none	none	none	none	none	none
MZ312111.1	none	none	none	none	none	none	none	none	none	none	none	none	none	none	none	none	none	none	none	none	none	none	none	none	none	none	none	none	none	none	none	none	exp F3+ R1-	exp F3+ R2-	exp F3+ R0-	exp F3+ R1-	exp F3+ R2-	exp F3+ R3-	exp F3+ R1-	exp F3+ R2-	none	none	none	none	none	none	none	none	none	none	none	none	none	none	none	none	none	none	none	none	none	none	none	none	none	none	none	none	none	none	none	none	none	none	none	none	none	none	none	none	none	none	none	none	none	none	none
MZ233536.1	exp F2+ R3-	exp F2+ R2-	exp F2+ R3-	exp F2+ R2-	exp F2+ R3-	exp F2+ R2-	exp F2+ R3-	exp F2+ R2-	none	none	none	none	none	none	none	none	none	none	none	none	none	none	none	none	none	none	none	none	none	none	none	none	none	none	none	none	none	none	none	none	none	none	none	none	none	none	none	none	none	none	none	none	none	none	none	none	none	none	none	none	none	none	none	none	none	none	none	none	none	none	none	none	none	none	none	none	none	none	none	none	none	none	none	none	none	none	none
MW661246.1	exp F3+ R3-	exp F3+ R2-	exp F3+ R2-	exp F3+ R1-	exp F3+ R3-	exp F3+ R2-	exp F3+ R2-	exp F3+ R1-	none	none	none	none	none	none	none	none	none	none	none	none	none	none	none	none	none	none	none	none	none	none	none	none	none	none	none	none	none	none	none	none	none	none	none	none	none	none	none	none	none	none	none	none	none	none	none	none	none	none	none	none	none	none	none	none	none	none	none	none	none	none	none	none	none	none	none	none	none	none	none	none	none	none	none	none	none	none	none
MW661253.1	exp F2+ R1-	exp F2+ R2-	exp F2+ R2-	exp F2+ R3-	exp F2+ R1-	exp F2+ R2-	exp F2+ R2-	exp F2+ R3-	none	none	none	none	none	none	none	none	none	none	none	none	none	none	none	none	none	none	none	none	none	none	none	none	none	none	none	none	none	none	none	none	none	none	none	none	none	none	none	none	none	none	none	none	none	none	none	none	none	none	none	none	none	none	none	none	none	none	none	none	none	none	none	none	none	none	none	none	none	none	none	none	none	none	none	none	none	none	none
MW661264.1	exp F3+ R3-	exp F3+ R2-	exp F3+ R3-	exp F3+ R2-	exp F3+ R3-	exp F3+ R2-	exp F3+ R3-	exp F3+ R2-	none	none	none	none	none	none	none	none	none	none	none	none	none	none	none	none	none	none	none	none	none	none	none	none	none	none	none	none	none	none	none	none	none	none	none	none	none	none	none	none	none	none	none	none	none	none	none	none	none	none	none	none	none	none	none	none	none	none	none	none	none	none	none	none	none	none	none	none	none	none	none	none	none	none	none	none	none	none	none
MW661284.1	none	none	none	none	none	none	none	none	none	none	none	none	none	none	none	none	none	none	none	none	none	none	none	none	none	none	none	none	none	none	none	none	exp F3+ R1-	exp F3+ R2-	exp F3+ R0-	exp F3+ R1-	exp F3+ R2-	exp F3+ R3-	exp F3+ R1-	exp F3+ R2-	none	none	none	none	none	none	none	none	none	none	none	none	none	none	none	none	none	none	none	none	none	none	none	none	none	none	none	none	none	none	none	none	none	none	none	none	none	none	none	none	none	none	none	none	none	none	none
MW243610.2	none	none	none	none	none	none	none	none	none	none	none	none	none	none	none	none	none	none	none	none	none	none	none	none	none	none	none	none	none	none	none	none	exp F3+ R1-	exp F3+ R2-	exp F3+ R0-	exp F3+ R1-	exp F3+ R2-	exp F3+ R3-	exp F3+ R1-	exp F3+ R2-	none	none	none	none	none	none	none	none	none	none	none	none	none	none	none	none	none	none	none	none	none	none	none	none	none	none	none	none	none	none	none	none	none	none	none	none	none	none	none	none	none	none	none	none	none	none	none
MW305737.1	exp F3+ R1-	exp F3+ R2-	exp F3+ R0-	exp F3+ R1-	exp F3+ R2-	exp F3+ R3-	exp F3+ R1-	exp F3+ R2-	none	none	none	none	none	none	none	none	none	none	none	none	none	none	none	none	none	none	none	none	none	none	none	none	none	none	none	none	none	none	none	none	none	none	none	none	none	none	none	none	none	none	none	none	none	none	none	none	none	none	none	none	none	none	none	none	none	none	none	none	none	none	none	none	none	none	none	none	none	none	none	none	none	none	none	none	none	none	none
MT712130.1	exp F3+ R2-	exp F3+ R1-	exp F3+ R2-	exp F3+ R1-	exp F3+ R3-	exp F3+ R2-	exp F3+ R3-	exp F3+ R2-	none	none	none	none	none	none	none	none	none	none	none	none	none	none	none	none	none	none	none	none	none	none	none	none	none	none	none	none	none	none	none	none	none	none	none	none	none	none	none	none	none	none	none	none	none	none	none	none	none	none	none	none	none	none	none	none	none	none	none	none	none	none	none	none	none	none	none	none	none	none	none	none	none	none	none	none	none	none	none
MT712147.1	exp F3+ R2-	exp F3+ R1-	exp F3+ R2-	exp F3+ R1-	exp F3+ R3-	exp F3+ R2-	exp F3+ R3-	exp F3+ R2-	none	none	none	none	none	none	none	none	none	none	none	none	none	none	none	none	none	none	none	none	none	none	none	none	none	none	none	none	none	none	none	none	none	none	none	none	none	none	none	none	none	none	none	none	none	none	none	none	none	none	none	none	none	none	none	none	none	none	none	none	none	none	none	none	none	none	none	none	none	none	none	none	none	none	none	none	none	none	none
MT724793.1	exp F3+ R3-	exp F3+ R2-	exp F3+ R2-	exp F3+ R1-	exp F3+ R3-	exp F3+ R2-	exp F3+ R2-	exp F3+ R1-	none	none	none	none	none	none	none	none	none	none	none	none	none	none	none	none	none	none	none	none	none	none	none	none	none	none	none	none	none	none	none	none	none	none	none	none	none	none	none	none	none	none	none	none	none	none	none	none	none	none	none	none	none	none	none	none	none	none	none	none	none	none	none	exp F3+ R3-	exp F3+ R2-	exp F3+ R2-	exp F3+ R1-	exp F3+ R3-	exp F3+ R2-	exp F3+ R2-	exp F3+ R1-	none	none	none	none	none	none	none	none
MT729788.1	exp F2+ R2-	exp F2+ R3-	exp F2+ R2-	exp F2+ R3-	exp F2+ R2-	exp F2+ R3-	exp F2+ R2-	exp F2+ R3-	none	none	none	none	none	none	none	none	none	none	none	none	none	none	none	none	none	none	none	none	none	none	none	none	none	none	none	none	none	none	none	none	none	none	none	none	none	none	none	none	none	none	none	none	none	none	none	none	none	none	none	none	none	none	none	none	none	none	none	none	none	none	none	none	none	none	none	none	none	none	none	none	none	none	none	none	none	none	none
MT731332.1	none	none	none	none	none	none	none	none	none	none	none	none	none	none	none	none	none	none	none	none	none	none	none	none	none	none	none	none	none	none	none	none	exp F3+ R2-	exp F3+ R1-	exp F3+ R1-	exp F3+ R0-	exp F3+ R3-	exp F3+ R2-	exp F3+ R2-	exp F3+ R1-	none	none	none	none	none	none	none	none	none	none	none	none	none	none	none	none	none	none	none	none	none	none	none	none	none	none	none	none	none	none	none	none	none	none	none	none	none	none	none	none	none	none	none	none	none	none	none
MN897755.1	exp F3+ R3-	exp F3+ R2-	exp F3+ R3-	exp F3+ R2-	exp F3+ R3-	exp F3+ R2-	exp F3+ R3-	exp F3+ R2-	none	none	none	none	none	none	none	none	none	none	none	none	none	none	none	none	none	none	none	none	none	none	none	none	none	none	none	none	none	none	none	none	none	none	none	none	none	none	none	none	none	none	none	none	none	none	none	none	none	none	none	none	none	none	none	none	none	none	none	none	none	none	none	none	none	none	none	none	none	none	none	none	none	none	none	none	none	none	none
MT028542.1	none	none	none	none	none	none	none	none	exp F3+ R2-	exp F3+ R1-	exp F3+ R2-	exp F3+ R1-	exp F3+ R3-	exp F3+ R2-	exp F3+ R3-	exp F3+ R2-	none	none	none	none	none	none	none	none	none	none	none	none	none	none	none	none	none	none	none	none	none	none	none	none	none	none	none	none	none	none	none	none	none	none	none	none	none	none	none	none	none	none	none	none	none	none	none	none	none	none	none	none	none	none	none	none	none	none	none	none	none	none	none	none	none	none	none	none	none	none	none
MN400355.2	exp F3+ R3-	exp F3+ R2-	exp F3+ R3-	exp F3+ R2-	exp F3+ R3-	exp F3+ R2-	exp F3+ R3-	exp F3+ R2-	none	none	none	none	none	none	none	none	none	none	none	none	none	none	none	none	none	none	none	none	none	none	none	none	none	none	none	none	none	none	none	none	none	none	none	none	none	none	none	none	none	none	none	none	none	none	none	none	none	none	none	none	none	none	none	none	none	none	none	none	none	none	none	none	none	none	none	none	none	none	none	none	none	none	none	none	none	none	none
MN447470.1	none	none	exp F3+ R3-	none	exp F3+ R3-	none	exp F3+ R2-	exp F3+ R3-	none	none	none	none	none	none	none	none	none	none	none	none	none	none	none	none	none	none	none	none	none	none	none	none	none	none	none	none	none	none	none	none	none	none	none	none	none	none	none	none	none	none	none	none	none	none	none	none	none	none	none	none	none	none	none	none	none	none	none	none	none	none	none	none	none	none	none	none	none	none	none	none	none	none	none	none	none	none	none
MN453358.1	none	none	none	lin F1+	none	none	none	none	none	none	none	none	none	none	none	none	none	none	none	none	none	none	none	none	none	none	none	none	none	none	none	none	none	none	none	none	none	none	none	none	none	none	none	none	none	none	none	none	none	none	none	none	none	none	none	none	none	none	none	none	none	none	none	none	none	none	none	none	none	none	none	none	none	none	none	none	none	none	none	none	none	none	none	none	none	none	none
MN453359.1	none	none	none	lin F3+	none	none	none	none	none	none	none	none	none	none	none	none	none	none	none	none	none	none	none	none	none	none	none	none	none	none	none	none	none	none	none	none	none	none	none	none	none	none	none	none	none	none	none	none	none	none	none	none	none	none	none	none	none	none	none	none	none	none	none	none	none	none	none	none	none	none	none	none	none	none	none	none	none	none	none	none	none	none	none	none	none	none	none
MK753015.1	none	exp F3+ R3-	exp F3+ R3-	exp F3+ R2-	none	exp F3+ R3-	exp F3+ R3-	exp F3+ R2-	none	none	none	none	none	none	none	none	none	none	none	none	none	none	none	none	none	none	none	none	none	none	none	none	none	none	none	none	none	none	none	none	none	none	none	none	none	none	none	none	none	none	none	none	none	none	none	none	none	none	none	none	none	none	none	none	none	none	none	none	none	none	none	none	none	none	none	none	none	none	none	none	none	none	none	none	none	none	none
MK789435.1	none	none	none	none	none	none	none	none	none	none	none	none	none	none	none	none	exp F3+ R3-	exp F3+ R2-	exp F3+ R3-	exp F3+ R2-	exp F3+ R3-	exp F3+ R2-	exp F3+ R3-	exp F3+ R2-	none	none	none	none	none	none	none	none	none	none	none	none	none	none	none	none	none	none	none	none	none	none	none	none	none	none	none	none	none	none	none	none	none	none	none	none	none	none	none	none	none	none	none	none	none	none	none	none	none	none	none	none	none	none	none	none	none	none	none	none	none	none	none
MH979229.1	exp F3+ R3-	exp F3+ R2-	exp F3+ R2-	exp F3+ R1-	exp F3+ R3-	exp F3+ R2-	exp F3+ R2-	exp F3+ R1-	none	none	none	none	none	none	none	none	none	none	none	none	none	none	none	none	none	none	none	none	none	none	none	none	none	none	none	none	none	none	none	none	none	none	none	none	none	none	none	none	none	none	none	none	none	none	none	none	none	none	none	none	none	none	none	none	none	none	none	none	none	none	none	none	none	none	none	none	none	none	none	none	none	none	none	none	none	none	none
MK282256.1	exp F3+ R2-	exp F3+ R1-	exp F3+ R3-	exp F3+ R2-	exp F3+ R2-	exp F3+ R1-	exp F3+ R3-	exp F3+ R2-	none	none	none	none	none	none	none	none	none	none	none	none	none	none	none	none	none	none	none	none	none	none	none	none	none	none	none	none	none	none	none	none	none	none	none	none	none	none	none	none	none	none	none	none	none	none	none	none	none	none	none	none	none	none	none	none	none	none	none	none	none	none	none	none	none	none	none	none	none	none	none	none	none	none	none	none	none	none	none
MH413070.1	exp F2+ R3-	exp F2+ R2-	exp F2+ R3-	exp F2+ R2-	exp F2+ R3-	exp F2+ R2-	exp F2+ R3-	exp F2+ R2-	none	none	none	none	none	none	none	none	none	none	none	none	none	none	none	none	none	none	none	none	none	none	none	none	none	none	none	none	none	none	none	none	none	none	none	none	none	none	none	none	none	none	none	none	none	none	none	none	none	none	none	none	none	none	none	none	none	none	none	none	none	none	none	none	none	none	none	none	none	none	none	none	none	none	none	none	none	none	none
MH218570.1	none	none	exp F1+ R3-	none	exp F1+ R3-	none	exp F1+ R2-	exp F1+ R3-	none	none	none	none	none	none	none	none	none	none	none	none	none	none	none	none	none	none	none	none	none	none	none	none	none	none	none	none	none	none	none	none	none	none	none	none	none	none	none	none	none	none	none	none	none	none	none	none	none	none	none	none	none	none	none	none	none	none	none	none	none	none	none	none	none	none	none	none	none	none	none	none	none	none	none	none	none	none	none
MH218571.1	exp F1+ R1-	exp F1+ R2-	exp F1+ R0-	exp F1+ R1-	exp F1+ R2-	exp F1+ R3-	exp F1+ R1-	exp F1+ R2-	none	none	none	none	none	none	none	none	none	none	none	none	none	none	none	none	none	none	none	none	none	none	none	none	none	none	none	none	none	none	none	none	none	none	none	none	none	none	none	none	none	none	none	none	none	none	none	none	none	none	none	none	none	none	none	none	none	none	none	none	none	none	none	none	none	none	none	none	none	none	none	none	none	none	none	none	none	none	none
MH218573.1	none	none	exp F1+ R3-	none	exp F1+ R3-	none	exp F1+ R2-	exp F1+ R3-	none	none	none	none	none	none	none	none	none	none	none	none	none	none	none	none	none	none	none	none	none	none	none	none	none	none	none	none	none	none	none	none	none	none	none	none	none	none	none	none	none	none	none	none	none	none	none	none	none	none	none	none	none	none	none	none	none	none	none	none	none	none	none	none	none	none	none	none	none	none	none	none	none	none	none	none	none	none	none
MH218581.1	none	none	exp F1+ R3-	none	exp F1+ R3-	none	exp F1+ R2-	exp F1+ R3-	none	none	none	none	none	none	none	none	none	none	none	none	none	none	none	none	none	none	none	none	none	none	none	none	none	none	none	none	none	none	none	none	none	none	none	none	none	none	none	none	none	none	none	none	none	none	none	none	none	none	none	none	none	none	none	none	none	none	none	none	none	none	none	none	none	none	none	none	none	none	none	none	none	none	none	none	none	none	none
MH218591.1	exp F2+ R1-	exp F2+ R2-	exp F2+ R2-	exp F2+ R3-	exp F2+ R0-	exp F2+ R1-	exp F2+ R1-	exp F2+ R2-	none	none	none	none	none	none	none	none	none	none	none	none	none	none	none	none	none	none	none	none	none	none	none	none	none	none	none	none	none	none	none	none	none	none	none	none	none	none	none	none	none	none	none	none	none	none	none	none	none	none	none	none	none	none	none	none	none	none	none	none	none	none	none	none	none	none	none	none	none	none	none	none	none	none	none	none	none	none	none
MH218620.1	exp F3+ R2-	exp F3+ R3-	exp F3+ R2-	exp F3+ R3-	exp F3+ R2-	exp F3+ R3-	exp F3+ R2-	exp F3+ R3-	none	none	none	none	none	none	none	none	none	none	none	none	none	none	none	none	none	none	none	none	none	none	none	none	none	none	none	none	none	none	none	none	none	none	none	none	none	none	none	none	none	none	none	none	none	none	none	none	none	none	none	none	none	none	none	none	none	none	none	none	none	none	none	none	none	none	none	none	none	none	none	none	none	none	none	none	none	none	none
MH218625.1	exp F3+ R3-	exp F3+ R2-	exp F3+ R3-	exp F3+ R2-	exp F3+ R3-	exp F3+ R2-	exp F3+ R3-	exp F3+ R2-	none	none	none	none	none	none	none	none	none	none	none	none	none	none	none	none	none	none	none	none	none	none	none	none	none	none	none	none	none	none	none	none	none	none	none	none	none	none	none	none	none	none	none	none	none	none	none	none	none	none	none	none	none	none	none	none	none	none	none	none	none	none	none	none	none	none	none	none	none	none	none	none	none	none	none	none	none	none	none
MH218639.1	exp F2+ R1-	exp F2+ R2-	exp F2+ R0-	exp F2+ R1-	exp F2+ R2-	exp F2+ R3-	exp F2+ R1-	exp F2+ R2-	none	none	none	none	none	none	none	none	none	none	none	none	none	none	none	none	none	none	none	none	none	none	none	none	none	none	none	none	none	none	none	none	none	none	none	none	none	none	none	none	none	none	none	none	none	none	none	none	none	none	none	none	none	none	none	none	none	none	none	none	none	none	none	none	none	none	none	none	none	none	none	none	none	none	none	none	none	none	none
MH218640.1	exp F2+ R1-	exp F2+ R2-	exp F2+ R0-	exp F2+ R1-	exp F2+ R2-	exp F2+ R3-	exp F2+ R1-	exp F2+ R2-	none	none	none	none	none	none	none	none	none	none	none	none	none	none	none	none	none	none	none	none	none	none	none	none	none	none	none	none	none	none	none	none	none	none	none	none	none	none	none	none	none	none	none	none	none	none	none	none	none	none	none	none	none	none	none	none	none	none	none	none	none	none	none	none	none	none	none	none	none	none	none	none	none	none	none	none	none	none	none
MH218641.1	exp F2+ R2-	exp F2+ R1-	exp F2+ R1-	exp F2+ R0-	exp F2+ R3-	exp F2+ R2-	exp F2+ R2-	exp F2+ R1-	none	none	none	none	none	none	none	none	none	none	none	none	none	none	none	none	none	none	none	none	none	none	none	none	none	none	none	none	none	none	none	none	none	none	none	none	none	none	none	none	none	none	none	none	none	none	none	none	none	none	none	none	none	none	none	none	none	none	none	none	none	none	none	exp F3+ R2-	exp F3+ R1-	exp F3+ R1-	exp F3+ R0-	exp F3+ R3-	exp F3+ R2-	exp F3+ R2-	exp F3+ R1-	none	none	none	none	none	none	none	none
MH218642.1	exp F2+ R1-	exp F2+ R2-	exp F2+ R0-	exp F2+ R1-	exp F2+ R2-	exp F2+ R3-	exp F2+ R1-	exp F2+ R2-	none	none	none	none	none	none	none	none	none	none	none	none	none	none	none	none	none	none	none	none	none	none	none	none	none	none	none	none	none	none	none	none	none	none	none	none	none	none	none	none	none	none	none	none	none	none	none	none	none	none	none	none	none	none	none	none	none	none	none	none	none	none	none	none	none	none	none	none	none	none	none	none	none	none	none	none	none	none	none
MH218645.1	exp F3+ R1-	exp F3+ R2-	exp F3+ R0-	exp F3+ R1-	exp F3+ R2-	exp F3+ R3-	exp F3+ R1-	exp F3+ R2-	none	none	none	none	none	none	none	none	none	none	none	none	none	none	none	none	none	none	none	none	none	none	none	none	none	none	none	none	none	none	none	none	none	none	none	none	none	none	none	none	none	none	none	none	none	none	none	none	none	none	none	none	none	none	none	none	none	none	none	none	none	none	none	none	none	none	none	none	none	none	none	none	none	none	none	none	none	none	none
MH218646.1	none	none	exp F1+ R3-	none	exp F1+ R3-	none	exp F1+ R2-	exp F1+ R3-	none	none	none	none	none	none	none	none	none	none	none	none	none	none	none	none	none	none	none	none	none	none	none	none	none	none	none	none	none	none	none	none	none	none	none	none	none	none	none	none	none	none	none	none	none	none	none	none	none	none	none	none	none	none	none	none	none	none	none	none	none	none	none	none	none	none	none	none	none	none	none	none	none	none	none	none	none	none	none
MH218650.1	exp F2+ R1-	exp F2+ R2-	exp F2+ R0-	exp F2+ R1-	exp F2+ R2-	exp F2+ R3-	exp F2+ R1-	exp F2+ R2-	none	none	none	none	none	none	none	none	none	none	none	none	none	none	none	none	none	none	none	none	none	none	none	none	none	none	none	none	none	none	none	none	none	none	none	none	none	none	none	none	none	none	none	none	none	none	none	none	none	none	none	none	none	none	none	none	none	none	none	none	none	none	none	none	none	none	none	none	none	none	none	none	none	none	none	none	none	none	none
MH218651.1	exp F1+ R3-	exp F1+ R2-	exp F1+ R2-	exp F1+ R1-	exp F1+ R2-	exp F1+ R1-	exp F1+ R1-	exp F1+ R0-	none	none	none	none	none	none	none	none	none	none	none	none	none	none	none	none	none	none	none	none	none	none	none	none	none	none	none	none	none	none	none	none	none	none	none	none	none	none	none	none	none	none	none	none	none	none	none	none	none	none	none	none	none	none	none	none	none	none	none	none	none	none	none	none	none	none	none	none	none	none	none	exp F3+ R3-	exp F3+ R2-	exp F3+ R2-	exp F3+ R1-	exp F3+ R2-	exp F3+ R1-	exp F3+ R1-	exp F3+ R0-
MH218652.1	exp F2+ R3-	exp F2+ R2-	exp F2+ R3-	exp F2+ R2-	exp F2+ R3-	exp F2+ R2-	exp F2+ R3-	exp F2+ R2-	none	none	none	none	none	none	none	none	none	none	none	none	none	none	none	none	none	none	none	none	none	none	none	none	none	none	none	none	none	none	none	none	none	none	none	none	none	none	none	none	none	none	none	none	none	none	none	none	none	none	none	none	none	none	none	none	none	none	none	none	none	none	none	none	none	none	none	none	none	none	none	none	none	none	none	none	none	none	none
MH218654.1	none	none	exp F1+ R3-	none	exp F1+ R3-	none	exp F1+ R2-	exp F1+ R3-	none	none	none	none	none	none	none	none	none	none	none	none	none	none	none	none	none	none	none	none	none	none	none	none	none	none	none	none	none	none	none	none	none	none	none	none	none	none	none	none	none	none	none	none	none	none	none	none	none	none	none	none	none	none	none	none	none	none	none	none	none	none	none	none	none	none	none	none	none	none	none	none	none	none	none	none	none	none	none
MH218655.1	exp F3+ R3-	exp F3+ R2-	exp F3+ R2-	exp F3+ R1-	exp F3+ R3-	exp F3+ R2-	exp F3+ R2-	exp F3+ R1-	none	none	none	none	none	none	none	none	none	none	none	none	none	none	none	none	none	none	none	none	none	none	none	none	none	none	none	none	none	none	none	none	none	none	none	none	none	none	none	none	none	none	none	none	none	none	none	none	none	none	none	none	none	none	none	none	none	none	none	none	none	none	none	none	none	none	none	none	none	none	none	none	none	none	none	none	none	none	none
MH218657.1	exp F3+ R3-	exp F3+ R2-	exp F3+ R2-	exp F3+ R1-	exp F3+ R3-	exp F3+ R2-	exp F3+ R2-	exp F3+ R1-	none	none	none	none	none	none	none	none	none	none	none	none	none	none	none	none	none	none	none	none	none	none	none	none	none	none	none	none	none	none	none	none	none	none	none	none	none	none	none	none	none	none	none	none	none	none	none	none	none	none	none	none	none	none	none	none	none	none	none	none	none	none	none	none	none	none	none	none	none	none	none	none	none	none	none	none	none	none	none
MH218658.1	none	none	none	none	lin R2-	none	none	none	none	none	none	none	none	none	none	none	none	none	none	none	none	none	none	none	none	none	none	none	none	none	none	none	none	none	none	none	none	none	none	none	lin R1-	none	none	lin R1-	none	none	lin R1-	lin R2-	none	none	none	none	none	none	none	none	none	none	none	none	none	none	none	none	none	none	none	none	lin R2-	none	none	none	none	lin R0-	none	none	none	none	none	none	none	none	none	none	none	none	none
MH218660.1	none	none	exp F1+ R3-	none	exp F1+ R3-	none	exp F1+ R2-	exp F1+ R3-	none	none	none	none	none	none	none	none	none	none	none	none	none	none	none	none	none	none	none	none	none	none	none	none	none	none	none	none	none	none	none	none	none	none	none	none	none	none	none	none	none	none	none	none	none	none	none	none	none	none	none	none	none	none	none	none	none	none	none	none	none	none	none	none	none	none	none	none	none	none	none	none	none	none	none	none	none	none	none
MH218661.1	none	none	none	none	lin R3-	none	none	none	none	none	none	none	none	none	none	none	none	none	none	none	none	none	none	none	none	none	none	none	none	none	none	none	none	none	none	none	none	none	none	none	lin R2-	none	none	lin R0-	none	none	lin R2-	lin R1-	none	none	none	none	none	none	none	none	none	none	none	none	none	none	none	none	none	none	none	none	lin R1-	none	none	none	none	lin R1-	none	none	none	none	none	none	none	none	none	none	none	none	none
MH218667.1	exp F2+ R1-	exp F2+ R2-	exp F2+ R0-	exp F2+ R1-	exp F2+ R2-	exp F2+ R3-	exp F2+ R1-	exp F2+ R2-	none	none	none	none	none	none	none	none	none	none	none	none	none	none	none	none	none	none	none	none	none	none	none	none	none	none	none	none	none	none	none	none	none	none	none	none	none	none	none	none	none	none	none	none	none	none	none	none	none	none	none	none	none	none	none	none	none	none	none	none	none	none	none	none	none	none	none	none	none	none	none	none	none	none	none	none	none	none	none
MH218669.1	none	exp F2+ R3-	none	exp F2+ R3-	none	exp F2+ R3-	none	exp F2+ R3-	none	none	none	none	none	none	none	none	none	none	none	none	none	none	none	none	none	none	none	none	none	none	none	none	none	none	none	none	none	none	none	none	none	none	none	none	none	none	none	none	none	none	none	none	none	none	none	none	none	none	none	none	none	none	none	none	none	none	none	none	none	none	none	none	none	none	none	none	none	none	none	none	none	none	none	none	none	none	none
MH218687.1	exp F2+ R1-	exp F2+ R2-	exp F2+ R0-	exp F2+ R1-	exp F2+ R2-	exp F2+ R3-	exp F2+ R1-	exp F2+ R2-	none	none	none	none	none	none	none	none	none	none	none	none	none	none	none	none	none	none	none	none	none	none	none	none	none	none	none	none	none	none	none	none	none	none	none	none	none	none	none	none	none	none	none	none	none	none	none	none	none	none	none	none	none	none	none	none	none	none	none	none	none	none	none	none	none	none	none	none	none	none	none	none	none	none	none	none	none	none	none
MH218689.1	exp F3+ R2-	exp F3+ R1-	exp F3+ R3-	exp F3+ R2-	exp F3+ R2-	exp F3+ R1-	exp F3+ R3-	exp F3+ R2-	none	none	none	none	none	none	none	none	none	none	none	none	none	none	none	none	none	none	none	none	none	none	none	none	none	none	none	none	none	none	none	none	none	none	none	none	none	none	none	none	none	none	none	none	none	none	none	none	none	none	none	none	none	none	none	none	none	none	none	none	none	none	none	none	none	none	none	none	none	none	none	none	none	none	none	none	none	none	none
MH218692.1	none	none	none	none	none	none	none	none	none	none	none	none	none	none	none	none	none	none	none	none	none	none	none	none	none	none	none	none	none	none	none	none	exp F3+ R2-	exp F3+ R1-	exp F3+ R1-	exp F3+ R0-	exp F3+ R3-	exp F3+ R2-	exp F3+ R2-	exp F3+ R1-	none	none	none	none	none	none	none	none	none	none	none	none	none	none	none	none	none	none	none	none	none	none	none	none	none	none	none	none	none	none	none	none	none	none	none	none	none	none	none	none	none	none	none	none	none	none	none
MH218714.1	exp F2+ R3-	exp F2+ R2-	exp F2+ R3-	exp F2+ R2-	exp F2+ R3-	exp F2+ R2-	exp F2+ R3-	exp F2+ R2-	none	none	none	none	none	none	none	none	none	none	none	none	none	none	none	none	none	none	none	none	none	none	none	none	none	none	none	none	none	none	none	none	none	none	none	none	none	none	none	none	none	none	none	none	none	none	none	none	none	none	none	none	none	none	none	none	none	none	none	none	none	none	none	none	none	none	none	none	none	none	none	none	none	none	none	none	none	none	none
MH218731.1	exp F2+ R2-	exp F2+ R3-	exp F2+ R1-	exp F2+ R2-	exp F2+ R1-	exp F2+ R2-	exp F2+ R0-	exp F2+ R1-	none	none	none	none	none	none	none	none	none	none	none	none	none	none	none	none	none	none	none	none	none	none	none	none	none	none	none	none	none	none	none	none	none	none	none	none	none	none	none	none	none	none	none	none	none	none	none	none	none	none	none	none	none	none	none	none	none	none	none	none	none	none	none	none	none	none	none	none	none	none	none	none	none	none	none	none	none	none	none
MG892946.3	none	none	exp F3+ R3-	none	exp F3+ R3-	none	exp F3+ R2-	exp F3+ R3-	none	none	none	none	none	none	none	none	none	none	none	none	none	none	none	none	none	none	none	none	none	none	none	none	none	none	none	none	none	none	none	none	none	none	none	none	none	none	none	none	none	none	none	none	none	none	none	none	none	none	none	none	none	none	none	none	none	none	none	none	none	none	none	none	none	none	none	none	none	none	none	none	none	none	none	none	none	none	none
MG706448.1	exp F2+ R3-	none	none	none	exp F2+ R2-	exp F2+ R3-	none	none	none	none	none	none	none	none	none	none	none	none	none	none	none	none	none	none	none	none	none	none	none	none	none	none	none	none	none	none	none	none	none	none	none	none	none	none	none	none	none	none	none	none	none	none	none	none	none	none	none	none	none	none	none	none	none	none	none	none	none	none	none	none	none	none	none	none	none	none	none	none	none	none	none	none	none	none	none	none	none
MG049692.1	exp F3+ R3-	exp F3+ R2-	exp F3+ R3-	exp F3+ R2-	exp F3+ R3-	exp F3+ R2-	exp F3+ R3-	exp F3+ R2-	none	none	none	none	none	none	none	none	none	none	none	none	none	none	none	none	none	none	none	none	none	none	none	none	none	none	none	none	none	none	none	none	none	none	none	none	none	none	none	none	none	none	none	none	none	none	none	none	none	none	none	none	none	none	none	none	none	none	none	none	none	none	none	none	none	none	none	none	none	none	none	none	none	none	none	none	none	none	none
MG548737.1	exp F3+ R3-	exp F3+ R2-	exp F3+ R3-	exp F3+ R2-	exp F3+ R3-	exp F3+ R2-	exp F3+ R3-	exp F3+ R2-	none	none	none	none	none	none	none	none	none	none	none	none	none	none	none	none	none	none	none	none	none	none	none	none	none	none	none	none	none	none	none	none	none	none	none	none	none	none	none	none	none	none	none	none	none	none	none	none	none	none	none	none	none	none	none	none	none	none	none	none	none	none	none	none	none	none	none	none	none	none	none	none	none	none	none	none	none	none	none
MG572182.1	exp F3+ R3-	none	exp F3+ R2-	none	exp F3+ R3-	none	exp F3+ R2-	none	none	none	none	none	none	none	none	none	none	none	none	none	none	none	none	none	none	none	none	none	none	none	none	none	none	none	none	none	none	none	none	none	none	none	none	none	none	none	none	none	none	none	none	none	none	none	none	none	none	none	none	none	none	none	none	none	none	none	none	none	none	none	none	none	none	none	none	none	none	none	none	none	none	none	none	none	none	none	none
MG572719.1	exp F2+ R2-	exp F2+ R3-	none	none	exp F2+ R3-	none	none	none	none	none	none	none	none	none	none	none	none	none	none	none	none	none	none	none	none	none	none	none	none	none	none	none	none	none	none	none	none	none	none	none	none	none	none	none	none	none	none	none	none	none	none	none	none	none	none	none	none	none	none	none	none	none	none	none	none	none	none	none	none	none	none	none	none	none	none	none	none	none	none	none	none	none	none	none	none	none	none
MG572730.1	exp F2+ R2-	exp F2+ R3-	none	none	exp F2+ R3-	none	none	none	none	none	none	none	none	none	none	none	none	none	none	none	none	none	none	none	none	none	none	none	none	none	none	none	none	none	none	none	none	none	none	none	none	none	none	none	none	none	none	none	none	none	none	none	none	none	none	none	none	none	none	none	none	none	none	none	none	none	none	none	none	none	none	none	none	none	none	none	none	none	none	none	none	none	none	none	none	none	none
MG572731.1	exp F2+ R2-	exp F2+ R3-	none	none	exp F2+ R3-	none	none	none	none	none	none	none	none	none	none	none	none	none	none	none	none	none	none	none	none	none	none	none	none	none	none	none	none	none	none	none	none	none	none	none	none	none	none	none	none	none	none	none	none	none	none	none	none	none	none	none	none	none	none	none	none	none	none	none	none	none	none	none	none	none	none	none	none	none	none	none	none	none	none	none	none	none	none	none	none	none	none
MG572732.1	exp F2+ R2-	exp F2+ R3-	none	none	exp F2+ R3-	none	none	none	none	none	none	none	none	none	none	none	none	none	none	none	none	none	none	none	none	none	none	none	none	none	none	none	none	none	none	none	none	none	none	none	none	none	none	none	none	none	none	none	none	none	none	none	none	none	none	none	none	none	none	none	none	none	none	none	none	none	none	none	none	none	none	none	none	none	none	none	none	none	none	none	none	none	none	none	none	none	none
MF352142.1	exp F2+ R2-	exp F2+ R3-	none	none	exp F2+ R3-	none	none	none	none	none	none	none	none	none	none	none	none	none	none	none	none	none	none	none	none	none	none	none	none	none	none	none	none	none	none	none	none	none	none	none	none	none	none	none	none	none	none	none	none	none	none	none	none	none	none	none	none	none	none	none	none	none	none	none	none	none	none	none	none	none	none	none	none	none	none	none	none	none	none	none	none	none	none	none	none	none	none
MF352143.1	exp F2+ R2-	exp F2+ R3-	none	none	exp F2+ R3-	none	none	none	none	none	none	none	none	none	none	none	none	none	none	none	none	none	none	none	none	none	none	none	none	none	none	none	none	none	none	none	none	none	none	none	none	none	none	none	none	none	none	none	none	none	none	none	none	none	none	none	none	none	none	none	none	none	none	none	none	none	none	none	none	none	none	none	none	none	none	none	none	none	none	none	none	none	none	none	none	none	none
MF352144.1	exp F2+ R2-	exp F2+ R3-	none	none	exp F2+ R3-	none	none	none	none	none	none	none	none	none	none	none	none	none	none	none	none	none	none	none	none	none	none	none	none	none	none	none	none	none	none	none	none	none	none	none	none	none	none	none	none	none	none	none	none	none	none	none	none	none	none	none	none	none	none	none	none	none	none	none	none	none	none	none	none	none	none	none	none	none	none	none	none	none	none	none	none	none	none	none	none	none	none
LC918510.1	exp F3+ R2-	exp F3+ R1-	exp F3+ R3-	exp F3+ R2-	exp F3+ R2-	exp F3+ R1-	exp F3+ R3-	exp F3+ R2-	none	none	none	none	none	none	none	none	none	none	none	none	none	none	none	none	none	none	none	none	none	none	none	none	none	none	none	none	none	none	none	none	none	none	none	none	none	none	none	none	none	none	none	none	none	none	none	none	none	none	none	none	none	none	none	none	none	none	none	none	none	none	none	none	none	none	none	none	none	none	none	none	none	none	none	none	none	none	none
LC918511.1	exp F3+ R2-	exp F3+ R1-	exp F3+ R3-	exp F3+ R2-	exp F3+ R2-	exp F3+ R1-	exp F3+ R3-	exp F3+ R2-	none	none	none	none	none	none	none	none	none	none	none	none	none	none	none	none	none	none	none	none	none	none	none	none	none	none	none	none	none	none	none	none	none	none	none	none	none	none	none	none	none	none	none	none	none	none	none	none	none	none	none	none	none	none	none	none	none	none	none	none	none	none	none	none	none	none	none	none	none	none	none	none	none	none	none	none	none	none	none
LC769682.1	none	none	exp F3+ R3-	none	exp F3+ R3-	none	exp F3+ R2-	exp F3+ R3-	none	none	none	none	none	none	none	none	none	none	none	none	none	none	none	none	none	none	none	none	none	none	none	none	none	none	none	none	none	none	none	none	none	none	none	none	none	none	none	none	none	none	none	none	none	none	none	none	none	none	none	none	none	none	none	none	none	none	none	none	none	none	none	none	none	none	none	none	none	none	none	none	none	none	none	none	none	none	none
LC769694.1	exp F3+ R3-	exp F3+ R2-	exp F3+ R3-	exp F3+ R2-	exp F3+ R3-	exp F3+ R2-	exp F3+ R3-	exp F3+ R2-	none	none	none	none	none	none	none	none	none	none	none	none	none	none	none	none	none	none	none	none	none	none	none	none	none	none	none	none	none	none	none	none	none	none	none	none	none	none	none	none	none	none	none	none	none	none	none	none	none	none	none	none	none	none	none	none	none	none	none	none	none	none	none	none	none	none	none	none	none	none	none	none	none	none	none	none	none	none	none
LC769700.1	exp F2+ R1-	exp F2+ R2-	exp F2+ R1-	exp F2+ R2-	exp F2+ R2-	exp F2+ R3-	exp F2+ R2-	exp F2+ R3-	none	none	none	none	none	none	none	none	none	none	none	none	none	none	none	none	none	none	none	none	none	none	none	none	none	none	none	none	none	none	none	none	none	none	none	none	none	none	none	none	none	none	none	none	none	none	none	none	none	none	none	none	none	none	none	none	none	none	none	none	none	none	none	none	none	none	none	none	none	none	none	none	none	none	none	none	none	none	none
LC769704.1	none	none	exp F3+ R3-	none	none	none	exp F3+ R3-	none	none	none	none	none	none	none	none	none	none	none	none	none	none	none	none	none	none	none	none	none	none	none	none	none	none	none	none	none	none	none	none	none	none	none	none	none	none	none	none	none	none	none	none	none	none	none	none	none	none	none	none	none	none	none	none	none	none	none	none	none	none	none	none	none	none	none	none	none	none	none	none	none	none	none	none	none	none	none	none
LC342059.1	exp F2+ R2-	exp F2+ R1-	exp F2+ R1-	exp F2+ R0-	exp F2+ R3-	exp F2+ R2-	exp F2+ R2-	exp F2+ R1-	none	none	none	none	none	none	none	none	none	none	none	none	none	none	none	none	none	none	none	none	none	none	none	none	none	none	none	none	none	none	none	none	none	none	none	none	none	none	none	none	none	none	none	none	none	none	none	none	none	none	none	none	none	none	none	none	none	none	none	none	none	none	none	none	none	none	none	none	none	none	none	none	none	none	none	none	none	none	none
LC369214.1	exp F3+ R2-	exp F3+ R1-	exp F3+ R3-	exp F3+ R2-	exp F3+ R2-	exp F3+ R1-	exp F3+ R3-	exp F3+ R2-	none	none	none	none	none	none	none	none	none	none	none	none	none	none	none	none	none	none	none	none	none	none	none	none	none	none	none	none	none	none	none	none	none	none	none	none	none	none	none	none	none	none	none	none	none	none	none	none	none	none	none	none	none	none	none	none	none	none	none	none	none	none	none	none	none	none	none	none	none	none	none	none	none	none	none	none	none	none	none
KY905331.1	exp F2+ R3-	exp F2+ R2-	exp F2+ R3-	exp F2+ R2-	exp F2+ R3-	exp F2+ R2-	exp F2+ R3-	exp F2+ R2-	none	none	none	none	none	none	none	none	none	none	none	none	none	none	none	none	none	none	none	none	none	none	none	none	none	none	none	none	none	none	none	none	none	none	none	none	none	none	none	none	none	none	none	none	none	none	none	none	none	none	none	none	none	none	none	none	none	none	none	none	none	none	none	none	none	none	none	none	none	none	none	none	none	none	none	none	none	none	none
KY496327.1	exp F3+ R3-	exp F3+ R2-	exp F3+ R3-	exp F3+ R2-	exp F3+ R3-	exp F3+ R2-	exp F3+ R3-	exp F3+ R2-	none	none	none	none	none	none	none	none	none	none	none	none	none	none	none	none	none	none	none	none	none	none	none	none	none	none	none	none	none	none	none	none	none	none	none	none	none	none	none	none	none	none	none	none	none	none	none	none	none	none	none	none	none	none	none	none	none	none	none	none	none	none	none	none	none	none	none	none	none	none	none	none	none	none	none	none	none	none	none
KX586330.1	exp F3+ R3-	exp F3+ R2-	exp F3+ R3-	exp F3+ R2-	exp F3+ R3-	exp F3+ R2-	exp F3+ R3-	exp F3+ R2-	none	none	none	none	none	none	none	none	none	none	none	none	none	none	none	none	none	none	none	none	none	none	none	none	none	none	none	none	none	none	none	none	none	none	none	none	none	none	none	none	none	none	none	none	none	none	none	none	none	none	none	none	none	none	none	none	none	none	none	none	none	none	none	none	none	none	none	none	none	none	none	none	none	none	none	none	none	none	none
KT779557.1	none	none	exp F3+ R3-	none	exp F3+ R3-	none	exp F3+ R2-	exp F3+ R3-	none	none	none	none	none	none	none	none	none	none	none	none	none	none	none	none	none	none	none	none	none	none	none	none	none	none	none	none	none	none	none	none	none	none	none	none	none	none	none	none	none	none	none	none	none	none	none	none	none	none	none	none	none	none	none	none	none	none	none	none	none	none	none	none	none	none	none	none	none	none	none	none	none	none	none	none	none	none	none
KF895841.2	none	none	exp F3+ R3-	none	exp F3+ R3-	none	exp F3+ R2-	exp F3+ R3-	none	none	none	none	none	none	none	none	none	none	none	none	none	none	none	none	none	none	none	none	none	none	none	none	none	none	none	none	none	none	none	none	none	none	none	none	none	none	none	none	none	none	none	none	none	none	none	none	none	none	none	none	none	none	none	none	none	none	none	none	none	none	none	none	none	none	none	none	none	none	none	none	none	none	none	none	none	none	none
HM596590.4	none	none	none	none	none	none	none	none	none	none	none	none	none	none	none	none	exp F3+ R1-	exp F3+ R0-	exp F3+ R2-	exp F3+ R1-	exp F3+ R2-	exp F3+ R1-	exp F3+ R3-	exp F3+ R2-	none	none	none	none	none	none	none	none	none	none	none	none	none	none	none	none	none	none	none	none	none	none	none	none	none	none	none	none	none	none	none	none	none	none	none	none	none	none	none	none	none	none	none	none	none	none	none	none	none	none	none	none	none	none	none	none	none	none	none	none	none	none	none
GU292831.4	none	none	exp F3+ R3-	none	exp F3+ R3-	none	exp F3+ R2-	exp F3+ R3-	none	none	none	none	none	none	none	none	none	none	none	none	none	none	none	none	none	none	none	none	none	none	none	none	none	none	none	none	none	none	none	none	none	none	none	none	none	none	none	none	none	none	none	none	none	none	none	none	none	none	none	none	none	none	none	none	none	none	none	none	none	none	none	none	none	none	none	none	none	none	none	none	none	none	none	none	none	none	none
PX925253.1	exp F3+ R1-	exp F3+ R2-	exp F3+ R1-	exp F3+ R2-	exp F3+ R2-	exp F3+ R3-	exp F3+ R2-	exp F3+ R3-	none	none	none	none	none	none	none	none	none	none	none	none	none	none	none	none	none	none	none	none	none	none	none	none	none	none	none	none	none	none	none	none	none	none	none	none	none	none	none	none	none	none	none	none	none	none	none	none	none	none	none	none	none	none	none	none	none	none	none	none	none	none	none	none	none	none	none	none	none	none	none	none	none	none	none	none	none	none	none
PX925254.1	exp F3+ R1-	exp F3+ R2-	exp F3+ R1-	exp F3+ R2-	exp F3+ R2-	exp F3+ R3-	exp F3+ R2-	exp F3+ R3-	none	none	none	none	none	none	none	none	none	none	none	none	none	none	none	none	none	none	none	none	none	none	none	none	none	none	none	none	none	none	none	none	none	none	none	none	none	none	none	none	none	none	none	none	none	none	none	none	none	none	none	none	none	none	none	none	none	none	none	none	none	none	none	none	none	none	none	none	none	none	none	none	none	none	none	none	none	none	none
PX925260.1	exp F3+ R1-	exp F3+ R2-	exp F3+ R1-	exp F3+ R2-	exp F3+ R2-	exp F3+ R3-	exp F3+ R2-	exp F3+ R3-	none	none	none	none	none	none	none	none	none	none	none	none	none	none	none	none	none	none	none	none	none	none	none	none	none	none	none	none	none	none	none	none	none	none	none	none	none	none	none	none	none	none	none	none	none	none	none	none	none	none	none	none	none	none	none	none	none	none	none	none	none	none	none	none	none	none	none	none	none	none	none	none	none	none	none	none	none	none	none
PZ240476.1	exp F2+ R3-	exp F2+ R2-	exp F2+ R3-	exp F2+ R2-	exp F2+ R3-	exp F2+ R2-	exp F2+ R3-	exp F2+ R2-	none	none	none	none	none	none	none	none	none	none	none	none	none	none	none	none	none	none	none	none	none	none	none	none	none	none	none	none	none	none	none	none	none	none	none	none	none	none	none	none	none	none	none	none	none	none	none	none	none	none	none	none	none	none	none	none	none	none	none	none	none	none	none	none	none	none	none	none	none	none	none	none	none	none	none	none	none	none	none
PZ240478.1	exp F2+ R3-	exp F2+ R2-	exp F2+ R3-	exp F2+ R2-	exp F2+ R3-	exp F2+ R2-	exp F2+ R3-	exp F2+ R2-	none	none	none	none	none	none	none	none	none	none	none	none	none	none	none	none	none	none	none	none	none	none	none	none	none	none	none	none	none	none	none	none	none	none	none	none	none	none	none	none	none	none	none	none	none	none	none	none	none	none	none	none	none	none	none	none	none	none	none	none	none	none	none	none	none	none	none	none	none	none	none	none	none	none	none	none	none	none	none
PZ240480.1	exp F2+ R3-	exp F2+ R2-	exp F2+ R3-	exp F2+ R2-	exp F2+ R3-	exp F2+ R2-	exp F2+ R3-	exp F2+ R2-	none	none	none	none	none	none	none	none	none	none	none	none	none	none	none	none	none	none	none	none	none	none	none	none	none	none	none	none	none	none	none	none	none	none	none	none	none	none	none	none	none	none	none	none	none	none	none	none	none	none	none	none	none	none	none	none	none	none	none	none	none	none	none	none	none	none	none	none	none	none	none	none	none	none	none	none	none	none	none
PZ240490.1	exp F3+ R2-	exp F3+ R1-	exp F3+ R2-	exp F3+ R1-	exp F3+ R3-	exp F3+ R2-	exp F3+ R3-	exp F3+ R2-	none	none	none	none	none	none	none	none	none	none	none	none	none	none	none	none	none	none	none	none	none	none	none	none	none	none	none	none	none	none	none	none	none	none	none	none	none	none	none	none	none	none	none	none	none	none	none	none	none	none	none	none	none	none	none	none	none	none	none	none	none	none	none	none	none	none	none	none	none	none	none	none	none	none	none	none	none	none	none
PZ240501.1	exp F2+ R3-	exp F2+ R2-	exp F2+ R3-	exp F2+ R2-	exp F2+ R3-	exp F2+ R2-	exp F2+ R3-	exp F2+ R2-	none	none	none	none	none	none	none	none	none	none	none	none	none	none	none	none	none	none	none	none	none	none	none	none	none	none	none	none	none	none	none	none	none	none	none	none	none	none	none	none	none	none	none	none	none	none	none	none	none	none	none	none	none	none	none	none	none	none	none	none	none	none	none	none	none	none	none	none	none	none	none	none	none	none	none	none	none	none	none
PZ240503.1	exp F3+ R2-	exp F3+ R1-	exp F3+ R2-	exp F3+ R1-	exp F3+ R3-	exp F3+ R2-	exp F3+ R3-	exp F3+ R2-	none	none	none	none	none	none	none	none	none	none	none	none	none	none	none	none	none	none	none	none	none	none	none	none	none	none	none	none	none	none	none	none	none	none	none	none	none	none	none	none	none	none	none	none	none	none	none	none	none	none	none	none	none	none	none	none	none	none	none	none	none	none	none	none	none	none	none	none	none	none	none	none	none	none	none	none	none	none	none
PZ240505.1	exp F3+ R3-	exp F3+ R2-	exp F3+ R3-	exp F3+ R2-	exp F3+ R3-	exp F3+ R2-	exp F3+ R3-	exp F3+ R2-	none	none	none	none	none	none	none	none	none	none	none	none	none	none	none	none	none	none	none	none	none	none	none	none	none	none	none	none	none	none	none	none	none	none	none	none	none	none	none	none	none	none	none	none	none	none	none	none	none	none	none	none	none	none	none	none	none	none	none	none	none	none	none	none	none	none	none	none	none	none	none	none	none	none	none	none	none	none	none
PZ240508.1	exp F3+ R2-	exp F3+ R1-	exp F3+ R2-	exp F3+ R1-	exp F3+ R3-	exp F3+ R2-	exp F3+ R3-	exp F3+ R2-	none	none	none	none	none	none	none	none	none	none	none	none	none	none	none	none	none	none	none	none	none	none	none	none	none	none	none	none	none	none	none	none	none	none	none	none	none	none	none	none	none	none	none	none	none	none	none	none	none	none	none	none	none	none	none	none	none	none	none	none	none	none	none	none	none	none	none	none	none	none	none	none	none	none	none	none	none	none	none
PZ240510.1	exp F3+ R2-	exp F3+ R1-	exp F3+ R2-	exp F3+ R1-	exp F3+ R3-	exp F3+ R2-	exp F3+ R3-	exp F3+ R2-	none	none	none	none	none	none	none	none	none	none	none	none	none	none	none	none	none	none	none	none	none	none	none	none	none	none	none	none	none	none	none	none	none	none	none	none	none	none	none	none	none	none	none	none	none	none	none	none	none	none	none	none	none	none	none	none	none	none	none	none	none	none	none	none	none	none	none	none	none	none	none	none	none	none	none	none	none	none	none
PZ234762.1	exp F3+ R2-	exp F3+ R1-	exp F3+ R3-	exp F3+ R2-	exp F3+ R2-	exp F3+ R1-	exp F3+ R3-	exp F3+ R2-	none	none	none	none	none	none	none	none	none	none	none	none	none	none	none	none	none	none	none	none	none	none	none	none	none	none	none	none	none	none	none	none	none	none	none	none	none	none	none	none	none	none	none	none	none	none	none	none	none	none	none	none	none	none	none	none	none	none	none	none	none	none	none	none	none	none	none	none	none	none	none	none	none	none	none	none	none	none	none
PZ234769.1	exp F3+ R2-	exp F3+ R1-	exp F3+ R3-	exp F3+ R2-	exp F3+ R2-	exp F3+ R1-	exp F3+ R3-	exp F3+ R2-	none	none	none	none	none	none	none	none	none	none	none	none	none	none	none	none	none	none	none	none	none	none	none	none	none	none	none	none	none	none	none	none	none	none	none	none	none	none	none	none	none	none	none	none	none	none	none	none	none	none	none	none	none	none	none	none	none	none	none	none	none	none	none	none	none	none	none	none	none	none	none	none	none	none	none	none	none	none	none
PZ234775.1	exp F3+ R2-	exp F3+ R1-	exp F3+ R3-	exp F3+ R2-	exp F3+ R2-	exp F3+ R1-	exp F3+ R3-	exp F3+ R2-	none	none	none	none	none	none	none	none	none	none	none	none	none	none	none	none	none	none	none	none	none	none	none	none	none	none	none	none	none	none	none	none	none	none	none	none	none	none	none	none	none	none	none	none	none	none	none	none	none	none	none	none	none	none	none	none	none	none	none	none	none	none	none	none	none	none	none	none	none	none	none	none	none	none	none	none	none	none	none
PZ234778.1	exp F2+ R2-	exp F2+ R1-	exp F2+ R3-	exp F2+ R2-	exp F2+ R2-	exp F2+ R1-	exp F2+ R3-	exp F2+ R2-	none	none	none	none	none	none	none	none	none	none	none	none	none	none	none	none	none	none	none	none	none	none	none	none	none	none	none	none	none	none	none	none	none	none	none	none	none	none	none	none	none	none	none	none	none	none	none	none	none	none	none	none	none	none	none	none	none	none	none	none	none	none	none	none	none	none	none	none	none	none	none	none	none	none	none	none	none	none	none
PZ234781.1	exp F3+ R2-	exp F3+ R1-	exp F3+ R3-	exp F3+ R2-	exp F3+ R2-	exp F3+ R1-	exp F3+ R3-	exp F3+ R2-	none	none	none	none	none	none	none	none	none	none	none	none	none	none	none	none	none	none	none	none	none	none	none	none	none	none	none	none	none	none	none	none	none	none	none	none	none	none	none	none	none	none	none	none	none	none	none	none	none	none	none	none	none	none	none	none	none	none	none	none	none	none	none	none	none	none	none	none	none	none	none	none	none	none	none	none	none	none	none
PZ234782.1	exp F2+ R2-	exp F2+ R1-	exp F2+ R3-	exp F2+ R2-	exp F2+ R2-	exp F2+ R1-	exp F2+ R3-	exp F2+ R2-	none	none	none	none	none	none	none	none	none	none	none	none	none	none	none	none	none	none	none	none	none	none	none	none	none	none	none	none	none	none	none	none	none	none	none	none	none	none	none	none	none	none	none	none	none	none	none	none	none	none	none	none	none	none	none	none	none	none	none	none	none	none	none	none	none	none	none	none	none	none	none	none	none	none	none	none	none	none	none
PZ234788.1	exp F3+ R2-	exp F3+ R1-	exp F3+ R3-	exp F3+ R2-	exp F3+ R2-	exp F3+ R1-	exp F3+ R3-	exp F3+ R2-	none	none	none	none	none	none	none	none	none	none	none	none	none	none	none	none	none	none	none	none	none	none	none	none	none	none	none	none	none	none	none	none	none	none	none	none	none	none	none	none	none	none	none	none	none	none	none	none	none	none	none	none	none	none	none	none	none	none	none	none	none	none	none	none	none	none	none	none	none	none	none	none	none	none	none	none	none	none	none
PZ234790.1	exp F3+ R2-	exp F3+ R1-	exp F3+ R3-	exp F3+ R2-	exp F3+ R2-	exp F3+ R1-	exp F3+ R3-	exp F3+ R2-	none	none	none	none	none	none	none	none	none	none	none	none	none	none	none	none	none	none	none	none	none	none	none	none	none	none	none	none	none	none	none	none	none	none	none	none	none	none	none	none	none	none	none	none	none	none	none	none	none	none	none	none	none	none	none	none	none	none	none	none	none	none	none	none	none	none	none	none	none	none	none	none	none	none	none	none	none	none	none
PZ234794.1	exp F2+ R2-	exp F2+ R1-	exp F2+ R3-	exp F2+ R2-	exp F2+ R2-	exp F2+ R1-	exp F2+ R3-	exp F2+ R2-	none	none	none	none	none	none	none	none	none	none	none	none	none	none	none	none	none	none	none	none	none	none	none	none	none	none	none	none	none	none	none	none	none	none	none	none	none	none	none	none	none	none	none	none	none	none	none	none	none	none	none	none	none	none	none	none	none	none	none	none	none	none	none	none	none	none	none	none	none	none	none	none	none	none	none	none	none	none	none
PZ234811.1	exp F3+ R2-	exp F3+ R1-	exp F3+ R3-	exp F3+ R2-	exp F3+ R2-	exp F3+ R1-	exp F3+ R3-	exp F3+ R2-	none	none	none	none	none	none	none	none	none	none	none	none	none	none	none	none	none	none	none	none	none	none	none	none	none	none	none	none	none	none	none	none	none	none	none	none	none	none	none	none	none	none	none	none	none	none	none	none	none	none	none	none	none	none	none	none	none	none	none	none	none	none	none	none	none	none	none	none	none	none	none	none	none	none	none	none	none	none	none
PZ234812.1	exp F3+ R2-	exp F3+ R1-	exp F3+ R3-	exp F3+ R2-	exp F3+ R2-	exp F3+ R1-	exp F3+ R3-	exp F3+ R2-	none	none	none	none	none	none	none	none	none	none	none	none	none	none	none	none	none	none	none	none	none	none	none	none	none	none	none	none	none	none	none	none	none	none	none	none	none	none	none	none	none	none	none	none	none	none	none	none	none	none	none	none	none	none	none	none	none	none	none	none	none	none	none	none	none	none	none	none	none	none	none	none	none	none	none	none	none	none	none
PZ234825.1	exp F2+ R2-	exp F2+ R1-	exp F2+ R3-	exp F2+ R2-	exp F2+ R2-	exp F2+ R1-	exp F2+ R3-	exp F2+ R2-	none	none	none	none	none	none	none	none	none	none	none	none	none	none	none	none	none	none	none	none	none	none	none	none	none	none	none	none	none	none	none	none	none	none	none	none	none	none	none	none	none	none	none	none	none	none	none	none	none	none	none	none	none	none	none	none	none	none	none	none	none	none	none	none	none	none	none	none	none	none	none	none	none	none	none	none	none	none	none
PZ221916.1	none	none	exp F1+ R3-	none	exp F1+ R3-	none	exp F1+ R2-	exp F1+ R3-	none	none	none	none	none	none	none	none	none	none	none	none	none	none	none	none	none	none	none	none	none	none	none	none	none	none	none	none	none	none	none	none	none	none	none	none	none	none	none	none	none	none	none	none	none	none	none	none	none	none	none	none	none	none	none	none	none	none	none	none	none	none	none	none	none	none	none	none	none	none	none	none	none	none	none	none	none	none	none
PZ221918.1	none	none	exp F1+ R3-	none	exp F1+ R3-	none	exp F1+ R2-	exp F1+ R3-	none	none	none	none	none	none	none	none	none	none	none	none	none	none	none	none	none	none	none	none	none	none	none	none	none	none	none	none	none	none	none	none	none	none	none	none	none	none	none	none	none	none	none	none	none	none	none	none	none	none	none	none	none	none	none	none	none	none	none	none	none	none	none	none	none	none	none	none	none	none	none	none	none	none	none	none	none	none	none
PZ221919.1	none	none	exp F1+ R3-	none	exp F1+ R3-	none	exp F1+ R2-	exp F1+ R3-	none	none	none	none	none	none	none	none	none	none	none	none	none	none	none	none	none	none	none	none	none	none	none	none	none	none	none	none	none	none	none	none	none	none	none	none	none	none	none	none	none	none	none	none	none	none	none	none	none	none	none	none	none	none	none	none	none	none	none	none	none	none	none	none	none	none	none	none	none	none	none	none	none	none	none	none	none	none	none
PZ221924.1	none	none	exp F1+ R3-	none	exp F1+ R3-	none	exp F1+ R2-	exp F1+ R3-	none	none	none	none	none	none	none	none	none	none	none	none	none	none	none	none	none	none	none	none	none	none	none	none	none	none	none	none	none	none	none	none	none	none	none	none	none	none	none	none	none	none	none	none	none	none	none	none	none	none	none	none	none	none	none	none	none	none	none	none	none	none	none	none	none	none	none	none	none	none	none	none	none	none	none	none	none	none	none
PZ221925.1	none	none	exp F1+ R3-	none	exp F1+ R3-	none	exp F1+ R2-	exp F1+ R3-	none	none	none	none	none	none	none	none	none	none	none	none	none	none	none	none	none	none	none	none	none	none	none	none	none	none	none	none	none	none	none	none	none	none	none	none	none	none	none	none	none	none	none	none	none	none	none	none	none	none	none	none	none	none	none	none	none	none	none	none	none	none	none	none	none	none	none	none	none	none	none	none	none	none	none	none	none	none	none
PZ221928.1	none	none	exp F1+ R3-	none	exp F1+ R3-	none	exp F1+ R2-	exp F1+ R3-	none	none	none	none	none	none	none	none	none	none	none	none	none	none	none	none	none	none	none	none	none	none	none	none	none	none	none	none	none	none	none	none	none	none	none	none	none	none	none	none	none	none	none	none	none	none	none	none	none	none	none	none	none	none	none	none	none	none	none	none	none	none	none	none	none	none	none	none	none	none	none	none	none	none	none	none	none	none	none
PZ221929.1	none	none	exp F1+ R3-	none	exp F1+ R3-	none	exp F1+ R2-	exp F1+ R3-	none	none	none	none	none	none	none	none	none	none	none	none	none	none	none	none	none	none	none	none	none	none	none	none	none	none	none	none	none	none	none	none	none	none	none	none	none	none	none	none	none	none	none	none	none	none	none	none	none	none	none	none	none	none	none	none	none	none	none	none	none	none	none	none	none	none	none	none	none	none	none	none	none	none	none	none	none	none	none
PZ221930.1	none	none	exp F1+ R3-	none	exp F1+ R3-	none	exp F1+ R2-	exp F1+ R3-	none	none	none	none	none	none	none	none	none	none	none	none	none	none	none	none	none	none	none	none	none	none	none	none	none	none	none	none	none	none	none	none	none	none	none	none	none	none	none	none	none	none	none	none	none	none	none	none	none	none	none	none	none	none	none	none	none	none	none	none	none	none	none	none	none	none	none	none	none	none	none	none	none	none	none	none	none	none	none
PV843276.1	exp F3+ R3-	exp F3+ R2-	exp F3+ R2-	exp F3+ R1-	exp F3+ R3-	exp F3+ R2-	exp F3+ R2-	exp F3+ R1-	none	none	none	none	none	none	none	none	none	none	none	none	none	none	none	none	none	none	none	none	none	none	none	none	none	none	none	none	none	none	none	none	none	none	none	none	none	none	none	none	none	none	none	none	none	none	none	none	none	none	none	none	none	none	none	none	none	none	none	none	none	none	none	none	none	none	none	none	none	none	none	none	none	none	none	none	none	none	none
PV636607.1	none	none	exp F3+ R3-	none	exp F3+ R3-	none	exp F3+ R2-	exp F3+ R3-	none	none	none	none	none	none	none	none	none	none	none	none	none	none	none	none	none	none	none	none	none	none	none	none	none	none	none	none	none	none	none	none	none	none	none	none	none	none	none	none	none	none	none	none	none	none	none	none	none	none	none	none	none	none	none	none	none	none	none	none	none	none	none	none	none	none	none	none	none	none	none	none	none	none	none	none	none	none	none
PQ461161.1	none	none	exp F2+ R3-	none	exp F2+ R3-	none	exp F2+ R2-	exp F2+ R3-	none	none	none	none	none	none	none	none	none	none	none	none	none	none	none	none	none	none	none	none	none	none	none	none	none	none	none	none	none	none	none	none	none	none	none	none	none	none	none	none	none	none	none	none	none	none	none	none	none	none	none	none	none	none	none	none	none	none	none	none	none	none	none	none	none	none	none	none	none	none	none	none	none	none	none	none	none	none	none
PV553834.1	exp F2+ R1-	exp F2+ R2-	exp F2+ R0-	exp F2+ R1-	exp F2+ R2-	exp F2+ R3-	exp F2+ R1-	exp F2+ R2-	none	none	none	none	none	none	none	none	none	none	none	none	none	none	none	none	none	none	none	none	none	none	none	none	none	none	none	none	none	none	none	none	none	none	none	none	none	none	none	none	none	none	none	none	none	none	none	none	none	none	none	none	none	none	none	none	none	none	none	none	none	none	none	none	none	none	none	none	none	none	none	none	none	none	none	none	none	none	none
OR536443.1	exp F3+ R1-	exp F3+ R2-	exp F3+ R0-	exp F3+ R1-	exp F3+ R2-	exp F3+ R3-	exp F3+ R1-	exp F3+ R2-	none	none	none	none	none	none	none	none	none	none	none	none	none	none	none	none	none	none	none	none	none	none	none	none	none	none	none	none	none	none	none	none	none	none	none	none	none	none	none	none	none	none	none	none	none	none	none	none	none	none	none	none	none	none	none	none	none	none	none	none	none	none	none	none	none	none	none	none	none	none	none	none	none	none	none	none	none	none	none
OR536445.1	exp F3+ R1-	exp F3+ R2-	exp F3+ R0-	exp F3+ R1-	exp F3+ R2-	exp F3+ R3-	exp F3+ R1-	exp F3+ R2-	none	none	none	none	none	none	none	none	none	none	none	none	none	none	none	none	none	none	none	none	none	none	none	none	none	none	none	none	none	none	none	none	none	none	none	none	none	none	none	none	none	none	none	none	none	none	none	none	none	none	none	none	none	none	none	none	none	none	none	none	none	none	none	none	none	none	none	none	none	none	none	none	none	none	none	none	none	none	none
OR536446.1	exp F3+ R1-	exp F3+ R2-	exp F3+ R0-	exp F3+ R1-	exp F3+ R2-	exp F3+ R3-	exp F3+ R1-	exp F3+ R2-	none	none	none	none	none	none	none	none	none	none	none	none	none	none	none	none	none	none	none	none	none	none	none	none	none	none	none	none	none	none	none	none	none	none	none	none	none	none	none	none	none	none	none	none	none	none	none	none	none	none	none	none	none	none	none	none	none	none	none	none	none	none	none	none	none	none	none	none	none	none	none	none	none	none	none	none	none	none	none
OR536448.1	exp F3+ R1-	exp F3+ R2-	exp F3+ R0-	exp F3+ R1-	exp F3+ R2-	exp F3+ R3-	exp F3+ R1-	exp F3+ R2-	none	none	none	none	none	none	none	none	none	none	none	none	none	none	none	none	none	none	none	none	none	none	none	none	none	none	none	none	none	none	none	none	none	none	none	none	none	none	none	none	none	none	none	none	none	none	none	none	none	none	none	none	none	none	none	none	none	none	none	none	none	none	none	none	none	none	none	none	none	none	none	none	none	none	none	none	none	none	none
OR536449.1	exp F3+ R1-	exp F3+ R2-	exp F3+ R0-	exp F3+ R1-	exp F3+ R2-	exp F3+ R3-	exp F3+ R1-	exp F3+ R2-	none	none	none	none	none	none	none	none	none	none	none	none	none	none	none	none	none	none	none	none	none	none	none	none	none	none	none	none	none	none	none	none	none	none	none	none	none	none	none	none	none	none	none	none	none	none	none	none	none	none	none	none	none	none	none	none	none	none	none	none	none	none	none	none	none	none	none	none	none	none	none	none	none	none	none	none	none	none	none
OR536451.1	exp F3+ R1-	exp F3+ R2-	exp F3+ R0-	exp F3+ R1-	exp F3+ R2-	exp F3+ R3-	exp F3+ R1-	exp F3+ R2-	none	none	none	none	none	none	none	none	none	none	none	none	none	none	none	none	none	none	none	none	none	none	none	none	none	none	none	none	none	none	none	none	none	none	none	none	none	none	none	none	none	none	none	none	none	none	none	none	none	none	none	none	none	none	none	none	none	none	none	none	none	none	none	none	none	none	none	none	none	none	none	none	none	none	none	none	none	none	none
OR536452.1	exp F3+ R1-	exp F3+ R2-	exp F3+ R0-	exp F3+ R1-	exp F3+ R2-	exp F3+ R3-	exp F3+ R1-	exp F3+ R2-	none	none	none	none	none	none	none	none	none	none	none	none	none	none	none	none	none	none	none	none	none	none	none	none	none	none	none	none	none	none	none	none	none	none	none	none	none	none	none	none	none	none	none	none	none	none	none	none	none	none	none	none	none	none	none	none	none	none	none	none	none	none	none	none	none	none	none	none	none	none	none	none	none	none	none	none	none	none	none
OR536453.1	exp F3+ R1-	exp F3+ R2-	exp F3+ R0-	exp F3+ R1-	exp F3+ R2-	exp F3+ R3-	exp F3+ R1-	exp F3+ R2-	none	none	none	none	none	none	none	none	none	none	none	none	none	none	none	none	none	none	none	none	none	none	none	none	none	none	none	none	none	none	none	none	none	none	none	none	none	none	none	none	none	none	none	none	none	none	none	none	none	none	none	none	none	none	none	none	none	none	none	none	none	none	none	none	none	none	none	none	none	none	none	none	none	none	none	none	none	none	none
OR536455.1	exp F3+ R1-	exp F3+ R2-	exp F3+ R0-	exp F3+ R1-	exp F3+ R2-	exp F3+ R3-	exp F3+ R1-	exp F3+ R2-	none	none	none	none	none	none	none	none	none	none	none	none	none	none	none	none	none	none	none	none	none	none	none	none	none	none	none	none	none	none	none	none	none	none	none	none	none	none	none	none	none	none	none	none	none	none	none	none	none	none	none	none	none	none	none	none	none	none	none	none	none	none	none	none	none	none	none	none	none	none	none	none	none	none	none	none	none	none	none
OR536456.1	exp F3+ R1-	exp F3+ R2-	exp F3+ R0-	exp F3+ R1-	exp F3+ R2-	exp F3+ R3-	exp F3+ R1-	exp F3+ R2-	none	none	none	none	none	none	none	none	none	none	none	none	none	none	none	none	none	none	none	none	none	none	none	none	none	none	none	none	none	none	none	none	none	none	none	none	none	none	none	none	none	none	none	none	none	none	none	none	none	none	none	none	none	none	none	none	none	none	none	none	none	none	none	none	none	none	none	none	none	none	none	none	none	none	none	none	none	none	none
OR536461.1	exp F3+ R1-	exp F3+ R2-	exp F3+ R0-	exp F3+ R1-	exp F3+ R2-	exp F3+ R3-	exp F3+ R1-	exp F3+ R2-	none	none	none	none	none	none	none	none	none	none	none	none	none	none	none	none	none	none	none	none	none	none	none	none	none	none	none	none	none	none	none	none	none	none	none	none	none	none	none	none	none	none	none	none	none	none	none	none	none	none	none	none	none	none	none	none	none	none	none	none	none	none	none	none	none	none	none	none	none	none	none	none	none	none	none	none	none	none	none
OR536463.1	exp F2+ R1-	exp F2+ R2-	exp F2+ R0-	exp F2+ R1-	exp F2+ R2-	exp F2+ R3-	exp F2+ R1-	exp F2+ R2-	none	none	none	none	none	none	none	none	none	none	none	none	none	none	none	none	none	none	none	none	none	none	none	none	none	none	none	none	none	none	none	none	none	none	none	none	none	none	none	none	none	none	none	none	none	none	none	none	none	none	none	none	none	none	none	none	none	none	none	none	none	none	none	none	none	none	none	none	none	none	none	none	none	none	none	none	none	none	none
OR536497.1	none	none	exp F1+ R3-	none	exp F1+ R3-	none	exp F1+ R2-	exp F1+ R3-	none	none	none	none	none	none	none	none	none	none	none	none	none	none	none	none	none	none	none	none	none	none	none	none	none	none	none	none	none	none	none	none	none	none	none	none	none	none	none	none	none	none	none	none	none	none	none	none	none	none	none	none	none	none	none	none	none	none	none	none	none	none	none	none	none	none	none	none	none	none	none	none	none	none	none	none	none	none	none
OR546391.1	exp F2+ R2-	exp F2+ R3-	exp F2+ R1-	exp F2+ R2-	exp F2+ R2-	exp F2+ R3-	exp F2+ R1-	exp F2+ R2-	none	none	none	none	none	none	none	none	none	none	none	none	none	none	none	none	none	none	none	none	none	none	none	none	none	none	none	none	none	none	none	none	none	none	none	none	none	none	none	none	none	none	none	none	none	none	none	none	none	none	none	none	none	none	none	none	none	none	none	none	none	none	none	none	none	none	none	none	none	none	none	none	none	none	none	none	none	none	none
OR546392.1	exp F2+ R2-	exp F2+ R3-	exp F2+ R1-	exp F2+ R2-	exp F2+ R2-	exp F2+ R3-	exp F2+ R1-	exp F2+ R2-	none	none	none	none	none	none	none	none	none	none	none	none	none	none	none	none	none	none	none	none	none	none	none	none	none	none	none	none	none	none	none	none	none	none	none	none	none	none	none	none	none	none	none	none	none	none	none	none	none	none	none	none	none	none	none	none	none	none	none	none	none	none	none	none	none	none	none	none	none	none	none	none	none	none	none	none	none	none	none
OR546393.1	none	none	none	none	none	none	none	none	none	none	none	none	none	none	none	none	none	none	none	none	none	none	none	none	none	none	none	none	none	none	none	none	exp F3+ R2-	exp F3+ R3-	exp F3+ R1-	exp F3+ R2-	exp F3+ R1-	exp F3+ R2-	exp F3+ R0-	exp F3+ R1-	none	none	none	none	none	none	none	none	none	none	none	none	none	none	none	none	none	none	none	none	none	none	none	none	none	none	none	none	none	none	none	none	none	none	none	none	none	none	none	none	none	none	none	none	none	none	none
OR546394.1	exp F1+ R2-	exp F1+ R3-	exp F1+ R1-	exp F1+ R2-	exp F1+ R2-	exp F1+ R3-	exp F1+ R1-	exp F1+ R2-	none	none	none	none	none	none	none	none	none	none	none	none	none	none	none	none	none	none	none	none	none	none	none	none	none	none	none	none	none	none	none	none	none	none	none	none	none	none	none	none	lin F3+ F1+	lin F3+ F2+	lin F3+ F2+	lin F3+ F3+	lin F3+ F2+	lin F3+ F3+	lin F3+ F3+	exp F3+ R2-	exp F3+ R3-	exp F3+ R1-	exp F3+ R2-	exp F3+ R2-	exp F3+ R3-	exp F3+ R1-	exp F3+ R2-	none	none	none	none	none	none	none	none	none	none	none	none	none	none	none	none	none	none	none	none	none	none	none	none
OR546395.1	exp F1+ R2-	exp F1+ R3-	exp F1+ R1-	exp F1+ R2-	exp F1+ R2-	exp F1+ R3-	exp F1+ R1-	exp F1+ R2-	none	none	none	none	none	none	none	none	none	none	none	none	none	none	none	none	none	none	none	none	none	none	none	none	none	none	none	none	none	none	none	none	none	none	none	none	none	none	none	none	lin F3+ F1+	lin F3+ F2+	lin F3+ F2+	lin F3+ F3+	lin F3+ F2+	lin F3+ F3+	lin F3+ F3+	exp F3+ R2-	exp F3+ R3-	exp F3+ R1-	exp F3+ R2-	exp F3+ R2-	exp F3+ R3-	exp F3+ R1-	exp F3+ R2-	none	none	none	none	none	none	none	none	none	none	none	none	none	none	none	none	none	none	none	none	none	none	none	none
OR546396.1	exp F2+ R2-	exp F2+ R3-	exp F2+ R1-	exp F2+ R2-	exp F2+ R2-	exp F2+ R3-	exp F2+ R1-	exp F2+ R2-	none	none	none	none	none	none	none	none	none	none	none	none	none	none	none	none	none	none	none	none	none	none	none	none	none	none	none	none	none	none	none	none	none	none	none	none	none	none	none	none	none	none	none	none	none	none	none	none	none	none	none	none	none	none	none	none	none	none	none	none	none	none	none	none	none	none	none	none	none	none	none	none	none	none	none	none	none	none	none
OR546397.1	exp F2+ R2-	exp F2+ R3-	exp F2+ R1-	exp F2+ R2-	exp F2+ R2-	exp F2+ R3-	exp F2+ R1-	exp F2+ R2-	none	none	none	none	none	none	none	none	none	none	none	none	none	none	none	none	none	none	none	none	none	none	none	none	none	none	none	none	none	none	none	none	none	none	none	none	none	none	none	none	none	none	none	none	none	none	none	none	none	none	none	none	none	none	none	none	none	none	none	none	none	none	none	none	none	none	none	none	none	none	none	none	none	none	none	none	none	none	none
OR546398.1	exp F2+ R2-	exp F2+ R3-	exp F2+ R1-	exp F2+ R2-	exp F2+ R2-	exp F2+ R3-	exp F2+ R1-	exp F2+ R2-	none	none	none	none	none	none	none	none	none	none	none	none	none	none	none	none	none	none	none	none	none	none	none	none	none	none	none	none	none	none	none	none	none	none	none	none	none	none	none	none	none	none	none	none	none	none	none	none	none	none	none	none	none	none	none	none	none	none	none	none	none	none	none	none	none	none	none	none	none	none	none	none	none	none	none	none	none	none	none
OR546399.1	exp F2+ R2-	exp F2+ R3-	exp F2+ R1-	exp F2+ R2-	exp F2+ R2-	exp F2+ R3-	exp F2+ R1-	exp F2+ R2-	none	none	none	none	none	none	none	none	none	none	none	none	none	none	none	none	none	none	none	none	none	none	none	none	none	none	none	none	none	none	none	none	none	none	none	none	none	none	none	none	none	none	none	none	none	none	none	none	none	none	none	none	none	none	none	none	none	none	none	none	none	none	none	none	none	none	none	none	none	none	none	none	none	none	none	none	none	none	none
OR546400.1	exp F2+ R2-	exp F2+ R3-	exp F2+ R1-	exp F2+ R2-	exp F2+ R2-	exp F2+ R3-	exp F2+ R1-	exp F2+ R2-	none	none	none	none	none	none	none	none	none	none	none	none	none	none	none	none	none	none	none	none	none	none	none	none	none	none	none	none	none	none	none	none	none	none	none	none	none	none	none	none	none	none	none	none	none	none	none	none	none	none	none	none	none	none	none	none	none	none	none	none	none	none	none	none	none	none	none	none	none	none	none	none	none	none	none	none	none	none	none
OR397766.1	exp F3+ R3-	exp F3+ R2-	exp F3+ R2-	exp F3+ R1-	exp F3+ R3-	exp F3+ R2-	exp F3+ R2-	exp F3+ R1-	none	none	none	none	none	none	none	none	none	none	none	none	none	none	none	none	none	none	none	none	none	none	none	none	none	none	none	none	none	none	none	none	none	none	none	none	none	none	none	none	none	none	none	none	none	none	none	none	none	none	none	none	none	none	none	none	none	none	none	none	none	none	none	none	none	none	none	none	none	none	none	none	none	none	none	none	none	none	none
OR397767.1	exp F3+ R3-	exp F3+ R2-	exp F3+ R2-	exp F3+ R1-	exp F3+ R3-	exp F3+ R2-	exp F3+ R2-	exp F3+ R1-	none	none	none	none	none	none	none	none	none	none	none	none	none	none	none	none	none	none	none	none	none	none	none	none	none	none	none	none	none	none	none	none	none	none	none	none	none	none	none	none	none	none	none	none	none	none	none	none	none	none	none	none	none	none	none	none	none	none	none	none	none	none	none	none	none	none	none	none	none	none	none	none	none	none	none	none	none	none	none
OR397768.1	exp F3+ R3-	exp F3+ R2-	exp F3+ R2-	exp F3+ R1-	exp F3+ R3-	exp F3+ R2-	exp F3+ R2-	exp F3+ R1-	none	none	none	none	none	none	none	none	none	none	none	none	none	none	none	none	none	none	none	none	none	none	none	none	none	none	none	none	none	none	none	none	none	none	none	none	none	none	none	none	none	none	none	none	none	none	none	none	none	none	none	none	none	none	none	none	none	none	none	none	none	none	none	none	none	none	none	none	none	none	none	none	none	none	none	none	none	none	none
OR397769.1	exp F3+ R3-	exp F3+ R2-	exp F3+ R2-	exp F3+ R1-	exp F3+ R3-	exp F3+ R2-	exp F3+ R2-	exp F3+ R1-	none	none	none	none	none	none	none	none	none	none	none	none	none	none	none	none	none	none	none	none	none	none	none	none	none	none	none	none	none	none	none	none	none	none	none	none	none	none	none	none	none	none	none	none	none	none	none	none	none	none	none	none	none	none	none	none	none	none	none	none	none	none	none	none	none	none	none	none	none	none	none	none	none	none	none	none	none	none	none
OR397770.1	exp F3+ R3-	exp F3+ R2-	exp F3+ R2-	exp F3+ R1-	exp F3+ R3-	exp F3+ R2-	exp F3+ R2-	exp F3+ R1-	none	none	none	none	none	none	none	none	none	none	none	none	none	none	none	none	none	none	none	none	none	none	none	none	none	none	none	none	none	none	none	none	none	none	none	none	none	none	none	none	none	none	none	none	none	none	none	none	none	none	none	none	none	none	none	none	none	none	none	none	none	none	none	none	none	none	none	none	none	none	none	none	none	none	none	none	none	none	none
OR397771.1	exp F3+ R3-	exp F3+ R2-	exp F3+ R2-	exp F3+ R1-	exp F3+ R3-	exp F3+ R2-	exp F3+ R2-	exp F3+ R1-	none	none	none	none	none	none	none	none	none	none	none	none	none	none	none	none	none	none	none	none	none	none	none	none	none	none	none	none	none	none	none	none	none	none	none	none	none	none	none	none	none	none	none	none	none	none	none	none	none	none	none	none	none	none	none	none	none	none	none	none	none	none	none	none	none	none	none	none	none	none	none	none	none	none	none	none	none	none	none
OR397772.1	exp F3+ R3-	exp F3+ R2-	exp F3+ R2-	exp F3+ R1-	exp F3+ R3-	exp F3+ R2-	exp F3+ R2-	exp F3+ R1-	none	none	none	none	none	none	none	none	none	none	none	none	none	none	none	none	none	none	none	none	none	none	none	none	none	none	none	none	none	none	none	none	none	none	none	none	none	none	none	none	none	none	none	none	none	none	none	none	none	none	none	none	none	none	none	none	none	none	none	none	none	none	none	none	none	none	none	none	none	none	none	none	none	none	none	none	none	none	none
OR397773.1	exp F3+ R3-	exp F3+ R2-	exp F3+ R2-	exp F3+ R1-	exp F3+ R3-	exp F3+ R2-	exp F3+ R2-	exp F3+ R1-	none	none	none	none	none	none	none	none	none	none	none	none	none	none	none	none	none	none	none	none	none	none	none	none	none	none	none	none	none	none	none	none	none	none	none	none	none	none	none	none	none	none	none	none	none	none	none	none	none	none	none	none	none	none	none	none	none	none	none	none	none	none	none	none	none	none	none	none	none	none	none	none	none	none	none	none	none	none	none
OR397774.1	exp F3+ R3-	exp F3+ R2-	exp F3+ R2-	exp F3+ R1-	exp F3+ R3-	exp F3+ R2-	exp F3+ R2-	exp F3+ R1-	none	none	none	none	none	none	none	none	none	none	none	none	none	none	none	none	none	none	none	none	none	none	none	none	none	none	none	none	none	none	none	none	none	none	none	none	none	none	none	none	none	none	none	none	none	none	none	none	none	none	none	none	none	none	none	none	none	none	none	none	none	none	none	none	none	none	none	none	none	none	none	none	none	none	none	none	none	none	none
OR397775.1	exp F3+ R3-	exp F3+ R2-	exp F3+ R2-	exp F3+ R1-	exp F3+ R3-	exp F3+ R2-	exp F3+ R2-	exp F3+ R1-	none	none	none	none	none	none	none	none	none	none	none	none	none	none	none	none	none	none	none	none	none	none	none	none	none	none	none	none	none	none	none	none	none	none	none	none	none	none	none	none	none	none	none	none	none	none	none	none	none	none	none	none	none	none	none	none	none	none	none	none	none	none	none	none	none	none	none	none	none	none	none	none	none	none	none	none	none	none	none
OR397776.1	exp F3+ R3-	exp F3+ R2-	exp F3+ R2-	exp F3+ R1-	exp F3+ R3-	exp F3+ R2-	exp F3+ R2-	exp F3+ R1-	none	none	none	none	none	none	none	none	none	none	none	none	none	none	none	none	none	none	none	none	none	none	none	none	none	none	none	none	none	none	none	none	none	none	none	none	none	none	none	none	none	none	none	none	none	none	none	none	none	none	none	none	none	none	none	none	none	none	none	none	none	none	none	none	none	none	none	none	none	none	none	none	none	none	none	none	none	none	none
OR397777.1	exp F3+ R3-	exp F3+ R2-	exp F3+ R2-	exp F3+ R1-	exp F3+ R3-	exp F3+ R2-	exp F3+ R2-	exp F3+ R1-	none	none	none	none	none	none	none	none	none	none	none	none	none	none	none	none	none	none	none	none	none	none	none	none	none	none	none	none	none	none	none	none	none	none	none	none	none	none	none	none	none	none	none	none	none	none	none	none	none	none	none	none	none	none	none	none	none	none	none	none	none	none	none	none	none	none	none	none	none	none	none	none	none	none	none	none	none	none	none
OR397778.1	exp F3+ R3-	exp F3+ R2-	exp F3+ R2-	exp F3+ R1-	exp F3+ R3-	exp F3+ R2-	exp F3+ R2-	exp F3+ R1-	none	none	none	none	none	none	none	none	none	none	none	none	none	none	none	none	none	none	none	none	none	none	none	none	none	none	none	none	none	none	none	none	none	none	none	none	none	none	none	none	none	none	none	none	none	none	none	none	none	none	none	none	none	none	none	none	none	none	none	none	none	none	none	none	none	none	none	none	none	none	none	none	none	none	none	none	none	none	none
OR397779.1	exp F3+ R3-	exp F3+ R2-	exp F3+ R2-	exp F3+ R1-	exp F3+ R3-	exp F3+ R2-	exp F3+ R2-	exp F3+ R1-	none	none	none	none	none	none	none	none	none	none	none	none	none	none	none	none	none	none	none	none	none	none	none	none	none	none	none	none	none	none	none	none	none	none	none	none	none	none	none	none	none	none	none	none	none	none	none	none	none	none	none	none	none	none	none	none	none	none	none	none	none	none	none	none	none	none	none	none	none	none	none	none	none	none	none	none	none	none	none
OR397780.1	exp F3+ R3-	exp F3+ R2-	exp F3+ R2-	exp F3+ R1-	exp F3+ R3-	exp F3+ R2-	exp F3+ R2-	exp F3+ R1-	none	none	none	none	none	none	none	none	none	none	none	none	none	none	none	none	none	none	none	none	none	none	none	none	none	none	none	none	none	none	none	none	none	none	none	none	none	none	none	none	none	none	none	none	none	none	none	none	none	none	none	none	none	none	none	none	none	none	none	none	none	none	none	none	none	none	none	none	none	none	none	none	none	none	none	none	none	none	none
OR397781.1	exp F3+ R3-	exp F3+ R2-	exp F3+ R2-	exp F3+ R1-	exp F3+ R3-	exp F3+ R2-	exp F3+ R2-	exp F3+ R1-	none	none	none	none	none	none	none	none	none	none	none	none	none	none	none	none	none	none	none	none	none	none	none	none	none	none	none	none	none	none	none	none	none	none	none	none	none	none	none	none	none	none	none	none	none	none	none	none	none	none	none	none	none	none	none	none	none	none	none	none	none	none	none	none	none	none	none	none	none	none	none	none	none	none	none	none	none	none	none
OR397782.1	exp F3+ R3-	exp F3+ R2-	exp F3+ R2-	exp F3+ R1-	exp F3+ R3-	exp F3+ R2-	exp F3+ R2-	exp F3+ R1-	none	none	none	none	none	none	none	none	none	none	none	none	none	none	none	none	none	none	none	none	none	none	none	none	none	none	none	none	none	none	none	none	none	none	none	none	none	none	none	none	none	none	none	none	none	none	none	none	none	none	none	none	none	none	none	none	none	none	none	none	none	none	none	none	none	none	none	none	none	none	none	none	none	none	none	none	none	none	none
OR397783.1	exp F3+ R3-	exp F3+ R2-	exp F3+ R2-	exp F3+ R1-	exp F3+ R3-	exp F3+ R2-	exp F3+ R2-	exp F3+ R1-	none	none	none	none	none	none	none	none	none	none	none	none	none	none	none	none	none	none	none	none	none	none	none	none	none	none	none	none	none	none	none	none	none	none	none	none	none	none	none	none	none	none	none	none	none	none	none	none	none	none	none	none	none	none	none	none	none	none	none	none	none	none	none	none	none	none	none	none	none	none	none	none	none	none	none	none	none	none	none
OR397784.1	exp F3+ R3-	exp F3+ R2-	exp F3+ R2-	exp F3+ R1-	exp F3+ R3-	exp F3+ R2-	exp F3+ R2-	exp F3+ R1-	none	none	none	none	none	none	none	none	none	none	none	none	none	none	none	none	none	none	none	none	none	none	none	none	none	none	none	none	none	none	none	none	none	none	none	none	none	none	none	none	none	none	none	none	none	none	none	none	none	none	none	none	none	none	none	none	none	none	none	none	none	none	none	none	none	none	none	none	none	none	none	none	none	none	none	none	none	none	none
OR397785.1	exp F3+ R3-	exp F3+ R2-	exp F3+ R2-	exp F3+ R1-	exp F3+ R3-	exp F3+ R2-	exp F3+ R2-	exp F3+ R1-	none	none	none	none	none	none	none	none	none	none	none	none	none	none	none	none	none	none	none	none	none	none	none	none	none	none	none	none	none	none	none	none	none	none	none	none	none	none	none	none	none	none	none	none	none	none	none	none	none	none	none	none	none	none	none	none	none	none	none	none	none	none	none	none	none	none	none	none	none	none	none	none	none	none	none	none	none	none	none
OR397786.1	exp F3+ R3-	exp F3+ R2-	exp F3+ R2-	exp F3+ R1-	exp F3+ R3-	exp F3+ R2-	exp F3+ R2-	exp F3+ R1-	none	none	none	none	none	none	none	none	none	none	none	none	none	none	none	none	none	none	none	none	none	none	none	none	none	none	none	none	none	none	none	none	none	none	none	none	none	none	none	none	none	none	none	none	none	none	none	none	none	none	none	none	none	none	none	none	none	none	none	none	none	none	none	none	none	none	none	none	none	none	none	none	none	none	none	none	none	none	none
OR397787.1	exp F3+ R3-	exp F3+ R2-	exp F3+ R2-	exp F3+ R1-	exp F3+ R3-	exp F3+ R2-	exp F3+ R2-	exp F3+ R1-	none	none	none	none	none	none	none	none	none	none	none	none	none	none	none	none	none	none	none	none	none	none	none	none	none	none	none	none	none	none	none	none	none	none	none	none	none	none	none	none	none	none	none	none	none	none	none	none	none	none	none	none	none	none	none	none	none	none	none	none	none	none	none	none	none	none	none	none	none	none	none	none	none	none	none	none	none	none	none
OR397788.1	exp F3+ R3-	exp F3+ R2-	exp F3+ R2-	exp F3+ R1-	exp F3+ R3-	exp F3+ R2-	exp F3+ R2-	exp F3+ R1-	none	none	none	none	none	none	none	none	none	none	none	none	none	none	none	none	none	none	none	none	none	none	none	none	none	none	none	none	none	none	none	none	none	none	none	none	none	none	none	none	none	none	none	none	none	none	none	none	none	none	none	none	none	none	none	none	none	none	none	none	none	none	none	none	none	none	none	none	none	none	none	none	none	none	none	none	none	none	none
OP609646.1	exp F3+ R1-	exp F3+ R0-	exp F3+ R2-	exp F3+ R1-	exp F3+ R2-	exp F3+ R1-	exp F3+ R3-	exp F3+ R2-	none	none	none	none	none	none	none	none	none	none	none	none	none	none	none	none	none	none	none	none	none	none	none	none	none	none	none	none	none	none	none	none	none	none	none	none	none	none	none	none	none	none	none	none	none	none	none	none	none	none	none	none	none	none	none	none	none	none	none	none	none	none	none	exp F3+ R1-	exp F3+ R0-	exp F3+ R2-	exp F3+ R1-	exp F3+ R2-	exp F3+ R1-	exp F3+ R3-	exp F3+ R2-	none	none	none	none	none	none	none	none
ON706286.1	none	none	none	none	lin R2-	none	none	none	none	none	none	none	none	none	none	none	none	none	none	none	none	none	none	none	none	none	none	none	none	none	none	none	none	none	none	none	none	none	none	none	lin R1-	none	none	lin R1-	none	none	lin R1-	lin R2-	none	none	none	none	none	none	none	none	none	none	none	none	none	none	none	none	none	none	none	none	lin R2-	none	none	none	none	lin R0-	none	none	none	none	none	none	none	none	none	none	none	none	none
MW581004.1	exp F1+ R2-	exp F1+ R1-	exp F1+ R2-	exp F1+ R1-	exp F1+ R3-	exp F1+ R2-	exp F1+ R3-	exp F1+ R2-	none	none	none	none	none	none	none	none	none	none	none	none	none	none	none	none	none	none	none	none	none	none	none	none	none	none	none	none	none	none	none	none	none	none	none	none	none	none	none	none	none	none	none	none	none	none	none	none	none	none	none	none	none	none	none	none	none	none	none	none	none	none	none	none	none	none	none	none	none	none	none	none	none	none	none	none	none	none	none
MW581008.1	exp F2+ R2-	exp F2+ R1-	exp F2+ R2-	exp F2+ R1-	exp F2+ R3-	exp F2+ R2-	exp F2+ R3-	exp F2+ R2-	none	none	none	none	none	none	none	none	none	none	none	none	none	none	none	none	none	none	none	none	none	none	none	none	none	none	none	none	none	none	none	none	none	none	none	none	none	none	none	none	none	none	none	none	none	none	none	none	none	none	none	none	none	none	none	none	none	none	none	none	none	none	none	none	none	none	none	none	none	none	none	none	none	none	none	none	none	none	none
MZ292759.1	none	none	none	none	none	none	none	none	none	none	none	none	none	none	none	none	none	none	none	none	none	none	none	none	none	none	none	none	none	none	none	none	exp F3+ R2-	exp F3+ R1-	exp F3+ R1-	exp F3+ R0-	exp F3+ R3-	exp F3+ R2-	exp F3+ R2-	exp F3+ R1-	none	none	none	none	none	none	none	none	none	none	none	none	none	none	none	none	none	none	none	none	none	none	none	none	none	none	none	none	none	none	none	none	none	none	none	none	none	none	none	none	none	none	none	none	none	none	none
MZ292794.1	exp F2+ R2-	exp F2+ R3-	exp F2+ R1-	exp F2+ R2-	exp F2+ R2-	exp F2+ R3-	exp F2+ R1-	exp F2+ R2-	none	none	none	none	none	none	none	none	none	none	none	none	none	none	none	none	none	none	none	none	none	none	none	none	none	none	none	none	none	none	none	none	none	none	none	none	none	none	none	none	none	none	none	none	none	none	none	none	none	none	none	none	none	none	none	none	none	none	none	none	none	none	none	none	none	none	none	none	none	none	none	none	none	none	none	none	none	none	none
MZ291634.1	exp F3+ R3-	exp F3+ R2-	exp F3+ R3-	exp F3+ R2-	exp F3+ R3-	exp F3+ R2-	exp F3+ R3-	exp F3+ R2-	none	none	none	none	none	none	none	none	none	none	none	none	none	none	none	none	none	none	none	none	none	none	none	none	none	none	none	none	none	none	none	none	none	none	none	none	none	none	none	none	none	none	none	none	none	none	none	none	none	none	none	none	none	none	none	none	none	none	none	none	none	none	none	none	none	none	none	none	none	none	none	none	none	none	none	none	none	none	none
MZ272053.1	none	none	none	none	none	none	none	none	none	none	none	none	none	none	none	none	none	none	none	none	none	none	none	none	none	none	none	none	none	none	none	none	exp F3+ R1-	exp F3+ R2-	exp F3+ R0-	exp F3+ R1-	exp F3+ R2-	exp F3+ R3-	exp F3+ R1-	exp F3+ R2-	none	none	none	none	none	none	none	none	none	none	none	none	none	none	none	none	none	none	none	none	none	none	none	none	none	none	none	none	none	none	none	none	none	none	none	none	none	none	none	none	none	none	none	none	none	none	none
MZ265063.2	exp F2+ R2-	exp F2+ R3-	exp F2+ R1-	exp F2+ R2-	exp F2+ R1-	exp F2+ R2-	exp F2+ R0-	exp F2+ R1-	none	none	none	none	none	none	none	none	none	none	none	none	none	none	none	none	none	none	none	none	none	none	none	none	none	none	none	none	none	none	none	none	none	none	none	none	none	none	none	none	none	none	none	none	none	none	none	none	none	none	none	none	none	none	none	none	none	none	none	none	none	none	none	none	none	none	none	none	none	none	none	none	none	none	none	none	none	none	none
MZ265142.1	exp F2+ R1-	exp F2+ R0-	exp F2+ R2-	exp F2+ R1-	exp F2+ R2-	exp F2+ R1-	exp F2+ R3-	exp F2+ R2-	none	none	none	none	none	none	none	none	none	none	none	none	none	none	none	none	none	none	none	none	none	none	none	none	none	none	none	none	none	none	none	none	none	none	none	none	none	none	none	none	none	none	none	none	none	none	none	none	none	none	none	none	none	none	none	none	none	none	none	none	none	none	none	none	none	none	none	none	none	none	none	none	none	none	none	none	none	none	none
MZ265480.1	exp F2+ R1-	exp F2+ R2-	exp F2+ R0-	exp F2+ R1-	exp F2+ R2-	exp F2+ R3-	exp F2+ R1-	exp F2+ R2-	none	none	none	none	none	none	none	none	none	none	none	none	none	none	none	none	none	none	none	none	none	none	none	none	none	none	none	none	none	none	none	none	none	none	none	none	none	none	none	none	none	none	none	none	none	none	none	none	none	none	none	none	none	none	none	none	none	none	none	none	none	none	none	none	none	none	none	none	none	none	none	none	none	none	none	none	none	none	none
MW661257.1	exp F2+ R2-	exp F2+ R3-	exp F2+ R1-	exp F2+ R2-	exp F2+ R2-	exp F2+ R3-	exp F2+ R1-	exp F2+ R2-	none	none	none	none	none	none	none	none	none	none	none	none	none	none	none	none	none	none	none	none	none	none	none	none	none	none	none	none	none	none	none	none	none	none	none	none	none	none	none	none	none	none	none	none	none	none	none	none	none	none	none	none	none	none	none	none	none	none	none	none	none	none	none	none	none	none	none	none	none	none	none	none	none	none	none	none	none	none	none
MW661262.1	none	none	exp F1+ R3-	none	exp F1+ R3-	none	exp F1+ R2-	exp F1+ R3-	none	none	none	none	none	none	none	none	none	none	none	none	none	none	none	none	none	none	none	none	none	none	none	none	none	none	none	none	none	none	none	none	none	none	none	none	none	none	none	none	none	none	none	none	none	none	none	none	none	none	none	none	none	none	none	none	none	none	none	none	none	none	none	none	none	none	none	none	none	none	none	none	none	none	none	none	none	none	none
MW661265.1	none	none	exp F3+ R3-	none	exp F3+ R3-	none	exp F3+ R2-	exp F3+ R3-	none	none	none	none	none	none	none	none	none	none	none	none	none	none	none	none	none	none	none	none	none	none	none	none	none	none	none	none	none	none	none	none	none	none	none	none	none	none	none	none	none	none	none	none	none	none	none	none	none	none	none	none	none	none	none	none	none	none	none	none	none	none	none	none	none	none	none	none	none	none	none	none	none	none	none	none	none	none	none
MT218311.1	exp F3+ R3-	exp F3+ R2-	exp F3+ R3-	exp F3+ R2-	exp F3+ R3-	exp F3+ R2-	exp F3+ R3-	exp F3+ R2-	none	none	none	none	none	none	none	none	none	none	none	none	none	none	none	none	none	none	none	none	none	none	none	none	none	none	none	none	none	none	none	none	none	none	none	none	none	none	none	none	none	none	none	none	none	none	none	none	none	none	none	none	none	none	none	none	none	none	none	none	none	none	none	none	none	none	none	none	none	none	none	none	none	none	none	none	none	none	none
MT242482.1	exp F2+ R2-	exp F2+ R3-	exp F2+ R1-	exp F2+ R2-	exp F2+ R1-	exp F2+ R2-	exp F2+ R0-	exp F2+ R1-	none	none	none	none	none	none	none	none	none	none	none	none	none	none	none	none	none	none	none	none	none	none	none	none	none	none	none	none	none	none	none	none	none	none	none	none	none	none	none	none	none	none	none	none	none	none	none	none	none	none	none	none	none	none	none	none	none	none	none	none	none	none	none	none	none	none	none	none	none	none	none	none	none	none	none	none	none	none	none
MT316122.1	none	none	exp F3+ R3-	none	exp F3+ R3-	none	exp F3+ R2-	exp F3+ R3-	none	none	none	none	none	none	none	none	none	none	none	none	none	none	none	none	none	none	none	none	none	none	none	none	none	none	none	none	none	none	none	none	none	none	none	none	none	none	none	none	none	none	none	none	none	none	none	none	none	none	none	none	none	none	none	none	none	none	none	none	none	none	none	none	none	none	none	none	none	none	none	none	none	none	none	none	none	none	none
MN307997.1	exp F3+ R3-	exp F3+ R2-	exp F3+ R3-	exp F3+ R2-	exp F3+ R3-	exp F3+ R2-	exp F3+ R3-	exp F3+ R2-	none	none	none	none	none	none	none	none	none	none	none	none	none	none	none	none	none	none	none	none	none	none	none	none	none	none	none	none	none	none	none	none	none	none	none	none	none	none	none	none	none	none	none	none	none	none	none	none	none	none	none	none	none	none	none	none	none	none	none	none	none	none	none	none	none	none	none	none	none	none	none	none	none	none	none	none	none	none	none
MN307998.1	exp F2+ R3-	exp F2+ R2-	exp F2+ R3-	exp F2+ R2-	exp F2+ R3-	exp F2+ R2-	exp F2+ R3-	exp F2+ R2-	none	none	none	none	none	none	none	none	none	none	none	none	none	none	none	none	none	none	none	none	none	none	none	none	none	none	none	none	none	none	none	none	none	none	none	none	none	none	none	none	none	none	none	none	none	none	none	none	none	none	none	none	none	none	none	none	none	none	none	none	none	none	none	none	none	none	none	none	none	none	none	none	none	none	none	none	none	none	none
MN308002.1	exp F2+ R3-	exp F2+ R2-	exp F2+ R3-	exp F2+ R2-	exp F2+ R3-	exp F2+ R2-	exp F2+ R3-	exp F2+ R2-	none	none	none	none	none	none	none	none	none	none	none	none	none	none	none	none	none	none	none	none	none	none	none	none	none	none	none	none	none	none	none	none	none	none	none	none	none	none	none	none	none	none	none	none	none	none	none	none	none	none	none	none	none	none	none	none	none	none	none	none	none	none	none	none	none	none	none	none	none	none	none	none	none	none	none	none	none	none	none
MN308015.1	exp F3+ R3-	exp F3+ R2-	exp F3+ R3-	exp F3+ R2-	exp F3+ R3-	exp F3+ R2-	exp F3+ R3-	exp F3+ R2-	none	none	none	none	none	none	none	none	none	none	none	none	none	none	none	none	none	none	none	none	none	none	none	none	none	none	none	none	none	none	none	none	none	none	none	none	none	none	none	none	none	none	none	none	none	none	none	none	none	none	none	none	none	none	none	none	none	none	none	none	none	none	none	none	none	none	none	none	none	none	none	none	none	none	none	none	none	none	none
MN308019.1	exp F3+ R3-	exp F3+ R2-	exp F3+ R3-	exp F3+ R2-	exp F3+ R3-	exp F3+ R2-	exp F3+ R3-	exp F3+ R2-	none	none	none	none	none	none	none	none	none	none	none	none	none	none	none	none	none	none	none	none	none	none	none	none	none	none	none	none	none	none	none	none	none	none	none	none	none	none	none	none	none	none	none	none	none	none	none	none	none	none	none	none	none	none	none	none	none	none	none	none	none	none	none	none	none	none	none	none	none	none	none	none	none	none	none	none	none	none	none
MN199033.1	none	none	exp F3+ R3-	none	exp F3+ R3-	none	exp F3+ R2-	exp F3+ R3-	none	none	none	none	none	none	none	none	none	none	none	none	none	none	none	none	none	none	none	none	none	none	none	none	none	none	none	none	none	none	none	none	none	none	none	none	none	none	none	none	none	none	none	none	none	none	none	none	none	none	none	none	none	none	none	none	none	none	none	none	none	none	none	none	none	none	none	none	none	none	none	none	none	none	none	none	none	none	none
MK614125.1	exp F3+ R3-	exp F3+ R2-	exp F3+ R2-	exp F3+ R1-	exp F3+ R3-	exp F3+ R2-	exp F3+ R2-	exp F3+ R1-	none	none	none	none	none	none	none	none	none	none	none	none	none	none	none	none	none	none	none	none	none	none	none	none	none	none	none	none	none	none	none	none	none	none	none	none	none	none	none	none	none	none	none	none	none	none	none	none	none	none	none	none	none	none	none	none	none	none	none	none	none	none	none	none	none	none	none	none	none	none	none	none	none	none	none	none	none	none	none
MK773587.1	exp F3+ R3-	exp F3+ R2-	exp F3+ R2-	exp F3+ R1-	exp F3+ R3-	exp F3+ R2-	exp F3+ R2-	exp F3+ R1-	none	none	none	none	none	none	none	none	none	none	none	none	none	none	none	none	none	none	none	none	none	none	none	none	none	none	none	none	none	none	none	none	none	none	none	none	none	none	none	none	none	none	none	none	none	none	none	none	none	none	none	none	none	none	none	none	none	none	none	none	none	none	none	none	none	none	none	none	none	none	none	none	none	none	none	none	none	none	none
MK762745.1	exp F3+ R3-	exp F3+ R2-	exp F3+ R2-	exp F3+ R1-	exp F3+ R2-	exp F3+ R1-	exp F3+ R1-	exp F3+ R0-	none	none	none	none	none	none	none	none	none	none	none	none	none	none	none	none	none	none	none	none	none	none	none	none	none	none	none	none	none	none	none	none	none	none	none	none	none	none	none	none	none	none	none	none	none	none	none	none	none	none	none	none	none	none	none	none	none	none	none	none	none	none	none	none	none	none	none	none	none	none	none	exp F3+ R3-	exp F3+ R2-	exp F3+ R2-	exp F3+ R1-	exp F3+ R2-	exp F3+ R1-	exp F3+ R1-	exp F3+ R0-
MK752941.1	exp F3+ R3-	exp F3+ R2-	exp F3+ R2-	exp F3+ R1-	exp F3+ R3-	exp F3+ R2-	exp F3+ R2-	exp F3+ R1-	none	none	none	none	none	none	none	none	none	none	none	none	none	none	none	none	none	none	none	none	none	none	none	none	none	none	none	none	none	none	none	none	none	none	none	none	none	none	none	none	none	none	none	none	none	none	none	none	none	none	none	none	none	none	none	none	none	none	none	none	none	none	none	none	none	none	none	none	none	none	none	none	none	none	none	none	none	none	none
MK753012.1	exp F3+ R3-	exp F3+ R2-	exp F3+ R2-	exp F3+ R1-	exp F3+ R3-	exp F3+ R2-	exp F3+ R2-	exp F3+ R1-	none	none	none	none	none	none	none	none	none	none	none	none	none	none	none	none	none	none	none	none	none	none	none	none	none	none	none	none	none	none	none	none	none	none	none	none	none	none	none	none	none	none	none	none	none	none	none	none	none	none	none	none	none	none	none	none	none	none	none	none	none	none	none	none	none	none	none	none	none	none	none	none	none	none	none	none	none	none	none
MK729086.1	exp F3+ R3-	exp F3+ R2-	exp F3+ R2-	exp F3+ R1-	exp F3+ R3-	exp F3+ R2-	exp F3+ R2-	exp F3+ R1-	none	none	none	none	none	none	none	none	none	none	none	none	none	none	none	none	none	none	none	none	none	none	none	none	none	none	none	none	none	none	none	none	none	none	none	none	none	none	none	none	none	none	none	none	none	none	none	none	none	none	none	none	none	none	none	none	none	none	none	none	none	none	none	none	none	none	none	none	none	none	none	none	none	none	none	none	none	none	none
MG214988.1	exp F3+ R3-	exp F3+ R2-	exp F3+ R3-	exp F3+ R2-	exp F3+ R3-	exp F3+ R2-	exp F3+ R3-	exp F3+ R2-	none	none	none	none	none	none	none	none	none	none	none	none	none	none	none	none	none	none	none	none	none	none	none	none	none	none	none	none	none	none	none	none	none	none	none	none	none	none	none	none	none	none	none	none	none	none	none	none	none	none	none	none	none	none	none	none	none	none	none	none	none	none	none	none	none	none	none	none	none	none	none	none	none	none	none	none	none	none	none
MG002632.1	exp F2+ R3-	exp F2+ R2-	exp F2+ R3-	exp F2+ R2-	exp F2+ R3-	exp F2+ R2-	exp F2+ R3-	exp F2+ R2-	none	none	none	none	none	none	none	none	none	none	none	none	none	none	none	none	none	none	none	none	none	none	none	none	none	none	none	none	none	none	none	none	none	none	none	none	none	none	none	none	none	none	none	none	none	none	none	none	none	none	none	none	none	none	none	none	none	none	none	none	none	none	none	none	none	none	none	none	none	none	none	none	none	none	none	none	none	none	none
PV275048.1	none	none	none	none	none	none	none	none	exp F3+ R2-	exp F3+ R3-	exp F3+ R2-	exp F3+ R3-	exp F3+ R2-	exp F3+ R3-	exp F3+ R2-	exp F3+ R3-	none	none	none	none	none	none	none	none	none	none	none	none	none	none	none	none	none	none	none	none	none	none	none	none	none	none	none	none	none	none	none	none	none	none	none	none	none	none	none	none	none	none	none	none	none	none	none	none	none	none	none	none	none	none	none	none	none	none	none	none	none	none	none	none	none	none	none	none	none	none	none
PV275065.1	exp F2+ R2-	exp F2+ R3-	exp F2+ R2-	exp F2+ R3-	exp F2+ R1-	exp F2+ R2-	exp F2+ R1-	exp F2+ R2-	none	none	none	none	none	none	none	none	none	none	none	none	none	none	none	none	none	none	none	none	none	none	none	none	none	none	none	none	none	none	none	none	none	none	none	none	none	none	none	none	none	none	none	none	none	none	none	none	none	none	none	none	none	none	none	none	none	none	none	none	none	none	none	none	none	none	none	none	none	none	none	none	none	none	none	none	none	none	none
PV174239.1	exp F3+ R1-	exp F3+ R2-	exp F3+ R0-	exp F3+ R1-	exp F3+ R2-	exp F3+ R3-	exp F3+ R1-	exp F3+ R2-	none	none	none	none	none	none	none	none	none	none	none	none	none	none	none	none	none	none	none	none	none	none	none	none	none	none	none	none	none	none	none	none	none	none	none	none	none	none	none	none	none	none	none	none	none	none	none	none	none	none	none	none	none	none	none	none	none	none	none	none	none	none	none	none	none	none	none	none	none	none	none	none	none	none	none	none	none	none	none
OR713748.1	exp F1+ R3-	exp F1+ R2-	exp F1+ R2-	exp F1+ R1-	exp F1+ R2-	exp F1+ R1-	exp F1+ R1-	exp F1+ R0-	none	none	none	none	none	none	none	none	none	none	none	none	none	none	none	none	none	none	none	none	none	none	none	none	none	none	none	none	none	none	none	none	none	none	none	none	none	none	none	none	none	none	none	none	none	none	none	none	none	none	none	none	none	none	none	none	none	none	none	none	none	none	none	none	none	none	none	none	none	none	none	exp F3+ R3-	exp F3+ R2-	exp F3+ R2-	exp F3+ R1-	exp F3+ R2-	exp F3+ R1-	exp F3+ R1-	exp F3+ R0-
OR069404.1	none	none	exp F1+ R3-	none	exp F1+ R3-	none	exp F1+ R2-	exp F1+ R3-	none	none	none	none	none	none	none	none	none	none	none	none	none	none	none	none	none	none	none	none	none	none	none	none	none	none	none	none	none	none	none	none	none	none	none	none	none	none	none	none	none	none	none	none	none	none	none	none	none	none	none	none	none	none	none	none	none	none	none	none	none	none	none	none	none	none	none	none	none	none	none	none	none	none	none	none	none	none	none
OR051787.1	exp F2+ R3-	exp F2+ R2-	exp F2+ R3-	exp F2+ R2-	exp F2+ R3-	exp F2+ R2-	exp F2+ R3-	exp F2+ R2-	none	none	none	none	none	none	none	none	none	none	none	none	none	none	none	none	none	none	none	none	none	none	none	none	none	none	none	none	none	none	none	none	none	none	none	none	none	none	none	none	none	none	none	none	none	none	none	none	none	none	none	none	none	none	none	none	none	none	none	none	none	none	none	none	none	none	none	none	none	none	none	none	none	none	none	none	none	none	none
OR051927.1	exp F2+ R3-	exp F2+ R2-	exp F2+ R3-	exp F2+ R2-	exp F2+ R3-	exp F2+ R2-	exp F2+ R3-	exp F2+ R2-	none	none	none	none	none	none	none	none	none	none	none	none	none	none	none	none	none	none	none	none	none	none	none	none	none	none	none	none	none	none	none	none	none	none	none	none	none	none	none	none	none	none	none	none	none	none	none	none	none	none	none	none	none	none	none	none	none	none	none	none	none	none	none	none	none	none	none	none	none	none	none	none	none	none	none	none	none	none	none
OR065073.1	none	exp F2+ R3-	exp F2+ R3-	exp F2+ R2-	none	none	none	exp F2+ R3-	none	none	none	none	none	none	none	none	none	none	none	none	none	none	none	none	none	none	none	none	none	none	none	none	none	none	none	none	none	none	none	none	none	none	none	none	none	none	none	none	none	none	none	none	none	none	none	none	none	none	none	none	none	none	none	none	none	none	none	none	none	none	none	none	none	none	none	none	none	none	none	none	none	none	none	none	none	none	none
OR065090.1	exp F3+ R3-	exp F3+ R2-	exp F3+ R3-	exp F3+ R2-	exp F3+ R3-	exp F3+ R2-	exp F3+ R3-	exp F3+ R2-	none	none	none	none	none	none	none	none	none	none	none	none	none	none	none	none	none	none	none	none	none	none	none	none	none	none	none	none	none	none	none	none	none	none	none	none	none	none	none	none	none	none	none	none	none	none	none	none	none	none	none	none	none	none	none	none	none	none	none	none	none	none	none	none	none	none	none	none	none	none	none	none	none	none	none	none	none	none	none
OR069405.1	exp F2+ R1-	exp F2+ R2-	exp F2+ R0-	exp F2+ R1-	exp F2+ R2-	exp F2+ R3-	exp F2+ R1-	exp F2+ R2-	none	none	none	none	none	none	none	none	none	none	none	none	none	none	none	none	none	none	none	none	none	none	none	none	none	none	none	none	none	none	none	none	none	none	none	none	none	none	none	none	none	none	none	none	none	none	none	none	none	none	none	none	none	none	none	none	none	none	none	none	none	none	none	none	none	none	none	none	none	none	none	none	none	none	none	none	none	none	none
OR069406.1	none	none	none	none	none	none	none	none	none	none	none	none	none	none	none	none	none	none	none	none	none	none	none	none	none	none	none	none	none	none	none	none	exp F3+ R1-	exp F3+ R2-	exp F3+ R0-	exp F3+ R1-	exp F3+ R2-	exp F3+ R3-	exp F3+ R1-	exp F3+ R2-	none	none	none	none	none	none	none	none	none	none	none	none	none	none	none	none	none	none	none	none	none	none	none	none	none	none	none	none	none	none	none	none	none	none	none	none	none	none	none	none	none	none	none	none	none	none	none
OR477993.3	exp F2+ R3-	exp F2+ R2-	exp F2+ R3-	exp F2+ R2-	exp F2+ R3-	exp F2+ R2-	exp F2+ R3-	exp F2+ R2-	none	none	none	none	none	none	none	none	none	none	none	none	none	none	none	none	none	none	none	none	none	none	none	none	none	none	none	none	none	none	none	none	none	none	none	none	none	none	none	none	none	none	none	none	none	none	none	none	none	none	none	none	none	none	none	none	none	none	none	none	none	none	none	none	none	none	none	none	none	none	none	none	none	none	none	none	none	none	none
LC597120.1	exp F2+ R2-	exp F2+ R3-	exp F2+ R2-	exp F2+ R3-	exp F2+ R1-	exp F2+ R2-	exp F2+ R1-	exp F2+ R2-	none	none	none	none	none	none	none	none	none	none	none	none	none	none	none	none	none	none	none	none	none	none	none	none	none	none	none	none	none	none	none	none	none	none	none	none	none	none	none	none	none	none	none	none	none	none	none	none	none	none	none	none	none	none	none	none	none	none	none	none	none	none	none	none	none	none	none	none	none	none	none	none	none	none	none	none	none	none	none
MW284776.1	none	none	none	none	lin R2-	none	none	none	none	none	none	none	none	none	none	none	none	none	none	none	none	none	none	none	none	none	none	none	none	none	none	none	none	none	none	none	none	none	none	none	lin R1-	none	none	lin R1-	none	none	lin R1-	lin R2-	none	none	none	none	none	none	none	none	none	none	none	none	none	none	none	none	none	none	none	none	lin R2-	none	none	none	none	lin R0-	none	none	none	none	none	none	none	none	none	none	none	none	none
MW009068.1	exp F2+ R1-	exp F2+ R0-	exp F2+ R2-	exp F2+ R1-	exp F2+ R2-	exp F2+ R1-	exp F2+ R3-	exp F2+ R2-	none	none	none	none	none	none	none	none	none	none	none	none	none	none	none	none	none	none	none	none	none	none	none	none	none	none	none	none	none	none	none	none	none	none	none	none	none	none	none	none	none	none	none	none	none	none	none	none	none	none	none	none	none	none	none	none	none	none	none	none	none	none	none	none	none	none	none	none	none	none	none	none	none	none	none	none	none	none	none
MW009072.1	exp F2+ R1-	exp F2+ R0-	exp F2+ R2-	exp F2+ R1-	exp F2+ R2-	exp F2+ R1-	exp F2+ R3-	exp F2+ R2-	none	none	none	none	none	none	none	none	none	none	none	none	none	none	none	none	none	none	none	none	none	none	none	none	none	none	none	none	none	none	none	none	none	none	none	none	none	none	none	none	none	none	none	none	none	none	none	none	none	none	none	none	none	none	none	none	none	none	none	none	none	none	none	none	none	none	none	none	none	none	none	none	none	none	none	none	none	none	none
KY947546.1	exp F2+ R3-	exp F2+ R2-	exp F2+ R3-	exp F2+ R2-	exp F2+ R3-	exp F2+ R2-	exp F2+ R3-	exp F2+ R2-	none	none	none	none	none	none	none	none	none	none	none	none	none	none	none	none	none	none	none	none	none	none	none	none	none	none	none	none	none	none	none	none	none	none	none	none	none	none	none	none	none	none	none	none	none	none	none	none	none	none	none	none	none	none	none	none	none	none	none	none	none	none	none	none	none	none	none	none	none	none	none	none	none	none	none	none	none	none	none
KY947547.1	exp F3+ R3-	exp F3+ R2-	exp F3+ R3-	exp F3+ R2-	exp F3+ R3-	exp F3+ R2-	exp F3+ R3-	exp F3+ R2-	none	none	none	none	none	none	none	none	none	none	none	none	none	none	none	none	none	none	none	none	none	none	none	none	none	none	none	none	none	none	none	none	none	none	none	none	none	none	none	none	none	none	none	none	none	none	none	none	none	none	none	none	none	none	none	none	none	none	none	none	none	none	none	none	none	none	none	none	none	none	none	none	none	none	none	none	none	none	none
PX631122.1	none	none	none	none	lin R3-	none	none	none	none	none	none	none	none	none	none	none	none	none	none	none	none	none	none	none	none	none	none	none	none	none	none	none	none	none	none	none	none	none	none	none	lin R2-	none	none	lin R0-	none	none	lin R2-	lin R1-	none	none	none	none	none	none	none	none	none	none	none	none	none	none	none	none	none	none	none	none	lin R1-	none	none	none	none	lin R1-	none	none	none	none	none	none	none	none	none	none	none	none	none
OR793097.1	none	none	none	none	lin R2-	none	none	none	none	none	none	none	none	none	none	none	none	none	none	none	none	none	none	none	none	none	none	none	none	none	none	none	none	none	none	none	none	none	none	none	lin R1-	none	none	lin R1-	none	none	lin R1-	lin R2-	none	none	none	none	none	none	none	none	none	none	none	none	none	none	none	none	none	none	none	none	lin R2-	none	none	none	none	lin R0-	none	none	none	none	none	none	none	none	none	none	none	none	none
PQ273191.1	exp F3+ R2-	exp F3+ R3-	exp F3+ R2-	exp F3+ R3-	exp F3+ R2-	exp F3+ R3-	exp F3+ R2-	exp F3+ R3-	none	none	none	none	none	none	none	none	none	none	none	none	none	none	none	none	none	none	none	none	none	none	none	none	none	none	none	none	none	none	none	none	none	none	none	none	none	none	none	none	none	none	none	none	none	none	none	none	none	none	none	none	none	none	none	none	none	none	none	none	none	none	none	none	none	none	none	none	none	none	none	none	none	none	none	none	none	none	none
PQ195894.1	exp F3+ R3-	exp F3+ R2-	exp F3+ R3-	exp F3+ R2-	exp F3+ R3-	exp F3+ R2-	exp F3+ R3-	exp F3+ R2-	none	none	none	none	none	none	none	none	none	none	none	none	none	none	none	none	none	none	none	none	none	none	none	none	none	none	none	none	none	none	none	none	none	none	none	none	none	none	none	none	none	none	none	none	none	none	none	none	none	none	none	none	none	none	none	none	none	none	none	none	none	none	none	none	none	none	none	none	none	none	none	none	none	none	none	none	none	none	none
PQ195913.1	none	none	none	none	none	none	none	none	exp F3+ R2-	exp F3+ R1-	exp F3+ R2-	exp F3+ R1-	exp F3+ R3-	exp F3+ R2-	exp F3+ R3-	exp F3+ R2-	none	none	none	none	none	none	none	none	none	none	none	none	none	none	none	none	none	none	none	none	none	none	none	none	none	none	none	none	none	none	none	none	none	none	none	none	none	none	none	none	none	none	none	none	none	none	none	none	none	none	none	none	none	none	none	none	none	none	none	none	none	none	none	none	none	none	none	none	none	none	none
PQ195923.1	exp F1+ R3-	exp F1+ R2-	exp F1+ R3-	exp F1+ R2-	exp F1+ R3-	exp F1+ R2-	exp F1+ R3-	exp F1+ R2-	none	none	none	none	none	none	none	none	none	none	none	none	none	none	none	none	none	none	none	none	none	none	none	none	none	none	none	none	none	none	none	none	none	none	none	none	none	none	none	none	none	none	none	none	none	none	none	none	none	none	none	none	none	none	none	none	none	none	none	none	none	none	none	none	none	none	none	none	none	none	none	none	none	none	none	none	none	none	none
PQ195926.1	exp F3+ R2-	exp F3+ R1-	exp F3+ R2-	exp F3+ R1-	exp F3+ R3-	exp F3+ R2-	exp F3+ R3-	exp F3+ R2-	none	none	none	none	none	none	none	none	none	none	none	none	none	none	none	none	none	none	none	none	none	none	none	none	none	none	none	none	none	none	none	none	none	none	none	none	none	none	none	none	none	none	none	none	none	none	none	none	none	none	none	none	none	none	none	none	none	none	none	none	none	none	none	none	none	none	none	none	none	none	none	none	none	none	none	none	none	none	none
PQ207926.1	exp F3+ R2-	exp F3+ R1-	exp F3+ R2-	exp F3+ R1-	exp F3+ R3-	exp F3+ R2-	exp F3+ R3-	exp F3+ R2-	none	none	none	none	none	none	none	none	none	none	none	none	none	none	none	none	none	none	none	none	none	none	none	none	none	none	none	none	none	none	none	none	none	none	none	none	none	none	none	none	none	none	none	none	none	none	none	none	none	none	none	none	none	none	none	none	none	none	none	none	none	none	none	none	none	none	none	none	none	none	none	none	none	none	none	none	none	none	none
PQ207927.1	exp F3+ R3-	exp F3+ R2-	exp F3+ R3-	exp F3+ R2-	exp F3+ R3-	exp F3+ R2-	exp F3+ R3-	exp F3+ R2-	none	none	none	none	none	none	none	none	none	none	none	none	none	none	none	none	none	none	none	none	none	none	none	none	none	none	none	none	none	none	none	none	none	none	none	none	none	none	none	none	none	none	none	none	none	none	none	none	none	none	none	none	none	none	none	none	none	none	none	none	none	none	none	none	none	none	none	none	none	none	none	none	none	none	none	none	none	none	none
PQ207944.1	exp F1+ R2-	exp F1+ R3-	exp F1+ R2-	exp F1+ R3-	exp F1+ R1-	exp F1+ R2-	exp F1+ R1-	exp F1+ R2-	none	none	none	none	none	none	none	none	none	none	none	none	none	none	none	none	none	none	none	none	none	none	none	none	none	none	none	none	none	none	none	none	none	none	none	none	none	none	none	none	none	none	none	none	none	none	none	none	none	none	none	none	none	none	none	none	none	none	none	none	none	none	none	none	none	none	none	none	none	none	none	none	none	none	none	none	none	none	none
PQ207947.1	exp F3+ R3-	exp F3+ R2-	exp F3+ R3-	exp F3+ R2-	exp F3+ R3-	exp F3+ R2-	exp F3+ R3-	exp F3+ R2-	none	none	none	none	none	none	none	none	none	none	none	none	none	none	none	none	none	none	none	none	none	none	none	none	none	none	none	none	none	none	none	none	none	none	none	none	none	none	none	none	none	none	none	none	none	none	none	none	none	none	none	none	none	none	none	none	none	none	none	none	none	none	none	none	none	none	none	none	none	none	none	none	none	none	none	none	none	none	none
PQ214837.1	exp F2+ R2-	exp F2+ R1-	exp F2+ R2-	exp F2+ R1-	exp F2+ R3-	exp F2+ R2-	exp F2+ R3-	exp F2+ R2-	none	none	none	none	none	none	none	none	none	none	none	none	none	none	none	none	none	none	none	none	none	none	none	none	none	none	none	none	none	none	none	none	none	none	none	none	none	none	none	none	none	none	none	none	none	none	none	none	none	none	none	none	none	none	none	none	none	none	none	none	none	none	none	none	none	none	none	none	none	none	none	none	none	none	none	none	none	none	none
PQ641315.1	exp F2+ R1-	exp F2+ R0-	exp F2+ R2-	exp F2+ R1-	exp F2+ R2-	exp F2+ R1-	exp F2+ R3-	exp F2+ R2-	none	none	none	none	none	none	none	none	none	none	none	none	none	none	none	none	none	none	none	none	none	none	none	none	none	none	none	none	none	none	none	none	none	none	none	none	none	none	none	none	none	none	none	none	none	none	none	none	none	none	none	none	none	none	none	none	none	none	none	none	none	none	none	none	none	none	none	none	none	none	none	none	none	none	none	none	none	none	none
PQ442935.1	none	none	exp F2+ R3-	none	exp F2+ R3-	none	exp F2+ R2-	exp F2+ R3-	none	none	none	none	none	none	none	none	none	none	none	none	none	none	none	none	none	none	none	none	none	none	none	none	none	none	none	none	none	none	none	none	none	none	none	none	none	none	none	none	none	none	none	none	none	none	none	none	none	none	none	none	none	none	none	none	none	none	none	none	none	none	none	none	none	none	none	none	none	none	none	none	none	none	none	none	none	none	none
PQ373119.1	exp F3+ R2-	exp F3+ R1-	exp F3+ R3-	exp F3+ R2-	exp F3+ R2-	exp F3+ R1-	exp F3+ R3-	exp F3+ R2-	none	none	none	none	none	none	none	none	none	none	none	none	none	none	none	none	none	none	none	none	none	none	none	none	none	none	none	none	none	none	none	none	none	none	none	none	none	none	none	none	none	none	none	none	none	none	none	none	none	none	none	none	none	none	none	none	none	none	none	none	none	none	none	none	none	none	none	none	none	none	none	none	none	none	none	none	none	none	none
PQ373125.1	exp F3+ R2-	exp F3+ R1-	exp F3+ R3-	exp F3+ R2-	exp F3+ R2-	exp F3+ R1-	exp F3+ R3-	exp F3+ R2-	none	none	none	none	none	none	none	none	none	none	none	none	none	none	none	none	none	none	none	none	none	none	none	none	none	none	none	none	none	none	none	none	none	none	none	none	none	none	none	none	none	none	none	none	none	none	none	none	none	none	none	none	none	none	none	none	none	none	none	none	none	none	none	none	none	none	none	none	none	none	none	none	none	none	none	none	none	none	none
PQ373128.1	exp F3+ R3-	exp F3+ R2-	exp F3+ R2-	exp F3+ R1-	exp F3+ R3-	exp F3+ R2-	exp F3+ R2-	exp F3+ R1-	none	none	none	none	none	none	none	none	none	none	none	none	none	none	none	none	none	none	none	none	none	none	none	none	none	none	none	none	none	none	none	none	none	none	none	none	none	none	none	none	none	none	none	none	none	none	none	none	none	none	none	none	none	none	none	none	none	none	none	none	none	none	none	none	none	none	none	none	none	none	none	none	none	none	none	none	none	none	none
OP205577.1	none	none	exp F1+ R3-	none	exp F1+ R3-	none	exp F1+ R2-	exp F1+ R3-	none	none	none	none	none	none	none	none	none	none	none	none	none	none	none	none	none	none	none	none	none	none	none	none	none	none	none	none	none	none	none	none	none	none	none	none	none	none	none	none	none	none	none	none	none	none	none	none	none	none	none	none	none	none	none	none	none	none	none	none	none	none	none	none	none	none	none	none	none	none	none	none	none	none	none	none	none	none	none
KJ710245.2	exp F2+ R2-	exp F2+ R3-	exp F2+ R2-	exp F2+ R3-	exp F2+ R2-	exp F2+ R3-	exp F2+ R2-	exp F2+ R3-	none	none	none	none	none	none	none	none	none	none	none	none	none	none	none	none	none	none	none	none	none	none	none	none	none	none	none	none	none	none	none	none	none	none	none	none	none	none	none	none	none	none	none	none	none	none	none	none	none	none	none	none	none	none	none	none	none	none	none	none	none	none	none	none	none	none	none	none	none	none	none	none	none	none	none	none	none	none	none
PV920370.1	exp F2+ R2-	exp F2+ R3-	exp F2+ R2-	exp F2+ R3-	exp F2+ R1-	exp F2+ R2-	exp F2+ R1-	exp F2+ R2-	none	none	none	none	none	none	none	none	none	none	none	none	none	none	none	none	none	none	none	none	none	none	none	none	none	none	none	none	none	none	none	none	none	none	none	none	none	none	none	none	none	none	none	none	none	none	none	none	none	none	none	none	none	none	none	none	none	none	none	none	none	none	none	none	none	none	none	none	none	none	none	none	none	none	none	none	none	none	none
PX285873.1	none	none	exp F2+ R3-	none	exp F2+ R3-	none	exp F2+ R2-	exp F2+ R3-	none	none	none	none	none	none	none	none	none	none	none	none	none	none	none	none	none	none	none	none	none	none	none	none	none	none	none	none	none	none	none	none	none	none	none	none	none	none	none	none	none	none	none	none	none	none	none	none	none	none	none	none	none	none	none	none	none	none	none	none	none	none	none	none	none	none	none	none	none	none	none	none	none	none	none	none	none	none	none
PQ304632.1	exp F3+ R1-	exp F3+ R2-	exp F3+ R2-	exp F3+ R3-	exp F3+ R0-	exp F3+ R1-	exp F3+ R1-	exp F3+ R2-	none	none	none	none	none	none	none	none	none	none	none	none	none	none	none	none	none	none	none	none	none	none	none	none	none	none	none	none	none	none	none	none	none	none	none	none	none	none	none	none	none	none	none	none	none	none	none	none	none	none	none	none	none	none	none	none	none	none	none	none	none	none	none	none	none	none	none	none	none	none	none	none	none	none	none	none	none	none	none
PP658555.1	none	none	exp F2+ R3-	none	exp F2+ R3-	none	exp F2+ R2-	exp F2+ R3-	none	none	none	none	none	none	none	none	none	none	none	none	none	none	none	none	none	none	none	none	none	none	none	none	none	none	none	none	none	none	none	none	none	none	none	none	none	none	none	none	none	none	none	none	none	none	none	none	none	none	none	none	none	none	none	none	none	none	none	none	none	none	none	none	none	none	none	none	none	none	none	none	none	none	none	none	none	none	none
PP645199.1	exp F2+ R2-	exp F2+ R3-	exp F2+ R1-	exp F2+ R2-	exp F2+ R2-	exp F2+ R3-	exp F2+ R1-	exp F2+ R2-	none	none	none	none	none	none	none	none	none	none	none	none	none	none	none	none	none	none	none	none	none	none	none	none	none	none	none	none	none	none	none	none	none	none	none	none	none	none	none	none	none	none	none	none	none	none	none	none	none	none	none	none	none	none	none	none	none	none	none	none	none	none	none	none	none	none	none	none	none	none	none	none	none	none	none	none	none	none	none
KC962453.2	exp F2+ R2-	exp F2+ R3-	exp F2+ R2-	exp F2+ R3-	exp F2+ R2-	exp F2+ R3-	exp F2+ R2-	exp F2+ R3-	none	none	none	none	none	none	none	none	none	none	none	none	none	none	none	none	none	none	none	none	none	none	none	none	none	none	none	none	none	none	none	none	none	none	none	none	none	none	none	none	none	none	none	none	none	none	none	none	none	none	none	none	none	none	none	none	none	none	none	none	none	none	none	none	none	none	none	none	none	none	none	none	none	none	none	none	none	none	none
KC962462.3	exp F2+ R3-	exp F2+ R2-	exp F2+ R3-	exp F2+ R2-	exp F2+ R3-	exp F2+ R2-	exp F2+ R3-	exp F2+ R2-	none	none	none	none	none	none	none	none	none	none	none	none	none	none	none	none	none	none	none	none	none	none	none	none	none	none	none	none	none	none	none	none	none	none	none	none	none	none	none	none	none	none	none	none	none	none	none	none	none	none	none	none	none	none	none	none	none	none	none	none	none	none	none	none	none	none	none	none	none	none	none	none	none	none	none	none	none	none	none
PZ208536.1	exp F2+ R2-	exp F2+ R1-	exp F2+ R3-	exp F2+ R2-	exp F2+ R2-	exp F2+ R1-	exp F2+ R3-	exp F2+ R2-	none	none	none	none	none	none	none	none	none	none	none	none	none	none	none	none	none	none	none	none	none	none	none	none	none	none	none	none	none	none	none	none	none	none	none	none	none	none	none	none	none	none	none	none	none	none	none	none	none	none	none	none	none	none	none	none	none	none	none	none	none	none	none	none	none	none	none	none	none	none	none	none	none	none	none	none	none	none	none
PZ208537.1	exp F2+ R2-	exp F2+ R1-	exp F2+ R3-	exp F2+ R2-	exp F2+ R2-	exp F2+ R1-	exp F2+ R3-	exp F2+ R2-	none	none	none	none	none	none	none	none	none	none	none	none	none	none	none	none	none	none	none	none	none	none	none	none	none	none	none	none	none	none	none	none	none	none	none	none	none	none	none	none	none	none	none	none	none	none	none	none	none	none	none	none	none	none	none	none	none	none	none	none	none	none	none	none	none	none	none	none	none	none	none	none	none	none	none	none	none	none	none
PZ208538.1	exp F3+ R2-	exp F3+ R1-	exp F3+ R3-	exp F3+ R2-	exp F3+ R2-	exp F3+ R1-	exp F3+ R3-	exp F3+ R2-	none	none	none	none	none	none	none	none	none	none	none	none	none	none	none	none	none	none	none	none	none	none	none	none	none	none	none	none	none	none	none	none	none	none	none	none	none	none	none	none	none	none	none	none	none	none	none	none	none	none	none	none	none	none	none	none	none	none	none	none	none	none	none	none	none	none	none	none	none	none	none	none	none	none	none	none	none	none	none
PZ208539.1	exp F3+ R2-	exp F3+ R1-	exp F3+ R3-	exp F3+ R2-	exp F3+ R2-	exp F3+ R1-	exp F3+ R3-	exp F3+ R2-	none	none	none	none	none	none	none	none	none	none	none	none	none	none	none	none	none	none	none	none	none	none	none	none	none	none	none	none	none	none	none	none	none	none	none	none	none	none	none	none	none	none	none	none	none	none	none	none	none	none	none	none	none	none	none	none	none	none	none	none	none	none	none	none	none	none	none	none	none	none	none	none	none	none	none	none	none	none	none
PZ208540.1	exp F3+ R2-	exp F3+ R1-	exp F3+ R3-	exp F3+ R2-	exp F3+ R2-	exp F3+ R1-	exp F3+ R3-	exp F3+ R2-	none	none	none	none	none	none	none	none	none	none	none	none	none	none	none	none	none	none	none	none	none	none	none	none	none	none	none	none	none	none	none	none	none	none	none	none	none	none	none	none	none	none	none	none	none	none	none	none	none	none	none	none	none	none	none	none	none	none	none	none	none	none	none	none	none	none	none	none	none	none	none	none	none	none	none	none	none	none	none
PZ208541.1	exp F3+ R2-	exp F3+ R1-	exp F3+ R3-	exp F3+ R2-	exp F3+ R2-	exp F3+ R1-	exp F3+ R3-	exp F3+ R2-	none	none	none	none	none	none	none	none	none	none	none	none	none	none	none	none	none	none	none	none	none	none	none	none	none	none	none	none	none	none	none	none	none	none	none	none	none	none	none	none	none	none	none	none	none	none	none	none	none	none	none	none	none	none	none	none	none	none	none	none	none	none	none	none	none	none	none	none	none	none	none	none	none	none	none	none	none	none	none
PZ208542.1	exp F3+ R2-	exp F3+ R1-	exp F3+ R3-	exp F3+ R2-	exp F3+ R2-	exp F3+ R1-	exp F3+ R3-	exp F3+ R2-	none	none	none	none	none	none	none	none	none	none	none	none	none	none	none	none	none	none	none	none	none	none	none	none	none	none	none	none	none	none	none	none	none	none	none	none	none	none	none	none	none	none	none	none	none	none	none	none	none	none	none	none	none	none	none	none	none	none	none	none	none	none	none	none	none	none	none	none	none	none	none	none	none	none	none	none	none	none	none
PZ208543.1	exp F3+ R2-	exp F3+ R1-	exp F3+ R3-	exp F3+ R2-	exp F3+ R2-	exp F3+ R1-	exp F3+ R3-	exp F3+ R2-	none	none	none	none	none	none	none	none	none	none	none	none	none	none	none	none	none	none	none	none	none	none	none	none	none	none	none	none	none	none	none	none	none	none	none	none	none	none	none	none	none	none	none	none	none	none	none	none	none	none	none	none	none	none	none	none	none	none	none	none	none	none	none	none	none	none	none	none	none	none	none	none	none	none	none	none	none	none	none
PZ208544.1	exp F3+ R2-	exp F3+ R1-	exp F3+ R3-	exp F3+ R2-	exp F3+ R2-	exp F3+ R1-	exp F3+ R3-	exp F3+ R2-	none	none	none	none	none	none	none	none	none	none	none	none	none	none	none	none	none	none	none	none	none	none	none	none	none	none	none	none	none	none	none	none	none	none	none	none	none	none	none	none	none	none	none	none	none	none	none	none	none	none	none	none	none	none	none	none	none	none	none	none	none	none	none	none	none	none	none	none	none	none	none	none	none	none	none	none	none	none	none
PZ208546.1	exp F3+ R2-	exp F3+ R1-	exp F3+ R2-	exp F3+ R1-	exp F3+ R3-	exp F3+ R2-	exp F3+ R3-	exp F3+ R2-	none	none	none	none	none	none	none	none	none	none	none	none	none	none	none	none	none	none	none	none	none	none	none	none	none	none	none	none	none	none	none	none	none	none	none	none	none	none	none	none	none	none	none	none	none	none	none	none	none	none	none	none	none	none	none	none	none	none	none	none	none	none	none	none	none	none	none	none	none	none	none	none	none	none	none	none	none	none	none
PZ208547.1	exp F3+ R2-	exp F3+ R1-	exp F3+ R2-	exp F3+ R1-	exp F3+ R3-	exp F3+ R2-	exp F3+ R3-	exp F3+ R2-	none	none	none	none	none	none	none	none	none	none	none	none	none	none	none	none	none	none	none	none	none	none	none	none	none	none	none	none	none	none	none	none	none	none	none	none	none	none	none	none	none	none	none	none	none	none	none	none	none	none	none	none	none	none	none	none	none	none	none	none	none	none	none	none	none	none	none	none	none	none	none	none	none	none	none	none	none	none	none
PZ208550.1	exp F3+ R2-	exp F3+ R1-	exp F3+ R3-	exp F3+ R2-	exp F3+ R2-	exp F3+ R1-	exp F3+ R3-	exp F3+ R2-	none	none	none	none	none	none	none	none	none	none	none	none	none	none	none	none	none	none	none	none	none	none	none	none	none	none	none	none	none	none	none	none	none	none	none	none	none	none	none	none	none	none	none	none	none	none	none	none	none	none	none	none	none	none	none	none	none	none	none	none	none	none	none	none	none	none	none	none	none	none	none	none	none	none	none	none	none	none	none
PZ208551.1	exp F3+ R2-	exp F3+ R1-	exp F3+ R3-	exp F3+ R2-	exp F3+ R2-	exp F3+ R1-	exp F3+ R3-	exp F3+ R2-	none	none	none	none	none	none	none	none	none	none	none	none	none	none	none	none	none	none	none	none	none	none	none	none	none	none	none	none	none	none	none	none	none	none	none	none	none	none	none	none	none	none	none	none	none	none	none	none	none	none	none	none	none	none	none	none	none	none	none	none	none	none	none	none	none	none	none	none	none	none	none	none	none	none	none	none	none	none	none
PZ208552.1	exp F3+ R2-	exp F3+ R1-	exp F3+ R3-	exp F3+ R2-	exp F3+ R2-	exp F3+ R1-	exp F3+ R3-	exp F3+ R2-	none	none	none	none	none	none	none	none	none	none	none	none	none	none	none	none	none	none	none	none	none	none	none	none	none	none	none	none	none	none	none	none	none	none	none	none	none	none	none	none	none	none	none	none	none	none	none	none	none	none	none	none	none	none	none	none	none	none	none	none	none	none	none	none	none	none	none	none	none	none	none	none	none	none	none	none	none	none	none
PZ208554.1	exp F3+ R2-	exp F3+ R1-	exp F3+ R3-	exp F3+ R2-	exp F3+ R2-	exp F3+ R1-	exp F3+ R3-	exp F3+ R2-	none	none	none	none	none	none	none	none	none	none	none	none	none	none	none	none	none	none	none	none	none	none	none	none	none	none	none	none	none	none	none	none	none	none	none	none	none	none	none	none	none	none	none	none	none	none	none	none	none	none	none	none	none	none	none	none	none	none	none	none	none	none	none	none	none	none	none	none	none	none	none	none	none	none	none	none	none	none	none
PZ208555.1	exp F3+ R2-	exp F3+ R1-	exp F3+ R3-	exp F3+ R2-	exp F3+ R2-	exp F3+ R1-	exp F3+ R3-	exp F3+ R2-	none	none	none	none	none	none	none	none	none	none	none	none	none	none	none	none	none	none	none	none	none	none	none	none	none	none	none	none	none	none	none	none	none	none	none	none	none	none	none	none	none	none	none	none	none	none	none	none	none	none	none	none	none	none	none	none	none	none	none	none	none	none	none	none	none	none	none	none	none	none	none	none	none	none	none	none	none	none	none
PZ208556.1	exp F3+ R2-	exp F3+ R1-	exp F3+ R3-	exp F3+ R2-	exp F3+ R2-	exp F3+ R1-	exp F3+ R3-	exp F3+ R2-	none	none	none	none	none	none	none	none	none	none	none	none	none	none	none	none	none	none	none	none	none	none	none	none	none	none	none	none	none	none	none	none	none	none	none	none	none	none	none	none	none	none	none	none	none	none	none	none	none	none	none	none	none	none	none	none	none	none	none	none	none	none	none	none	none	none	none	none	none	none	none	none	none	none	none	none	none	none	none
PZ208557.1	exp F3+ R2-	exp F3+ R1-	exp F3+ R3-	exp F3+ R2-	exp F3+ R2-	exp F3+ R1-	exp F3+ R3-	exp F3+ R2-	none	none	none	none	none	none	none	none	none	none	none	none	none	none	none	none	none	none	none	none	none	none	none	none	none	none	none	none	none	none	none	none	none	none	none	none	none	none	none	none	none	none	none	none	none	none	none	none	none	none	none	none	none	none	none	none	none	none	none	none	none	none	none	none	none	none	none	none	none	none	none	none	none	none	none	none	none	none	none
PZ208558.1	exp F3+ R2-	exp F3+ R1-	exp F3+ R3-	exp F3+ R2-	exp F3+ R2-	exp F3+ R1-	exp F3+ R3-	exp F3+ R2-	none	none	none	none	none	none	none	none	none	none	none	none	none	none	none	none	none	none	none	none	none	none	none	none	none	none	none	none	none	none	none	none	none	none	none	none	none	none	none	none	none	none	none	none	none	none	none	none	none	none	none	none	none	none	none	none	none	none	none	none	none	none	none	none	none	none	none	none	none	none	none	none	none	none	none	none	none	none	none
PZ208560.1	exp F3+ R2-	exp F3+ R1-	exp F3+ R3-	exp F3+ R2-	exp F3+ R2-	exp F3+ R1-	exp F3+ R3-	exp F3+ R2-	none	none	none	none	none	none	none	none	none	none	none	none	none	none	none	none	none	none	none	none	none	none	none	none	none	none	none	none	none	none	none	none	none	none	none	none	none	none	none	none	none	none	none	none	none	none	none	none	none	none	none	none	none	none	none	none	none	none	none	none	none	none	none	none	none	none	none	none	none	none	none	none	none	none	none	none	none	none	none
PZ208561.1	exp F3+ R2-	exp F3+ R1-	exp F3+ R3-	exp F3+ R2-	exp F3+ R2-	exp F3+ R1-	exp F3+ R3-	exp F3+ R2-	none	none	none	none	none	none	none	none	none	none	none	none	none	none	none	none	none	none	none	none	none	none	none	none	none	none	none	none	none	none	none	none	none	none	none	none	none	none	none	none	none	none	none	none	none	none	none	none	none	none	none	none	none	none	none	none	none	none	none	none	none	none	none	none	none	none	none	none	none	none	none	none	none	none	none	none	none	none	none
PZ208562.1	exp F3+ R2-	exp F3+ R1-	exp F3+ R3-	exp F3+ R2-	exp F3+ R2-	exp F3+ R1-	exp F3+ R3-	exp F3+ R2-	none	none	none	none	none	none	none	none	none	none	none	none	none	none	none	none	none	none	none	none	none	none	none	none	none	none	none	none	none	none	none	none	none	none	none	none	none	none	none	none	none	none	none	none	none	none	none	none	none	none	none	none	none	none	none	none	none	none	none	none	none	none	none	none	none	none	none	none	none	none	none	none	none	none	none	none	none	none	none
PZ208563.1	exp F3+ R2-	exp F3+ R1-	exp F3+ R3-	exp F3+ R2-	exp F3+ R2-	exp F3+ R1-	exp F3+ R3-	exp F3+ R2-	none	none	none	none	none	none	none	none	none	none	none	none	none	none	none	none	none	none	none	none	none	none	none	none	none	none	none	none	none	none	none	none	none	none	none	none	none	none	none	none	none	none	none	none	none	none	none	none	none	none	none	none	none	none	none	none	none	none	none	none	none	none	none	none	none	none	none	none	none	none	none	none	none	none	none	none	none	none	none
PZ208564.1	exp F3+ R2-	exp F3+ R1-	exp F3+ R3-	exp F3+ R2-	exp F3+ R2-	exp F3+ R1-	exp F3+ R3-	exp F3+ R2-	none	none	none	none	none	none	none	none	none	none	none	none	none	none	none	none	none	none	none	none	none	none	none	none	none	none	none	none	none	none	none	none	none	none	none	none	none	none	none	none	none	none	none	none	none	none	none	none	none	none	none	none	none	none	none	none	none	none	none	none	none	none	none	none	none	none	none	none	none	none	none	none	none	none	none	none	none	none	none
PZ208565.1	exp F3+ R2-	exp F3+ R1-	exp F3+ R3-	exp F3+ R2-	exp F3+ R2-	exp F3+ R1-	exp F3+ R3-	exp F3+ R2-	none	none	none	none	none	none	none	none	none	none	none	none	none	none	none	none	none	none	none	none	none	none	none	none	none	none	none	none	none	none	none	none	none	none	none	none	none	none	none	none	none	none	none	none	none	none	none	none	none	none	none	none	none	none	none	none	none	none	none	none	none	none	none	none	none	none	none	none	none	none	none	none	none	none	none	none	none	none	none
PZ208566.1	exp F3+ R2-	exp F3+ R1-	exp F3+ R3-	exp F3+ R2-	exp F3+ R2-	exp F3+ R1-	exp F3+ R3-	exp F3+ R2-	none	none	none	none	none	none	none	none	none	none	none	none	none	none	none	none	none	none	none	none	none	none	none	none	none	none	none	none	none	none	none	none	none	none	none	none	none	none	none	none	none	none	none	none	none	none	none	none	none	none	none	none	none	none	none	none	none	none	none	none	none	none	none	none	none	none	none	none	none	none	none	none	none	none	none	none	none	none	none
PZ208567.1	exp F3+ R2-	exp F3+ R1-	exp F3+ R3-	exp F3+ R2-	exp F3+ R2-	exp F3+ R1-	exp F3+ R3-	exp F3+ R2-	none	none	none	none	none	none	none	none	none	none	none	none	none	none	none	none	none	none	none	none	none	none	none	none	none	none	none	none	none	none	none	none	none	none	none	none	none	none	none	none	none	none	none	none	none	none	none	none	none	none	none	none	none	none	none	none	none	none	none	none	none	none	none	none	none	none	none	none	none	none	none	none	none	none	none	none	none	none	none
PZ208568.1	exp F2+ R2-	exp F2+ R1-	exp F2+ R3-	exp F2+ R2-	exp F2+ R2-	exp F2+ R1-	exp F2+ R3-	exp F2+ R2-	none	none	none	none	none	none	none	none	none	none	none	none	none	none	none	none	none	none	none	none	none	none	none	none	none	none	none	none	none	none	none	none	none	none	none	none	none	none	none	none	none	none	none	none	none	none	none	none	none	none	none	none	none	none	none	none	none	none	none	none	none	none	none	none	none	none	none	none	none	none	none	none	none	none	none	none	none	none	none
PZ208569.1	exp F3+ R2-	exp F3+ R1-	exp F3+ R3-	exp F3+ R2-	exp F3+ R2-	exp F3+ R1-	exp F3+ R3-	exp F3+ R2-	none	none	none	none	none	none	none	none	none	none	none	none	none	none	none	none	none	none	none	none	none	none	none	none	none	none	none	none	none	none	none	none	none	none	none	none	none	none	none	none	none	none	none	none	none	none	none	none	none	none	none	none	none	none	none	none	none	none	none	none	none	none	none	none	none	none	none	none	none	none	none	none	none	none	none	none	none	none	none
PZ208570.1	exp F2+ R2-	exp F2+ R1-	exp F2+ R3-	exp F2+ R2-	exp F2+ R2-	exp F2+ R1-	exp F2+ R3-	exp F2+ R2-	none	none	none	none	none	none	none	none	none	none	none	none	none	none	none	none	none	none	none	none	none	none	none	none	none	none	none	none	none	none	none	none	none	none	none	none	none	none	none	none	none	none	none	none	none	none	none	none	none	none	none	none	none	none	none	none	none	none	none	none	none	none	none	none	none	none	none	none	none	none	none	none	none	none	none	none	none	none	none
PZ208571.1	exp F2+ R2-	exp F2+ R1-	exp F2+ R3-	exp F2+ R2-	exp F2+ R2-	exp F2+ R1-	exp F2+ R3-	exp F2+ R2-	none	none	none	none	none	none	none	none	none	none	none	none	none	none	none	none	none	none	none	none	none	none	none	none	none	none	none	none	none	none	none	none	none	none	none	none	none	none	none	none	none	none	none	none	none	none	none	none	none	none	none	none	none	none	none	none	none	none	none	none	none	none	none	none	none	none	none	none	none	none	none	none	none	none	none	none	none	none	none
PZ208572.1	exp F3+ R2-	exp F3+ R1-	exp F3+ R3-	exp F3+ R2-	exp F3+ R2-	exp F3+ R1-	exp F3+ R3-	exp F3+ R2-	none	none	none	none	none	none	none	none	none	none	none	none	none	none	none	none	none	none	none	none	none	none	none	none	none	none	none	none	none	none	none	none	none	none	none	none	none	none	none	none	none	none	none	none	none	none	none	none	none	none	none	none	none	none	none	none	none	none	none	none	none	none	none	none	none	none	none	none	none	none	none	none	none	none	none	none	none	none	none
PZ221920.1	none	none	exp F1+ R3-	none	exp F1+ R3-	none	exp F1+ R2-	exp F1+ R3-	none	none	none	none	none	none	none	none	none	none	none	none	none	none	none	none	none	none	none	none	none	none	none	none	none	none	none	none	none	none	none	none	none	none	none	none	none	none	none	none	none	none	none	none	none	none	none	none	none	none	none	none	none	none	none	none	none	none	none	none	none	none	none	none	none	none	none	none	none	none	none	none	none	none	none	none	none	none	none
PZ221921.1	none	none	exp F1+ R3-	none	exp F1+ R3-	none	exp F1+ R2-	exp F1+ R3-	none	none	none	none	none	none	none	none	none	none	none	none	none	none	none	none	none	none	none	none	none	none	none	none	none	none	none	none	none	none	none	none	none	none	none	none	none	none	none	none	none	none	none	none	none	none	none	none	none	none	none	none	none	none	none	none	none	none	none	none	none	none	none	none	none	none	none	none	none	none	none	none	none	none	none	none	none	none	none
PZ221923.1	none	none	exp F1+ R3-	none	exp F1+ R3-	none	exp F1+ R2-	exp F1+ R3-	none	none	none	none	none	none	none	none	none	none	none	none	none	none	none	none	none	none	none	none	none	none	none	none	none	none	none	none	none	none	none	none	none	none	none	none	none	none	none	none	none	none	none	none	none	none	none	none	none	none	none	none	none	none	none	none	none	none	none	none	none	none	none	none	none	none	none	none	none	none	none	none	none	none	none	none	none	none	none
PZ221926.1	none	none	exp F1+ R3-	none	exp F1+ R3-	none	exp F1+ R2-	exp F1+ R3-	none	none	none	none	none	none	none	none	none	none	none	none	none	none	none	none	none	none	none	none	none	none	none	none	none	none	none	none	none	none	none	none	none	none	none	none	none	none	none	none	none	none	none	none	none	none	none	none	none	none	none	none	none	none	none	none	none	none	none	none	none	none	none	none	none	none	none	none	none	none	none	none	none	none	none	none	none	none	none
PZ231294.1	none	none	exp F3+ R3-	none	exp F3+ R3-	none	exp F3+ R2-	exp F3+ R3-	none	none	none	none	none	none	none	none	none	none	none	none	none	none	none	none	none	none	none	none	none	none	none	none	none	none	none	none	none	none	none	none	none	none	none	none	none	none	none	none	none	none	none	none	none	none	none	none	none	none	none	none	none	none	none	none	none	none	none	none	none	none	none	none	none	none	none	none	none	none	none	none	none	none	none	none	none	none	none
PZ231295.1	exp F3+ R3-	none	exp F3+ R2-	none	exp F3+ R2-	none	exp F3+ R1-	exp F3+ R2-	none	none	none	none	none	none	none	none	none	none	none	none	none	none	none	none	none	none	none	none	none	none	none	none	none	none	none	none	none	none	none	none	none	none	none	none	none	none	none	none	none	none	none	none	none	none	none	none	none	none	none	none	none	none	none	none	none	none	none	none	none	none	none	none	none	none	none	none	none	none	none	none	none	none	none	none	none	none	none
PZ231296.1	none	none	exp F3+ R3-	none	exp F3+ R3-	none	exp F3+ R2-	exp F3+ R3-	none	none	none	none	none	none	none	none	none	none	none	none	none	none	none	none	none	none	none	none	none	none	none	none	none	none	none	none	none	none	none	none	none	none	none	none	none	none	none	none	none	none	none	none	none	none	none	none	none	none	none	none	none	none	none	none	none	none	none	none	none	none	none	none	none	none	none	none	none	none	none	none	none	none	none	none	none	none	none
PZ231297.1	none	none	exp F3+ R3-	none	exp F3+ R3-	none	exp F3+ R2-	exp F3+ R3-	none	none	none	none	none	none	none	none	none	none	none	none	none	none	none	none	none	none	none	none	none	none	none	none	none	none	none	none	none	none	none	none	none	none	none	none	none	none	none	none	none	none	none	none	none	none	none	none	none	none	none	none	none	none	none	none	none	none	none	none	none	none	none	none	none	none	none	none	none	none	none	none	none	none	none	none	none	none	none
PZ231298.1	none	none	exp F3+ R3-	none	exp F3+ R3-	none	exp F3+ R2-	exp F3+ R3-	none	none	none	none	none	none	none	none	none	none	none	none	none	none	none	none	none	none	none	none	none	none	none	none	none	none	none	none	none	none	none	none	none	none	none	none	none	none	none	none	none	none	none	none	none	none	none	none	none	none	none	none	none	none	none	none	none	none	none	none	none	none	none	none	none	none	none	none	none	none	none	none	none	none	none	none	none	none	none
PZ231299.1	none	none	exp F3+ R3-	none	exp F3+ R3-	none	exp F3+ R2-	exp F3+ R3-	none	none	none	none	none	none	none	none	none	none	none	none	none	none	none	none	none	none	none	none	none	none	none	none	none	none	none	none	none	none	none	none	none	none	none	none	none	none	none	none	none	none	none	none	none	none	none	none	none	none	none	none	none	none	none	none	none	none	none	none	none	none	none	none	none	none	none	none	none	none	none	none	none	none	none	none	none	none	none
PZ231300.1	none	none	exp F3+ R3-	none	exp F3+ R3-	none	exp F3+ R2-	exp F3+ R3-	none	none	none	none	none	none	none	none	none	none	none	none	none	none	none	none	none	none	none	none	none	none	none	none	none	none	none	none	none	none	none	none	none	none	none	none	none	none	none	none	none	none	none	none	none	none	none	none	none	none	none	none	none	none	none	none	none	none	none	none	none	none	none	none	none	none	none	none	none	none	none	none	none	none	none	none	none	none	none
PZ231301.1	none	none	exp F3+ R3-	none	exp F3+ R3-	none	exp F3+ R2-	exp F3+ R3-	none	none	none	none	none	none	none	none	none	none	none	none	none	none	none	none	none	none	none	none	none	none	none	none	none	none	none	none	none	none	none	none	none	none	none	none	none	none	none	none	none	none	none	none	none	none	none	none	none	none	none	none	none	none	none	none	none	none	none	none	none	none	none	none	none	none	none	none	none	none	none	none	none	none	none	none	none	none	none
PZ231302.1	none	none	exp F3+ R3-	none	exp F3+ R3-	none	exp F3+ R2-	exp F3+ R3-	none	none	none	none	none	none	none	none	none	none	none	none	none	none	none	none	none	none	none	none	none	none	none	none	none	none	none	none	none	none	none	none	none	none	none	none	none	none	none	none	none	none	none	none	none	none	none	none	none	none	none	none	none	none	none	none	none	none	none	none	none	none	none	none	none	none	none	none	none	none	none	none	none	none	none	none	none	none	none
PZ231303.1	none	none	exp F3+ R3-	none	exp F3+ R3-	none	exp F3+ R2-	exp F3+ R3-	none	none	none	none	none	none	none	none	none	none	none	none	none	none	none	none	none	none	none	none	none	none	none	none	none	none	none	none	none	none	none	none	none	none	none	none	none	none	none	none	none	none	none	none	none	none	none	none	none	none	none	none	none	none	none	none	none	none	none	none	none	none	none	none	none	none	none	none	none	none	none	none	none	none	none	none	none	none	none
PZ231305.1	none	none	exp F3+ R3-	none	exp F3+ R3-	none	exp F3+ R2-	exp F3+ R3-	none	none	none	none	none	none	none	none	none	none	none	none	none	none	none	none	none	none	none	none	none	none	none	none	none	none	none	none	none	none	none	none	none	none	none	none	none	none	none	none	none	none	none	none	none	none	none	none	none	none	none	none	none	none	none	none	none	none	none	none	none	none	none	none	none	none	none	none	none	none	none	none	none	none	none	none	none	none	none
PZ231306.1	none	none	exp F2+ R3-	none	exp F2+ R3-	none	exp F2+ R2-	exp F2+ R3-	none	none	none	none	none	none	none	none	none	none	none	none	none	none	none	none	none	none	none	none	none	none	none	none	none	none	none	none	none	none	none	none	none	none	none	none	none	none	none	none	none	none	none	none	none	none	none	none	none	none	none	none	none	none	none	none	none	none	none	none	none	none	none	none	none	none	none	none	none	none	none	none	none	none	none	none	none	none	none
PZ234757.1	exp F3+ R2-	exp F3+ R1-	exp F3+ R3-	exp F3+ R2-	exp F3+ R2-	exp F3+ R1-	exp F3+ R3-	exp F3+ R2-	none	none	none	none	none	none	none	none	none	none	none	none	none	none	none	none	none	none	none	none	none	none	none	none	none	none	none	none	none	none	none	none	none	none	none	none	none	none	none	none	none	none	none	none	none	none	none	none	none	none	none	none	none	none	none	none	none	none	none	none	none	none	none	none	none	none	none	none	none	none	none	none	none	none	none	none	none	none	none
PZ234758.1	exp F3+ R2-	exp F3+ R1-	exp F3+ R3-	exp F3+ R2-	exp F3+ R2-	exp F3+ R1-	exp F3+ R3-	exp F3+ R2-	none	none	none	none	none	none	none	none	none	none	none	none	none	none	none	none	none	none	none	none	none	none	none	none	none	none	none	none	none	none	none	none	none	none	none	none	none	none	none	none	none	none	none	none	none	none	none	none	none	none	none	none	none	none	none	none	none	none	none	none	none	none	none	none	none	none	none	none	none	none	none	none	none	none	none	none	none	none	none
PZ234759.1	exp F3+ R2-	exp F3+ R1-	exp F3+ R3-	exp F3+ R2-	exp F3+ R2-	exp F3+ R1-	exp F3+ R3-	exp F3+ R2-	none	none	none	none	none	none	none	none	none	none	none	none	none	none	none	none	none	none	none	none	none	none	none	none	none	none	none	none	none	none	none	none	none	none	none	none	none	none	none	none	none	none	none	none	none	none	none	none	none	none	none	none	none	none	none	none	none	none	none	none	none	none	none	none	none	none	none	none	none	none	none	none	none	none	none	none	none	none	none
PZ234761.1	exp F3+ R2-	exp F3+ R1-	exp F3+ R3-	exp F3+ R2-	exp F3+ R2-	exp F3+ R1-	exp F3+ R3-	exp F3+ R2-	none	none	none	none	none	none	none	none	none	none	none	none	none	none	none	none	none	none	none	none	none	none	none	none	none	none	none	none	none	none	none	none	none	none	none	none	none	none	none	none	none	none	none	none	none	none	none	none	none	none	none	none	none	none	none	none	none	none	none	none	none	none	none	none	none	none	none	none	none	none	none	none	none	none	none	none	none	none	none
PZ234763.1	exp F3+ R2-	exp F3+ R1-	exp F3+ R3-	exp F3+ R2-	exp F3+ R2-	exp F3+ R1-	exp F3+ R3-	exp F3+ R2-	none	none	none	none	none	none	none	none	none	none	none	none	none	none	none	none	none	none	none	none	none	none	none	none	none	none	none	none	none	none	none	none	none	none	none	none	none	none	none	none	none	none	none	none	none	none	none	none	none	none	none	none	none	none	none	none	none	none	none	none	none	none	none	none	none	none	none	none	none	none	none	none	none	none	none	none	none	none	none
PZ234764.1	exp F3+ R2-	exp F3+ R1-	exp F3+ R3-	exp F3+ R2-	exp F3+ R2-	exp F3+ R1-	exp F3+ R3-	exp F3+ R2-	none	none	none	none	none	none	none	none	none	none	none	none	none	none	none	none	none	none	none	none	none	none	none	none	none	none	none	none	none	none	none	none	none	none	none	none	none	none	none	none	none	none	none	none	none	none	none	none	none	none	none	none	none	none	none	none	none	none	none	none	none	none	none	none	none	none	none	none	none	none	none	none	none	none	none	none	none	none	none
PZ234765.1	exp F3+ R2-	exp F3+ R1-	exp F3+ R3-	exp F3+ R2-	exp F3+ R2-	exp F3+ R1-	exp F3+ R3-	exp F3+ R2-	none	none	none	none	none	none	none	none	none	none	none	none	none	none	none	none	none	none	none	none	none	none	none	none	none	none	none	none	none	none	none	none	none	none	none	none	none	none	none	none	none	none	none	none	none	none	none	none	none	none	none	none	none	none	none	none	none	none	none	none	none	none	none	none	none	none	none	none	none	none	none	none	none	none	none	none	none	none	none
PZ234767.1	exp F3+ R2-	exp F3+ R1-	exp F3+ R3-	exp F3+ R2-	exp F3+ R2-	exp F3+ R1-	exp F3+ R3-	exp F3+ R2-	none	none	none	none	none	none	none	none	none	none	none	none	none	none	none	none	none	none	none	none	none	none	none	none	none	none	none	none	none	none	none	none	none	none	none	none	none	none	none	none	none	none	none	none	none	none	none	none	none	none	none	none	none	none	none	none	none	none	none	none	none	none	none	none	none	none	none	none	none	none	none	none	none	none	none	none	none	none	none
PZ234768.1	exp F3+ R2-	exp F3+ R1-	exp F3+ R3-	exp F3+ R2-	exp F3+ R2-	exp F3+ R1-	exp F3+ R3-	exp F3+ R2-	none	none	none	none	none	none	none	none	none	none	none	none	none	none	none	none	none	none	none	none	none	none	none	none	none	none	none	none	none	none	none	none	none	none	none	none	none	none	none	none	none	none	none	none	none	none	none	none	none	none	none	none	none	none	none	none	none	none	none	none	none	none	none	none	none	none	none	none	none	none	none	none	none	none	none	none	none	none	none
PZ234770.1	exp F3+ R2-	exp F3+ R1-	exp F3+ R3-	exp F3+ R2-	exp F3+ R2-	exp F3+ R1-	exp F3+ R3-	exp F3+ R2-	none	none	none	none	none	none	none	none	none	none	none	none	none	none	none	none	none	none	none	none	none	none	none	none	none	none	none	none	none	none	none	none	none	none	none	none	none	none	none	none	none	none	none	none	none	none	none	none	none	none	none	none	none	none	none	none	none	none	none	none	none	none	none	none	none	none	none	none	none	none	none	none	none	none	none	none	none	none	none
PZ234771.1	exp F3+ R2-	exp F3+ R1-	exp F3+ R3-	exp F3+ R2-	exp F3+ R2-	exp F3+ R1-	exp F3+ R3-	exp F3+ R2-	none	none	none	none	none	none	none	none	none	none	none	none	none	none	none	none	none	none	none	none	none	none	none	none	none	none	none	none	none	none	none	none	none	none	none	none	none	none	none	none	none	none	none	none	none	none	none	none	none	none	none	none	none	none	none	none	none	none	none	none	none	none	none	none	none	none	none	none	none	none	none	none	none	none	none	none	none	none	none
PZ234773.1	exp F3+ R2-	exp F3+ R1-	exp F3+ R3-	exp F3+ R2-	exp F3+ R2-	exp F3+ R1-	exp F3+ R3-	exp F3+ R2-	none	none	none	none	none	none	none	none	none	none	none	none	none	none	none	none	none	none	none	none	none	none	none	none	none	none	none	none	none	none	none	none	none	none	none	none	none	none	none	none	none	none	none	none	none	none	none	none	none	none	none	none	none	none	none	none	none	none	none	none	none	none	none	none	none	none	none	none	none	none	none	none	none	none	none	none	none	none	none
PZ234774.1	exp F3+ R2-	exp F3+ R1-	exp F3+ R3-	exp F3+ R2-	exp F3+ R2-	exp F3+ R1-	exp F3+ R3-	exp F3+ R2-	none	none	none	none	none	none	none	none	none	none	none	none	none	none	none	none	none	none	none	none	none	none	none	none	none	none	none	none	none	none	none	none	none	none	none	none	none	none	none	none	none	none	none	none	none	none	none	none	none	none	none	none	none	none	none	none	none	none	none	none	none	none	none	none	none	none	none	none	none	none	none	none	none	none	none	none	none	none	none
PZ234776.1	exp F3+ R2-	exp F3+ R1-	exp F3+ R3-	exp F3+ R2-	exp F3+ R2-	exp F3+ R1-	exp F3+ R3-	exp F3+ R2-	none	none	none	none	none	none	none	none	none	none	none	none	none	none	none	none	none	none	none	none	none	none	none	none	none	none	none	none	none	none	none	none	none	none	none	none	none	none	none	none	none	none	none	none	none	none	none	none	none	none	none	none	none	none	none	none	none	none	none	none	none	none	none	none	none	none	none	none	none	none	none	none	none	none	none	none	none	none	none
PZ234777.1	exp F3+ R2-	exp F3+ R1-	exp F3+ R3-	exp F3+ R2-	exp F3+ R2-	exp F3+ R1-	exp F3+ R3-	exp F3+ R2-	none	none	none	none	none	none	none	none	none	none	none	none	none	none	none	none	none	none	none	none	none	none	none	none	none	none	none	none	none	none	none	none	none	none	none	none	none	none	none	none	none	none	none	none	none	none	none	none	none	none	none	none	none	none	none	none	none	none	none	none	none	none	none	none	none	none	none	none	none	none	none	none	none	none	none	none	none	none	none
PZ234779.1	exp F3+ R2-	exp F3+ R1-	exp F3+ R3-	exp F3+ R2-	exp F3+ R2-	exp F3+ R1-	exp F3+ R3-	exp F3+ R2-	none	none	none	none	none	none	none	none	none	none	none	none	none	none	none	none	none	none	none	none	none	none	none	none	none	none	none	none	none	none	none	none	none	none	none	none	none	none	none	none	none	none	none	none	none	none	none	none	none	none	none	none	none	none	none	none	none	none	none	none	none	none	none	none	none	none	none	none	none	none	none	none	none	none	none	none	none	none	none
PZ234780.1	exp F3+ R2-	exp F3+ R1-	exp F3+ R3-	exp F3+ R2-	exp F3+ R2-	exp F3+ R1-	exp F3+ R3-	exp F3+ R2-	none	none	none	none	none	none	none	none	none	none	none	none	none	none	none	none	none	none	none	none	none	none	none	none	none	none	none	none	none	none	none	none	none	none	none	none	none	none	none	none	none	none	none	none	none	none	none	none	none	none	none	none	none	none	none	none	none	none	none	none	none	none	none	none	none	none	none	none	none	none	none	none	none	none	none	none	none	none	none
PZ234783.1	exp F3+ R2-	exp F3+ R1-	exp F3+ R3-	exp F3+ R2-	exp F3+ R2-	exp F3+ R1-	exp F3+ R3-	exp F3+ R2-	none	none	none	none	none	none	none	none	none	none	none	none	none	none	none	none	none	none	none	none	none	none	none	none	none	none	none	none	none	none	none	none	none	none	none	none	none	none	none	none	none	none	none	none	none	none	none	none	none	none	none	none	none	none	none	none	none	none	none	none	none	none	none	none	none	none	none	none	none	none	none	none	none	none	none	none	none	none	none
PZ234784.1	exp F3+ R2-	exp F3+ R1-	exp F3+ R3-	exp F3+ R2-	exp F3+ R2-	exp F3+ R1-	exp F3+ R3-	exp F3+ R2-	none	none	none	none	none	none	none	none	none	none	none	none	none	none	none	none	none	none	none	none	none	none	none	none	none	none	none	none	none	none	none	none	none	none	none	none	none	none	none	none	none	none	none	none	none	none	none	none	none	none	none	none	none	none	none	none	none	none	none	none	none	none	none	none	none	none	none	none	none	none	none	none	none	none	none	none	none	none	none
PZ234785.1	exp F3+ R2-	exp F3+ R1-	exp F3+ R3-	exp F3+ R2-	exp F3+ R2-	exp F3+ R1-	exp F3+ R3-	exp F3+ R2-	none	none	none	none	none	none	none	none	none	none	none	none	none	none	none	none	none	none	none	none	none	none	none	none	none	none	none	none	none	none	none	none	none	none	none	none	none	none	none	none	none	none	none	none	none	none	none	none	none	none	none	none	none	none	none	none	none	none	none	none	none	none	none	none	none	none	none	none	none	none	none	none	none	none	none	none	none	none	none
PZ234786.1	exp F3+ R2-	exp F3+ R1-	exp F3+ R3-	exp F3+ R2-	exp F3+ R2-	exp F3+ R1-	exp F3+ R3-	exp F3+ R2-	none	none	none	none	none	none	none	none	none	none	none	none	none	none	none	none	none	none	none	none	none	none	none	none	none	none	none	none	none	none	none	none	none	none	none	none	none	none	none	none	none	none	none	none	none	none	none	none	none	none	none	none	none	none	none	none	none	none	none	none	none	none	none	none	none	none	none	none	none	none	none	none	none	none	none	none	none	none	none
PZ234787.1	exp F3+ R2-	exp F3+ R1-	exp F3+ R3-	exp F3+ R2-	exp F3+ R2-	exp F3+ R1-	exp F3+ R3-	exp F3+ R2-	none	none	none	none	none	none	none	none	none	none	none	none	none	none	none	none	none	none	none	none	none	none	none	none	none	none	none	none	none	none	none	none	none	none	none	none	none	none	none	none	none	none	none	none	none	none	none	none	none	none	none	none	none	none	none	none	none	none	none	none	none	none	none	none	none	none	none	none	none	none	none	none	none	none	none	none	none	none	none
PZ234789.1	exp F3+ R2-	exp F3+ R1-	exp F3+ R3-	exp F3+ R2-	exp F3+ R2-	exp F3+ R1-	exp F3+ R3-	exp F3+ R2-	none	none	none	none	none	none	none	none	none	none	none	none	none	none	none	none	none	none	none	none	none	none	none	none	none	none	none	none	none	none	none	none	none	none	none	none	none	none	none	none	none	none	none	none	none	none	none	none	none	none	none	none	none	none	none	none	none	none	none	none	none	none	none	none	none	none	none	none	none	none	none	none	none	none	none	none	none	none	none
PZ234792.1	exp F2+ R2-	exp F2+ R1-	exp F2+ R3-	exp F2+ R2-	exp F2+ R2-	exp F2+ R1-	exp F2+ R3-	exp F2+ R2-	none	none	none	none	none	none	none	none	none	none	none	none	none	none	none	none	none	none	none	none	none	none	none	none	none	none	none	none	none	none	none	none	none	none	none	none	none	none	none	none	none	none	none	none	none	none	none	none	none	none	none	none	none	none	none	none	none	none	none	none	none	none	none	none	none	none	none	none	none	none	none	none	none	none	none	none	none	none	none
PZ234793.1	exp F3+ R2-	exp F3+ R1-	exp F3+ R3-	exp F3+ R2-	exp F3+ R2-	exp F3+ R1-	exp F3+ R3-	exp F3+ R2-	none	none	none	none	none	none	none	none	none	none	none	none	none	none	none	none	none	none	none	none	none	none	none	none	none	none	none	none	none	none	none	none	none	none	none	none	none	none	none	none	none	none	none	none	none	none	none	none	none	none	none	none	none	none	none	none	none	none	none	none	none	none	none	none	none	none	none	none	none	none	none	none	none	none	none	none	none	none	none
PZ234795.1	exp F3+ R2-	exp F3+ R1-	exp F3+ R3-	exp F3+ R2-	exp F3+ R2-	exp F3+ R1-	exp F3+ R3-	exp F3+ R2-	none	none	none	none	none	none	none	none	none	none	none	none	none	none	none	none	none	none	none	none	none	none	none	none	none	none	none	none	none	none	none	none	none	none	none	none	none	none	none	none	none	none	none	none	none	none	none	none	none	none	none	none	none	none	none	none	none	none	none	none	none	none	none	none	none	none	none	none	none	none	none	none	none	none	none	none	none	none	none
PZ234796.1	exp F2+ R2-	exp F2+ R1-	exp F2+ R3-	exp F2+ R2-	exp F2+ R2-	exp F2+ R1-	exp F2+ R3-	exp F2+ R2-	none	none	none	none	none	none	none	none	none	none	none	none	none	none	none	none	none	none	none	none	none	none	none	none	none	none	none	none	none	none	none	none	none	none	none	none	none	none	none	none	none	none	none	none	none	none	none	none	none	none	none	none	none	none	none	none	none	none	none	none	none	none	none	none	none	none	none	none	none	none	none	none	none	none	none	none	none	none	none
PZ234797.1	exp F3+ R2-	exp F3+ R1-	exp F3+ R3-	exp F3+ R2-	exp F3+ R2-	exp F3+ R1-	exp F3+ R3-	exp F3+ R2-	none	none	none	none	none	none	none	none	none	none	none	none	none	none	none	none	none	none	none	none	none	none	none	none	none	none	none	none	none	none	none	none	none	none	none	none	none	none	none	none	none	none	none	none	none	none	none	none	none	none	none	none	none	none	none	none	none	none	none	none	none	none	none	none	none	none	none	none	none	none	none	none	none	none	none	none	none	none	none
PZ234798.1	exp F3+ R2-	exp F3+ R1-	exp F3+ R3-	exp F3+ R2-	exp F3+ R2-	exp F3+ R1-	exp F3+ R3-	exp F3+ R2-	none	none	none	none	none	none	none	none	none	none	none	none	none	none	none	none	none	none	none	none	none	none	none	none	none	none	none	none	none	none	none	none	none	none	none	none	none	none	none	none	none	none	none	none	none	none	none	none	none	none	none	none	none	none	none	none	none	none	none	none	none	none	none	none	none	none	none	none	none	none	none	none	none	none	none	none	none	none	none
PZ234799.1	exp F3+ R2-	exp F3+ R1-	exp F3+ R3-	exp F3+ R2-	exp F3+ R2-	exp F3+ R1-	exp F3+ R3-	exp F3+ R2-	none	none	none	none	none	none	none	none	none	none	none	none	none	none	none	none	none	none	none	none	none	none	none	none	none	none	none	none	none	none	none	none	none	none	none	none	none	none	none	none	none	none	none	none	none	none	none	none	none	none	none	none	none	none	none	none	none	none	none	none	none	none	none	none	none	none	none	none	none	none	none	none	none	none	none	none	none	none	none
PZ234800.1	exp F2+ R2-	exp F2+ R1-	exp F2+ R3-	exp F2+ R2-	exp F2+ R2-	exp F2+ R1-	exp F2+ R3-	exp F2+ R2-	none	none	none	none	none	none	none	none	none	none	none	none	none	none	none	none	none	none	none	none	none	none	none	none	none	none	none	none	none	none	none	none	none	none	none	none	none	none	none	none	none	none	none	none	none	none	none	none	none	none	none	none	none	none	none	none	none	none	none	none	none	none	none	none	none	none	none	none	none	none	none	none	none	none	none	none	none	none	none
PZ234801.1	exp F3+ R2-	exp F3+ R1-	exp F3+ R3-	exp F3+ R2-	exp F3+ R2-	exp F3+ R1-	exp F3+ R3-	exp F3+ R2-	none	none	none	none	none	none	none	none	none	none	none	none	none	none	none	none	none	none	none	none	none	none	none	none	none	none	none	none	none	none	none	none	none	none	none	none	none	none	none	none	none	none	none	none	none	none	none	none	none	none	none	none	none	none	none	none	none	none	none	none	none	none	none	none	none	none	none	none	none	none	none	none	none	none	none	none	none	none	none
PZ234802.1	exp F3+ R2-	exp F3+ R1-	exp F3+ R3-	exp F3+ R2-	exp F3+ R2-	exp F3+ R1-	exp F3+ R3-	exp F3+ R2-	none	none	none	none	none	none	none	none	none	none	none	none	none	none	none	none	none	none	none	none	none	none	none	none	none	none	none	none	none	none	none	none	none	none	none	none	none	none	none	none	none	none	none	none	none	none	none	none	none	none	none	none	none	none	none	none	none	none	none	none	none	none	none	none	none	none	none	none	none	none	none	none	none	none	none	none	none	none	none
PZ234804.1	exp F3+ R2-	exp F3+ R1-	exp F3+ R3-	exp F3+ R2-	exp F3+ R2-	exp F3+ R1-	exp F3+ R3-	exp F3+ R2-	none	none	none	none	none	none	none	none	none	none	none	none	none	none	none	none	none	none	none	none	none	none	none	none	none	none	none	none	none	none	none	none	none	none	none	none	none	none	none	none	none	none	none	none	none	none	none	none	none	none	none	none	none	none	none	none	none	none	none	none	none	none	none	none	none	none	none	none	none	none	none	none	none	none	none	none	none	none	none
PZ234805.1	exp F3+ R2-	exp F3+ R1-	exp F3+ R3-	exp F3+ R2-	exp F3+ R2-	exp F3+ R1-	exp F3+ R3-	exp F3+ R2-	none	none	none	none	none	none	none	none	none	none	none	none	none	none	none	none	none	none	none	none	none	none	none	none	none	none	none	none	none	none	none	none	none	none	none	none	none	none	none	none	none	none	none	none	none	none	none	none	none	none	none	none	none	none	none	none	none	none	none	none	none	none	none	none	none	none	none	none	none	none	none	none	none	none	none	none	none	none	none
PZ234808.1	exp F2+ R2-	exp F2+ R1-	exp F2+ R3-	exp F2+ R2-	exp F2+ R2-	exp F2+ R1-	exp F2+ R3-	exp F2+ R2-	none	none	none	none	none	none	none	none	none	none	none	none	none	none	none	none	none	none	none	none	none	none	none	none	none	none	none	none	none	none	none	none	none	none	none	none	none	none	none	none	none	none	none	none	none	none	none	none	none	none	none	none	none	none	none	none	none	none	none	none	none	none	none	none	none	none	none	none	none	none	none	none	none	none	none	none	none	none	none
PZ234809.1	exp F3+ R2-	exp F3+ R1-	exp F3+ R3-	exp F3+ R2-	exp F3+ R2-	exp F3+ R1-	exp F3+ R3-	exp F3+ R2-	none	none	none	none	none	none	none	none	none	none	none	none	none	none	none	none	none	none	none	none	none	none	none	none	none	none	none	none	none	none	none	none	none	none	none	none	none	none	none	none	none	none	none	none	none	none	none	none	none	none	none	none	none	none	none	none	none	none	none	none	none	none	none	none	none	none	none	none	none	none	none	none	none	none	none	none	none	none	none
PZ234810.1	exp F3+ R2-	exp F3+ R1-	exp F3+ R3-	exp F3+ R2-	exp F3+ R2-	exp F3+ R1-	exp F3+ R3-	exp F3+ R2-	none	none	none	none	none	none	none	none	none	none	none	none	none	none	none	none	none	none	none	none	none	none	none	none	none	none	none	none	none	none	none	none	none	none	none	none	none	none	none	none	none	none	none	none	none	none	none	none	none	none	none	none	none	none	none	none	none	none	none	none	none	none	none	none	none	none	none	none	none	none	none	none	none	none	none	none	none	none	none
PZ234813.1	exp F3+ R2-	exp F3+ R1-	exp F3+ R3-	exp F3+ R2-	exp F3+ R2-	exp F3+ R1-	exp F3+ R3-	exp F3+ R2-	none	none	none	none	none	none	none	none	none	none	none	none	none	none	none	none	none	none	none	none	none	none	none	none	none	none	none	none	none	none	none	none	none	none	none	none	none	none	none	none	none	none	none	none	none	none	none	none	none	none	none	none	none	none	none	none	none	none	none	none	none	none	none	none	none	none	none	none	none	none	none	none	none	none	none	none	none	none	none
PZ234814.1	exp F3+ R2-	exp F3+ R1-	exp F3+ R3-	exp F3+ R2-	exp F3+ R2-	exp F3+ R1-	exp F3+ R3-	exp F3+ R2-	none	none	none	none	none	none	none	none	none	none	none	none	none	none	none	none	none	none	none	none	none	none	none	none	none	none	none	none	none	none	none	none	none	none	none	none	none	none	none	none	none	none	none	none	none	none	none	none	none	none	none	none	none	none	none	none	none	none	none	none	none	none	none	none	none	none	none	none	none	none	none	none	none	none	none	none	none	none	none
PZ234815.1	exp F2+ R2-	exp F2+ R1-	exp F2+ R3-	exp F2+ R2-	exp F2+ R2-	exp F2+ R1-	exp F2+ R3-	exp F2+ R2-	none	none	none	none	none	none	none	none	none	none	none	none	none	none	none	none	none	none	none	none	none	none	none	none	none	none	none	none	none	none	none	none	none	none	none	none	none	none	none	none	none	none	none	none	none	none	none	none	none	none	none	none	none	none	none	none	none	none	none	none	none	none	none	none	none	none	none	none	none	none	none	none	none	none	none	none	none	none	none
PZ234816.1	exp F3+ R2-	exp F3+ R1-	exp F3+ R3-	exp F3+ R2-	exp F3+ R2-	exp F3+ R1-	exp F3+ R3-	exp F3+ R2-	none	none	none	none	none	none	none	none	none	none	none	none	none	none	none	none	none	none	none	none	none	none	none	none	none	none	none	none	none	none	none	none	none	none	none	none	none	none	none	none	none	none	none	none	none	none	none	none	none	none	none	none	none	none	none	none	none	none	none	none	none	none	none	none	none	none	none	none	none	none	none	none	none	none	none	none	none	none	none
PZ234818.1	exp F3+ R2-	exp F3+ R1-	exp F3+ R3-	exp F3+ R2-	exp F3+ R2-	exp F3+ R1-	exp F3+ R3-	exp F3+ R2-	none	none	none	none	none	none	none	none	none	none	none	none	none	none	none	none	none	none	none	none	none	none	none	none	none	none	none	none	none	none	none	none	none	none	none	none	none	none	none	none	none	none	none	none	none	none	none	none	none	none	none	none	none	none	none	none	none	none	none	none	none	none	none	none	none	none	none	none	none	none	none	none	none	none	none	none	none	none	none
PZ234819.1	exp F3+ R2-	exp F3+ R1-	exp F3+ R3-	exp F3+ R2-	exp F3+ R2-	exp F3+ R1-	exp F3+ R3-	exp F3+ R2-	none	none	none	none	none	none	none	none	none	none	none	none	none	none	none	none	none	none	none	none	none	none	none	none	none	none	none	none	none	none	none	none	none	none	none	none	none	none	none	none	none	none	none	none	none	none	none	none	none	none	none	none	none	none	none	none	none	none	none	none	none	none	none	none	none	none	none	none	none	none	none	none	none	none	none	none	none	none	none
PZ234820.1	exp F3+ R2-	exp F3+ R1-	exp F3+ R3-	exp F3+ R2-	exp F3+ R2-	exp F3+ R1-	exp F3+ R3-	exp F3+ R2-	none	none	none	none	none	none	none	none	none	none	none	none	none	none	none	none	none	none	none	none	none	none	none	none	none	none	none	none	none	none	none	none	none	none	none	none	none	none	none	none	none	none	none	none	none	none	none	none	none	none	none	none	none	none	none	none	none	none	none	none	none	none	none	none	none	none	none	none	none	none	none	none	none	none	none	none	none	none	none
PZ234821.1	exp F3+ R2-	exp F3+ R1-	exp F3+ R3-	exp F3+ R2-	exp F3+ R2-	exp F3+ R1-	exp F3+ R3-	exp F3+ R2-	none	none	none	none	none	none	none	none	none	none	none	none	none	none	none	none	none	none	none	none	none	none	none	none	none	none	none	none	none	none	none	none	none	none	none	none	none	none	none	none	none	none	none	none	none	none	none	none	none	none	none	none	none	none	none	none	none	none	none	none	none	none	none	none	none	none	none	none	none	none	none	none	none	none	none	none	none	none	none
PZ234822.1	exp F2+ R2-	exp F2+ R1-	exp F2+ R3-	exp F2+ R2-	exp F2+ R2-	exp F2+ R1-	exp F2+ R3-	exp F2+ R2-	none	none	none	none	none	none	none	none	none	none	none	none	none	none	none	none	none	none	none	none	none	none	none	none	none	none	none	none	none	none	none	none	none	none	none	none	none	none	none	none	none	none	none	none	none	none	none	none	none	none	none	none	none	none	none	none	none	none	none	none	none	none	none	none	none	none	none	none	none	none	none	none	none	none	none	none	none	none	none
PZ234823.1	exp F3+ R2-	exp F3+ R1-	exp F3+ R3-	exp F3+ R2-	exp F3+ R2-	exp F3+ R1-	exp F3+ R3-	exp F3+ R2-	none	none	none	none	none	none	none	none	none	none	none	none	none	none	none	none	none	none	none	none	none	none	none	none	none	none	none	none	none	none	none	none	none	none	none	none	none	none	none	none	none	none	none	none	none	none	none	none	none	none	none	none	none	none	none	none	none	none	none	none	none	none	none	none	none	none	none	none	none	none	none	none	none	none	none	none	none	none	none
PZ234824.1	exp F3+ R2-	exp F3+ R1-	exp F3+ R3-	exp F3+ R2-	exp F3+ R2-	exp F3+ R1-	exp F3+ R3-	exp F3+ R2-	none	none	none	none	none	none	none	none	none	none	none	none	none	none	none	none	none	none	none	none	none	none	none	none	none	none	none	none	none	none	none	none	none	none	none	none	none	none	none	none	none	none	none	none	none	none	none	none	none	none	none	none	none	none	none	none	none	none	none	none	none	none	none	none	none	none	none	none	none	none	none	none	none	none	none	none	none	none	none
PZ240463.1	none	none	none	none	none	none	none	none	none	none	none	none	none	none	none	none	none	none	none	none	none	none	none	none	none	none	none	none	none	none	none	none	exp F3+ R1-	exp F3+ R2-	exp F3+ R0-	exp F3+ R1-	exp F3+ R2-	exp F3+ R3-	exp F3+ R1-	exp F3+ R2-	none	none	none	none	none	none	none	none	none	none	none	none	none	none	none	none	none	none	none	none	none	none	none	none	none	none	none	none	none	none	none	none	none	none	none	none	none	none	none	none	none	none	none	none	none	none	none
PZ240464.1	none	none	none	none	none	none	none	none	none	none	none	none	none	none	none	none	none	none	none	none	none	none	none	none	none	none	none	none	none	none	none	none	exp F3+ R1-	exp F3+ R2-	exp F3+ R0-	exp F3+ R1-	exp F3+ R2-	exp F3+ R3-	exp F3+ R1-	exp F3+ R2-	none	none	none	none	none	none	none	none	none	none	none	none	none	none	none	none	none	none	none	none	none	none	none	none	none	none	none	none	none	none	none	none	none	none	none	none	none	none	none	none	none	none	none	none	none	none	none
PZ240465.1	none	none	none	none	none	none	none	none	none	none	none	none	none	none	none	none	none	none	none	none	none	none	none	none	none	none	none	none	none	none	none	none	exp F3+ R1-	exp F3+ R2-	exp F3+ R0-	exp F3+ R1-	exp F3+ R2-	exp F3+ R3-	exp F3+ R1-	exp F3+ R2-	none	none	none	none	none	none	none	none	none	none	none	none	none	none	none	none	none	none	none	none	none	none	none	none	none	none	none	none	none	none	none	none	none	none	none	none	none	none	none	none	none	none	none	none	none	none	none
PZ240466.1	none	none	none	none	none	none	none	none	none	none	none	none	none	none	none	none	none	none	none	none	none	none	none	none	none	none	none	none	none	none	none	none	exp F3+ R1-	exp F3+ R2-	exp F3+ R0-	exp F3+ R1-	exp F3+ R2-	exp F3+ R3-	exp F3+ R1-	exp F3+ R2-	none	none	none	none	none	none	none	none	none	none	none	none	none	none	none	none	none	none	none	none	none	none	none	none	none	none	none	none	none	none	none	none	none	none	none	none	none	none	none	none	none	none	none	none	none	none	none
PZ240467.1	none	none	none	none	none	none	none	none	none	none	none	none	none	none	none	none	none	none	none	none	none	none	none	none	none	none	none	none	none	none	none	none	exp F3+ R1-	exp F3+ R2-	exp F3+ R0-	exp F3+ R1-	exp F3+ R2-	exp F3+ R3-	exp F3+ R1-	exp F3+ R2-	none	none	none	none	none	none	none	none	none	none	none	none	none	none	none	none	none	none	none	none	none	none	none	none	none	none	none	none	none	none	none	none	none	none	none	none	none	none	none	none	none	none	none	none	none	none	none
PZ240469.1	exp F3+ R3-	exp F3+ R2-	exp F3+ R3-	exp F3+ R2-	exp F3+ R3-	exp F3+ R2-	exp F3+ R3-	exp F3+ R2-	none	none	none	none	none	none	none	none	none	none	none	none	none	none	none	none	none	none	none	none	none	none	none	none	none	none	none	none	none	none	none	none	none	none	none	none	none	none	none	none	none	none	none	none	none	none	none	none	none	none	none	none	none	none	none	none	none	none	none	none	none	none	none	none	none	none	none	none	none	none	none	none	none	none	none	none	none	none	none
PZ240470.1	exp F3+ R3-	exp F3+ R2-	exp F3+ R3-	exp F3+ R2-	exp F3+ R3-	exp F3+ R2-	exp F3+ R3-	exp F3+ R2-	none	none	none	none	none	none	none	none	none	none	none	none	none	none	none	none	none	none	none	none	none	none	none	none	none	none	none	none	none	none	none	none	none	none	none	none	none	none	none	none	none	none	none	none	none	none	none	none	none	none	none	none	none	none	none	none	none	none	none	none	none	none	none	none	none	none	none	none	none	none	none	none	none	none	none	none	none	none	none
PZ240471.1	exp F3+ R3-	exp F3+ R2-	exp F3+ R3-	exp F3+ R2-	exp F3+ R3-	exp F3+ R2-	exp F3+ R3-	exp F3+ R2-	none	none	none	none	none	none	none	none	none	none	none	none	none	none	none	none	none	none	none	none	none	none	none	none	none	none	none	none	none	none	none	none	none	none	none	none	none	none	none	none	none	none	none	none	none	none	none	none	none	none	none	none	none	none	none	none	none	none	none	none	none	none	none	none	none	none	none	none	none	none	none	none	none	none	none	none	none	none	none
PZ240472.1	exp F3+ R3-	exp F3+ R2-	exp F3+ R3-	exp F3+ R2-	exp F3+ R3-	exp F3+ R2-	exp F3+ R3-	exp F3+ R2-	none	none	none	none	none	none	none	none	none	none	none	none	none	none	none	none	none	none	none	none	none	none	none	none	none	none	none	none	none	none	none	none	none	none	none	none	none	none	none	none	none	none	none	none	none	none	none	none	none	none	none	none	none	none	none	none	none	none	none	none	none	none	none	none	none	none	none	none	none	none	none	none	none	none	none	none	none	none	none
PZ240473.1	exp F3+ R3-	exp F3+ R2-	exp F3+ R3-	exp F3+ R2-	exp F3+ R3-	exp F3+ R2-	exp F3+ R3-	exp F3+ R2-	none	none	none	none	none	none	none	none	none	none	none	none	none	none	none	none	none	none	none	none	none	none	none	none	none	none	none	none	none	none	none	none	none	none	none	none	none	none	none	none	none	none	none	none	none	none	none	none	none	none	none	none	none	none	none	none	none	none	none	none	none	none	none	none	none	none	none	none	none	none	none	none	none	none	none	none	none	none	none
PZ240474.1	exp F3+ R3-	exp F3+ R2-	exp F3+ R3-	exp F3+ R2-	exp F3+ R3-	exp F3+ R2-	exp F3+ R3-	exp F3+ R2-	none	none	none	none	none	none	none	none	none	none	none	none	none	none	none	none	none	none	none	none	none	none	none	none	none	none	none	none	none	none	none	none	none	none	none	none	none	none	none	none	none	none	none	none	none	none	none	none	none	none	none	none	none	none	none	none	none	none	none	none	none	none	none	none	none	none	none	none	none	none	none	none	none	none	none	none	none	none	none
PZ240475.1	exp F3+ R3-	exp F3+ R2-	exp F3+ R3-	exp F3+ R2-	exp F3+ R3-	exp F3+ R2-	exp F3+ R3-	exp F3+ R2-	none	none	none	none	none	none	none	none	none	none	none	none	none	none	none	none	none	none	none	none	none	none	none	none	none	none	none	none	none	none	none	none	none	none	none	none	none	none	none	none	none	none	none	none	none	none	none	none	none	none	none	none	none	none	none	none	none	none	none	none	none	none	none	none	none	none	none	none	none	none	none	none	none	none	none	none	none	none	none
PZ240477.1	exp F3+ R3-	exp F3+ R2-	exp F3+ R3-	exp F3+ R2-	exp F3+ R3-	exp F3+ R2-	exp F3+ R3-	exp F3+ R2-	none	none	none	none	none	none	none	none	none	none	none	none	none	none	none	none	none	none	none	none	none	none	none	none	none	none	none	none	none	none	none	none	none	none	none	none	none	none	none	none	none	none	none	none	none	none	none	none	none	none	none	none	none	none	none	none	none	none	none	none	none	none	none	none	none	none	none	none	none	none	none	none	none	none	none	none	none	none	none
PZ240479.1	exp F3+ R3-	exp F3+ R2-	exp F3+ R3-	exp F3+ R2-	exp F3+ R3-	exp F3+ R2-	exp F3+ R3-	exp F3+ R2-	none	none	none	none	none	none	none	none	none	none	none	none	none	none	none	none	none	none	none	none	none	none	none	none	none	none	none	none	none	none	none	none	none	none	none	none	none	none	none	none	none	none	none	none	none	none	none	none	none	none	none	none	none	none	none	none	none	none	none	none	none	none	none	none	none	none	none	none	none	none	none	none	none	none	none	none	none	none	none
PZ240481.1	exp F3+ R3-	exp F3+ R2-	exp F3+ R3-	exp F3+ R2-	exp F3+ R3-	exp F3+ R2-	exp F3+ R3-	exp F3+ R2-	none	none	none	none	none	none	none	none	none	none	none	none	none	none	none	none	none	none	none	none	none	none	none	none	none	none	none	none	none	none	none	none	none	none	none	none	none	none	none	none	none	none	none	none	none	none	none	none	none	none	none	none	none	none	none	none	none	none	none	none	none	none	none	none	none	none	none	none	none	none	none	none	none	none	none	none	none	none	none
PZ240482.1	exp F3+ R3-	exp F3+ R2-	exp F3+ R3-	exp F3+ R2-	exp F3+ R3-	exp F3+ R2-	exp F3+ R3-	exp F3+ R2-	none	none	none	none	none	none	none	none	none	none	none	none	none	none	none	none	none	none	none	none	none	none	none	none	none	none	none	none	none	none	none	none	none	none	none	none	none	none	none	none	none	none	none	none	none	none	none	none	none	none	none	none	none	none	none	none	none	none	none	none	none	none	none	none	none	none	none	none	none	none	none	none	none	none	none	none	none	none	none
PZ240485.1	exp F3+ R3-	exp F3+ R2-	exp F3+ R3-	exp F3+ R2-	exp F3+ R3-	exp F3+ R2-	exp F3+ R3-	exp F3+ R2-	none	none	none	none	none	none	none	none	none	none	none	none	none	none	none	none	none	none	none	none	none	none	none	none	none	none	none	none	none	none	none	none	none	none	none	none	none	none	none	none	none	none	none	none	none	none	none	none	none	none	none	none	none	none	none	none	none	none	none	none	none	none	none	none	none	none	none	none	none	none	none	none	none	none	none	none	none	none	none
PZ240486.1	exp F3+ R3-	exp F3+ R2-	exp F3+ R3-	exp F3+ R2-	exp F3+ R3-	exp F3+ R2-	exp F3+ R3-	exp F3+ R2-	none	none	none	none	none	none	none	none	none	none	none	none	none	none	none	none	none	none	none	none	none	none	none	none	none	none	none	none	none	none	none	none	none	none	none	none	none	none	none	none	none	none	none	none	none	none	none	none	none	none	none	none	none	none	none	none	none	none	none	none	none	none	none	none	none	none	none	none	none	none	none	none	none	none	none	none	none	none	none
PZ240488.1	none	none	none	none	none	none	none	none	none	none	none	none	none	none	none	none	exp F3+ R3-	exp F3+ R2-	exp F3+ R3-	exp F3+ R2-	exp F3+ R3-	exp F3+ R2-	exp F3+ R3-	exp F3+ R2-	none	none	none	none	none	none	none	none	none	none	none	none	none	none	none	none	none	none	none	none	none	none	none	none	none	none	none	none	none	none	none	none	none	none	none	none	none	none	none	none	none	none	none	none	none	none	none	none	none	none	none	none	none	none	none	none	none	none	none	none	none	none	none
PZ240491.1	exp F3+ R3-	exp F3+ R2-	exp F3+ R3-	exp F3+ R2-	exp F3+ R3-	exp F3+ R2-	exp F3+ R3-	exp F3+ R2-	none	none	none	none	none	none	none	none	none	none	none	none	none	none	none	none	none	none	none	none	none	none	none	none	none	none	none	none	none	none	none	none	none	none	none	none	none	none	none	none	none	none	none	none	none	none	none	none	none	none	none	none	none	none	none	none	none	none	none	none	none	none	none	none	none	none	none	none	none	none	none	none	none	none	none	none	none	none	none
PZ240492.1	exp F3+ R3-	exp F3+ R2-	exp F3+ R3-	exp F3+ R2-	exp F3+ R3-	exp F3+ R2-	exp F3+ R3-	exp F3+ R2-	none	none	none	none	none	none	none	none	none	none	none	none	none	none	none	none	none	none	none	none	none	none	none	none	none	none	none	none	none	none	none	none	none	none	none	none	none	none	none	none	none	none	none	none	none	none	none	none	none	none	none	none	none	none	none	none	none	none	none	none	none	none	none	none	none	none	none	none	none	none	none	none	none	none	none	none	none	none	none
PZ240493.1	exp F3+ R3-	exp F3+ R2-	exp F3+ R3-	exp F3+ R2-	exp F3+ R3-	exp F3+ R2-	exp F3+ R3-	exp F3+ R2-	none	none	none	none	none	none	none	none	none	none	none	none	none	none	none	none	none	none	none	none	none	none	none	none	none	none	none	none	none	none	none	none	none	none	none	none	none	none	none	none	none	none	none	none	none	none	none	none	none	none	none	none	none	none	none	none	none	none	none	none	none	none	none	none	none	none	none	none	none	none	none	none	none	none	none	none	none	none	none
PZ240494.1	exp F3+ R3-	exp F3+ R2-	exp F3+ R3-	exp F3+ R2-	exp F3+ R3-	exp F3+ R2-	exp F3+ R3-	exp F3+ R2-	none	none	none	none	none	none	none	none	none	none	none	none	none	none	none	none	none	none	none	none	none	none	none	none	none	none	none	none	none	none	none	none	none	none	none	none	none	none	none	none	none	none	none	none	none	none	none	none	none	none	none	none	none	none	none	none	none	none	none	none	none	none	none	none	none	none	none	none	none	none	none	none	none	none	none	none	none	none	none
PZ240496.1	exp F3+ R3-	exp F3+ R2-	exp F3+ R3-	exp F3+ R2-	exp F3+ R3-	exp F3+ R2-	exp F3+ R3-	exp F3+ R2-	none	none	none	none	none	none	none	none	none	none	none	none	none	none	none	none	none	none	none	none	none	none	none	none	none	none	none	none	none	none	none	none	none	none	none	none	none	none	none	none	none	none	none	none	none	none	none	none	none	none	none	none	none	none	none	none	none	none	none	none	none	none	none	none	none	none	none	none	none	none	none	none	none	none	none	none	none	none	none
PZ240497.1	exp F3+ R3-	exp F3+ R2-	exp F3+ R3-	exp F3+ R2-	exp F3+ R3-	exp F3+ R2-	exp F3+ R3-	exp F3+ R2-	none	none	none	none	none	none	none	none	none	none	none	none	none	none	none	none	none	none	none	none	none	none	none	none	none	none	none	none	none	none	none	none	none	none	none	none	none	none	none	none	none	none	none	none	none	none	none	none	none	none	none	none	none	none	none	none	none	none	none	none	none	none	none	none	none	none	none	none	none	none	none	none	none	none	none	none	none	none	none
PZ240498.1	exp F3+ R3-	exp F3+ R2-	exp F3+ R3-	exp F3+ R2-	exp F3+ R3-	exp F3+ R2-	exp F3+ R3-	exp F3+ R2-	none	none	none	none	none	none	none	none	none	none	none	none	none	none	none	none	none	none	none	none	none	none	none	none	none	none	none	none	none	none	none	none	none	none	none	none	none	none	none	none	none	none	none	none	none	none	none	none	none	none	none	none	none	none	none	none	none	none	none	none	none	none	none	none	none	none	none	none	none	none	none	none	none	none	none	none	none	none	none
PZ240499.1	exp F3+ R3-	exp F3+ R2-	exp F3+ R3-	exp F3+ R2-	exp F3+ R3-	exp F3+ R2-	exp F3+ R3-	exp F3+ R2-	none	none	none	none	none	none	none	none	none	none	none	none	none	none	none	none	none	none	none	none	none	none	none	none	none	none	none	none	none	none	none	none	none	none	none	none	none	none	none	none	none	none	none	none	none	none	none	none	none	none	none	none	none	none	none	none	none	none	none	none	none	none	none	none	none	none	none	none	none	none	none	none	none	none	none	none	none	none	none
PZ240500.1	exp F3+ R3-	exp F3+ R2-	exp F3+ R3-	exp F3+ R2-	exp F3+ R3-	exp F3+ R2-	exp F3+ R3-	exp F3+ R2-	none	none	none	none	none	none	none	none	none	none	none	none	none	none	none	none	none	none	none	none	none	none	none	none	none	none	none	none	none	none	none	none	none	none	none	none	none	none	none	none	none	none	none	none	none	none	none	none	none	none	none	none	none	none	none	none	none	none	none	none	none	none	none	none	none	none	none	none	none	none	none	none	none	none	none	none	none	none	none
PZ240502.1	exp F3+ R3-	exp F3+ R2-	exp F3+ R3-	exp F3+ R2-	exp F3+ R3-	exp F3+ R2-	exp F3+ R3-	exp F3+ R2-	none	none	none	none	none	none	none	none	none	none	none	none	none	none	none	none	none	none	none	none	none	none	none	none	none	none	none	none	none	none	none	none	none	none	none	none	none	none	none	none	none	none	none	none	none	none	none	none	none	none	none	none	none	none	none	none	none	none	none	none	none	none	none	none	none	none	none	none	none	none	none	none	none	none	none	none	none	none	none
PZ240504.1	none	exp F3+ R2-	none	exp F3+ R2-	none	exp F3+ R3-	none	exp F3+ R3-	none	none	none	none	none	none	none	none	none	none	none	none	none	none	none	none	none	none	none	none	none	none	none	none	none	none	none	none	none	none	none	none	none	none	none	none	none	none	none	none	none	none	none	none	none	none	none	none	none	none	none	none	none	none	none	none	none	none	none	none	none	none	none	none	none	none	none	none	none	none	none	none	none	none	none	none	none	none	none
PZ240507.1	exp F3+ R3-	exp F3+ R2-	exp F3+ R3-	exp F3+ R2-	exp F3+ R3-	exp F3+ R2-	exp F3+ R3-	exp F3+ R2-	none	none	none	none	none	none	none	none	none	none	none	none	none	none	none	none	none	none	none	none	none	none	none	none	none	none	none	none	none	none	none	none	none	none	none	none	none	none	none	none	none	none	none	none	none	none	none	none	none	none	none	none	none	none	none	none	none	none	none	none	none	none	none	none	none	none	none	none	none	none	none	none	none	none	none	none	none	none	none
PZ240509.1	exp F3+ R2-	exp F3+ R1-	exp F3+ R2-	exp F3+ R1-	exp F3+ R3-	exp F3+ R2-	exp F3+ R3-	exp F3+ R2-	none	none	none	none	none	none	none	none	none	none	none	none	none	none	none	none	none	none	none	none	none	none	none	none	none	none	none	none	none	none	none	none	none	none	none	none	none	none	none	none	none	none	none	none	none	none	none	none	none	none	none	none	none	none	none	none	none	none	none	none	none	none	none	none	none	none	none	none	none	none	none	none	none	none	none	none	none	none	none
PZ240511.1	exp F3+ R2-	exp F3+ R1-	exp F3+ R2-	exp F3+ R1-	exp F3+ R3-	exp F3+ R2-	exp F3+ R3-	exp F3+ R2-	none	none	none	none	none	none	none	none	none	none	none	none	none	none	none	none	none	none	none	none	none	none	none	none	none	none	none	none	none	none	none	none	none	none	none	none	none	none	none	none	none	none	none	none	none	none	none	none	none	none	none	none	none	none	none	none	none	none	none	none	none	none	none	none	none	none	none	none	none	none	none	none	none	none	none	none	none	none	none
PZ240512.1	none	none	none	none	none	none	none	none	none	none	none	none	none	none	none	none	exp F3+ R3-	exp F3+ R2-	exp F3+ R2-	exp F3+ R1-	exp F3+ R3-	exp F3+ R2-	exp F3+ R2-	exp F3+ R1-	none	none	none	none	none	none	none	none	none	none	none	none	none	none	none	none	none	none	none	none	none	none	none	none	none	none	none	none	none	none	none	none	none	none	none	none	none	none	none	none	none	none	none	none	none	none	none	none	none	none	none	none	none	none	none	none	none	none	none	none	none	none	none
PZ240513.1	exp F3+ R3-	exp F3+ R2-	exp F3+ R3-	exp F3+ R2-	exp F3+ R3-	exp F3+ R2-	exp F3+ R3-	exp F3+ R2-	none	none	none	none	none	none	none	none	none	none	none	none	none	none	none	none	none	none	none	none	none	none	none	none	none	none	none	none	none	none	none	none	none	none	none	none	none	none	none	none	none	none	none	none	none	none	none	none	none	none	none	none	none	none	none	none	none	none	none	none	none	none	none	none	none	none	none	none	none	none	none	none	none	none	none	none	none	none	none
PZ240514.1	exp F2+ R3-	exp F2+ R2-	exp F2+ R2-	exp F2+ R1-	exp F2+ R3-	exp F2+ R2-	exp F2+ R2-	exp F2+ R1-	none	none	none	none	none	none	none	none	none	none	none	none	none	none	none	none	none	none	none	none	none	none	none	none	none	none	none	none	none	none	none	none	none	none	none	none	none	none	none	none	none	none	none	none	none	none	none	none	none	none	none	none	none	none	none	none	none	none	none	none	none	none	none	none	none	none	none	none	none	none	none	exp F3+ R3-	exp F3+ R2-	exp F3+ R2-	exp F3+ R1-	exp F3+ R3-	exp F3+ R2-	exp F3+ R2-	exp F3+ R1-
PZ240515.1	none	none	none	none	none	none	none	none	none	none	none	none	none	none	none	none	none	none	none	none	none	none	none	none	none	none	none	none	none	none	none	none	none	none	none	none	none	none	none	none	exp F3+ R3-	exp F3+ R2-	exp F3+ R2-	exp F3+ R1-	exp F3+ R3-	exp F3+ R2-	exp F3+ R2-	exp F3+ R1-	none	none	none	none	none	none	none	none	none	none	none	none	none	none	none	none	none	none	none	none	none	none	none	none	none	none	none	none	none	none	none	none	none	none	none	none	none	none	none
PZ240516.1	none	none	none	none	none	none	none	none	none	none	none	none	none	none	none	none	none	none	none	none	none	none	none	none	none	none	none	none	none	none	none	none	none	none	none	none	none	none	none	none	exp F3+ R3-	exp F3+ R2-	exp F3+ R2-	exp F3+ R1-	exp F3+ R3-	exp F3+ R2-	exp F3+ R2-	exp F3+ R1-	none	none	none	none	none	none	none	none	none	none	none	none	none	none	none	none	none	none	none	none	none	none	none	none	none	none	none	none	none	none	none	none	none	none	none	none	none	none	none
PZ240517.1	exp F2+ R2-	exp F2+ R1-	exp F2+ R2-	exp F2+ R1-	exp F2+ R3-	exp F2+ R2-	exp F2+ R3-	exp F2+ R2-	none	none	none	none	none	none	none	none	none	none	none	none	none	none	none	none	none	none	none	none	none	none	none	none	none	none	none	none	none	none	none	none	none	none	none	none	none	none	none	none	none	none	none	none	none	none	none	none	none	none	none	none	none	none	none	none	none	none	none	none	none	none	none	none	none	none	none	none	none	none	none	none	none	none	none	none	none	none	none
PZ240518.1	exp F2+ R2-	exp F2+ R1-	exp F2+ R2-	exp F2+ R1-	exp F2+ R3-	exp F2+ R2-	exp F2+ R3-	exp F2+ R2-	none	none	none	none	none	none	none	none	none	none	none	none	none	none	none	none	none	none	none	none	none	none	none	none	none	none	none	none	none	none	none	none	none	none	none	none	none	none	none	none	none	none	none	none	none	none	none	none	none	none	none	none	none	none	none	none	none	none	none	none	none	none	none	none	none	none	none	none	none	none	none	none	none	none	none	none	none	none	none
PZ264142.1	exp F3+ R2-	exp F3+ R1-	exp F3+ R3-	exp F3+ R2-	exp F3+ R2-	exp F3+ R1-	exp F3+ R3-	exp F3+ R2-	none	none	none	none	none	none	none	none	none	none	none	none	none	none	none	none	none	none	none	none	none	none	none	none	none	none	none	none	none	none	none	none	none	none	none	none	none	none	none	none	none	none	none	none	none	none	none	none	none	none	none	none	none	none	none	none	none	none	none	none	none	none	none	none	none	none	none	none	none	none	none	none	none	none	none	none	none	none	none
PZ264143.1	exp F3+ R2-	exp F3+ R1-	exp F3+ R3-	exp F3+ R2-	exp F3+ R2-	exp F3+ R1-	exp F3+ R3-	exp F3+ R2-	none	none	none	none	none	none	none	none	none	none	none	none	none	none	none	none	none	none	none	none	none	none	none	none	none	none	none	none	none	none	none	none	none	none	none	none	none	none	none	none	none	none	none	none	none	none	none	none	none	none	none	none	none	none	none	none	none	none	none	none	none	none	none	none	none	none	none	none	none	none	none	none	none	none	none	none	none	none	none
PZ264146.1	exp F3+ R2-	exp F3+ R1-	exp F3+ R3-	exp F3+ R2-	exp F3+ R2-	exp F3+ R1-	exp F3+ R3-	exp F3+ R2-	none	none	none	none	none	none	none	none	none	none	none	none	none	none	none	none	none	none	none	none	none	none	none	none	none	none	none	none	none	none	none	none	none	none	none	none	none	none	none	none	none	none	none	none	none	none	none	none	none	none	none	none	none	none	none	none	none	none	none	none	none	none	none	none	none	none	none	none	none	none	none	none	none	none	none	none	none	none	none
PZ264147.1	exp F3+ R2-	exp F3+ R1-	exp F3+ R3-	exp F3+ R2-	exp F3+ R2-	exp F3+ R1-	exp F3+ R3-	exp F3+ R2-	none	none	none	none	none	none	none	none	none	none	none	none	none	none	none	none	none	none	none	none	none	none	none	none	none	none	none	none	none	none	none	none	none	none	none	none	none	none	none	none	none	none	none	none	none	none	none	none	none	none	none	none	none	none	none	none	none	none	none	none	none	none	none	none	none	none	none	none	none	none	none	none	none	none	none	none	none	none	none
PZ264162.1	exp F3+ R2-	exp F3+ R1-	exp F3+ R3-	exp F3+ R2-	exp F3+ R2-	exp F3+ R1-	exp F3+ R3-	exp F3+ R2-	none	none	none	none	none	none	none	none	none	none	none	none	none	none	none	none	none	none	none	none	none	none	none	none	none	none	none	none	none	none	none	none	none	none	none	none	none	none	none	none	none	none	none	none	none	none	none	none	none	none	none	none	none	none	none	none	none	none	none	none	none	none	none	none	none	none	none	none	none	none	none	none	none	none	none	none	none	none	none
PZ264163.1	exp F3+ R2-	exp F3+ R1-	exp F3+ R3-	exp F3+ R2-	exp F3+ R2-	exp F3+ R1-	exp F3+ R3-	exp F3+ R2-	none	none	none	none	none	none	none	none	none	none	none	none	none	none	none	none	none	none	none	none	none	none	none	none	none	none	none	none	none	none	none	none	none	none	none	none	none	none	none	none	none	none	none	none	none	none	none	none	none	none	none	none	none	none	none	none	none	none	none	none	none	none	none	none	none	none	none	none	none	none	none	none	none	none	none	none	none	none	none
PZ264164.1	exp F3+ R2-	exp F3+ R1-	exp F3+ R3-	exp F3+ R2-	exp F3+ R2-	exp F3+ R1-	exp F3+ R3-	exp F3+ R2-	none	none	none	none	none	none	none	none	none	none	none	none	none	none	none	none	none	none	none	none	none	none	none	none	none	none	none	none	none	none	none	none	none	none	none	none	none	none	none	none	none	none	none	none	none	none	none	none	none	none	none	none	none	none	none	none	none	none	none	none	none	none	none	none	none	none	none	none	none	none	none	none	none	none	none	none	none	none	none
PZ264165.1	exp F3+ R2-	exp F3+ R1-	exp F3+ R3-	exp F3+ R2-	exp F3+ R2-	exp F3+ R1-	exp F3+ R3-	exp F3+ R2-	none	none	none	none	none	none	none	none	none	none	none	none	none	none	none	none	none	none	none	none	none	none	none	none	none	none	none	none	none	none	none	none	none	none	none	none	none	none	none	none	none	none	none	none	none	none	none	none	none	none	none	none	none	none	none	none	none	none	none	none	none	none	none	none	none	none	none	none	none	none	none	none	none	none	none	none	none	none	none
PZ264166.1	exp F3+ R2-	exp F3+ R1-	exp F3+ R3-	exp F3+ R2-	exp F3+ R2-	exp F3+ R1-	exp F3+ R3-	exp F3+ R2-	none	none	none	none	none	none	none	none	none	none	none	none	none	none	none	none	none	none	none	none	none	none	none	none	none	none	none	none	none	none	none	none	none	none	none	none	none	none	none	none	none	none	none	none	none	none	none	none	none	none	none	none	none	none	none	none	none	none	none	none	none	none	none	none	none	none	none	none	none	none	none	none	none	none	none	none	none	none	none
PZ264187.1	exp F2+ R2-	exp F2+ R1-	exp F2+ R3-	exp F2+ R2-	exp F2+ R2-	exp F2+ R1-	exp F2+ R3-	exp F2+ R2-	none	none	none	none	none	none	none	none	none	none	none	none	none	none	none	none	none	none	none	none	none	none	none	none	none	none	none	none	none	none	none	none	none	none	none	none	none	none	none	none	none	none	none	none	none	none	none	none	none	none	none	none	none	none	none	none	none	none	none	none	none	none	none	none	none	none	none	none	none	none	none	none	none	none	none	none	none	none	none
PZ264188.1	exp F2+ R2-	exp F2+ R1-	exp F2+ R3-	exp F2+ R2-	exp F2+ R2-	exp F2+ R1-	exp F2+ R3-	exp F2+ R2-	none	none	none	none	none	none	none	none	none	none	none	none	none	none	none	none	none	none	none	none	none	none	none	none	none	none	none	none	none	none	none	none	none	none	none	none	none	none	none	none	none	none	none	none	none	none	none	none	none	none	none	none	none	none	none	none	none	none	none	none	none	none	none	none	none	none	none	none	none	none	none	none	none	none	none	none	none	none	none
PZ264189.1	exp F3+ R2-	exp F3+ R1-	exp F3+ R3-	exp F3+ R2-	exp F3+ R2-	exp F3+ R1-	exp F3+ R3-	exp F3+ R2-	none	none	none	none	none	none	none	none	none	none	none	none	none	none	none	none	none	none	none	none	none	none	none	none	none	none	none	none	none	none	none	none	none	none	none	none	none	none	none	none	none	none	none	none	none	none	none	none	none	none	none	none	none	none	none	none	none	none	none	none	none	none	none	none	none	none	none	none	none	none	none	none	none	none	none	none	none	none	none
PZ264190.1	exp F3+ R2-	exp F3+ R1-	exp F3+ R3-	exp F3+ R2-	exp F3+ R2-	exp F3+ R1-	exp F3+ R3-	exp F3+ R2-	none	none	none	none	none	none	none	none	none	none	none	none	none	none	none	none	none	none	none	none	none	none	none	none	none	none	none	none	none	none	none	none	none	none	none	none	none	none	none	none	none	none	none	none	none	none	none	none	none	none	none	none	none	none	none	none	none	none	none	none	none	none	none	none	none	none	none	none	none	none	none	none	none	none	none	none	none	none	none
PZ264200.1	exp F2+ R2-	exp F2+ R1-	exp F2+ R3-	exp F2+ R2-	exp F2+ R2-	exp F2+ R1-	exp F2+ R3-	exp F2+ R2-	none	none	none	none	none	none	none	none	none	none	none	none	none	none	none	none	none	none	none	none	none	none	none	none	none	none	none	none	none	none	none	none	none	none	none	none	none	none	none	none	none	none	none	none	none	none	none	none	none	none	none	none	none	none	none	none	none	none	none	none	none	none	none	none	none	none	none	none	none	none	none	none	none	none	none	none	none	none	none
PZ264201.1	exp F3+ R2-	exp F3+ R1-	exp F3+ R3-	exp F3+ R2-	exp F3+ R2-	exp F3+ R1-	exp F3+ R3-	exp F3+ R2-	none	none	none	none	none	none	none	none	none	none	none	none	none	none	none	none	none	none	none	none	none	none	none	none	none	none	none	none	none	none	none	none	none	none	none	none	none	none	none	none	none	none	none	none	none	none	none	none	none	none	none	none	none	none	none	none	none	none	none	none	none	none	none	none	none	none	none	none	none	none	none	none	none	none	none	none	none	none	none
PZ264202.1	exp F3+ R2-	exp F3+ R1-	exp F3+ R3-	exp F3+ R2-	exp F3+ R2-	exp F3+ R1-	exp F3+ R3-	exp F3+ R2-	none	none	none	none	none	none	none	none	none	none	none	none	none	none	none	none	none	none	none	none	none	none	none	none	none	none	none	none	none	none	none	none	none	none	none	none	none	none	none	none	none	none	none	none	none	none	none	none	none	none	none	none	none	none	none	none	none	none	none	none	none	none	none	none	none	none	none	none	none	none	none	none	none	none	none	none	none	none	none
PZ264203.1	exp F2+ R2-	exp F2+ R1-	exp F2+ R3-	exp F2+ R2-	exp F2+ R2-	exp F2+ R1-	exp F2+ R3-	exp F2+ R2-	none	none	none	none	none	none	none	none	none	none	none	none	none	none	none	none	none	none	none	none	none	none	none	none	none	none	none	none	none	none	none	none	none	none	none	none	none	none	none	none	none	none	none	none	none	none	none	none	none	none	none	none	none	none	none	none	none	none	none	none	none	none	none	none	none	none	none	none	none	none	none	none	none	none	none	none	none	none	none
PZ264204.1	exp F3+ R2-	exp F3+ R1-	exp F3+ R3-	exp F3+ R2-	exp F3+ R2-	exp F3+ R1-	exp F3+ R3-	exp F3+ R2-	none	none	none	none	none	none	none	none	none	none	none	none	none	none	none	none	none	none	none	none	none	none	none	none	none	none	none	none	none	none	none	none	none	none	none	none	none	none	none	none	none	none	none	none	none	none	none	none	none	none	none	none	none	none	none	none	none	none	none	none	none	none	none	none	none	none	none	none	none	none	none	none	none	none	none	none	none	none	none
PZ264217.1	exp F3+ R2-	exp F3+ R1-	exp F3+ R3-	exp F3+ R2-	exp F3+ R2-	exp F3+ R1-	exp F3+ R3-	exp F3+ R2-	none	none	none	none	none	none	none	none	none	none	none	none	none	none	none	none	none	none	none	none	none	none	none	none	none	none	none	none	none	none	none	none	none	none	none	none	none	none	none	none	none	none	none	none	none	none	none	none	none	none	none	none	none	none	none	none	none	none	none	none	none	none	none	none	none	none	none	none	none	none	none	none	none	none	none	none	none	none	none
PZ264218.1	exp F3+ R2-	exp F3+ R1-	exp F3+ R3-	exp F3+ R2-	exp F3+ R2-	exp F3+ R1-	exp F3+ R3-	exp F3+ R2-	none	none	none	none	none	none	none	none	none	none	none	none	none	none	none	none	none	none	none	none	none	none	none	none	none	none	none	none	none	none	none	none	none	none	none	none	none	none	none	none	none	none	none	none	none	none	none	none	none	none	none	none	none	none	none	none	none	none	none	none	none	none	none	none	none	none	none	none	none	none	none	none	none	none	none	none	none	none	none
PZ264219.1	exp F3+ R2-	exp F3+ R1-	exp F3+ R3-	exp F3+ R2-	exp F3+ R2-	exp F3+ R1-	exp F3+ R3-	exp F3+ R2-	none	none	none	none	none	none	none	none	none	none	none	none	none	none	none	none	none	none	none	none	none	none	none	none	none	none	none	none	none	none	none	none	none	none	none	none	none	none	none	none	none	none	none	none	none	none	none	none	none	none	none	none	none	none	none	none	none	none	none	none	none	none	none	none	none	none	none	none	none	none	none	none	none	none	none	none	none	none	none
PZ264220.1	exp F3+ R2-	exp F3+ R1-	exp F3+ R3-	exp F3+ R2-	exp F3+ R2-	exp F3+ R1-	exp F3+ R3-	exp F3+ R2-	none	none	none	none	none	none	none	none	none	none	none	none	none	none	none	none	none	none	none	none	none	none	none	none	none	none	none	none	none	none	none	none	none	none	none	none	none	none	none	none	none	none	none	none	none	none	none	none	none	none	none	none	none	none	none	none	none	none	none	none	none	none	none	none	none	none	none	none	none	none	none	none	none	none	none	none	none	none	none
PZ264221.1	exp F3+ R2-	exp F3+ R1-	exp F3+ R3-	exp F3+ R2-	exp F3+ R2-	exp F3+ R1-	exp F3+ R3-	exp F3+ R2-	none	none	none	none	none	none	none	none	none	none	none	none	none	none	none	none	none	none	none	none	none	none	none	none	none	none	none	none	none	none	none	none	none	none	none	none	none	none	none	none	none	none	none	none	none	none	none	none	none	none	none	none	none	none	none	none	none	none	none	none	none	none	none	none	none	none	none	none	none	none	none	none	none	none	none	none	none	none	none
PZ264222.1	exp F3+ R2-	exp F3+ R1-	exp F3+ R3-	exp F3+ R2-	exp F3+ R2-	exp F3+ R1-	exp F3+ R3-	exp F3+ R2-	none	none	none	none	none	none	none	none	none	none	none	none	none	none	none	none	none	none	none	none	none	none	none	none	none	none	none	none	none	none	none	none	none	none	none	none	none	none	none	none	none	none	none	none	none	none	none	none	none	none	none	none	none	none	none	none	none	none	none	none	none	none	none	none	none	none	none	none	none	none	none	none	none	none	none	none	none	none	none
PZ264223.1	exp F3+ R2-	exp F3+ R1-	exp F3+ R3-	exp F3+ R2-	exp F3+ R2-	exp F3+ R1-	exp F3+ R3-	exp F3+ R2-	none	none	none	none	none	none	none	none	none	none	none	none	none	none	none	none	none	none	none	none	none	none	none	none	none	none	none	none	none	none	none	none	none	none	none	none	none	none	none	none	none	none	none	none	none	none	none	none	none	none	none	none	none	none	none	none	none	none	none	none	none	none	none	none	none	none	none	none	none	none	none	none	none	none	none	none	none	none	none
PZ264224.1	exp F3+ R2-	exp F3+ R1-	exp F3+ R3-	exp F3+ R2-	exp F3+ R2-	exp F3+ R1-	exp F3+ R3-	exp F3+ R2-	none	none	none	none	none	none	none	none	none	none	none	none	none	none	none	none	none	none	none	none	none	none	none	none	none	none	none	none	none	none	none	none	none	none	none	none	none	none	none	none	none	none	none	none	none	none	none	none	none	none	none	none	none	none	none	none	none	none	none	none	none	none	none	none	none	none	none	none	none	none	none	none	none	none	none	none	none	none	none
PZ264225.1	exp F3+ R2-	exp F3+ R1-	exp F3+ R3-	exp F3+ R2-	exp F3+ R2-	exp F3+ R1-	exp F3+ R3-	exp F3+ R2-	none	none	none	none	none	none	none	none	none	none	none	none	none	none	none	none	none	none	none	none	none	none	none	none	none	none	none	none	none	none	none	none	none	none	none	none	none	none	none	none	none	none	none	none	none	none	none	none	none	none	none	none	none	none	none	none	none	none	none	none	none	none	none	none	none	none	none	none	none	none	none	none	none	none	none	none	none	none	none
PZ264226.1	none	none	none	none	none	none	none	none	exp F3+ R2-	exp F3+ R1-	exp F3+ R3-	exp F3+ R2-	exp F3+ R2-	exp F3+ R1-	exp F3+ R3-	exp F3+ R2-	none	none	none	none	none	none	none	none	none	none	none	none	none	none	none	none	none	none	none	none	none	none	none	none	none	none	none	none	none	none	none	none	none	none	none	none	none	none	none	none	none	none	none	none	none	none	none	none	none	none	none	none	none	none	none	none	none	none	none	none	none	none	none	none	none	none	none	none	none	none	none
PZ264227.1	exp F3+ R2-	exp F3+ R1-	exp F3+ R3-	exp F3+ R2-	exp F3+ R2-	exp F3+ R1-	exp F3+ R3-	exp F3+ R2-	none	none	none	none	none	none	none	none	none	none	none	none	none	none	none	none	none	none	none	none	none	none	none	none	none	none	none	none	none	none	none	none	none	none	none	none	none	none	none	none	none	none	none	none	none	none	none	none	none	none	none	none	none	none	none	none	none	none	none	none	none	none	none	none	none	none	none	none	none	none	none	none	none	none	none	none	none	none	none
PZ264228.1	exp F3+ R2-	exp F3+ R1-	exp F3+ R3-	exp F3+ R2-	exp F3+ R2-	exp F3+ R1-	exp F3+ R3-	exp F3+ R2-	none	none	none	none	none	none	none	none	none	none	none	none	none	none	none	none	none	none	none	none	none	none	none	none	none	none	none	none	none	none	none	none	none	none	none	none	none	none	none	none	none	none	none	none	none	none	none	none	none	none	none	none	none	none	none	none	none	none	none	none	none	none	none	none	none	none	none	none	none	none	none	none	none	none	none	none	none	none	none
PZ264230.1	exp F3+ R2-	exp F3+ R1-	exp F3+ R3-	exp F3+ R2-	exp F3+ R2-	exp F3+ R1-	exp F3+ R3-	exp F3+ R2-	none	none	none	none	none	none	none	none	none	none	none	none	none	none	none	none	none	none	none	none	none	none	none	none	none	none	none	none	none	none	none	none	none	none	none	none	none	none	none	none	none	none	none	none	none	none	none	none	none	none	none	none	none	none	none	none	none	none	none	none	none	none	none	none	none	none	none	none	none	none	none	none	none	none	none	none	none	none	none
PZ264231.1	exp F3+ R2-	exp F3+ R1-	exp F3+ R3-	exp F3+ R2-	exp F3+ R2-	exp F3+ R1-	exp F3+ R3-	exp F3+ R2-	none	none	none	none	none	none	none	none	none	none	none	none	none	none	none	none	none	none	none	none	none	none	none	none	none	none	none	none	none	none	none	none	none	none	none	none	none	none	none	none	none	none	none	none	none	none	none	none	none	none	none	none	none	none	none	none	none	none	none	none	none	none	none	none	none	none	none	none	none	none	none	none	none	none	none	none	none	none	none
PZ264232.1	exp F3+ R2-	exp F3+ R1-	exp F3+ R3-	exp F3+ R2-	exp F3+ R2-	exp F3+ R1-	exp F3+ R3-	exp F3+ R2-	none	none	none	none	none	none	none	none	none	none	none	none	none	none	none	none	none	none	none	none	none	none	none	none	none	none	none	none	none	none	none	none	none	none	none	none	none	none	none	none	none	none	none	none	none	none	none	none	none	none	none	none	none	none	none	none	none	none	none	none	none	none	none	none	none	none	none	none	none	none	none	none	none	none	none	none	none	none	none
PZ264233.1	exp F3+ R2-	exp F3+ R1-	exp F3+ R3-	exp F3+ R2-	exp F3+ R2-	exp F3+ R1-	exp F3+ R3-	exp F3+ R2-	none	none	none	none	none	none	none	none	none	none	none	none	none	none	none	none	none	none	none	none	none	none	none	none	none	none	none	none	none	none	none	none	none	none	none	none	none	none	none	none	none	none	none	none	none	none	none	none	none	none	none	none	none	none	none	none	none	none	none	none	none	none	none	none	none	none	none	none	none	none	none	none	none	none	none	none	none	none	none
PZ264234.1	exp F3+ R2-	exp F3+ R1-	exp F3+ R3-	exp F3+ R2-	exp F3+ R2-	exp F3+ R1-	exp F3+ R3-	exp F3+ R2-	none	none	none	none	none	none	none	none	none	none	none	none	none	none	none	none	none	none	none	none	none	none	none	none	none	none	none	none	none	none	none	none	none	none	none	none	none	none	none	none	none	none	none	none	none	none	none	none	none	none	none	none	none	none	none	none	none	none	none	none	none	none	none	none	none	none	none	none	none	none	none	none	none	none	none	none	none	none	none
PZ264235.1	exp F3+ R2-	exp F3+ R1-	exp F3+ R3-	exp F3+ R2-	exp F3+ R2-	exp F3+ R1-	exp F3+ R3-	exp F3+ R2-	none	none	none	none	none	none	none	none	none	none	none	none	none	none	none	none	none	none	none	none	none	none	none	none	none	none	none	none	none	none	none	none	none	none	none	none	none	none	none	none	none	none	none	none	none	none	none	none	none	none	none	none	none	none	none	none	none	none	none	none	none	none	none	none	none	none	none	none	none	none	none	none	none	none	none	none	none	none	none
PZ264236.1	exp F3+ R2-	exp F3+ R1-	exp F3+ R3-	exp F3+ R2-	exp F3+ R2-	exp F3+ R1-	exp F3+ R3-	exp F3+ R2-	none	none	none	none	none	none	none	none	none	none	none	none	none	none	none	none	none	none	none	none	none	none	none	none	none	none	none	none	none	none	none	none	none	none	none	none	none	none	none	none	none	none	none	none	none	none	none	none	none	none	none	none	none	none	none	none	none	none	none	none	none	none	none	none	none	none	none	none	none	none	none	none	none	none	none	none	none	none	none
PZ264237.1	exp F3+ R2-	exp F3+ R1-	exp F3+ R3-	exp F3+ R2-	exp F3+ R2-	exp F3+ R1-	exp F3+ R3-	exp F3+ R2-	none	none	none	none	none	none	none	none	none	none	none	none	none	none	none	none	none	none	none	none	none	none	none	none	none	none	none	none	none	none	none	none	none	none	none	none	none	none	none	none	none	none	none	none	none	none	none	none	none	none	none	none	none	none	none	none	none	none	none	none	none	none	none	none	none	none	none	none	none	none	none	none	none	none	none	none	none	none	none
PZ264238.1	exp F3+ R2-	exp F3+ R1-	exp F3+ R3-	exp F3+ R2-	exp F3+ R2-	exp F3+ R1-	exp F3+ R3-	exp F3+ R2-	none	none	none	none	none	none	none	none	none	none	none	none	none	none	none	none	none	none	none	none	none	none	none	none	none	none	none	none	none	none	none	none	none	none	none	none	none	none	none	none	none	none	none	none	none	none	none	none	none	none	none	none	none	none	none	none	none	none	none	none	none	none	none	none	none	none	none	none	none	none	none	none	none	none	none	none	none	none	none
PZ264239.1	exp F3+ R2-	exp F3+ R1-	exp F3+ R3-	exp F3+ R2-	exp F3+ R2-	exp F3+ R1-	exp F3+ R3-	exp F3+ R2-	none	none	none	none	none	none	none	none	none	none	none	none	none	none	none	none	none	none	none	none	none	none	none	none	none	none	none	none	none	none	none	none	none	none	none	none	none	none	none	none	none	none	none	none	none	none	none	none	none	none	none	none	none	none	none	none	none	none	none	none	none	none	none	none	none	none	none	none	none	none	none	none	none	none	none	none	none	none	none
PZ264240.1	exp F3+ R2-	exp F3+ R1-	exp F3+ R3-	exp F3+ R2-	exp F3+ R2-	exp F3+ R1-	exp F3+ R3-	exp F3+ R2-	none	none	none	none	none	none	none	none	none	none	none	none	none	none	none	none	none	none	none	none	none	none	none	none	none	none	none	none	none	none	none	none	none	none	none	none	none	none	none	none	none	none	none	none	none	none	none	none	none	none	none	none	none	none	none	none	none	none	none	none	none	none	none	none	none	none	none	none	none	none	none	none	none	none	none	none	none	none	none
PZ264242.1	exp F3+ R2-	exp F3+ R1-	exp F3+ R3-	exp F3+ R2-	exp F3+ R2-	exp F3+ R1-	exp F3+ R3-	exp F3+ R2-	none	none	none	none	none	none	none	none	none	none	none	none	none	none	none	none	none	none	none	none	none	none	none	none	none	none	none	none	none	none	none	none	none	none	none	none	none	none	none	none	none	none	none	none	none	none	none	none	none	none	none	none	none	none	none	none	none	none	none	none	none	none	none	none	none	none	none	none	none	none	none	none	none	none	none	none	none	none	none
PZ264243.1	exp F3+ R2-	exp F3+ R1-	exp F3+ R3-	exp F3+ R2-	exp F3+ R2-	exp F3+ R1-	exp F3+ R3-	exp F3+ R2-	none	none	none	none	none	none	none	none	none	none	none	none	none	none	none	none	none	none	none	none	none	none	none	none	none	none	none	none	none	none	none	none	none	none	none	none	none	none	none	none	none	none	none	none	none	none	none	none	none	none	none	none	none	none	none	none	none	none	none	none	none	none	none	none	none	none	none	none	none	none	none	none	none	none	none	none	none	none	none
PZ336211.1	exp F3+ R2-	exp F3+ R1-	exp F3+ R2-	exp F3+ R1-	exp F3+ R3-	exp F3+ R2-	exp F3+ R3-	exp F3+ R2-	none	none	none	none	none	none	none	none	none	none	none	none	none	none	none	none	none	none	none	none	none	none	none	none	none	none	none	none	none	none	none	none	none	none	none	none	none	none	none	none	none	none	none	none	none	none	none	none	none	none	none	none	none	none	none	none	none	none	none	none	none	none	none	none	none	none	none	none	none	none	none	none	none	none	none	none	none	none	none
PZ336212.1	exp F2+ R2-	exp F2+ R1-	exp F2+ R3-	exp F2+ R2-	exp F2+ R2-	exp F2+ R1-	exp F2+ R3-	exp F2+ R2-	none	none	none	none	none	none	none	none	none	none	none	none	none	none	none	none	none	none	none	none	none	none	none	none	none	none	none	none	none	none	none	none	none	none	none	none	none	none	none	none	none	none	none	none	none	none	none	none	none	none	none	none	none	none	none	none	none	none	none	none	none	none	none	none	none	none	none	none	none	none	none	none	none	none	none	none	none	none	none
PZ336213.1	exp F2+ R2-	exp F2+ R1-	exp F2+ R3-	exp F2+ R2-	exp F2+ R2-	exp F2+ R1-	exp F2+ R3-	exp F2+ R2-	none	none	none	none	none	none	none	none	none	none	none	none	none	none	none	none	none	none	none	none	none	none	none	none	none	none	none	none	none	none	none	none	none	none	none	none	none	none	none	none	none	none	none	none	none	none	none	none	none	none	none	none	none	none	none	none	none	none	none	none	none	none	none	none	none	none	none	none	none	none	none	none	none	none	none	none	none	none	none
PZ336215.1	exp F3+ R2-	exp F3+ R1-	exp F3+ R2-	exp F3+ R1-	exp F3+ R3-	exp F3+ R2-	exp F3+ R3-	exp F3+ R2-	none	none	none	none	none	none	none	none	none	none	none	none	none	none	none	none	none	none	none	none	none	none	none	none	none	none	none	none	none	none	none	none	none	none	none	none	none	none	none	none	none	none	none	none	none	none	none	none	none	none	none	none	none	none	none	none	none	none	none	none	none	none	none	none	none	none	none	none	none	none	none	none	none	none	none	none	none	none	none
PZ336216.1	exp F3+ R2-	exp F3+ R1-	exp F3+ R3-	exp F3+ R2-	exp F3+ R2-	exp F3+ R1-	exp F3+ R3-	exp F3+ R2-	none	none	none	none	none	none	none	none	none	none	none	none	none	none	none	none	none	none	none	none	none	none	none	none	none	none	none	none	none	none	none	none	none	none	none	none	none	none	none	none	none	none	none	none	none	none	none	none	none	none	none	none	none	none	none	none	none	none	none	none	none	none	none	none	none	none	none	none	none	none	none	none	none	none	none	none	none	none	none
PZ336217.1	exp F3+ R2-	exp F3+ R1-	exp F3+ R3-	exp F3+ R2-	exp F3+ R2-	exp F3+ R1-	exp F3+ R3-	exp F3+ R2-	none	none	none	none	none	none	none	none	none	none	none	none	none	none	none	none	none	none	none	none	none	none	none	none	none	none	none	none	none	none	none	none	none	none	none	none	none	none	none	none	none	none	none	none	none	none	none	none	none	none	none	none	none	none	none	none	none	none	none	none	none	none	none	none	none	none	none	none	none	none	none	none	none	none	none	none	none	none	none
PZ336218.1	exp F3+ R2-	exp F3+ R1-	exp F3+ R2-	exp F3+ R1-	exp F3+ R3-	exp F3+ R2-	exp F3+ R3-	exp F3+ R2-	none	none	none	none	none	none	none	none	none	none	none	none	none	none	none	none	none	none	none	none	none	none	none	none	none	none	none	none	none	none	none	none	none	none	none	none	none	none	none	none	none	none	none	none	none	none	none	none	none	none	none	none	none	none	none	none	none	none	none	none	none	none	none	none	none	none	none	none	none	none	none	none	none	none	none	none	none	none	none
PZ336219.1	exp F2+ R2-	exp F2+ R1-	exp F2+ R3-	exp F2+ R2-	exp F2+ R2-	exp F2+ R1-	exp F2+ R3-	exp F2+ R2-	none	none	none	none	none	none	none	none	none	none	none	none	none	none	none	none	none	none	none	none	none	none	none	none	none	none	none	none	none	none	none	none	none	none	none	none	none	none	none	none	none	none	none	none	none	none	none	none	none	none	none	none	none	none	none	none	none	none	none	none	none	none	none	none	none	none	none	none	none	none	none	none	none	none	none	none	none	none	none
PZ336221.1	exp F2+ R2-	exp F2+ R1-	exp F2+ R3-	exp F2+ R2-	exp F2+ R2-	exp F2+ R1-	exp F2+ R3-	exp F2+ R2-	none	none	none	none	none	none	none	none	none	none	none	none	none	none	none	none	none	none	none	none	none	none	none	none	none	none	none	none	none	none	none	none	none	none	none	none	none	none	none	none	none	none	none	none	none	none	none	none	none	none	none	none	none	none	none	none	none	none	none	none	none	none	none	none	none	none	none	none	none	none	none	none	none	none	none	none	none	none	none
PZ336222.1	exp F2+ R2-	exp F2+ R1-	exp F2+ R3-	exp F2+ R2-	exp F2+ R2-	exp F2+ R1-	exp F2+ R3-	exp F2+ R2-	none	none	none	none	none	none	none	none	none	none	none	none	none	none	none	none	none	none	none	none	none	none	none	none	none	none	none	none	none	none	none	none	none	none	none	none	none	none	none	none	none	none	none	none	none	none	none	none	none	none	none	none	none	none	none	none	none	none	none	none	none	none	none	none	none	none	none	none	none	none	none	none	none	none	none	none	none	none	none
PZ336223.1	exp F3+ R2-	exp F3+ R1-	exp F3+ R3-	exp F3+ R2-	exp F3+ R2-	exp F3+ R1-	exp F3+ R3-	exp F3+ R2-	none	none	none	none	none	none	none	none	none	none	none	none	none	none	none	none	none	none	none	none	none	none	none	none	none	none	none	none	none	none	none	none	none	none	none	none	none	none	none	none	none	none	none	none	none	none	none	none	none	none	none	none	none	none	none	none	none	none	none	none	none	none	none	none	none	none	none	none	none	none	none	none	none	none	none	none	none	none	none
PZ336224.1	exp F3+ R2-	exp F3+ R1-	exp F3+ R3-	exp F3+ R2-	exp F3+ R2-	exp F3+ R1-	exp F3+ R3-	exp F3+ R2-	none	none	none	none	none	none	none	none	none	none	none	none	none	none	none	none	none	none	none	none	none	none	none	none	none	none	none	none	none	none	none	none	none	none	none	none	none	none	none	none	none	none	none	none	none	none	none	none	none	none	none	none	none	none	none	none	none	none	none	none	none	none	none	none	none	none	none	none	none	none	none	none	none	none	none	none	none	none	none
PZ336225.1	exp F3+ R2-	exp F3+ R1-	exp F3+ R3-	exp F3+ R2-	exp F3+ R2-	exp F3+ R1-	exp F3+ R3-	exp F3+ R2-	none	none	none	none	none	none	none	none	none	none	none	none	none	none	none	none	none	none	none	none	none	none	none	none	none	none	none	none	none	none	none	none	none	none	none	none	none	none	none	none	none	none	none	none	none	none	none	none	none	none	none	none	none	none	none	none	none	none	none	none	none	none	none	none	none	none	none	none	none	none	none	none	none	none	none	none	none	none	none
PZ336226.1	exp F3+ R2-	exp F3+ R1-	exp F3+ R3-	exp F3+ R2-	exp F3+ R2-	exp F3+ R1-	exp F3+ R3-	exp F3+ R2-	none	none	none	none	none	none	none	none	none	none	none	none	none	none	none	none	none	none	none	none	none	none	none	none	none	none	none	none	none	none	none	none	none	none	none	none	none	none	none	none	none	none	none	none	none	none	none	none	none	none	none	none	none	none	none	none	none	none	none	none	none	none	none	none	none	none	none	none	none	none	none	none	none	none	none	none	none	none	none
PZ336227.1	exp F3+ R3-	exp F3+ R2-	exp F3+ R3-	exp F3+ R2-	exp F3+ R3-	exp F3+ R2-	exp F3+ R3-	exp F3+ R2-	none	none	none	none	none	none	none	none	none	none	none	none	none	none	none	none	none	none	none	none	none	none	none	none	none	none	none	none	none	none	none	none	none	none	none	none	none	none	none	none	none	none	none	none	none	none	none	none	none	none	none	none	none	none	none	none	none	none	none	none	none	none	none	none	none	none	none	none	none	none	none	none	none	none	none	none	none	none	none
PZ336228.1	exp F3+ R3-	exp F3+ R2-	exp F3+ R3-	exp F3+ R2-	exp F3+ R3-	exp F3+ R2-	exp F3+ R3-	exp F3+ R2-	none	none	none	none	none	none	none	none	none	none	none	none	none	none	none	none	none	none	none	none	none	none	none	none	none	none	none	none	none	none	none	none	none	none	none	none	none	none	none	none	none	none	none	none	none	none	none	none	none	none	none	none	none	none	none	none	none	none	none	none	none	none	none	none	none	none	none	none	none	none	none	none	none	none	none	none	none	none	none
PZ336229.1	exp F3+ R2-	exp F3+ R1-	exp F3+ R3-	exp F3+ R2-	exp F3+ R2-	exp F3+ R1-	exp F3+ R3-	exp F3+ R2-	none	none	none	none	none	none	none	none	none	none	none	none	none	none	none	none	none	none	none	none	none	none	none	none	none	none	none	none	none	none	none	none	none	none	none	none	none	none	none	none	none	none	none	none	none	none	none	none	none	none	none	none	none	none	none	none	none	none	none	none	none	none	none	none	none	none	none	none	none	none	none	none	none	none	none	none	none	none	none
PX925255.1	exp F3+ R1-	exp F3+ R2-	exp F3+ R1-	exp F3+ R2-	exp F3+ R2-	exp F3+ R3-	exp F3+ R2-	exp F3+ R3-	none	none	none	none	none	none	none	none	none	none	none	none	none	none	none	none	none	none	none	none	none	none	none	none	none	none	none	none	none	none	none	none	none	none	none	none	none	none	none	none	none	none	none	none	none	none	none	none	none	none	none	none	none	none	none	none	none	none	none	none	none	none	none	none	none	none	none	none	none	none	none	none	none	none	none	none	none	none	none
PX925256.1	exp F3+ R1-	exp F3+ R2-	exp F3+ R1-	exp F3+ R2-	exp F3+ R2-	exp F3+ R3-	exp F3+ R2-	exp F3+ R3-	none	none	none	none	none	none	none	none	none	none	none	none	none	none	none	none	none	none	none	none	none	none	none	none	none	none	none	none	none	none	none	none	none	none	none	none	none	none	none	none	none	none	none	none	none	none	none	none	none	none	none	none	none	none	none	none	none	none	none	none	none	none	none	none	none	none	none	none	none	none	none	none	none	none	none	none	none	none	none
PX925257.1	exp F3+ R1-	exp F3+ R2-	exp F3+ R1-	exp F3+ R2-	exp F3+ R2-	exp F3+ R3-	exp F3+ R2-	exp F3+ R3-	none	none	none	none	none	none	none	none	none	none	none	none	none	none	none	none	none	none	none	none	none	none	none	none	none	none	none	none	none	none	none	none	none	none	none	none	none	none	none	none	none	none	none	none	none	none	none	none	none	none	none	none	none	none	none	none	none	none	none	none	none	none	none	none	none	none	none	none	none	none	none	none	none	none	none	none	none	none	none
PX925258.1	exp F3+ R1-	exp F3+ R2-	exp F3+ R1-	exp F3+ R2-	exp F3+ R2-	exp F3+ R3-	exp F3+ R2-	exp F3+ R3-	none	none	none	none	none	none	none	none	none	none	none	none	none	none	none	none	none	none	none	none	none	none	none	none	none	none	none	none	none	none	none	none	none	none	none	none	none	none	none	none	none	none	none	none	none	none	none	none	none	none	none	none	none	none	none	none	none	none	none	none	none	none	none	none	none	none	none	none	none	none	none	none	none	none	none	none	none	none	none
PX925259.1	none	none	none	lin F3+	none	none	none	none	none	none	none	none	none	none	none	none	none	none	none	none	none	none	none	none	none	none	none	none	none	none	none	none	none	none	none	none	none	none	none	none	none	none	none	none	none	none	none	none	none	none	none	none	none	none	none	none	none	none	none	none	none	none	none	none	none	none	none	none	none	none	none	none	none	none	none	none	none	none	none	none	none	none	none	none	none	none	none
PZ053844.1	exp F3+ R2-	exp F3+ R1-	exp F3+ R3-	exp F3+ R2-	exp F3+ R2-	exp F3+ R1-	exp F3+ R3-	exp F3+ R2-	none	none	none	none	none	none	none	none	none	none	none	none	none	none	none	none	none	none	none	none	none	none	none	none	none	none	none	none	none	none	none	none	none	none	none	none	none	none	none	none	none	none	none	none	none	none	none	none	none	none	none	none	none	none	none	none	none	none	none	none	none	none	none	none	none	none	none	none	none	none	none	none	none	none	none	none	none	none	none
PZ053846.1	exp F3+ R2-	exp F3+ R1-	exp F3+ R3-	exp F3+ R2-	exp F3+ R2-	exp F3+ R1-	exp F3+ R3-	exp F3+ R2-	none	none	none	none	none	none	none	none	none	none	none	none	none	none	none	none	none	none	none	none	none	none	none	none	none	none	none	none	none	none	none	none	none	none	none	none	none	none	none	none	none	none	none	none	none	none	none	none	none	none	none	none	none	none	none	none	none	none	none	none	none	none	none	none	none	none	none	none	none	none	none	none	none	none	none	none	none	none	none
PZ053847.1	exp F2+ R2-	exp F2+ R1-	exp F2+ R3-	exp F2+ R2-	exp F2+ R2-	exp F2+ R1-	exp F2+ R3-	exp F2+ R2-	none	none	none	none	none	none	none	none	none	none	none	none	none	none	none	none	none	none	none	none	none	none	none	none	none	none	none	none	none	none	none	none	none	none	none	none	none	none	none	none	none	none	none	none	none	none	none	none	none	none	none	none	none	none	none	none	none	none	none	none	none	none	none	none	none	none	none	none	none	none	none	none	none	none	none	none	none	none	none
PZ053848.1	exp F2+ R2-	exp F2+ R1-	exp F2+ R3-	exp F2+ R2-	exp F2+ R2-	exp F2+ R1-	exp F2+ R3-	exp F2+ R2-	none	none	none	none	none	none	none	none	none	none	none	none	none	none	none	none	none	none	none	none	none	none	none	none	none	none	none	none	none	none	none	none	none	none	none	none	none	none	none	none	none	none	none	none	none	none	none	none	none	none	none	none	none	none	none	none	none	none	none	none	none	none	none	none	none	none	none	none	none	none	none	none	none	none	none	none	none	none	none
PZ053849.1	exp F2+ R2-	exp F2+ R1-	exp F2+ R3-	exp F2+ R2-	exp F2+ R2-	exp F2+ R1-	exp F2+ R3-	exp F2+ R2-	none	none	none	none	none	none	none	none	none	none	none	none	none	none	none	none	none	none	none	none	none	none	none	none	none	none	none	none	none	none	none	none	none	none	none	none	none	none	none	none	none	none	none	none	none	none	none	none	none	none	none	none	none	none	none	none	none	none	none	none	none	none	none	none	none	none	none	none	none	none	none	none	none	none	none	none	none	none	none
PZ053850.1	exp F2+ R2-	exp F2+ R1-	exp F2+ R3-	exp F2+ R2-	exp F2+ R2-	exp F2+ R1-	exp F2+ R3-	exp F2+ R2-	none	none	none	none	none	none	none	none	none	none	none	none	none	none	none	none	none	none	none	none	none	none	none	none	none	none	none	none	none	none	none	none	none	none	none	none	none	none	none	none	none	none	none	none	none	none	none	none	none	none	none	none	none	none	none	none	none	none	none	none	none	none	none	none	none	none	none	none	none	none	none	none	none	none	none	none	none	none	none
PZ053852.1	exp F3+ R2-	exp F3+ R1-	exp F3+ R3-	exp F3+ R2-	exp F3+ R2-	exp F3+ R1-	exp F3+ R3-	exp F3+ R2-	none	none	none	none	none	none	none	none	none	none	none	none	none	none	none	none	none	none	none	none	none	none	none	none	none	none	none	none	none	none	none	none	none	none	none	none	none	none	none	none	none	none	none	none	none	none	none	none	none	none	none	none	none	none	none	none	none	none	none	none	none	none	none	none	none	none	none	none	none	none	none	none	none	none	none	none	none	none	none
PZ053853.1	exp F3+ R2-	exp F3+ R1-	exp F3+ R3-	exp F3+ R2-	exp F3+ R2-	exp F3+ R1-	exp F3+ R3-	exp F3+ R2-	none	none	none	none	none	none	none	none	none	none	none	none	none	none	none	none	none	none	none	none	none	none	none	none	none	none	none	none	none	none	none	none	none	none	none	none	none	none	none	none	none	none	none	none	none	none	none	none	none	none	none	none	none	none	none	none	none	none	none	none	none	none	none	none	none	none	none	none	none	none	none	none	none	none	none	none	none	none	none
PZ059663.1	exp F3+ R2-	exp F3+ R1-	exp F3+ R3-	exp F3+ R2-	exp F3+ R2-	exp F3+ R1-	exp F3+ R3-	exp F3+ R2-	none	none	none	none	none	none	none	none	none	none	none	none	none	none	none	none	none	none	none	none	none	none	none	none	none	none	none	none	none	none	none	none	none	none	none	none	none	none	none	none	none	none	none	none	none	none	none	none	none	none	none	none	none	none	none	none	none	none	none	none	none	none	none	none	none	none	none	none	none	none	none	none	none	none	none	none	none	none	none
PZ059664.1	exp F3+ R2-	exp F3+ R1-	exp F3+ R3-	exp F3+ R2-	exp F3+ R2-	exp F3+ R1-	exp F3+ R3-	exp F3+ R2-	none	none	none	none	none	none	none	none	none	none	none	none	none	none	none	none	none	none	none	none	none	none	none	none	none	none	none	none	none	none	none	none	none	none	none	none	none	none	none	none	none	none	none	none	none	none	none	none	none	none	none	none	none	none	none	none	none	none	none	none	none	none	none	none	none	none	none	none	none	none	none	none	none	none	none	none	none	none	none
PZ059665.1	exp F3+ R2-	exp F3+ R1-	exp F3+ R3-	exp F3+ R2-	exp F3+ R2-	exp F3+ R1-	exp F3+ R3-	exp F3+ R2-	none	none	none	none	none	none	none	none	none	none	none	none	none	none	none	none	none	none	none	none	none	none	none	none	none	none	none	none	none	none	none	none	none	none	none	none	none	none	none	none	none	none	none	none	none	none	none	none	none	none	none	none	none	none	none	none	none	none	none	none	none	none	none	none	none	none	none	none	none	none	none	none	none	none	none	none	none	none	none
PZ059666.1	exp F3+ R2-	exp F3+ R1-	exp F3+ R3-	exp F3+ R2-	exp F3+ R2-	exp F3+ R1-	exp F3+ R3-	exp F3+ R2-	none	none	none	none	none	none	none	none	none	none	none	none	none	none	none	none	none	none	none	none	none	none	none	none	none	none	none	none	none	none	none	none	none	none	none	none	none	none	none	none	none	none	none	none	none	none	none	none	none	none	none	none	none	none	none	none	none	none	none	none	none	none	none	none	none	none	none	none	none	none	none	none	none	none	none	none	none	none	none
PZ136051.1	none	none	exp F1+ R3-	none	exp F1+ R3-	none	exp F1+ R2-	exp F1+ R3-	none	none	none	none	none	none	none	none	none	none	none	none	none	none	none	none	none	none	none	none	none	none	none	none	none	none	none	none	none	none	none	none	none	none	none	none	none	none	none	none	none	none	none	none	none	none	none	none	none	none	none	none	none	none	none	none	none	none	none	none	none	none	none	none	none	none	none	none	none	none	none	none	none	none	none	none	none	none	none
PZ136052.1	none	none	exp F1+ R3-	none	exp F1+ R3-	none	exp F1+ R2-	exp F1+ R3-	none	none	none	none	none	none	none	none	none	none	none	none	none	none	none	none	none	none	none	none	none	none	none	none	none	none	none	none	none	none	none	none	none	none	none	none	none	none	none	none	none	none	none	none	none	none	none	none	none	none	none	none	none	none	none	none	none	none	none	none	none	none	none	none	none	none	none	none	none	none	none	none	none	none	none	none	none	none	none
PZ136055.1	none	none	exp F1+ R3-	none	exp F1+ R3-	none	exp F1+ R2-	exp F1+ R3-	none	none	none	none	none	none	none	none	none	none	none	none	none	none	none	none	none	none	none	none	none	none	none	none	none	none	none	none	none	none	none	none	none	none	none	none	none	none	none	none	none	none	none	none	none	none	none	none	none	none	none	none	none	none	none	none	none	none	none	none	none	none	none	none	none	none	none	none	none	none	none	none	none	none	none	none	none	none	none
PZ136056.1	none	none	exp F1+ R3-	none	exp F1+ R3-	none	exp F1+ R2-	exp F1+ R3-	none	none	none	none	none	none	none	none	none	none	none	none	none	none	none	none	none	none	none	none	none	none	none	none	none	none	none	none	none	none	none	none	none	none	none	none	none	none	none	none	none	none	none	none	none	none	none	none	none	none	none	none	none	none	none	none	none	none	none	none	none	none	none	none	none	none	none	none	none	none	none	none	none	none	none	none	none	none	none
PZ136059.1	none	none	exp F1+ R3-	none	exp F1+ R3-	none	exp F1+ R2-	exp F1+ R3-	none	none	none	none	none	none	none	none	none	none	none	none	none	none	none	none	none	none	none	none	none	none	none	none	none	none	none	none	none	none	none	none	none	none	none	none	none	none	none	none	none	none	none	none	none	none	none	none	none	none	none	none	none	none	none	none	none	none	none	none	none	none	none	none	none	none	none	none	none	none	none	none	none	none	none	none	none	none	none
PZ136060.1	none	none	exp F1+ R3-	none	exp F1+ R3-	none	exp F1+ R2-	exp F1+ R3-	none	none	none	none	none	none	none	none	none	none	none	none	none	none	none	none	none	none	none	none	none	none	none	none	none	none	none	none	none	none	none	none	none	none	none	none	none	none	none	none	none	none	none	none	none	none	none	none	none	none	none	none	none	none	none	none	none	none	none	none	none	none	none	none	none	none	none	none	none	none	none	none	none	none	none	none	none	none	none
PX700447.1	exp F3+ R2-	exp F3+ R1-	exp F3+ R3-	exp F3+ R2-	exp F3+ R2-	exp F3+ R1-	exp F3+ R3-	exp F3+ R2-	none	none	none	none	none	none	none	none	none	none	none	none	none	none	none	none	none	none	none	none	none	none	none	none	none	none	none	none	none	none	none	none	none	none	none	none	none	none	none	none	none	none	none	none	none	none	none	none	none	none	none	none	none	none	none	none	none	none	none	none	none	none	none	none	none	none	none	none	none	none	none	none	none	none	none	none	none	none	none
PX700449.1	exp F3+ R2-	exp F3+ R1-	exp F3+ R3-	exp F3+ R2-	exp F3+ R2-	exp F3+ R1-	exp F3+ R3-	exp F3+ R2-	none	none	none	none	none	none	none	none	none	none	none	none	none	none	none	none	none	none	none	none	none	none	none	none	none	none	none	none	none	none	none	none	none	none	none	none	none	none	none	none	none	none	none	none	none	none	none	none	none	none	none	none	none	none	none	none	none	none	none	none	none	none	none	none	none	none	none	none	none	none	none	none	none	none	none	none	none	none	none
PX700450.1	exp F2+ R2-	exp F2+ R1-	exp F2+ R3-	exp F2+ R2-	exp F2+ R2-	exp F2+ R1-	exp F2+ R3-	exp F2+ R2-	none	none	none	none	none	none	none	none	none	none	none	none	none	none	none	none	none	none	none	none	none	none	none	none	none	none	none	none	none	none	none	none	none	none	none	none	none	none	none	none	none	none	none	none	none	none	none	none	none	none	none	none	none	none	none	none	none	none	none	none	none	none	none	none	none	none	none	none	none	none	none	none	none	none	none	none	none	none	none
PX700451.1	exp F3+ R2-	exp F3+ R1-	exp F3+ R3-	exp F3+ R2-	exp F3+ R2-	exp F3+ R1-	exp F3+ R3-	exp F3+ R2-	none	none	none	none	none	none	none	none	none	none	none	none	none	none	none	none	none	none	none	none	none	none	none	none	none	none	none	none	none	none	none	none	none	none	none	none	none	none	none	none	none	none	none	none	none	none	none	none	none	none	none	none	none	none	none	none	none	none	none	none	none	none	none	none	none	none	none	none	none	none	none	none	none	none	none	none	none	none	none
PX700452.1	exp F3+ R2-	exp F3+ R1-	exp F3+ R3-	exp F3+ R2-	exp F3+ R2-	exp F3+ R1-	exp F3+ R3-	exp F3+ R2-	none	none	none	none	none	none	none	none	none	none	none	none	none	none	none	none	none	none	none	none	none	none	none	none	none	none	none	none	none	none	none	none	none	none	none	none	none	none	none	none	none	none	none	none	none	none	none	none	none	none	none	none	none	none	none	none	none	none	none	none	none	none	none	none	none	none	none	none	none	none	none	none	none	none	none	none	none	none	none
PX700453.1	exp F3+ R2-	exp F3+ R1-	exp F3+ R3-	exp F3+ R2-	exp F3+ R2-	exp F3+ R1-	exp F3+ R3-	exp F3+ R2-	none	none	none	none	none	none	none	none	none	none	none	none	none	none	none	none	none	none	none	none	none	none	none	none	none	none	none	none	none	none	none	none	none	none	none	none	none	none	none	none	none	none	none	none	none	none	none	none	none	none	none	none	none	none	none	none	none	none	none	none	none	none	none	none	none	none	none	none	none	none	none	none	none	none	none	none	none	none	none
PX700454.1	exp F3+ R2-	exp F3+ R1-	exp F3+ R3-	exp F3+ R2-	exp F3+ R2-	exp F3+ R1-	exp F3+ R3-	exp F3+ R2-	none	none	none	none	none	none	none	none	none	none	none	none	none	none	none	none	none	none	none	none	none	none	none	none	none	none	none	none	none	none	none	none	none	none	none	none	none	none	none	none	none	none	none	none	none	none	none	none	none	none	none	none	none	none	none	none	none	none	none	none	none	none	none	none	none	none	none	none	none	none	none	none	none	none	none	none	none	none	none
PX700455.1	exp F3+ R2-	exp F3+ R1-	exp F3+ R3-	exp F3+ R2-	exp F3+ R2-	exp F3+ R1-	exp F3+ R3-	exp F3+ R2-	none	none	none	none	none	none	none	none	none	none	none	none	none	none	none	none	none	none	none	none	none	none	none	none	none	none	none	none	none	none	none	none	none	none	none	none	none	none	none	none	none	none	none	none	none	none	none	none	none	none	none	none	none	none	none	none	none	none	none	none	none	none	none	none	none	none	none	none	none	none	none	none	none	none	none	none	none	none	none
PX700456.1	exp F3+ R2-	exp F3+ R1-	exp F3+ R3-	exp F3+ R2-	exp F3+ R2-	exp F3+ R1-	exp F3+ R3-	exp F3+ R2-	none	none	none	none	none	none	none	none	none	none	none	none	none	none	none	none	none	none	none	none	none	none	none	none	none	none	none	none	none	none	none	none	none	none	none	none	none	none	none	none	none	none	none	none	none	none	none	none	none	none	none	none	none	none	none	none	none	none	none	none	none	none	none	none	none	none	none	none	none	none	none	none	none	none	none	none	none	none	none
PX700457.1	exp F3+ R2-	exp F3+ R1-	exp F3+ R3-	exp F3+ R2-	exp F3+ R2-	exp F3+ R1-	exp F3+ R3-	exp F3+ R2-	none	none	none	none	none	none	none	none	none	none	none	none	none	none	none	none	none	none	none	none	none	none	none	none	none	none	none	none	none	none	none	none	none	none	none	none	none	none	none	none	none	none	none	none	none	none	none	none	none	none	none	none	none	none	none	none	none	none	none	none	none	none	none	none	none	none	none	none	none	none	none	none	none	none	none	none	none	none	none
PX700458.1	exp F3+ R2-	exp F3+ R1-	exp F3+ R3-	exp F3+ R2-	exp F3+ R2-	exp F3+ R1-	exp F3+ R3-	exp F3+ R2-	none	none	none	none	none	none	none	none	none	none	none	none	none	none	none	none	none	none	none	none	none	none	none	none	none	none	none	none	none	none	none	none	none	none	none	none	none	none	none	none	none	none	none	none	none	none	none	none	none	none	none	none	none	none	none	none	none	none	none	none	none	none	none	none	none	none	none	none	none	none	none	none	none	none	none	none	none	none	none
PX700459.1	exp F3+ R2-	exp F3+ R1-	exp F3+ R3-	exp F3+ R2-	exp F3+ R2-	exp F3+ R1-	exp F3+ R3-	exp F3+ R2-	none	none	none	none	none	none	none	none	none	none	none	none	none	none	none	none	none	none	none	none	none	none	none	none	none	none	none	none	none	none	none	none	none	none	none	none	none	none	none	none	none	none	none	none	none	none	none	none	none	none	none	none	none	none	none	none	none	none	none	none	none	none	none	none	none	none	none	none	none	none	none	none	none	none	none	none	none	none	none
PX353865.1	none	none	none	none	lin R2-	none	none	none	none	none	none	none	none	none	none	none	none	none	none	none	none	none	none	none	none	none	none	none	none	none	none	none	none	none	none	none	none	none	none	none	lin R1-	none	none	lin R1-	none	none	lin R1-	lin R2-	none	none	none	none	none	none	none	none	none	none	none	none	none	none	none	none	none	none	none	none	lin R2-	none	none	none	none	lin R0-	none	none	none	none	none	none	none	none	none	none	none	none	none
PV844286.1	none	none	none	none	none	none	none	none	none	none	none	none	none	none	none	none	none	none	none	none	none	none	none	none	none	none	none	none	none	none	none	none	none	none	none	lin F3+	none	none	none	none	none	none	none	none	none	none	none	none	none	none	none	none	none	none	none	none	none	none	none	none	none	none	none	none	none	none	none	none	none	none	none	none	none	none	none	none	none	none	none	none	none	none	none	none	none	none	none
PV876271.1	none	none	none	lin F3+	none	none	none	none	none	none	none	none	none	none	none	none	none	none	none	none	none	none	none	none	none	none	none	none	none	none	none	none	none	none	none	none	none	none	none	none	none	none	none	none	none	none	none	none	none	none	none	none	none	none	none	none	none	none	none	none	none	none	none	none	none	none	none	none	none	none	none	none	none	none	none	none	none	none	none	none	none	none	none	none	none	none	none
PV876277.1	none	none	none	lin F2+	none	none	none	none	none	none	none	none	none	none	none	none	none	none	none	none	none	none	none	none	none	none	none	none	none	none	none	none	none	none	none	none	none	none	none	none	none	none	none	none	none	none	none	none	none	none	none	none	none	none	none	none	none	none	none	none	none	none	none	none	none	none	none	none	none	none	none	none	none	none	none	none	none	none	none	none	none	none	none	none	none	none	none
PV876280.1	none	none	none	lin F3+	none	none	none	none	none	none	none	none	none	none	none	none	none	none	none	none	none	none	none	none	none	none	none	none	none	none	none	none	none	none	none	none	none	none	none	none	none	none	none	none	none	none	none	none	none	none	none	none	none	none	none	none	none	none	none	none	none	none	none	none	none	none	none	none	none	none	none	none	none	none	none	none	none	none	none	none	none	none	none	none	none	none	none
PV920367.1	exp F2+ R2-	exp F2+ R1-	exp F2+ R3-	exp F2+ R2-	exp F2+ R2-	exp F2+ R1-	exp F2+ R3-	exp F2+ R2-	none	none	none	none	none	none	none	none	none	none	none	none	none	none	none	none	none	none	none	none	none	none	none	none	none	none	none	none	none	none	none	none	none	none	none	none	none	none	none	none	none	none	none	none	none	none	none	none	none	none	none	none	none	none	none	none	none	none	none	none	none	none	none	none	none	none	none	none	none	none	none	none	none	none	none	none	none	none	none
PV920368.1	exp F2+ R2-	exp F2+ R3-	exp F2+ R2-	exp F2+ R3-	exp F2+ R1-	exp F2+ R2-	exp F2+ R1-	exp F2+ R2-	none	none	none	none	none	none	none	none	none	none	none	none	none	none	none	none	none	none	none	none	none	none	none	none	none	none	none	none	none	none	none	none	none	none	none	none	none	none	none	none	none	none	none	none	none	none	none	none	none	none	none	none	none	none	none	none	none	none	none	none	none	none	none	none	none	none	none	none	none	none	none	none	none	none	none	none	none	none	none
PV920369.1	exp F2+ R2-	exp F2+ R3-	exp F2+ R2-	exp F2+ R3-	exp F2+ R1-	exp F2+ R2-	exp F2+ R1-	exp F2+ R2-	none	none	none	none	none	none	none	none	none	none	none	none	none	none	none	none	none	none	none	none	none	none	none	none	none	none	none	none	none	none	none	none	none	none	none	none	none	none	none	none	none	none	none	none	none	none	none	none	none	none	none	none	none	none	none	none	none	none	none	none	none	none	none	none	none	none	none	none	none	none	none	none	none	none	none	none	none	none	none
PV920371.1	exp F3+ R2-	exp F3+ R1-	exp F3+ R3-	exp F3+ R2-	exp F3+ R2-	exp F3+ R1-	exp F3+ R3-	exp F3+ R2-	none	none	none	none	none	none	none	none	none	none	none	none	none	none	none	none	none	none	none	none	none	none	none	none	none	none	none	none	none	none	none	none	none	none	none	none	none	none	none	none	none	none	none	none	none	none	none	none	none	none	none	none	none	none	none	none	none	none	none	none	none	none	none	none	none	none	none	none	none	none	none	none	none	none	none	none	none	none	none
PV920372.1	exp F3+ R2-	exp F3+ R1-	exp F3+ R3-	exp F3+ R2-	exp F3+ R2-	exp F3+ R1-	exp F3+ R3-	exp F3+ R2-	none	none	none	none	none	none	none	none	none	none	none	none	none	none	none	none	none	none	none	none	none	none	none	none	none	none	none	none	none	none	none	none	none	none	none	none	none	none	none	none	none	none	none	none	none	none	none	none	none	none	none	none	none	none	none	none	none	none	none	none	none	none	none	none	none	none	none	none	none	none	none	none	none	none	none	none	none	none	none
PV920373.1	exp F3+ R2-	exp F3+ R1-	exp F3+ R3-	exp F3+ R2-	exp F3+ R2-	exp F3+ R1-	exp F3+ R3-	exp F3+ R2-	none	none	none	none	none	none	none	none	none	none	none	none	none	none	none	none	none	none	none	none	none	none	none	none	none	none	none	none	none	none	none	none	none	none	none	none	none	none	none	none	none	none	none	none	none	none	none	none	none	none	none	none	none	none	none	none	none	none	none	none	none	none	none	none	none	none	none	none	none	none	none	none	none	none	none	none	none	none	none
PV920374.1	exp F3+ R2-	exp F3+ R1-	exp F3+ R3-	exp F3+ R2-	exp F3+ R2-	exp F3+ R1-	exp F3+ R3-	exp F3+ R2-	none	none	none	none	none	none	none	none	none	none	none	none	none	none	none	none	none	none	none	none	none	none	none	none	none	none	none	none	none	none	none	none	none	none	none	none	none	none	none	none	none	none	none	none	none	none	none	none	none	none	none	none	none	none	none	none	none	none	none	none	none	none	none	none	none	none	none	none	none	none	none	none	none	none	none	none	none	none	none
PV920375.1	exp F3+ R2-	exp F3+ R1-	exp F3+ R3-	exp F3+ R2-	exp F3+ R2-	exp F3+ R1-	exp F3+ R3-	exp F3+ R2-	none	none	none	none	none	none	none	none	none	none	none	none	none	none	none	none	none	none	none	none	none	none	none	none	none	none	none	none	none	none	none	none	none	none	none	none	none	none	none	none	none	none	none	none	none	none	none	none	none	none	none	none	none	none	none	none	none	none	none	none	none	none	none	none	none	none	none	none	none	none	none	none	none	none	none	none	none	none	none
PV920376.1	exp F2+ R2-	exp F2+ R1-	exp F2+ R3-	exp F2+ R2-	exp F2+ R2-	exp F2+ R1-	exp F2+ R3-	exp F2+ R2-	none	none	none	none	none	none	none	none	none	none	none	none	none	none	none	none	none	none	none	none	none	none	none	none	none	none	none	none	none	none	none	none	none	none	none	none	none	none	none	none	none	none	none	none	none	none	none	none	none	none	none	none	none	none	none	none	none	none	none	none	none	none	none	none	none	none	none	none	none	none	none	none	none	none	none	none	none	none	none
PV920377.1	exp F3+ R2-	exp F3+ R1-	exp F3+ R3-	exp F3+ R2-	exp F3+ R2-	exp F3+ R1-	exp F3+ R3-	exp F3+ R2-	none	none	none	none	none	none	none	none	none	none	none	none	none	none	none	none	none	none	none	none	none	none	none	none	none	none	none	none	none	none	none	none	none	none	none	none	none	none	none	none	none	none	none	none	none	none	none	none	none	none	none	none	none	none	none	none	none	none	none	none	none	none	none	none	none	none	none	none	none	none	none	none	none	none	none	none	none	none	none
PV920378.1	exp F3+ R2-	exp F3+ R1-	exp F3+ R3-	exp F3+ R2-	exp F3+ R2-	exp F3+ R1-	exp F3+ R3-	exp F3+ R2-	none	none	none	none	none	none	none	none	none	none	none	none	none	none	none	none	none	none	none	none	none	none	none	none	none	none	none	none	none	none	none	none	none	none	none	none	none	none	none	none	none	none	none	none	none	none	none	none	none	none	none	none	none	none	none	none	none	none	none	none	none	none	none	none	none	none	none	none	none	none	none	none	none	none	none	none	none	none	none
PV920379.1	exp F3+ R1-	exp F3+ R2-	exp F3+ R2-	exp F3+ R3-	exp F3+ R0-	exp F3+ R1-	exp F3+ R1-	exp F3+ R2-	none	none	none	none	none	none	none	none	none	none	none	none	none	none	none	none	none	none	none	none	none	none	none	none	none	none	none	none	none	none	none	none	none	none	none	none	none	none	none	none	none	none	none	none	none	none	none	none	none	none	none	none	none	none	none	none	none	none	none	none	none	none	none	none	none	none	none	none	none	none	none	none	none	none	none	none	none	none	none
PV920380.1	exp F3+ R2-	exp F3+ R1-	exp F3+ R3-	exp F3+ R2-	exp F3+ R2-	exp F3+ R1-	exp F3+ R3-	exp F3+ R2-	none	none	none	none	none	none	none	none	none	none	none	none	none	none	none	none	none	none	none	none	none	none	none	none	none	none	none	none	none	none	none	none	none	none	none	none	none	none	none	none	none	none	none	none	none	none	none	none	none	none	none	none	none	none	none	none	none	none	none	none	none	none	none	none	none	none	none	none	none	none	none	none	none	none	none	none	none	none	none
PV920381.1	exp F3+ R2-	exp F3+ R1-	exp F3+ R3-	exp F3+ R2-	exp F3+ R2-	exp F3+ R1-	exp F3+ R3-	exp F3+ R2-	none	none	none	none	none	none	none	none	none	none	none	none	none	none	none	none	none	none	none	none	none	none	none	none	none	none	none	none	none	none	none	none	none	none	none	none	none	none	none	none	none	none	none	none	none	none	none	none	none	none	none	none	none	none	none	none	none	none	none	none	none	none	none	none	none	none	none	none	none	none	none	none	none	none	none	none	none	none	none
PV920382.1	exp F3+ R2-	exp F3+ R1-	exp F3+ R3-	exp F3+ R2-	exp F3+ R2-	exp F3+ R1-	exp F3+ R3-	exp F3+ R2-	none	none	none	none	none	none	none	none	none	none	none	none	none	none	none	none	none	none	none	none	none	none	none	none	none	none	none	none	none	none	none	none	none	none	none	none	none	none	none	none	none	none	none	none	none	none	none	none	none	none	none	none	none	none	none	none	none	none	none	none	none	none	none	none	none	none	none	none	none	none	none	none	none	none	none	none	none	none	none
PV920383.1	exp F2+ R2-	exp F2+ R1-	exp F2+ R3-	exp F2+ R2-	exp F2+ R2-	exp F2+ R1-	exp F2+ R3-	exp F2+ R2-	none	none	none	none	none	none	none	none	none	none	none	none	none	none	none	none	none	none	none	none	none	none	none	none	none	none	none	none	none	none	none	none	none	none	none	none	none	none	none	none	none	none	none	none	none	none	none	none	none	none	none	none	none	none	none	none	none	none	none	none	none	none	none	none	none	none	none	none	none	none	none	none	none	none	none	none	none	none	none
PV920384.1	exp F2+ R2-	exp F2+ R1-	exp F2+ R3-	exp F2+ R2-	exp F2+ R2-	exp F2+ R1-	exp F2+ R3-	exp F2+ R2-	none	none	none	none	none	none	none	none	none	none	none	none	none	none	none	none	none	none	none	none	none	none	none	none	none	none	none	none	none	none	none	none	none	none	none	none	none	none	none	none	none	none	none	none	none	none	none	none	none	none	none	none	none	none	none	none	none	none	none	none	none	none	none	none	none	none	none	none	none	none	none	none	none	none	none	none	none	none	none
PX113523.1	exp F3+ R2-	exp F3+ R1-	exp F3+ R3-	exp F3+ R2-	exp F3+ R2-	exp F3+ R1-	exp F3+ R3-	exp F3+ R2-	none	none	none	none	none	none	none	none	none	none	none	none	none	none	none	none	none	none	none	none	none	none	none	none	none	none	none	none	none	none	none	none	none	none	none	none	none	none	none	none	none	none	none	none	none	none	none	none	none	none	none	none	none	none	none	none	none	none	none	none	none	none	none	none	none	none	none	none	none	none	none	none	none	none	none	none	none	none	none
PV784265.1	exp F3+ R2-	exp F3+ R1-	exp F3+ R3-	exp F3+ R2-	exp F3+ R2-	exp F3+ R1-	exp F3+ R3-	exp F3+ R2-	none	none	none	none	none	none	none	none	none	none	none	none	none	none	none	none	none	none	none	none	none	none	none	none	none	none	none	none	none	none	none	none	none	none	none	none	none	none	none	none	none	none	none	none	none	none	none	none	none	none	none	none	none	none	none	none	none	none	none	none	none	none	none	none	none	none	none	none	none	none	none	none	none	none	none	none	none	none	none
PV784267.1	exp F3+ R2-	exp F3+ R1-	exp F3+ R3-	exp F3+ R2-	exp F3+ R2-	exp F3+ R1-	exp F3+ R3-	exp F3+ R2-	none	none	none	none	none	none	none	none	none	none	none	none	none	none	none	none	none	none	none	none	none	none	none	none	none	none	none	none	none	none	none	none	none	none	none	none	none	none	none	none	none	none	none	none	none	none	none	none	none	none	none	none	none	none	none	none	none	none	none	none	none	none	none	none	none	none	none	none	none	none	none	none	none	none	none	none	none	none	none
PV784268.1	exp F3+ R2-	exp F3+ R1-	exp F3+ R3-	exp F3+ R2-	exp F3+ R2-	exp F3+ R1-	exp F3+ R3-	exp F3+ R2-	none	none	none	none	none	none	none	none	none	none	none	none	none	none	none	none	none	none	none	none	none	none	none	none	none	none	none	none	none	none	none	none	none	none	none	none	none	none	none	none	none	none	none	none	none	none	none	none	none	none	none	none	none	none	none	none	none	none	none	none	none	none	none	none	none	none	none	none	none	none	none	none	none	none	none	none	none	none	none
PV784269.1	exp F3+ R2-	exp F3+ R1-	exp F3+ R3-	exp F3+ R2-	exp F3+ R2-	exp F3+ R1-	exp F3+ R3-	exp F3+ R2-	none	none	none	none	none	none	none	none	none	none	none	none	none	none	none	none	none	none	none	none	none	none	none	none	none	none	none	none	none	none	none	none	none	none	none	none	none	none	none	none	none	none	none	none	none	none	none	none	none	none	none	none	none	none	none	none	none	none	none	none	none	none	none	none	none	none	none	none	none	none	none	none	none	none	none	none	none	none	none
PV784270.1	exp F3+ R2-	exp F3+ R1-	exp F3+ R3-	exp F3+ R2-	exp F3+ R2-	exp F3+ R1-	exp F3+ R3-	exp F3+ R2-	none	none	none	none	none	none	none	none	none	none	none	none	none	none	none	none	none	none	none	none	none	none	none	none	none	none	none	none	none	none	none	none	none	none	none	none	none	none	none	none	none	none	none	none	none	none	none	none	none	none	none	none	none	none	none	none	none	none	none	none	none	none	none	none	none	none	none	none	none	none	none	none	none	none	none	none	none	none	none
PV784271.1	exp F3+ R2-	exp F3+ R1-	exp F3+ R3-	exp F3+ R2-	exp F3+ R2-	exp F3+ R1-	exp F3+ R3-	exp F3+ R2-	none	none	none	none	none	none	none	none	none	none	none	none	none	none	none	none	none	none	none	none	none	none	none	none	none	none	none	none	none	none	none	none	none	none	none	none	none	none	none	none	none	none	none	none	none	none	none	none	none	none	none	none	none	none	none	none	none	none	none	none	none	none	none	none	none	none	none	none	none	none	none	none	none	none	none	none	none	none	none
PV784283.1	exp F3+ R2-	exp F3+ R1-	exp F3+ R3-	exp F3+ R2-	exp F3+ R2-	exp F3+ R1-	exp F3+ R3-	exp F3+ R2-	none	none	none	none	none	none	none	none	none	none	none	none	none	none	none	none	none	none	none	none	none	none	none	none	none	none	none	none	none	none	none	none	none	none	none	none	none	none	none	none	none	none	none	none	none	none	none	none	none	none	none	none	none	none	none	none	none	none	none	none	none	none	none	none	none	none	none	none	none	none	none	none	none	none	none	none	none	none	none
PV784284.1	exp F3+ R2-	exp F3+ R1-	exp F3+ R3-	exp F3+ R2-	exp F3+ R2-	exp F3+ R1-	exp F3+ R3-	exp F3+ R2-	none	none	none	none	none	none	none	none	none	none	none	none	none	none	none	none	none	none	none	none	none	none	none	none	none	none	none	none	none	none	none	none	none	none	none	none	none	none	none	none	none	none	none	none	none	none	none	none	none	none	none	none	none	none	none	none	none	none	none	none	none	none	none	none	none	none	none	none	none	none	none	none	none	none	none	none	none	none	none
PV784286.1	exp F3+ R2-	exp F3+ R1-	exp F3+ R3-	exp F3+ R2-	exp F3+ R2-	exp F3+ R1-	exp F3+ R3-	exp F3+ R2-	none	none	none	none	none	none	none	none	none	none	none	none	none	none	none	none	none	none	none	none	none	none	none	none	none	none	none	none	none	none	none	none	none	none	none	none	none	none	none	none	none	none	none	none	none	none	none	none	none	none	none	none	none	none	none	none	none	none	none	none	none	none	none	none	none	none	none	none	none	none	none	none	none	none	none	none	none	none	none
PV784288.1	exp F3+ R2-	exp F3+ R1-	exp F3+ R3-	exp F3+ R2-	exp F3+ R2-	exp F3+ R1-	exp F3+ R3-	exp F3+ R2-	none	none	none	none	none	none	none	none	none	none	none	none	none	none	none	none	none	none	none	none	none	none	none	none	none	none	none	none	none	none	none	none	none	none	none	none	none	none	none	none	none	none	none	none	none	none	none	none	none	none	none	none	none	none	none	none	none	none	none	none	none	none	none	none	none	none	none	none	none	none	none	none	none	none	none	none	none	none	none
PV784289.1	exp F3+ R2-	exp F3+ R1-	exp F3+ R3-	exp F3+ R2-	exp F3+ R2-	exp F3+ R1-	exp F3+ R3-	exp F3+ R2-	none	none	none	none	none	none	none	none	none	none	none	none	none	none	none	none	none	none	none	none	none	none	none	none	none	none	none	none	none	none	none	none	none	none	none	none	none	none	none	none	none	none	none	none	none	none	none	none	none	none	none	none	none	none	none	none	none	none	none	none	none	none	none	none	none	none	none	none	none	none	none	none	none	none	none	none	none	none	none
PV784290.1	exp F3+ R2-	exp F3+ R1-	exp F3+ R3-	exp F3+ R2-	exp F3+ R2-	exp F3+ R1-	exp F3+ R3-	exp F3+ R2-	none	none	none	none	none	none	none	none	none	none	none	none	none	none	none	none	none	none	none	none	none	none	none	none	none	none	none	none	none	none	none	none	none	none	none	none	none	none	none	none	none	none	none	none	none	none	none	none	none	none	none	none	none	none	none	none	none	none	none	none	none	none	none	none	none	none	none	none	none	none	none	none	none	none	none	none	none	none	none
PV784293.1	exp F3+ R2-	exp F3+ R1-	exp F3+ R3-	exp F3+ R2-	exp F3+ R2-	exp F3+ R1-	exp F3+ R3-	exp F3+ R2-	none	none	none	none	none	none	none	none	none	none	none	none	none	none	none	none	none	none	none	none	none	none	none	none	none	none	none	none	none	none	none	none	none	none	none	none	none	none	none	none	none	none	none	none	none	none	none	none	none	none	none	none	none	none	none	none	none	none	none	none	none	none	none	none	none	none	none	none	none	none	none	none	none	none	none	none	none	none	none
PV784294.1	exp F3+ R2-	exp F3+ R1-	exp F3+ R3-	exp F3+ R2-	exp F3+ R2-	exp F3+ R1-	exp F3+ R3-	exp F3+ R2-	none	none	none	none	none	none	none	none	none	none	none	none	none	none	none	none	none	none	none	none	none	none	none	none	none	none	none	none	none	none	none	none	none	none	none	none	none	none	none	none	none	none	none	none	none	none	none	none	none	none	none	none	none	none	none	none	none	none	none	none	none	none	none	none	none	none	none	none	none	none	none	none	none	none	none	none	none	none	none
PV784299.1	exp F3+ R2-	exp F3+ R1-	exp F3+ R3-	exp F3+ R2-	exp F3+ R2-	exp F3+ R1-	exp F3+ R3-	exp F3+ R2-	none	none	none	none	none	none	none	none	none	none	none	none	none	none	none	none	none	none	none	none	none	none	none	none	none	none	none	none	none	none	none	none	none	none	none	none	none	none	none	none	none	none	none	none	none	none	none	none	none	none	none	none	none	none	none	none	none	none	none	none	none	none	none	none	none	none	none	none	none	none	none	none	none	none	none	none	none	none	none
PV784321.1	exp F3+ R2-	exp F3+ R1-	exp F3+ R3-	exp F3+ R2-	exp F3+ R2-	exp F3+ R1-	exp F3+ R3-	exp F3+ R2-	none	none	none	none	none	none	none	none	none	none	none	none	none	none	none	none	none	none	none	none	none	none	none	none	none	none	none	none	none	none	none	none	none	none	none	none	none	none	none	none	none	none	none	none	none	none	none	none	none	none	none	none	none	none	none	none	none	none	none	none	none	none	none	none	none	none	none	none	none	none	none	none	none	none	none	none	none	none	none
PV784333.1	none	none	none	none	none	none	none	none	exp F3+ R2-	exp F3+ R1-	exp F3+ R3-	exp F3+ R2-	exp F3+ R2-	exp F3+ R1-	exp F3+ R3-	exp F3+ R2-	none	none	none	none	none	none	none	none	none	none	none	none	none	none	none	none	none	none	none	none	none	none	none	none	none	none	none	none	none	none	none	none	none	none	none	none	none	none	none	none	none	none	none	none	none	none	none	none	none	none	none	none	none	none	none	none	none	none	none	none	none	none	none	none	none	none	none	none	none	none	none
PV784337.1	exp F3+ R2-	exp F3+ R1-	exp F3+ R3-	exp F3+ R2-	exp F3+ R2-	exp F3+ R1-	exp F3+ R3-	exp F3+ R2-	none	none	none	none	none	none	none	none	none	none	none	none	none	none	none	none	none	none	none	none	none	none	none	none	none	none	none	none	none	none	none	none	none	none	none	none	none	none	none	none	none	none	none	none	none	none	none	none	none	none	none	none	none	none	none	none	none	none	none	none	none	none	none	none	none	none	none	none	none	none	none	none	none	none	none	none	none	none	none
PV784346.1	exp F3+ R2-	exp F3+ R1-	exp F3+ R3-	exp F3+ R2-	exp F3+ R2-	exp F3+ R1-	exp F3+ R3-	exp F3+ R2-	none	none	none	none	none	none	none	none	none	none	none	none	none	none	none	none	none	none	none	none	none	none	none	none	none	none	none	none	none	none	none	none	none	none	none	none	none	none	none	none	none	none	none	none	none	none	none	none	none	none	none	none	none	none	none	none	none	none	none	none	none	none	none	none	none	none	none	none	none	none	none	none	none	none	none	none	none	none	none
PV750875.1	exp F3+ R2-	exp F3+ R1-	exp F3+ R3-	exp F3+ R2-	exp F3+ R2-	exp F3+ R1-	exp F3+ R3-	exp F3+ R2-	none	none	none	none	none	none	none	none	none	none	none	none	none	none	none	none	none	none	none	none	none	none	none	none	none	none	none	none	none	none	none	none	none	none	none	none	none	none	none	none	none	none	none	none	none	none	none	none	none	none	none	none	none	none	none	none	none	none	none	none	none	none	none	none	none	none	none	none	none	none	none	none	none	none	none	none	none	none	none
PV750876.1	exp F3+ R2-	exp F3+ R1-	exp F3+ R3-	exp F3+ R2-	exp F3+ R2-	exp F3+ R1-	exp F3+ R3-	exp F3+ R2-	none	none	none	none	none	none	none	none	none	none	none	none	none	none	none	none	none	none	none	none	none	none	none	none	none	none	none	none	none	none	none	none	none	none	none	none	none	none	none	none	none	none	none	none	none	none	none	none	none	none	none	none	none	none	none	none	none	none	none	none	none	none	none	none	none	none	none	none	none	none	none	none	none	none	none	none	none	none	none
PV750878.1	exp F3+ R2-	exp F3+ R1-	exp F3+ R3-	exp F3+ R2-	exp F3+ R2-	exp F3+ R1-	exp F3+ R3-	exp F3+ R2-	none	none	none	none	none	none	none	none	none	none	none	none	none	none	none	none	none	none	none	none	none	none	none	none	none	none	none	none	none	none	none	none	none	none	none	none	none	none	none	none	none	none	none	none	none	none	none	none	none	none	none	none	none	none	none	none	none	none	none	none	none	none	none	none	none	none	none	none	none	none	none	none	none	none	none	none	none	none	none
PV750879.1	exp F3+ R2-	exp F3+ R1-	exp F3+ R3-	exp F3+ R2-	exp F3+ R2-	exp F3+ R1-	exp F3+ R3-	exp F3+ R2-	none	none	none	none	none	none	none	none	none	none	none	none	none	none	none	none	none	none	none	none	none	none	none	none	none	none	none	none	none	none	none	none	none	none	none	none	none	none	none	none	none	none	none	none	none	none	none	none	none	none	none	none	none	none	none	none	none	none	none	none	none	none	none	none	none	none	none	none	none	none	none	none	none	none	none	none	none	none	none
PV750880.1	exp F3+ R2-	exp F3+ R1-	exp F3+ R3-	exp F3+ R2-	exp F3+ R2-	exp F3+ R1-	exp F3+ R3-	exp F3+ R2-	none	none	none	none	none	none	none	none	none	none	none	none	none	none	none	none	none	none	none	none	none	none	none	none	none	none	none	none	none	none	none	none	none	none	none	none	none	none	none	none	none	none	none	none	none	none	none	none	none	none	none	none	none	none	none	none	none	none	none	none	none	none	none	none	none	none	none	none	none	none	none	none	none	none	none	none	none	none	none
PV750883.1	exp F3+ R2-	exp F3+ R1-	exp F3+ R3-	exp F3+ R2-	exp F3+ R2-	exp F3+ R1-	exp F3+ R3-	exp F3+ R2-	none	none	none	none	none	none	none	none	none	none	none	none	none	none	none	none	none	none	none	none	none	none	none	none	none	none	none	none	none	none	none	none	none	none	none	none	none	none	none	none	none	none	none	none	none	none	none	none	none	none	none	none	none	none	none	none	none	none	none	none	none	none	none	none	none	none	none	none	none	none	none	none	none	none	none	none	none	none	none
PV750884.1	exp F3+ R2-	exp F3+ R1-	exp F3+ R3-	exp F3+ R2-	exp F3+ R2-	exp F3+ R1-	exp F3+ R3-	exp F3+ R2-	none	none	none	none	none	none	none	none	none	none	none	none	none	none	none	none	none	none	none	none	none	none	none	none	none	none	none	none	none	none	none	none	none	none	none	none	none	none	none	none	none	none	none	none	none	none	none	none	none	none	none	none	none	none	none	none	none	none	none	none	none	none	none	none	none	none	none	none	none	none	none	none	none	none	none	none	none	none	none
PV750885.1	exp F3+ R2-	exp F3+ R1-	exp F3+ R3-	exp F3+ R2-	exp F3+ R2-	exp F3+ R1-	exp F3+ R3-	exp F3+ R2-	none	none	none	none	none	none	none	none	none	none	none	none	none	none	none	none	none	none	none	none	none	none	none	none	none	none	none	none	none	none	none	none	none	none	none	none	none	none	none	none	none	none	none	none	none	none	none	none	none	none	none	none	none	none	none	none	none	none	none	none	none	none	none	none	none	none	none	none	none	none	none	none	none	none	none	none	none	none	none
PV750887.1	exp F3+ R2-	exp F3+ R1-	exp F3+ R3-	exp F3+ R2-	exp F3+ R2-	exp F3+ R1-	exp F3+ R3-	exp F3+ R2-	none	none	none	none	none	none	none	none	none	none	none	none	none	none	none	none	none	none	none	none	none	none	none	none	none	none	none	none	none	none	none	none	none	none	none	none	none	none	none	none	none	none	none	none	none	none	none	none	none	none	none	none	none	none	none	none	none	none	none	none	none	none	none	none	none	none	none	none	none	none	none	none	none	none	none	none	none	none	none
PV750888.1	exp F3+ R2-	exp F3+ R1-	exp F3+ R3-	exp F3+ R2-	exp F3+ R2-	exp F3+ R1-	exp F3+ R3-	exp F3+ R2-	none	none	none	none	none	none	none	none	none	none	none	none	none	none	none	none	none	none	none	none	none	none	none	none	none	none	none	none	none	none	none	none	none	none	none	none	none	none	none	none	none	none	none	none	none	none	none	none	none	none	none	none	none	none	none	none	none	none	none	none	none	none	none	none	none	none	none	none	none	none	none	none	none	none	none	none	none	none	none
PV750889.1	exp F3+ R2-	exp F3+ R1-	exp F3+ R3-	exp F3+ R2-	exp F3+ R2-	exp F3+ R1-	exp F3+ R3-	exp F3+ R2-	none	none	none	none	none	none	none	none	none	none	none	none	none	none	none	none	none	none	none	none	none	none	none	none	none	none	none	none	none	none	none	none	none	none	none	none	none	none	none	none	none	none	none	none	none	none	none	none	none	none	none	none	none	none	none	none	none	none	none	none	none	none	none	none	none	none	none	none	none	none	none	none	none	none	none	none	none	none	none
PV750890.1	exp F3+ R2-	exp F3+ R1-	exp F3+ R3-	exp F3+ R2-	exp F3+ R2-	exp F3+ R1-	exp F3+ R3-	exp F3+ R2-	none	none	none	none	none	none	none	none	none	none	none	none	none	none	none	none	none	none	none	none	none	none	none	none	none	none	none	none	none	none	none	none	none	none	none	none	none	none	none	none	none	none	none	none	none	none	none	none	none	none	none	none	none	none	none	none	none	none	none	none	none	none	none	none	none	none	none	none	none	none	none	none	none	none	none	none	none	none	none
PV750892.1	exp F3+ R2-	exp F3+ R1-	exp F3+ R3-	exp F3+ R2-	exp F3+ R2-	exp F3+ R1-	exp F3+ R3-	exp F3+ R2-	none	none	none	none	none	none	none	none	none	none	none	none	none	none	none	none	none	none	none	none	none	none	none	none	none	none	none	none	none	none	none	none	none	none	none	none	none	none	none	none	none	none	none	none	none	none	none	none	none	none	none	none	none	none	none	none	none	none	none	none	none	none	none	none	none	none	none	none	none	none	none	none	none	none	none	none	none	none	none
PV750893.1	exp F3+ R2-	exp F3+ R1-	exp F3+ R3-	exp F3+ R2-	exp F3+ R2-	exp F3+ R1-	exp F3+ R3-	exp F3+ R2-	none	none	none	none	none	none	none	none	none	none	none	none	none	none	none	none	none	none	none	none	none	none	none	none	none	none	none	none	none	none	none	none	none	none	none	none	none	none	none	none	none	none	none	none	none	none	none	none	none	none	none	none	none	none	none	none	none	none	none	none	none	none	none	none	none	none	none	none	none	none	none	none	none	none	none	none	none	none	none
PV750895.1	exp F3+ R2-	exp F3+ R1-	exp F3+ R3-	exp F3+ R2-	exp F3+ R2-	exp F3+ R1-	exp F3+ R3-	exp F3+ R2-	none	none	none	none	none	none	none	none	none	none	none	none	none	none	none	none	none	none	none	none	none	none	none	none	none	none	none	none	none	none	none	none	none	none	none	none	none	none	none	none	none	none	none	none	none	none	none	none	none	none	none	none	none	none	none	none	none	none	none	none	none	none	none	none	none	none	none	none	none	none	none	none	none	none	none	none	none	none	none
PV750896.1	exp F3+ R2-	exp F3+ R1-	exp F3+ R3-	exp F3+ R2-	exp F3+ R2-	exp F3+ R1-	exp F3+ R3-	exp F3+ R2-	none	none	none	none	none	none	none	none	none	none	none	none	none	none	none	none	none	none	none	none	none	none	none	none	none	none	none	none	none	none	none	none	none	none	none	none	none	none	none	none	none	none	none	none	none	none	none	none	none	none	none	none	none	none	none	none	none	none	none	none	none	none	none	none	none	none	none	none	none	none	none	none	none	none	none	none	none	none	none
PV750897.1	exp F3+ R2-	exp F3+ R1-	exp F3+ R3-	exp F3+ R2-	exp F3+ R2-	exp F3+ R1-	exp F3+ R3-	exp F3+ R2-	none	none	none	none	none	none	none	none	none	none	none	none	none	none	none	none	none	none	none	none	none	none	none	none	none	none	none	none	none	none	none	none	none	none	none	none	none	none	none	none	none	none	none	none	none	none	none	none	none	none	none	none	none	none	none	none	none	none	none	none	none	none	none	none	none	none	none	none	none	none	none	none	none	none	none	none	none	none	none
PV750899.1	exp F3+ R2-	exp F3+ R1-	exp F3+ R3-	exp F3+ R2-	exp F3+ R2-	exp F3+ R1-	exp F3+ R3-	exp F3+ R2-	none	none	none	none	none	none	none	none	none	none	none	none	none	none	none	none	none	none	none	none	none	none	none	none	none	none	none	none	none	none	none	none	none	none	none	none	none	none	none	none	none	none	none	none	none	none	none	none	none	none	none	none	none	none	none	none	none	none	none	none	none	none	none	none	none	none	none	none	none	none	none	none	none	none	none	none	none	none	none
PV750900.1	exp F3+ R2-	exp F3+ R1-	exp F3+ R3-	exp F3+ R2-	exp F3+ R2-	exp F3+ R1-	exp F3+ R3-	exp F3+ R2-	none	none	none	none	none	none	none	none	none	none	none	none	none	none	none	none	none	none	none	none	none	none	none	none	none	none	none	none	none	none	none	none	none	none	none	none	none	none	none	none	none	none	none	none	none	none	none	none	none	none	none	none	none	none	none	none	none	none	none	none	none	none	none	none	none	none	none	none	none	none	none	none	none	none	none	none	none	none	none
PV765507.1	exp F3+ R2-	exp F3+ R1-	exp F3+ R3-	exp F3+ R2-	exp F3+ R2-	exp F3+ R1-	exp F3+ R3-	exp F3+ R2-	none	none	none	none	none	none	none	none	none	none	none	none	none	none	none	none	none	none	none	none	none	none	none	none	none	none	none	none	none	none	none	none	none	none	none	none	none	none	none	none	none	none	none	none	none	none	none	none	none	none	none	none	none	none	none	none	none	none	none	none	none	none	none	none	none	none	none	none	none	none	none	none	none	none	none	none	none	none	none
PV765508.1	exp F3+ R2-	exp F3+ R1-	exp F3+ R3-	exp F3+ R2-	exp F3+ R2-	exp F3+ R1-	exp F3+ R3-	exp F3+ R2-	none	none	none	none	none	none	none	none	none	none	none	none	none	none	none	none	none	none	none	none	none	none	none	none	none	none	none	none	none	none	none	none	none	none	none	none	none	none	none	none	none	none	none	none	none	none	none	none	none	none	none	none	none	none	none	none	none	none	none	none	none	none	none	none	none	none	none	none	none	none	none	none	none	none	none	none	none	none	none
PV765509.1	exp F3+ R2-	exp F3+ R1-	exp F3+ R3-	exp F3+ R2-	exp F3+ R2-	exp F3+ R1-	exp F3+ R3-	exp F3+ R2-	none	none	none	none	none	none	none	none	none	none	none	none	none	none	none	none	none	none	none	none	none	none	none	none	none	none	none	none	none	none	none	none	none	none	none	none	none	none	none	none	none	none	none	none	none	none	none	none	none	none	none	none	none	none	none	none	none	none	none	none	none	none	none	none	none	none	none	none	none	none	none	none	none	none	none	none	none	none	none
PV765566.1	exp F3+ R2-	exp F3+ R1-	exp F3+ R3-	exp F3+ R2-	exp F3+ R2-	exp F3+ R1-	exp F3+ R3-	exp F3+ R2-	none	none	none	none	none	none	none	none	none	none	none	none	none	none	none	none	none	none	none	none	none	none	none	none	none	none	none	none	none	none	none	none	none	none	none	none	none	none	none	none	none	none	none	none	none	none	none	none	none	none	none	none	none	none	none	none	none	none	none	none	none	none	none	none	none	none	none	none	none	none	none	none	none	none	none	none	none	none	none
PV765569.1	exp F3+ R2-	exp F3+ R1-	exp F3+ R3-	exp F3+ R2-	exp F3+ R2-	exp F3+ R1-	exp F3+ R3-	exp F3+ R2-	none	none	none	none	none	none	none	none	none	none	none	none	none	none	none	none	none	none	none	none	none	none	none	none	none	none	none	none	none	none	none	none	none	none	none	none	none	none	none	none	none	none	none	none	none	none	none	none	none	none	none	none	none	none	none	none	none	none	none	none	none	none	none	none	none	none	none	none	none	none	none	none	none	none	none	none	none	none	none
PV765572.1	exp F3+ R2-	exp F3+ R1-	exp F3+ R3-	exp F3+ R2-	exp F3+ R2-	exp F3+ R1-	exp F3+ R3-	exp F3+ R2-	none	none	none	none	none	none	none	none	none	none	none	none	none	none	none	none	none	none	none	none	none	none	none	none	none	none	none	none	none	none	none	none	none	none	none	none	none	none	none	none	none	none	none	none	none	none	none	none	none	none	none	none	none	none	none	none	none	none	none	none	none	none	none	none	none	none	none	none	none	none	none	none	none	none	none	none	none	none	none
PV765573.1	exp F3+ R2-	exp F3+ R1-	exp F3+ R3-	exp F3+ R2-	exp F3+ R2-	exp F3+ R1-	exp F3+ R3-	exp F3+ R2-	none	none	none	none	none	none	none	none	none	none	none	none	none	none	none	none	none	none	none	none	none	none	none	none	none	none	none	none	none	none	none	none	none	none	none	none	none	none	none	none	none	none	none	none	none	none	none	none	none	none	none	none	none	none	none	none	none	none	none	none	none	none	none	none	none	none	none	none	none	none	none	none	none	none	none	none	none	none	none
PV765574.1	exp F3+ R2-	exp F3+ R1-	exp F3+ R3-	exp F3+ R2-	exp F3+ R2-	exp F3+ R1-	exp F3+ R3-	exp F3+ R2-	none	none	none	none	none	none	none	none	none	none	none	none	none	none	none	none	none	none	none	none	none	none	none	none	none	none	none	none	none	none	none	none	none	none	none	none	none	none	none	none	none	none	none	none	none	none	none	none	none	none	none	none	none	none	none	none	none	none	none	none	none	none	none	none	none	none	none	none	none	none	none	none	none	none	none	none	none	none	none
PV765576.1	exp F3+ R2-	exp F3+ R1-	exp F3+ R3-	exp F3+ R2-	exp F3+ R2-	exp F3+ R1-	exp F3+ R3-	exp F3+ R2-	none	none	none	none	none	none	none	none	none	none	none	none	none	none	none	none	none	none	none	none	none	none	none	none	none	none	none	none	none	none	none	none	none	none	none	none	none	none	none	none	none	none	none	none	none	none	none	none	none	none	none	none	none	none	none	none	none	none	none	none	none	none	none	none	none	none	none	none	none	none	none	none	none	none	none	none	none	none	none
PV765577.1	exp F3+ R2-	exp F3+ R1-	exp F3+ R3-	exp F3+ R2-	exp F3+ R2-	exp F3+ R1-	exp F3+ R3-	exp F3+ R2-	none	none	none	none	none	none	none	none	none	none	none	none	none	none	none	none	none	none	none	none	none	none	none	none	none	none	none	none	none	none	none	none	none	none	none	none	none	none	none	none	none	none	none	none	none	none	none	none	none	none	none	none	none	none	none	none	none	none	none	none	none	none	none	none	none	none	none	none	none	none	none	none	none	none	none	none	none	none	none
PV765580.1	exp F3+ R2-	exp F3+ R1-	exp F3+ R3-	exp F3+ R2-	exp F3+ R2-	exp F3+ R1-	exp F3+ R3-	exp F3+ R2-	none	none	none	none	none	none	none	none	none	none	none	none	none	none	none	none	none	none	none	none	none	none	none	none	none	none	none	none	none	none	none	none	none	none	none	none	none	none	none	none	none	none	none	none	none	none	none	none	none	none	none	none	none	none	none	none	none	none	none	none	none	none	none	none	none	none	none	none	none	none	none	none	none	none	none	none	none	none	none
PV765581.1	exp F3+ R2-	exp F3+ R1-	exp F3+ R3-	exp F3+ R2-	exp F3+ R2-	exp F3+ R1-	exp F3+ R3-	exp F3+ R2-	none	none	none	none	none	none	none	none	none	none	none	none	none	none	none	none	none	none	none	none	none	none	none	none	none	none	none	none	none	none	none	none	none	none	none	none	none	none	none	none	none	none	none	none	none	none	none	none	none	none	none	none	none	none	none	none	none	none	none	none	none	none	none	none	none	none	none	none	none	none	none	none	none	none	none	none	none	none	none
PV765582.1	exp F3+ R2-	exp F3+ R1-	exp F3+ R3-	exp F3+ R2-	exp F3+ R2-	exp F3+ R1-	exp F3+ R3-	exp F3+ R2-	none	none	none	none	none	none	none	none	none	none	none	none	none	none	none	none	none	none	none	none	none	none	none	none	none	none	none	none	none	none	none	none	none	none	none	none	none	none	none	none	none	none	none	none	none	none	none	none	none	none	none	none	none	none	none	none	none	none	none	none	none	none	none	none	none	none	none	none	none	none	none	none	none	none	none	none	none	none	none
PV765584.1	exp F3+ R2-	exp F3+ R1-	exp F3+ R3-	exp F3+ R2-	exp F3+ R2-	exp F3+ R1-	exp F3+ R3-	exp F3+ R2-	none	none	none	none	none	none	none	none	none	none	none	none	none	none	none	none	none	none	none	none	none	none	none	none	none	none	none	none	none	none	none	none	none	none	none	none	none	none	none	none	none	none	none	none	none	none	none	none	none	none	none	none	none	none	none	none	none	none	none	none	none	none	none	none	none	none	none	none	none	none	none	none	none	none	none	none	none	none	none
PV765585.1	exp F3+ R2-	exp F3+ R1-	exp F3+ R3-	exp F3+ R2-	exp F3+ R2-	exp F3+ R1-	exp F3+ R3-	exp F3+ R2-	none	none	none	none	none	none	none	none	none	none	none	none	none	none	none	none	none	none	none	none	none	none	none	none	none	none	none	none	none	none	none	none	none	none	none	none	none	none	none	none	none	none	none	none	none	none	none	none	none	none	none	none	none	none	none	none	none	none	none	none	none	none	none	none	none	none	none	none	none	none	none	none	none	none	none	none	none	none	none
PV765586.1	exp F3+ R2-	exp F3+ R1-	exp F3+ R3-	exp F3+ R2-	exp F3+ R2-	exp F3+ R1-	exp F3+ R3-	exp F3+ R2-	none	none	none	none	none	none	none	none	none	none	none	none	none	none	none	none	none	none	none	none	none	none	none	none	none	none	none	none	none	none	none	none	none	none	none	none	none	none	none	none	none	none	none	none	none	none	none	none	none	none	none	none	none	none	none	none	none	none	none	none	none	none	none	none	none	none	none	none	none	none	none	none	none	none	none	none	none	none	none
PV765587.1	exp F3+ R2-	exp F3+ R1-	exp F3+ R3-	exp F3+ R2-	exp F3+ R2-	exp F3+ R1-	exp F3+ R3-	exp F3+ R2-	none	none	none	none	none	none	none	none	none	none	none	none	none	none	none	none	none	none	none	none	none	none	none	none	none	none	none	none	none	none	none	none	none	none	none	none	none	none	none	none	none	none	none	none	none	none	none	none	none	none	none	none	none	none	none	none	none	none	none	none	none	none	none	none	none	none	none	none	none	none	none	none	none	none	none	none	none	none	none
PV765588.1	exp F3+ R2-	exp F3+ R1-	exp F3+ R3-	exp F3+ R2-	exp F3+ R2-	exp F3+ R1-	exp F3+ R3-	exp F3+ R2-	none	none	none	none	none	none	none	none	none	none	none	none	none	none	none	none	none	none	none	none	none	none	none	none	none	none	none	none	none	none	none	none	none	none	none	none	none	none	none	none	none	none	none	none	none	none	none	none	none	none	none	none	none	none	none	none	none	none	none	none	none	none	none	none	none	none	none	none	none	none	none	none	none	none	none	none	none	none	none
PV765590.1	exp F3+ R2-	exp F3+ R1-	exp F3+ R3-	exp F3+ R2-	exp F3+ R2-	exp F3+ R1-	exp F3+ R3-	exp F3+ R2-	none	none	none	none	none	none	none	none	none	none	none	none	none	none	none	none	none	none	none	none	none	none	none	none	none	none	none	none	none	none	none	none	none	none	none	none	none	none	none	none	none	none	none	none	none	none	none	none	none	none	none	none	none	none	none	none	none	none	none	none	none	none	none	none	none	none	none	none	none	none	none	none	none	none	none	none	none	none	none
PV766927.1	exp F3+ R2-	exp F3+ R1-	exp F3+ R3-	exp F3+ R2-	exp F3+ R2-	exp F3+ R1-	exp F3+ R3-	exp F3+ R2-	none	none	none	none	none	none	none	none	none	none	none	none	none	none	none	none	none	none	none	none	none	none	none	none	none	none	none	none	none	none	none	none	none	none	none	none	none	none	none	none	none	none	none	none	none	none	none	none	none	none	none	none	none	none	none	none	none	none	none	none	none	none	none	none	none	none	none	none	none	none	none	none	none	none	none	none	none	none	none
PV746280.1	none	none	none	none	lin R2-	none	none	none	none	none	none	none	none	none	none	none	none	none	none	none	none	none	none	none	none	none	none	none	none	none	none	none	none	none	none	none	none	none	none	none	lin R1-	none	none	lin R1-	none	none	lin R1-	lin R2-	none	none	none	none	none	none	none	none	none	none	none	none	none	none	none	none	none	none	none	none	lin R2-	none	none	none	none	lin R0-	none	none	none	none	none	none	none	none	none	none	none	none	none
PV553833.1	exp F3+ R1-	exp F3+ R2-	exp F3+ R0-	exp F3+ R1-	exp F3+ R2-	exp F3+ R3-	exp F3+ R1-	exp F3+ R2-	none	none	none	none	none	none	none	none	none	none	none	none	none	none	none	none	none	none	none	none	none	none	none	none	none	none	none	none	none	none	none	none	none	none	none	none	none	none	none	none	none	none	none	none	none	none	none	none	none	none	none	none	none	none	none	none	none	none	none	none	none	none	none	none	none	none	none	none	none	none	none	none	none	none	none	none	none	none	none
PV611445.1	none	none	none	none	none	none	none	none	exp F3+ R2-	exp F3+ R1-	exp F3+ R2-	exp F3+ R1-	exp F3+ R3-	exp F3+ R2-	exp F3+ R3-	exp F3+ R2-	none	none	none	none	none	none	none	none	none	none	none	none	none	none	none	none	none	none	none	none	none	none	none	none	none	none	none	none	none	none	none	none	none	none	none	none	none	none	none	none	none	none	none	none	none	none	none	none	none	none	none	none	none	none	none	none	none	none	none	none	none	none	none	none	none	none	none	none	none	none	none
PV611446.1	none	none	none	none	none	none	none	none	none	none	none	none	none	none	none	none	none	none	none	none	none	none	none	none	exp F3+ R2-	exp F3+ R1-	exp F3+ R2-	exp F3+ R1-	exp F3+ R3-	exp F3+ R2-	exp F3+ R3-	exp F3+ R2-	none	none	none	none	none	none	none	none	none	none	none	none	none	none	none	none	none	none	none	none	none	none	none	none	none	none	none	none	none	none	none	none	none	none	none	none	none	none	none	none	none	none	none	none	none	none	none	none	none	none	none	none	none	none	none
PV611447.1	none	none	none	none	none	none	none	none	none	none	none	none	none	none	none	none	none	none	none	none	none	none	none	none	exp F3+ R3-	exp F3+ R2-	exp F3+ R3-	exp F3+ R2-	exp F3+ R3-	exp F3+ R2-	exp F3+ R3-	exp F3+ R2-	none	none	none	none	none	none	none	none	none	none	none	none	none	none	none	none	none	none	none	none	none	none	none	none	none	none	none	none	none	none	none	none	none	none	none	none	none	none	none	none	none	none	none	none	none	none	none	none	none	none	none	none	none	none	none
PV611449.1	none	none	none	none	none	none	none	none	none	none	none	none	none	none	none	none	none	none	none	none	none	none	none	none	exp F3+ R3-	exp F3+ R2-	exp F3+ R3-	exp F3+ R2-	exp F3+ R3-	exp F3+ R2-	exp F3+ R3-	exp F3+ R2-	none	none	none	none	none	none	none	none	none	none	none	none	none	none	none	none	none	none	none	none	none	none	none	none	none	none	none	none	none	none	none	none	none	none	none	none	none	none	none	none	none	none	none	none	none	none	none	none	none	none	none	none	none	none	none
PQ507176.1	exp F3+ R2-	exp F3+ R1-	exp F3+ R2-	exp F3+ R1-	exp F3+ R3-	exp F3+ R2-	exp F3+ R3-	exp F3+ R2-	none	none	none	none	none	none	none	none	none	none	none	none	none	none	none	none	none	none	none	none	none	none	none	none	none	none	none	none	none	none	none	none	none	none	none	none	none	none	none	none	none	none	none	none	none	none	none	none	none	none	none	none	none	none	none	none	none	none	none	none	none	none	none	none	none	none	none	none	none	none	none	none	none	none	none	none	none	none	none
PQ507177.1	exp F3+ R3-	exp F3+ R2-	exp F3+ R3-	exp F3+ R2-	exp F3+ R3-	exp F3+ R2-	exp F3+ R3-	exp F3+ R2-	none	none	none	none	none	none	none	none	none	none	none	none	none	none	none	none	none	none	none	none	none	none	none	none	none	none	none	none	none	none	none	none	none	none	none	none	none	none	none	none	none	none	none	none	none	none	none	none	none	none	none	none	none	none	none	none	none	none	none	none	none	none	none	none	none	none	none	none	none	none	none	none	none	none	none	none	none	none	none
PQ507180.1	none	none	exp F3+ R3-	none	exp F3+ R3-	none	exp F3+ R2-	exp F3+ R3-	none	none	none	none	none	none	none	none	none	none	none	none	none	none	none	none	none	none	none	none	none	none	none	none	none	none	none	none	none	none	none	none	none	none	none	none	none	none	none	none	none	none	none	none	none	none	none	none	none	none	none	none	none	none	none	none	none	none	none	none	none	none	none	none	none	none	none	none	none	none	none	none	none	none	none	none	none	none	none
PQ507181.1	none	exp F3+ R3-	none	exp F3+ R3-	none	exp F3+ R3-	none	exp F3+ R3-	none	none	none	none	none	none	none	none	none	none	none	none	none	none	none	none	none	none	none	none	none	none	none	none	none	none	none	none	none	none	none	none	none	none	none	none	none	none	none	none	none	none	none	none	none	none	none	none	none	none	none	none	none	none	none	none	none	none	none	none	none	none	none	none	none	none	none	none	none	none	none	none	none	none	none	none	none	none	none
PQ507182.1	exp F3+ R2-	exp F3+ R1-	exp F3+ R2-	exp F3+ R1-	exp F3+ R3-	exp F3+ R2-	exp F3+ R3-	exp F3+ R2-	none	none	none	none	none	none	none	none	none	none	none	none	none	none	none	none	none	none	none	none	none	none	none	none	none	none	none	none	none	none	none	none	none	none	none	none	none	none	none	none	none	none	none	none	none	none	none	none	none	none	none	none	none	none	none	none	none	none	none	none	none	none	none	none	none	none	none	none	none	none	none	none	none	none	none	none	none	none	none
PQ507183.1	exp F3+ R3-	exp F3+ R2-	exp F3+ R3-	exp F3+ R2-	exp F3+ R3-	exp F3+ R2-	exp F3+ R3-	exp F3+ R2-	none	none	none	none	none	none	none	none	none	none	none	none	none	none	none	none	none	none	none	none	none	none	none	none	none	none	none	none	none	none	none	none	none	none	none	none	none	none	none	none	none	none	none	none	none	none	none	none	none	none	none	none	none	none	none	none	none	none	none	none	none	none	none	none	none	none	none	none	none	none	none	none	none	none	none	none	none	none	none
PQ507184.1	exp F3+ R3-	exp F3+ R2-	exp F3+ R3-	exp F3+ R2-	exp F3+ R3-	exp F3+ R2-	exp F3+ R3-	exp F3+ R2-	none	none	none	none	none	none	none	none	none	none	none	none	none	none	none	none	none	none	none	none	none	none	none	none	none	none	none	none	none	none	none	none	none	none	none	none	none	none	none	none	none	none	none	none	none	none	none	none	none	none	none	none	none	none	none	none	none	none	none	none	none	none	none	none	none	none	none	none	none	none	none	none	none	none	none	none	none	none	none
PQ507185.1	none	exp F3+ R3-	none	exp F3+ R3-	none	exp F3+ R3-	none	exp F3+ R3-	none	none	none	none	none	none	none	none	none	none	none	none	none	none	none	none	none	none	none	none	none	none	none	none	none	none	none	none	none	none	none	none	none	none	none	none	none	none	none	none	none	none	none	none	none	none	none	none	none	none	none	none	none	none	none	none	none	none	none	none	none	none	none	none	none	none	none	none	none	none	none	none	none	none	none	none	none	none	none
PQ507186.1	none	none	none	none	lin R3-	none	none	none	none	none	none	none	none	none	none	none	none	none	none	none	none	none	none	none	none	none	none	none	none	none	none	none	none	none	none	none	none	none	none	none	lin R2-	none	none	lin R0-	none	none	lin R2-	lin R1-	none	none	none	none	none	none	none	none	none	none	none	none	none	none	none	none	none	none	none	none	lin R1-	none	none	none	none	lin R1-	none	none	none	none	none	none	none	none	none	none	none	none	none
PQ557603.1	exp F3+ R3-	exp F3+ R2-	exp F3+ R3-	exp F3+ R2-	exp F3+ R3-	exp F3+ R2-	exp F3+ R3-	exp F3+ R2-	none	none	none	none	none	none	none	none	none	none	none	none	none	none	none	none	none	none	none	none	none	none	none	none	none	none	none	none	none	none	none	none	none	none	none	none	none	none	none	none	none	none	none	none	none	none	none	none	none	none	none	none	none	none	none	none	none	none	none	none	none	none	none	none	none	none	none	none	none	none	none	none	none	none	none	none	none	none	none
PQ557604.1	exp F3+ R3-	exp F3+ R2-	exp F3+ R3-	exp F3+ R2-	exp F3+ R3-	exp F3+ R2-	exp F3+ R3-	exp F3+ R2-	none	none	none	none	none	none	none	none	none	none	none	none	none	none	none	none	none	none	none	none	none	none	none	none	none	none	none	none	none	none	none	none	none	none	none	none	none	none	none	none	none	none	none	none	none	none	none	none	none	none	none	none	none	none	none	none	none	none	none	none	none	none	none	none	none	none	none	none	none	none	none	none	none	none	none	none	none	none	none
PQ557605.1	exp F3+ R3-	exp F3+ R2-	exp F3+ R3-	exp F3+ R2-	exp F3+ R3-	exp F3+ R2-	exp F3+ R3-	exp F3+ R2-	none	none	none	none	none	none	none	none	none	none	none	none	none	none	none	none	none	none	none	none	none	none	none	none	none	none	none	none	none	none	none	none	none	none	none	none	none	none	none	none	none	none	none	none	none	none	none	none	none	none	none	none	none	none	none	none	none	none	none	none	none	none	none	none	none	none	none	none	none	none	none	none	none	none	none	none	none	none	none
PQ557606.1	exp F3+ R3-	exp F3+ R2-	exp F3+ R3-	exp F3+ R2-	exp F3+ R3-	exp F3+ R2-	exp F3+ R3-	exp F3+ R2-	none	none	none	none	none	none	none	none	none	none	none	none	none	none	none	none	none	none	none	none	none	none	none	none	none	none	none	none	none	none	none	none	none	none	none	none	none	none	none	none	none	none	none	none	none	none	none	none	none	none	none	none	none	none	none	none	none	none	none	none	none	none	none	none	none	none	none	none	none	none	none	none	none	none	none	none	none	none	none
PQ557607.1	exp F3+ R3-	exp F3+ R2-	exp F3+ R3-	exp F3+ R2-	exp F3+ R3-	exp F3+ R2-	exp F3+ R3-	exp F3+ R2-	none	none	none	none	none	none	none	none	none	none	none	none	none	none	none	none	none	none	none	none	none	none	none	none	none	none	none	none	none	none	none	none	none	none	none	none	none	none	none	none	none	none	none	none	none	none	none	none	none	none	none	none	none	none	none	none	none	none	none	none	none	none	none	none	none	none	none	none	none	none	none	none	none	none	none	none	none	none	none
PQ557608.1	exp F3+ R3-	exp F3+ R2-	exp F3+ R3-	exp F3+ R2-	exp F3+ R3-	exp F3+ R2-	exp F3+ R3-	exp F3+ R2-	none	none	none	none	none	none	none	none	none	none	none	none	none	none	none	none	none	none	none	none	none	none	none	none	none	none	none	none	none	none	none	none	none	none	none	none	none	none	none	none	none	none	none	none	none	none	none	none	none	none	none	none	none	none	none	none	none	none	none	none	none	none	none	none	none	none	none	none	none	none	none	none	none	none	none	none	none	none	none
PQ559816.1	none	none	exp F3+ R3-	none	exp F3+ R3-	none	exp F3+ R2-	exp F3+ R3-	none	none	none	none	none	none	none	none	none	none	none	none	none	none	none	none	none	none	none	none	none	none	none	none	none	none	none	none	none	none	none	none	none	none	none	none	none	none	none	none	none	none	none	none	none	none	none	none	none	none	none	none	none	none	none	none	none	none	none	none	none	none	none	none	none	none	none	none	none	none	none	none	none	none	none	none	none	none	none
PQ590551.1	exp F3+ R2-	exp F3+ R1-	exp F3+ R3-	exp F3+ R2-	exp F3+ R2-	exp F3+ R1-	exp F3+ R3-	exp F3+ R2-	none	none	none	none	none	none	none	none	none	none	none	none	none	none	none	none	none	none	none	none	none	none	none	none	none	none	none	none	none	none	none	none	none	none	none	none	none	none	none	none	none	none	none	none	none	none	none	none	none	none	none	none	none	none	none	none	none	none	none	none	none	none	none	none	none	none	none	none	none	none	none	none	none	none	none	none	none	none	none
PQ593082.1	none	none	exp F2+ R3-	none	none	none	exp F2+ R3-	none	none	none	none	none	none	none	none	none	none	none	none	none	none	none	none	none	none	none	none	none	none	none	none	none	none	none	none	none	none	none	none	none	none	none	none	none	none	none	none	none	none	none	none	none	none	none	none	none	none	none	none	none	none	none	none	none	none	none	none	none	none	none	none	none	none	none	none	none	none	none	none	none	none	none	none	none	none	none	none
PQ594187.1	none	none	none	none	lin R3-	none	none	none	none	none	none	none	none	none	none	none	none	none	none	none	none	none	none	none	none	none	none	none	none	none	none	none	none	none	none	none	none	none	none	none	lin R2-	none	none	lin R0-	none	none	lin R2-	lin R1-	none	none	none	none	none	none	none	none	none	none	none	none	none	none	none	none	none	none	none	none	lin R1-	none	none	none	none	lin R1-	none	none	none	none	none	none	none	none	none	none	none	none	none
PQ610214.1	exp F1+ R2-	exp F1+ R3-	exp F1+ R2-	exp F1+ R3-	exp F1+ R1-	exp F1+ R2-	exp F1+ R1-	exp F1+ R2-	none	none	none	none	none	none	none	none	none	none	none	none	none	none	none	none	none	none	none	none	none	none	none	none	none	none	none	none	none	none	none	none	none	none	none	none	none	none	none	none	none	none	none	none	none	none	none	none	none	none	none	none	none	none	none	none	none	none	none	none	none	none	none	none	none	none	none	none	none	none	none	none	none	none	none	none	none	none	none
PV104273.1	exp F3+ R3-	exp F3+ R2-	exp F3+ R3-	exp F3+ R2-	exp F3+ R3-	exp F3+ R2-	exp F3+ R3-	exp F3+ R2-	none	none	none	none	none	none	none	none	none	none	none	none	none	none	none	none	none	none	none	none	none	none	none	none	none	none	none	none	none	none	none	none	none	none	none	none	none	none	none	none	none	none	none	none	none	none	none	none	none	none	none	none	none	none	none	none	none	none	none	none	none	none	none	none	none	none	none	none	none	none	none	none	none	none	none	none	none	none	none
PV223402.1	exp F1+ R2-	exp F1+ R3-	exp F1+ R2-	exp F1+ R3-	exp F1+ R1-	exp F1+ R2-	exp F1+ R1-	exp F1+ R2-	none	none	none	none	none	none	none	none	none	none	none	none	none	none	none	none	none	none	none	none	none	none	none	none	none	none	none	none	none	none	none	none	none	none	none	none	none	none	none	none	none	none	none	none	none	none	none	none	none	none	none	none	none	none	none	none	none	none	none	none	none	none	none	none	none	none	none	none	none	none	none	none	none	none	none	none	none	none	none
PV223444.1	exp F2+ R2-	exp F2+ R3-	exp F2+ R2-	exp F2+ R3-	exp F2+ R1-	exp F2+ R2-	exp F2+ R1-	exp F2+ R2-	none	none	none	none	none	none	none	none	none	none	none	none	none	none	none	none	none	none	none	none	none	none	none	none	none	none	none	none	none	none	none	none	none	none	none	none	none	none	none	none	none	none	none	none	none	none	none	none	none	none	none	none	none	none	none	none	none	none	none	none	none	none	none	none	none	none	none	none	none	none	none	none	none	none	none	none	none	none	none
PV232415.1	exp F1+ R2-	exp F1+ R3-	exp F1+ R2-	exp F1+ R3-	exp F1+ R1-	exp F1+ R2-	exp F1+ R1-	exp F1+ R2-	none	none	none	none	none	none	none	none	none	none	none	none	none	none	none	none	none	none	none	none	none	none	none	none	none	none	none	none	none	none	none	none	none	none	none	none	none	none	none	none	none	none	none	none	none	none	none	none	none	none	none	none	none	none	none	none	none	none	none	none	none	none	none	none	none	none	none	none	none	none	none	none	none	none	none	none	none	none	none
PV232416.1	exp F1+ R2-	exp F1+ R3-	exp F1+ R2-	exp F1+ R3-	exp F1+ R1-	exp F1+ R2-	exp F1+ R1-	exp F1+ R2-	none	none	none	none	none	none	none	none	none	none	none	none	none	none	none	none	none	none	none	none	none	none	none	none	none	none	none	none	none	none	none	none	none	none	none	none	none	none	none	none	none	none	none	none	none	none	none	none	none	none	none	none	none	none	none	none	none	none	none	none	none	none	none	none	none	none	none	none	none	none	none	none	none	none	none	none	none	none	none
PV232417.1	exp F2+ R2-	exp F2+ R3-	exp F2+ R2-	exp F2+ R3-	exp F2+ R1-	exp F2+ R2-	exp F2+ R1-	exp F2+ R2-	none	none	none	none	none	none	none	none	none	none	none	none	none	none	none	none	none	none	none	none	none	none	none	none	none	none	none	none	none	none	none	none	none	none	none	none	none	none	none	none	none	none	none	none	none	none	none	none	none	none	none	none	none	none	none	none	none	none	none	none	none	none	none	none	none	none	none	none	none	none	none	none	none	none	none	none	none	none	none
PV232418.1	exp F2+ R2-	exp F2+ R3-	exp F2+ R2-	exp F2+ R3-	exp F2+ R1-	exp F2+ R2-	exp F2+ R1-	exp F2+ R2-	none	none	none	none	none	none	none	none	none	none	none	none	none	none	none	none	none	none	none	none	none	none	none	none	none	none	none	none	none	none	none	none	none	none	none	none	none	none	none	none	none	none	none	none	none	none	none	none	none	none	none	none	none	none	none	none	none	none	none	none	none	none	none	none	none	none	none	none	none	none	none	none	none	none	none	none	none	none	none
PV232419.1	exp F2+ R2-	exp F2+ R3-	exp F2+ R2-	exp F2+ R3-	exp F2+ R1-	exp F2+ R2-	exp F2+ R1-	exp F2+ R2-	none	none	none	none	none	none	none	none	none	none	none	none	none	none	none	none	none	none	none	none	none	none	none	none	none	none	none	none	none	none	none	none	none	none	none	none	none	none	none	none	none	none	none	none	none	none	none	none	none	none	none	none	none	none	none	none	none	none	none	none	none	none	none	none	none	none	none	none	none	none	none	none	none	none	none	none	none	none	none
PV232420.1	exp F2+ R2-	exp F2+ R3-	exp F2+ R2-	exp F2+ R3-	exp F2+ R1-	exp F2+ R2-	exp F2+ R1-	exp F2+ R2-	none	none	none	none	none	none	none	none	none	none	none	none	none	none	none	none	none	none	none	none	none	none	none	none	none	none	none	none	none	none	none	none	none	none	none	none	none	none	none	none	none	none	none	none	none	none	none	none	none	none	none	none	none	none	none	none	none	none	none	none	none	none	none	none	none	none	none	none	none	none	none	none	none	none	none	none	none	none	none
PV232421.1	exp F2+ R2-	exp F2+ R3-	exp F2+ R2-	exp F2+ R3-	exp F2+ R1-	exp F2+ R2-	exp F2+ R1-	exp F2+ R2-	none	none	none	none	none	none	none	none	none	none	none	none	none	none	none	none	none	none	none	none	none	none	none	none	none	none	none	none	none	none	none	none	none	none	none	none	none	none	none	none	none	none	none	none	none	none	none	none	none	none	none	none	none	none	none	none	none	none	none	none	none	none	none	none	none	none	none	none	none	none	none	none	none	none	none	none	none	none	none
PV232422.1	exp F2+ R2-	exp F2+ R3-	exp F2+ R2-	exp F2+ R3-	exp F2+ R1-	exp F2+ R2-	exp F2+ R1-	exp F2+ R2-	none	none	none	none	none	none	none	none	none	none	none	none	none	none	none	none	none	none	none	none	none	none	none	none	none	none	none	none	none	none	none	none	none	none	none	none	none	none	none	none	none	none	none	none	none	none	none	none	none	none	none	none	none	none	none	none	none	none	none	none	none	none	none	none	none	none	none	none	none	none	none	none	none	none	none	none	none	none	none
PV232424.1	exp F2+ R2-	exp F2+ R3-	exp F2+ R2-	exp F2+ R3-	exp F2+ R1-	exp F2+ R2-	exp F2+ R1-	exp F2+ R2-	none	none	none	none	none	none	none	none	none	none	none	none	none	none	none	none	none	none	none	none	none	none	none	none	none	none	none	none	none	none	none	none	none	none	none	none	none	none	none	none	none	none	none	none	none	none	none	none	none	none	none	none	none	none	none	none	none	none	none	none	none	none	none	none	none	none	none	none	none	none	none	none	none	none	none	none	none	none	none
PV232425.1	exp F2+ R2-	exp F2+ R3-	exp F2+ R2-	exp F2+ R3-	exp F2+ R1-	exp F2+ R2-	exp F2+ R1-	exp F2+ R2-	none	none	none	none	none	none	none	none	none	none	none	none	none	none	none	none	none	none	none	none	none	none	none	none	none	none	none	none	none	none	none	none	none	none	none	none	none	none	none	none	none	none	none	none	none	none	none	none	none	none	none	none	none	none	none	none	none	none	none	none	none	none	none	none	none	none	none	none	none	none	none	none	none	none	none	none	none	none	none
PV241703.1	none	exp F2+ R3-	none	exp F2+ R3-	none	exp F2+ R3-	none	exp F2+ R3-	none	none	none	none	none	none	none	none	none	none	none	none	none	none	none	none	none	none	none	none	none	none	none	none	none	none	none	none	none	none	none	none	none	none	none	none	none	none	none	none	none	none	none	none	none	none	none	none	none	none	none	none	none	none	none	none	none	none	none	none	none	none	none	none	none	none	none	none	none	none	none	none	none	none	none	none	none	none	none
PV266775.1	exp F1+ R2-	exp F1+ R3-	exp F1+ R2-	exp F1+ R3-	exp F1+ R1-	exp F1+ R2-	exp F1+ R1-	exp F1+ R2-	none	none	none	none	none	none	none	none	none	none	none	none	none	none	none	none	none	none	none	none	none	none	none	none	none	none	none	none	none	none	none	none	none	none	none	none	none	none	none	none	none	none	none	none	none	none	none	none	none	none	none	none	none	none	none	none	none	none	none	none	none	none	none	none	none	none	none	none	none	none	none	none	none	none	none	none	none	none	none
PV266776.1	exp F1+ R3-	exp F1+ R2-	exp F1+ R3-	exp F1+ R2-	exp F1+ R2-	exp F1+ R1-	exp F1+ R2-	exp F1+ R1-	none	none	none	none	none	none	none	none	none	none	none	none	none	none	none	none	none	none	none	none	none	none	none	none	none	none	none	none	none	none	none	none	none	none	none	none	none	none	none	none	none	none	none	none	none	none	none	none	none	none	none	none	none	none	none	none	none	none	none	none	none	none	none	none	none	none	none	none	none	none	none	none	none	none	none	none	none	none	none
PV275042.1	none	none	none	none	none	none	none	none	exp F3+ R3-	exp F3+ R2-	exp F3+ R3-	exp F3+ R2-	exp F3+ R3-	exp F3+ R2-	exp F3+ R3-	exp F3+ R2-	none	none	none	none	none	none	none	none	none	none	none	none	none	none	none	none	none	none	none	none	none	none	none	none	none	none	none	none	none	none	none	none	none	none	none	none	none	none	none	none	none	none	none	none	none	none	none	none	none	none	none	none	none	none	none	none	none	none	none	none	none	none	none	none	none	none	none	none	none	none	none
PV275043.1	none	none	none	none	none	none	none	none	none	none	none	none	none	none	none	none	none	none	none	none	none	none	none	none	exp F3+ R2-	exp F3+ R3-	exp F3+ R2-	exp F3+ R3-	exp F3+ R2-	exp F3+ R3-	exp F3+ R2-	exp F3+ R3-	none	none	none	none	none	none	none	none	none	none	none	none	none	none	none	none	none	none	none	none	none	none	none	none	none	none	none	none	none	none	none	none	none	none	none	none	none	none	none	none	none	none	none	none	none	none	none	none	none	none	none	none	none	none	none
PV275047.1	none	none	none	none	none	none	none	none	exp F3+ R2-	exp F3+ R3-	exp F3+ R2-	exp F3+ R3-	exp F3+ R2-	exp F3+ R3-	exp F3+ R2-	exp F3+ R3-	none	none	none	none	none	none	none	none	none	none	none	none	none	none	none	none	none	none	none	none	none	none	none	none	none	none	none	none	none	none	none	none	none	none	none	none	none	none	none	none	none	none	none	none	none	none	none	none	none	none	none	none	none	none	none	none	none	none	none	none	none	none	none	none	none	none	none	none	none	none	none
PV275049.1	exp F3+ R3-	exp F3+ R2-	exp F3+ R3-	exp F3+ R2-	exp F3+ R3-	exp F3+ R2-	exp F3+ R3-	exp F3+ R2-	none	none	none	none	none	none	none	none	none	none	none	none	none	none	none	none	none	none	none	none	none	none	none	none	none	none	none	none	none	none	none	none	none	none	none	none	none	none	none	none	none	none	none	none	none	none	none	none	none	none	none	none	none	none	none	none	none	none	none	none	none	none	none	none	none	none	none	none	none	none	none	none	none	none	none	none	none	none	none
PV275050.1	exp F3+ R2-	exp F3+ R3-	exp F3+ R2-	exp F3+ R3-	exp F3+ R2-	exp F3+ R3-	exp F3+ R2-	exp F3+ R3-	none	none	none	none	none	none	none	none	none	none	none	none	none	none	none	none	none	none	none	none	none	none	none	none	none	none	none	none	none	none	none	none	none	none	none	none	none	none	none	none	none	none	none	none	none	none	none	none	none	none	none	none	none	none	none	none	none	none	none	none	none	none	none	none	none	none	none	none	none	none	none	none	none	none	none	none	none	none	none
PV275051.1	none	none	none	none	none	none	none	none	exp F3+ R2-	exp F3+ R3-	exp F3+ R2-	exp F3+ R3-	exp F3+ R2-	exp F3+ R3-	exp F3+ R2-	exp F3+ R3-	none	none	none	none	none	none	none	none	none	none	none	none	none	none	none	none	none	none	none	none	none	none	none	none	none	none	none	none	none	none	none	none	none	none	none	none	none	none	none	none	none	none	none	none	none	none	none	none	none	none	none	none	none	none	none	none	none	none	none	none	none	none	none	none	none	none	none	none	none	none	none
PV275053.1	none	none	none	none	none	none	none	none	exp F3+ R3-	exp F3+ R2-	exp F3+ R3-	exp F3+ R2-	exp F3+ R3-	exp F3+ R2-	exp F3+ R3-	exp F3+ R2-	none	none	none	none	none	none	none	none	none	none	none	none	none	none	none	none	none	none	none	none	none	none	none	none	none	none	none	none	none	none	none	none	none	none	none	none	none	none	none	none	none	none	none	none	none	none	none	none	none	none	none	none	none	none	none	none	none	none	none	none	none	none	none	none	none	none	none	none	none	none	none
PV275054.1	none	none	none	none	none	none	none	none	none	none	none	none	none	none	none	none	none	none	none	none	none	none	none	none	exp F3+ R2-	exp F3+ R3-	exp F3+ R2-	exp F3+ R3-	exp F3+ R2-	exp F3+ R3-	exp F3+ R2-	exp F3+ R3-	none	none	none	none	none	none	none	none	none	none	none	none	none	none	none	none	none	none	none	none	none	none	none	none	none	none	none	none	none	none	none	none	none	none	none	none	none	none	none	none	none	none	none	none	none	none	none	none	none	none	none	none	none	none	none
PV275056.1	none	none	none	none	none	none	none	none	none	none	none	none	none	none	none	none	none	none	none	none	none	none	none	none	exp F3+ R2-	exp F3+ R3-	exp F3+ R2-	exp F3+ R3-	exp F3+ R2-	exp F3+ R3-	exp F3+ R2-	exp F3+ R3-	none	none	none	none	none	none	none	none	none	none	none	none	none	none	none	none	none	none	none	none	none	none	none	none	none	none	none	none	none	none	none	none	none	none	none	none	none	none	none	none	none	none	none	none	none	none	none	none	none	none	none	none	none	none	none
PV275058.1	none	none	none	none	none	none	none	none	exp F3+ R2-	exp F3+ R3-	exp F3+ R2-	exp F3+ R3-	exp F3+ R2-	exp F3+ R3-	exp F3+ R2-	exp F3+ R3-	none	none	none	none	none	none	none	none	none	none	none	none	none	none	none	none	none	none	none	none	none	none	none	none	none	none	none	none	none	none	none	none	none	none	none	none	none	none	none	none	none	none	none	none	none	none	none	none	none	none	none	none	none	none	none	none	none	none	none	none	none	none	none	none	none	none	none	none	none	none	none
PV275061.1	none	none	none	none	none	none	none	none	exp F3+ R3-	exp F3+ R2-	exp F3+ R3-	exp F3+ R2-	exp F3+ R3-	exp F3+ R2-	exp F3+ R3-	exp F3+ R2-	none	none	none	none	none	none	none	none	none	none	none	none	none	none	none	none	none	none	none	none	none	none	none	none	none	none	none	none	none	none	none	none	none	none	none	none	none	none	none	none	none	none	none	none	none	none	none	none	none	none	none	none	none	none	none	none	none	none	none	none	none	none	none	none	none	none	none	none	none	none	none
PV275063.1	exp F2+ R2-	exp F2+ R3-	exp F2+ R2-	exp F2+ R3-	exp F2+ R1-	exp F2+ R2-	exp F2+ R1-	exp F2+ R2-	none	none	none	none	none	none	none	none	none	none	none	none	none	none	none	none	none	none	none	none	none	none	none	none	none	none	none	none	none	none	none	none	none	none	none	none	none	none	none	none	none	none	none	none	none	none	none	none	none	none	none	none	none	none	none	none	none	none	none	none	none	none	none	none	none	none	none	none	none	none	none	none	none	none	none	none	none	none	none
PV275067.1	exp F2+ R2-	exp F2+ R3-	exp F2+ R2-	exp F2+ R3-	exp F2+ R1-	exp F2+ R2-	exp F2+ R1-	exp F2+ R2-	none	none	none	none	none	none	none	none	none	none	none	none	none	none	none	none	none	none	none	none	none	none	none	none	none	none	none	none	none	none	none	none	none	none	none	none	none	none	none	none	none	none	none	none	none	none	none	none	none	none	none	none	none	none	none	none	none	none	none	none	none	none	none	none	none	none	none	none	none	none	none	none	none	none	none	none	none	none	none
PV275068.1	none	none	none	none	none	none	none	none	exp F3+ R2-	exp F3+ R3-	exp F3+ R2-	exp F3+ R3-	exp F3+ R2-	exp F3+ R3-	exp F3+ R2-	exp F3+ R3-	none	none	none	none	none	none	none	none	none	none	none	none	none	none	none	none	none	none	none	none	none	none	none	none	none	none	none	none	none	none	none	none	none	none	none	none	none	none	none	none	none	none	none	none	none	none	none	none	none	none	none	none	none	none	none	none	none	none	none	none	none	none	none	none	none	none	none	none	none	none	none
PV275070.1	none	none	none	none	none	none	none	none	exp F3+ R2-	exp F3+ R3-	exp F3+ R2-	exp F3+ R3-	exp F3+ R2-	exp F3+ R3-	exp F3+ R2-	exp F3+ R3-	none	none	none	none	none	none	none	none	none	none	none	none	none	none	none	none	none	none	none	none	none	none	none	none	none	none	none	none	none	none	none	none	none	none	none	none	none	none	none	none	none	none	none	none	none	none	none	none	none	none	none	none	none	none	none	none	none	none	none	none	none	none	none	none	none	none	none	none	none	none	none
PV276960.1	exp F3+ R2-	exp F3+ R1-	exp F3+ R3-	exp F3+ R2-	exp F3+ R2-	exp F3+ R1-	exp F3+ R3-	exp F3+ R2-	none	none	none	none	none	none	none	none	none	none	none	none	none	none	none	none	none	none	none	none	none	none	none	none	none	none	none	none	none	none	none	none	none	none	none	none	none	none	none	none	none	none	none	none	none	none	none	none	none	none	none	none	none	none	none	none	none	none	none	none	none	none	none	none	none	none	none	none	none	none	none	none	none	none	none	none	none	none	none
PV276961.1	exp F3+ R2-	exp F3+ R1-	exp F3+ R3-	exp F3+ R2-	exp F3+ R2-	exp F3+ R1-	exp F3+ R3-	exp F3+ R2-	none	none	none	none	none	none	none	none	none	none	none	none	none	none	none	none	none	none	none	none	none	none	none	none	none	none	none	none	none	none	none	none	none	none	none	none	none	none	none	none	none	none	none	none	none	none	none	none	none	none	none	none	none	none	none	none	none	none	none	none	none	none	none	none	none	none	none	none	none	none	none	none	none	none	none	none	none	none	none
PV282508.1	exp F2+ R1-	exp F2+ R2-	exp F2+ R0-	exp F2+ R1-	exp F2+ R2-	exp F2+ R3-	exp F2+ R1-	exp F2+ R2-	none	none	none	none	none	none	none	none	none	none	none	none	none	none	none	none	none	none	none	none	none	none	none	none	none	none	none	none	none	none	none	none	none	none	none	none	none	none	none	none	none	none	none	none	none	none	none	none	none	none	none	none	none	none	none	none	none	none	none	none	none	none	none	none	none	none	none	none	none	none	none	none	none	none	none	none	none	none	none
PV282509.1	exp F2+ R3-	exp F2+ R2-	exp F2+ R3-	exp F2+ R2-	exp F2+ R3-	exp F2+ R2-	exp F2+ R3-	exp F2+ R2-	none	none	none	none	none	none	none	none	none	none	none	none	none	none	none	none	none	none	none	none	none	none	none	none	none	none	none	none	none	none	none	none	none	none	none	none	none	none	none	none	none	none	none	none	none	none	none	none	none	none	none	none	none	none	none	none	none	none	none	none	none	none	none	none	none	none	none	none	none	none	none	none	none	none	none	none	none	none	none
PV282512.1	exp F3+ R3-	exp F3+ R2-	exp F3+ R3-	exp F3+ R2-	exp F3+ R3-	exp F3+ R2-	exp F3+ R3-	exp F3+ R2-	none	none	none	none	none	none	none	none	none	none	none	none	none	none	none	none	none	none	none	none	none	none	none	none	none	none	none	none	none	none	none	none	none	none	none	none	none	none	none	none	none	none	none	none	none	none	none	none	none	none	none	none	none	none	none	none	none	none	none	none	none	none	none	none	none	none	none	none	none	none	none	none	none	none	none	none	none	none	none
PV282513.1	exp F3+ R3-	exp F3+ R2-	exp F3+ R3-	exp F3+ R2-	exp F3+ R3-	exp F3+ R2-	exp F3+ R3-	exp F3+ R2-	none	none	none	none	none	none	none	none	none	none	none	none	none	none	none	none	none	none	none	none	none	none	none	none	none	none	none	none	none	none	none	none	none	none	none	none	none	none	none	none	none	none	none	none	none	none	none	none	none	none	none	none	none	none	none	none	none	none	none	none	none	none	none	none	none	none	none	none	none	none	none	none	none	none	none	none	none	none	none
PV282514.1	exp F3+ R3-	exp F3+ R2-	exp F3+ R3-	exp F3+ R2-	exp F3+ R3-	exp F3+ R2-	exp F3+ R3-	exp F3+ R2-	none	none	none	none	none	none	none	none	none	none	none	none	none	none	none	none	none	none	none	none	none	none	none	none	none	none	none	none	none	none	none	none	none	none	none	none	none	none	none	none	none	none	none	none	none	none	none	none	none	none	none	none	none	none	none	none	none	none	none	none	none	none	none	none	none	none	none	none	none	none	none	none	none	none	none	none	none	none	none
PV282516.1	exp F3+ R3-	exp F3+ R2-	exp F3+ R3-	exp F3+ R2-	exp F3+ R3-	exp F3+ R2-	exp F3+ R3-	exp F3+ R2-	none	none	none	none	none	none	none	none	none	none	none	none	none	none	none	none	none	none	none	none	none	none	none	none	none	none	none	none	none	none	none	none	none	none	none	none	none	none	none	none	none	none	none	none	none	none	none	none	none	none	none	none	none	none	none	none	none	none	none	none	none	none	none	none	none	none	none	none	none	none	none	none	none	none	none	none	none	none	none
PV282517.1	exp F2+ R1-	exp F2+ R2-	exp F2+ R0-	exp F2+ R1-	exp F2+ R2-	exp F2+ R3-	exp F2+ R1-	exp F2+ R2-	none	none	none	none	none	none	none	none	none	none	none	none	none	none	none	none	none	none	none	none	none	none	none	none	none	none	none	none	none	none	none	none	none	none	none	none	none	none	none	none	none	none	none	none	none	none	none	none	none	none	none	none	none	none	none	none	none	none	none	none	none	none	none	none	none	none	none	none	none	none	none	none	none	none	none	none	none	none	none
PV282518.1	exp F2+ R1-	exp F2+ R2-	exp F2+ R0-	exp F2+ R1-	exp F2+ R2-	exp F2+ R3-	exp F2+ R1-	exp F2+ R2-	none	none	none	none	none	none	none	none	none	none	none	none	none	none	none	none	none	none	none	none	none	none	none	none	none	none	none	none	none	none	none	none	none	none	none	none	none	none	none	none	none	none	none	none	none	none	none	none	none	none	none	none	none	none	none	none	none	none	none	none	none	none	none	none	none	none	none	none	none	none	none	none	none	none	none	none	none	none	none
PV282519.1	exp F3+ R3-	exp F3+ R2-	exp F3+ R3-	exp F3+ R2-	exp F3+ R3-	exp F3+ R2-	exp F3+ R3-	exp F3+ R2-	none	none	none	none	none	none	none	none	none	none	none	none	none	none	none	none	none	none	none	none	none	none	none	none	none	none	none	none	none	none	none	none	none	none	none	none	none	none	none	none	none	none	none	none	none	none	none	none	none	none	none	none	none	none	none	none	none	none	none	none	none	none	none	none	none	none	none	none	none	none	none	none	none	none	none	none	none	none	none
PV282520.1	exp F3+ R2-	exp F3+ R3-	exp F3+ R2-	exp F3+ R3-	exp F3+ R2-	exp F3+ R3-	exp F3+ R2-	exp F3+ R3-	none	none	none	none	none	none	none	none	none	none	none	none	none	none	none	none	none	none	none	none	none	none	none	none	none	none	none	none	none	none	none	none	none	none	none	none	none	none	none	none	none	none	none	none	none	none	none	none	none	none	none	none	none	none	none	none	none	none	none	none	none	none	none	none	none	none	none	none	none	none	none	none	none	none	none	none	none	none	none
PV282522.1	exp F2+ R3-	exp F2+ R2-	exp F2+ R3-	exp F2+ R2-	exp F2+ R3-	exp F2+ R2-	exp F2+ R3-	exp F2+ R2-	none	none	none	none	none	none	none	none	none	none	none	none	none	none	none	none	none	none	none	none	none	none	none	none	none	none	none	none	none	none	none	none	none	none	none	none	none	none	none	none	none	none	none	none	none	none	none	none	none	none	none	none	none	none	none	none	none	none	none	none	none	none	none	none	none	none	none	none	none	none	none	none	none	none	none	none	none	none	none
PV282523.1	exp F2+ R1-	exp F2+ R2-	exp F2+ R0-	exp F2+ R1-	exp F2+ R2-	exp F2+ R3-	exp F2+ R1-	exp F2+ R2-	none	none	none	none	none	none	none	none	none	none	none	none	none	none	none	none	none	none	none	none	none	none	none	none	none	none	none	none	none	none	none	none	none	none	none	none	none	none	none	none	none	none	none	none	none	none	none	none	none	none	none	none	none	none	none	none	none	none	none	none	none	none	none	none	none	none	none	none	none	none	none	none	none	none	none	none	none	none	none
PV282524.1	none	none	none	none	none	none	none	none	none	none	none	none	none	none	none	none	none	none	none	none	none	none	none	none	exp F3+ R3-	exp F3+ R2-	exp F3+ R3-	exp F3+ R2-	exp F3+ R3-	exp F3+ R2-	exp F3+ R3-	exp F3+ R2-	none	none	none	none	none	none	none	none	none	none	none	none	none	none	none	none	none	none	none	none	none	none	none	none	none	none	none	none	none	none	none	none	none	none	none	none	none	none	none	none	none	none	none	none	none	none	none	none	none	none	none	none	none	none	none
PV282525.1	exp F3+ R3-	exp F3+ R2-	exp F3+ R3-	exp F3+ R2-	exp F3+ R3-	exp F3+ R2-	exp F3+ R3-	exp F3+ R2-	none	none	none	none	none	none	none	none	none	none	none	none	none	none	none	none	none	none	none	none	none	none	none	none	none	none	none	none	none	none	none	none	none	none	none	none	none	none	none	none	none	none	none	none	none	none	none	none	none	none	none	none	none	none	none	none	none	none	none	none	none	none	none	none	none	none	none	none	none	none	none	none	none	none	none	none	none	none	none
PV282526.1	exp F3+ R3-	exp F3+ R2-	exp F3+ R3-	exp F3+ R2-	exp F3+ R3-	exp F3+ R2-	exp F3+ R3-	exp F3+ R2-	none	none	none	none	none	none	none	none	none	none	none	none	none	none	none	none	none	none	none	none	none	none	none	none	none	none	none	none	none	none	none	none	none	none	none	none	none	none	none	none	none	none	none	none	none	none	none	none	none	none	none	none	none	none	none	none	none	none	none	none	none	none	none	none	none	none	none	none	none	none	none	none	none	none	none	none	none	none	none
PV282527.1	exp F3+ R3-	exp F3+ R2-	exp F3+ R3-	exp F3+ R2-	exp F3+ R3-	exp F3+ R2-	exp F3+ R3-	exp F3+ R2-	none	none	none	none	none	none	none	none	none	none	none	none	none	none	none	none	none	none	none	none	none	none	none	none	none	none	none	none	none	none	none	none	none	none	none	none	none	none	none	none	none	none	none	none	none	none	none	none	none	none	none	none	none	none	none	none	none	none	none	none	none	none	none	none	none	none	none	none	none	none	none	none	none	none	none	none	none	none	none
PV282528.1	exp F2+ R1-	exp F2+ R2-	exp F2+ R0-	exp F2+ R1-	exp F2+ R2-	exp F2+ R3-	exp F2+ R1-	exp F2+ R2-	none	none	none	none	none	none	none	none	none	none	none	none	none	none	none	none	none	none	none	none	none	none	none	none	none	none	none	none	none	none	none	none	none	none	none	none	none	none	none	none	none	none	none	none	none	none	none	none	none	none	none	none	none	none	none	none	none	none	none	none	none	none	none	none	none	none	none	none	none	none	none	none	none	none	none	none	none	none	none
PV282529.1	exp F2+ R1-	exp F2+ R2-	exp F2+ R0-	exp F2+ R1-	exp F2+ R2-	exp F2+ R3-	exp F2+ R1-	exp F2+ R2-	none	none	none	none	none	none	none	none	none	none	none	none	none	none	none	none	none	none	none	none	none	none	none	none	none	none	none	none	none	none	none	none	none	none	none	none	none	none	none	none	none	none	none	none	none	none	none	none	none	none	none	none	none	none	none	none	none	none	none	none	none	none	none	none	none	none	none	none	none	none	none	none	none	none	none	none	none	none	none
PV297972.1	none	none	exp F1+ R3-	none	exp F1+ R3-	none	exp F1+ R2-	exp F1+ R3-	none	none	none	none	none	none	none	none	none	none	none	none	none	none	none	none	none	none	none	none	none	none	none	none	none	none	none	none	none	none	none	none	none	none	none	none	none	none	none	none	none	none	none	none	none	none	none	none	none	none	none	none	none	none	none	none	none	none	none	none	none	none	none	none	none	none	none	none	none	none	none	none	none	none	none	none	none	none	none
PV394759.1	none	none	exp F3+ R3-	none	exp F3+ R3-	none	exp F3+ R2-	exp F3+ R3-	none	none	none	none	none	none	none	none	none	none	none	none	none	none	none	none	none	none	none	none	none	none	none	none	none	none	none	none	none	none	none	none	none	none	none	none	none	none	none	none	none	none	none	none	none	none	none	none	none	none	none	none	none	none	none	none	none	none	none	none	none	none	none	none	none	none	none	none	none	none	none	none	none	none	none	none	none	none	none
PV394760.1	none	none	exp F3+ R3-	none	exp F3+ R3-	none	exp F3+ R2-	exp F3+ R3-	none	none	none	none	none	none	none	none	none	none	none	none	none	none	none	none	none	none	none	none	none	none	none	none	none	none	none	none	none	none	none	none	none	none	none	none	none	none	none	none	none	none	none	none	none	none	none	none	none	none	none	none	none	none	none	none	none	none	none	none	none	none	none	none	none	none	none	none	none	none	none	none	none	none	none	none	none	none	none
PV394761.1	none	none	exp F3+ R3-	none	exp F3+ R3-	none	exp F3+ R2-	exp F3+ R3-	none	none	none	none	none	none	none	none	none	none	none	none	none	none	none	none	none	none	none	none	none	none	none	none	none	none	none	none	none	none	none	none	none	none	none	none	none	none	none	none	none	none	none	none	none	none	none	none	none	none	none	none	none	none	none	none	none	none	none	none	none	none	none	none	none	none	none	none	none	none	none	none	none	none	none	none	none	none	none
PV394762.1	none	none	exp F3+ R3-	none	exp F3+ R3-	none	exp F3+ R2-	exp F3+ R3-	none	none	none	none	none	none	none	none	none	none	none	none	none	none	none	none	none	none	none	none	none	none	none	none	none	none	none	none	none	none	none	none	none	none	none	none	none	none	none	none	none	none	none	none	none	none	none	none	none	none	none	none	none	none	none	none	none	none	none	none	none	none	none	none	none	none	none	none	none	none	none	none	none	none	none	none	none	none	none
PV394763.1	none	none	exp F3+ R3-	none	exp F3+ R3-	none	exp F3+ R2-	exp F3+ R3-	none	none	none	none	none	none	none	none	none	none	none	none	none	none	none	none	none	none	none	none	none	none	none	none	none	none	none	none	none	none	none	none	none	none	none	none	none	none	none	none	none	none	none	none	none	none	none	none	none	none	none	none	none	none	none	none	none	none	none	none	none	none	none	none	none	none	none	none	none	none	none	none	none	none	none	none	none	none	none
PV394764.1	exp F3+ R2-	exp F3+ R1-	exp F3+ R3-	exp F3+ R2-	exp F3+ R2-	exp F3+ R1-	exp F3+ R3-	exp F3+ R2-	none	none	none	none	none	none	none	none	none	none	none	none	none	none	none	none	none	none	none	none	none	none	none	none	none	none	none	none	none	none	none	none	none	none	none	none	none	none	none	none	none	none	none	none	none	none	none	none	none	none	none	none	none	none	none	none	none	none	none	none	none	none	none	none	none	none	none	none	none	none	none	none	none	none	none	none	none	none	none
PV394766.1	none	none	exp F3+ R3-	none	exp F3+ R3-	none	exp F3+ R2-	exp F3+ R3-	none	none	none	none	none	none	none	none	none	none	none	none	none	none	none	none	none	none	none	none	none	none	none	none	none	none	none	none	none	none	none	none	none	none	none	none	none	none	none	none	none	none	none	none	none	none	none	none	none	none	none	none	none	none	none	none	none	none	none	none	none	none	none	none	none	none	none	none	none	none	none	none	none	none	none	none	none	none	none
PV394767.1	none	none	exp F3+ R3-	none	exp F3+ R3-	none	exp F3+ R2-	exp F3+ R3-	none	none	none	none	none	none	none	none	none	none	none	none	none	none	none	none	none	none	none	none	none	none	none	none	none	none	none	none	none	none	none	none	none	none	none	none	none	none	none	none	none	none	none	none	none	none	none	none	none	none	none	none	none	none	none	none	none	none	none	none	none	none	none	none	none	none	none	none	none	none	none	none	none	none	none	none	none	none	none
PV394768.1	none	none	exp F3+ R3-	none	exp F3+ R3-	none	exp F3+ R2-	exp F3+ R3-	none	none	none	none	none	none	none	none	none	none	none	none	none	none	none	none	none	none	none	none	none	none	none	none	none	none	none	none	none	none	none	none	none	none	none	none	none	none	none	none	none	none	none	none	none	none	none	none	none	none	none	none	none	none	none	none	none	none	none	none	none	none	none	none	none	none	none	none	none	none	none	none	none	none	none	none	none	none	none
PV394769.1	exp F2+ R2-	exp F2+ R1-	exp F2+ R3-	exp F2+ R2-	exp F2+ R2-	exp F2+ R1-	exp F2+ R3-	exp F2+ R2-	none	none	none	none	none	none	none	none	none	none	none	none	none	none	none	none	none	none	none	none	none	none	none	none	none	none	none	none	none	none	none	none	none	none	none	none	none	none	none	none	none	none	none	none	none	none	none	none	none	none	none	none	none	none	none	none	none	none	none	none	none	none	none	none	none	none	none	none	none	none	none	none	none	none	none	none	none	none	none
PV394770.1	exp F3+ R1-	exp F3+ R2-	exp F3+ R1-	exp F3+ R2-	exp F3+ R2-	exp F3+ R3-	exp F3+ R2-	exp F3+ R3-	none	none	none	none	none	none	none	none	none	none	none	none	none	none	none	none	none	none	none	none	none	none	none	none	none	none	none	none	none	none	none	none	none	none	none	none	none	none	none	none	none	none	none	none	none	none	none	none	none	none	none	none	none	none	none	none	none	none	none	none	none	none	none	none	none	none	none	none	none	none	none	none	none	none	none	none	none	none	none
PQ196513.1	exp F3+ R3-	exp F3+ R2-	exp F3+ R3-	exp F3+ R2-	exp F3+ R2-	exp F3+ R1-	exp F3+ R2-	exp F3+ R1-	none	none	none	none	none	none	none	none	none	none	none	none	none	none	none	none	none	none	none	none	none	none	none	none	none	none	none	none	none	none	none	none	none	none	none	none	none	none	none	none	none	none	none	none	none	none	none	none	none	none	none	none	none	none	none	none	none	none	none	none	none	none	none	none	none	none	none	none	none	none	none	none	none	none	none	none	none	none	none
PQ196524.1	exp F3+ R3-	exp F3+ R2-	exp F3+ R3-	exp F3+ R2-	exp F3+ R2-	exp F3+ R1-	exp F3+ R2-	exp F3+ R1-	none	none	none	none	none	none	none	none	none	none	none	none	none	none	none	none	none	none	none	none	none	none	none	none	none	none	none	none	none	none	none	none	none	none	none	none	none	none	none	none	none	none	none	none	none	none	none	none	none	none	none	none	none	none	none	none	none	none	none	none	none	none	none	none	none	none	none	none	none	none	none	none	none	none	none	none	none	none	none
PQ196527.1	exp F3+ R3-	exp F3+ R2-	exp F3+ R3-	exp F3+ R2-	exp F3+ R2-	exp F3+ R1-	exp F3+ R2-	exp F3+ R1-	none	none	none	none	none	none	none	none	none	none	none	none	none	none	none	none	none	none	none	none	none	none	none	none	none	none	none	none	none	none	none	none	none	none	none	none	none	none	none	none	none	none	none	none	none	none	none	none	none	none	none	none	none	none	none	none	none	none	none	none	none	none	none	none	none	none	none	none	none	none	none	none	none	none	none	none	none	none	none
PQ196531.1	exp F3+ R3-	exp F3+ R2-	exp F3+ R3-	exp F3+ R2-	exp F3+ R2-	exp F3+ R1-	exp F3+ R2-	exp F3+ R1-	none	none	none	none	none	none	none	none	none	none	none	none	none	none	none	none	none	none	none	none	none	none	none	none	none	none	none	none	none	none	none	none	none	none	none	none	none	none	none	none	none	none	none	none	none	none	none	none	none	none	none	none	none	none	none	none	none	none	none	none	none	none	none	none	none	none	none	none	none	none	none	none	none	none	none	none	none	none	none
PQ196544.1	exp F3+ R3-	exp F3+ R2-	exp F3+ R3-	exp F3+ R2-	exp F3+ R2-	exp F3+ R1-	exp F3+ R2-	exp F3+ R1-	none	none	none	none	none	none	none	none	none	none	none	none	none	none	none	none	none	none	none	none	none	none	none	none	none	none	none	none	none	none	none	none	none	none	none	none	none	none	none	none	none	none	none	none	none	none	none	none	none	none	none	none	none	none	none	none	none	none	none	none	none	none	none	none	none	none	none	none	none	none	none	none	none	none	none	none	none	none	none
PQ196550.1	exp F3+ R3-	exp F3+ R2-	exp F3+ R3-	exp F3+ R2-	exp F3+ R2-	exp F3+ R1-	exp F3+ R2-	exp F3+ R1-	none	none	none	none	none	none	none	none	none	none	none	none	none	none	none	none	none	none	none	none	none	none	none	none	none	none	none	none	none	none	none	none	none	none	none	none	none	none	none	none	none	none	none	none	none	none	none	none	none	none	none	none	none	none	none	none	none	none	none	none	none	none	none	none	none	none	none	none	none	none	none	none	none	none	none	none	none	none	none
PQ207916.1	exp F2+ R3-	exp F2+ R2-	exp F2+ R3-	exp F2+ R2-	exp F2+ R3-	exp F2+ R2-	exp F2+ R3-	exp F2+ R2-	none	none	none	none	none	none	none	none	none	none	none	none	none	none	none	none	none	none	none	none	none	none	none	none	none	none	none	none	none	none	none	none	none	none	none	none	none	none	none	none	none	none	none	none	none	none	none	none	none	none	none	none	none	none	none	none	none	none	none	none	none	none	none	none	none	none	none	none	none	none	none	none	none	none	none	none	none	none	none
PQ207917.1	exp F2+ R3-	exp F2+ R2-	exp F2+ R3-	exp F2+ R2-	exp F2+ R3-	exp F2+ R2-	exp F2+ R3-	exp F2+ R2-	none	none	none	none	none	none	none	none	none	none	none	none	none	none	none	none	none	none	none	none	none	none	none	none	none	none	none	none	none	none	none	none	none	none	none	none	none	none	none	none	none	none	none	none	none	none	none	none	none	none	none	none	none	none	none	none	none	none	none	none	none	none	none	none	none	none	none	none	none	none	none	none	none	none	none	none	none	none	none
PQ209095.1	exp F3+ R3-	exp F3+ R2-	exp F3+ R3-	exp F3+ R2-	exp F3+ R3-	exp F3+ R2-	exp F3+ R3-	exp F3+ R2-	none	none	none	none	none	none	none	none	none	none	none	none	none	none	none	none	none	none	none	none	none	none	none	none	none	none	none	none	none	none	none	none	none	none	none	none	none	none	none	none	none	none	none	none	none	none	none	none	none	none	none	none	none	none	none	none	none	none	none	none	none	none	none	none	none	none	none	none	none	none	none	none	none	none	none	none	none	none	none
PQ209097.1	exp F3+ R3-	exp F3+ R2-	exp F3+ R3-	exp F3+ R2-	exp F3+ R2-	exp F3+ R1-	exp F3+ R2-	exp F3+ R1-	none	none	none	none	none	none	none	none	none	none	none	none	none	none	none	none	none	none	none	none	none	none	none	none	none	none	none	none	none	none	none	none	none	none	none	none	none	none	none	none	none	none	none	none	none	none	none	none	none	none	none	none	none	none	none	none	none	none	none	none	none	none	none	none	none	none	none	none	none	none	none	none	none	none	none	none	none	none	none
PQ209098.1	exp F3+ R3-	exp F3+ R2-	exp F3+ R3-	exp F3+ R2-	exp F3+ R2-	exp F3+ R1-	exp F3+ R2-	exp F3+ R1-	none	none	none	none	none	none	none	none	none	none	none	none	none	none	none	none	none	none	none	none	none	none	none	none	none	none	none	none	none	none	none	none	none	none	none	none	none	none	none	none	none	none	none	none	none	none	none	none	none	none	none	none	none	none	none	none	none	none	none	none	none	none	none	none	none	none	none	none	none	none	none	none	none	none	none	none	none	none	none
PQ209099.1	exp F3+ R3-	exp F3+ R2-	exp F3+ R3-	exp F3+ R2-	exp F3+ R3-	exp F3+ R2-	exp F3+ R3-	exp F3+ R2-	none	none	none	none	none	none	none	none	none	none	none	none	none	none	none	none	none	none	none	none	none	none	none	none	none	none	none	none	none	none	none	none	none	none	none	none	none	none	none	none	none	none	none	none	none	none	none	none	none	none	none	none	none	none	none	none	none	none	none	none	none	none	none	none	none	none	none	none	none	none	none	none	none	none	none	none	none	none	none
PQ209100.1	exp F3+ R3-	exp F3+ R2-	exp F3+ R3-	exp F3+ R2-	exp F3+ R3-	exp F3+ R2-	exp F3+ R3-	exp F3+ R2-	none	none	none	none	none	none	none	none	none	none	none	none	none	none	none	none	none	none	none	none	none	none	none	none	none	none	none	none	none	none	none	none	none	none	none	none	none	none	none	none	none	none	none	none	none	none	none	none	none	none	none	none	none	none	none	none	none	none	none	none	none	none	none	none	none	none	none	none	none	none	none	none	none	none	none	none	none	none	none
PQ209101.1	exp F3+ R3-	exp F3+ R2-	exp F3+ R3-	exp F3+ R2-	exp F3+ R2-	exp F3+ R1-	exp F3+ R2-	exp F3+ R1-	none	none	none	none	none	none	none	none	none	none	none	none	none	none	none	none	none	none	none	none	none	none	none	none	none	none	none	none	none	none	none	none	none	none	none	none	none	none	none	none	none	none	none	none	none	none	none	none	none	none	none	none	none	none	none	none	none	none	none	none	none	none	none	none	none	none	none	none	none	none	none	none	none	none	none	none	none	none	none
PQ209102.1	exp F3+ R3-	exp F3+ R2-	exp F3+ R3-	exp F3+ R2-	exp F3+ R2-	exp F3+ R1-	exp F3+ R2-	exp F3+ R1-	none	none	none	none	none	none	none	none	none	none	none	none	none	none	none	none	none	none	none	none	none	none	none	none	none	none	none	none	none	none	none	none	none	none	none	none	none	none	none	none	none	none	none	none	none	none	none	none	none	none	none	none	none	none	none	none	none	none	none	none	none	none	none	none	none	none	none	none	none	none	none	none	none	none	none	none	none	none	none
PQ209103.1	exp F3+ R3-	exp F3+ R2-	exp F3+ R3-	exp F3+ R2-	exp F3+ R2-	exp F3+ R1-	exp F3+ R2-	exp F3+ R1-	none	none	none	none	none	none	none	none	none	none	none	none	none	none	none	none	none	none	none	none	none	none	none	none	none	none	none	none	none	none	none	none	none	none	none	none	none	none	none	none	none	none	none	none	none	none	none	none	none	none	none	none	none	none	none	none	none	none	none	none	none	none	none	none	none	none	none	none	none	none	none	none	none	none	none	none	none	none	none
PQ209104.1	exp F3+ R3-	exp F3+ R2-	exp F3+ R3-	exp F3+ R2-	exp F3+ R2-	exp F3+ R1-	exp F3+ R2-	exp F3+ R1-	none	none	none	none	none	none	none	none	none	none	none	none	none	none	none	none	none	none	none	none	none	none	none	none	none	none	none	none	none	none	none	none	none	none	none	none	none	none	none	none	none	none	none	none	none	none	none	none	none	none	none	none	none	none	none	none	none	none	none	none	none	none	none	none	none	none	none	none	none	none	none	none	none	none	none	none	none	none	none
PQ209105.1	exp F3+ R3-	exp F3+ R2-	exp F3+ R3-	exp F3+ R2-	exp F3+ R2-	exp F3+ R1-	exp F3+ R2-	exp F3+ R1-	none	none	none	none	none	none	none	none	none	none	none	none	none	none	none	none	none	none	none	none	none	none	none	none	none	none	none	none	none	none	none	none	none	none	none	none	none	none	none	none	none	none	none	none	none	none	none	none	none	none	none	none	none	none	none	none	none	none	none	none	none	none	none	none	none	none	none	none	none	none	none	none	none	none	none	none	none	none	none
PQ209106.1	exp F3+ R3-	exp F3+ R2-	exp F3+ R3-	exp F3+ R2-	exp F3+ R2-	exp F3+ R1-	exp F3+ R2-	exp F3+ R1-	none	none	none	none	none	none	none	none	none	none	none	none	none	none	none	none	none	none	none	none	none	none	none	none	none	none	none	none	none	none	none	none	none	none	none	none	none	none	none	none	none	none	none	none	none	none	none	none	none	none	none	none	none	none	none	none	none	none	none	none	none	none	none	none	none	none	none	none	none	none	none	none	none	none	none	none	none	none	none
PQ209108.1	exp F3+ R3-	exp F3+ R2-	exp F3+ R3-	exp F3+ R2-	exp F3+ R2-	exp F3+ R1-	exp F3+ R2-	exp F3+ R1-	none	none	none	none	none	none	none	none	none	none	none	none	none	none	none	none	none	none	none	none	none	none	none	none	none	none	none	none	none	none	none	none	none	none	none	none	none	none	none	none	none	none	none	none	none	none	none	none	none	none	none	none	none	none	none	none	none	none	none	none	none	none	none	none	none	none	none	none	none	none	none	none	none	none	none	none	none	none	none
PQ209109.1	exp F3+ R3-	exp F3+ R2-	exp F3+ R3-	exp F3+ R2-	exp F3+ R2-	exp F3+ R1-	exp F3+ R2-	exp F3+ R1-	none	none	none	none	none	none	none	none	none	none	none	none	none	none	none	none	none	none	none	none	none	none	none	none	none	none	none	none	none	none	none	none	none	none	none	none	none	none	none	none	none	none	none	none	none	none	none	none	none	none	none	none	none	none	none	none	none	none	none	none	none	none	none	none	none	none	none	none	none	none	none	none	none	none	none	none	none	none	none
PQ213802.1	exp F3+ R3-	exp F3+ R2-	exp F3+ R3-	exp F3+ R2-	exp F3+ R3-	exp F3+ R2-	exp F3+ R3-	exp F3+ R2-	none	none	none	none	none	none	none	none	none	none	none	none	none	none	none	none	none	none	none	none	none	none	none	none	none	none	none	none	none	none	none	none	none	none	none	none	none	none	none	none	none	none	none	none	none	none	none	none	none	none	none	none	none	none	none	none	none	none	none	none	none	none	none	none	none	none	none	none	none	none	none	none	none	none	none	none	none	none	none
PQ213803.1	exp F3+ R3-	exp F3+ R2-	exp F3+ R3-	exp F3+ R2-	exp F3+ R3-	exp F3+ R2-	exp F3+ R3-	exp F3+ R2-	none	none	none	none	none	none	none	none	none	none	none	none	none	none	none	none	none	none	none	none	none	none	none	none	none	none	none	none	none	none	none	none	none	none	none	none	none	none	none	none	none	none	none	none	none	none	none	none	none	none	none	none	none	none	none	none	none	none	none	none	none	none	none	none	none	none	none	none	none	none	none	none	none	none	none	none	none	none	none
PQ213805.1	exp F3+ R3-	exp F3+ R2-	exp F3+ R3-	exp F3+ R2-	exp F3+ R3-	exp F3+ R2-	exp F3+ R3-	exp F3+ R2-	none	none	none	none	none	none	none	none	none	none	none	none	none	none	none	none	none	none	none	none	none	none	none	none	none	none	none	none	none	none	none	none	none	none	none	none	none	none	none	none	none	none	none	none	none	none	none	none	none	none	none	none	none	none	none	none	none	none	none	none	none	none	none	none	none	none	none	none	none	none	none	none	none	none	none	none	none	none	none
PQ214836.1	exp F3+ R3-	exp F3+ R2-	exp F3+ R3-	exp F3+ R2-	exp F3+ R3-	exp F3+ R2-	exp F3+ R3-	exp F3+ R2-	none	none	none	none	none	none	none	none	none	none	none	none	none	none	none	none	none	none	none	none	none	none	none	none	none	none	none	none	none	none	none	none	none	none	none	none	none	none	none	none	none	none	none	none	none	none	none	none	none	none	none	none	none	none	none	none	none	none	none	none	none	none	none	none	none	none	none	none	none	none	none	none	none	none	none	none	none	none	none
PQ218566.1	exp F3+ R3-	exp F3+ R2-	exp F3+ R3-	exp F3+ R2-	exp F3+ R3-	exp F3+ R2-	exp F3+ R3-	exp F3+ R2-	none	none	none	none	none	none	none	none	none	none	none	none	none	none	none	none	none	none	none	none	none	none	none	none	none	none	none	none	none	none	none	none	none	none	none	none	none	none	none	none	none	none	none	none	none	none	none	none	none	none	none	none	none	none	none	none	none	none	none	none	none	none	none	none	none	none	none	none	none	none	none	none	none	none	none	none	none	none	none
PQ218567.1	exp F3+ R3-	exp F3+ R2-	exp F3+ R3-	exp F3+ R2-	exp F3+ R3-	exp F3+ R2-	exp F3+ R3-	exp F3+ R2-	none	none	none	none	none	none	none	none	none	none	none	none	none	none	none	none	none	none	none	none	none	none	none	none	none	none	none	none	none	none	none	none	none	none	none	none	none	none	none	none	none	none	none	none	none	none	none	none	none	none	none	none	none	none	none	none	none	none	none	none	none	none	none	none	none	none	none	none	none	none	none	none	none	none	none	none	none	none	none
PQ218568.1	exp F3+ R3-	exp F3+ R2-	exp F3+ R3-	exp F3+ R2-	exp F3+ R3-	exp F3+ R2-	exp F3+ R3-	exp F3+ R2-	none	none	none	none	none	none	none	none	none	none	none	none	none	none	none	none	none	none	none	none	none	none	none	none	none	none	none	none	none	none	none	none	none	none	none	none	none	none	none	none	none	none	none	none	none	none	none	none	none	none	none	none	none	none	none	none	none	none	none	none	none	none	none	none	none	none	none	none	none	none	none	none	none	none	none	none	none	none	none
PQ218785.1	exp F3+ R3-	exp F3+ R2-	exp F3+ R3-	exp F3+ R2-	exp F3+ R2-	exp F3+ R1-	exp F3+ R2-	exp F3+ R1-	none	none	none	none	none	none	none	none	none	none	none	none	none	none	none	none	none	none	none	none	none	none	none	none	none	none	none	none	none	none	none	none	none	none	none	none	none	none	none	none	none	none	none	none	none	none	none	none	none	none	none	none	none	none	none	none	none	none	none	none	none	none	none	none	none	none	none	none	none	none	none	none	none	none	none	none	none	none	none
PQ218789.1	exp F3+ R1-	exp F3+ R2-	exp F3+ R1-	exp F3+ R2-	exp F3+ R2-	exp F3+ R3-	exp F3+ R2-	exp F3+ R3-	none	none	none	none	none	none	none	none	none	none	none	none	none	none	none	none	none	none	none	none	none	none	none	none	none	none	none	none	none	none	none	none	none	none	none	none	none	none	none	none	none	none	none	none	none	none	none	none	none	none	none	none	none	none	none	none	none	none	none	none	none	none	none	none	none	none	none	none	none	none	none	none	none	none	none	none	none	none	none
PQ218790.1	exp F3+ R1-	exp F3+ R2-	exp F3+ R1-	exp F3+ R2-	exp F3+ R2-	exp F3+ R3-	exp F3+ R2-	exp F3+ R3-	none	none	none	none	none	none	none	none	none	none	none	none	none	none	none	none	none	none	none	none	none	none	none	none	none	none	none	none	none	none	none	none	none	none	none	none	none	none	none	none	none	none	none	none	none	none	none	none	none	none	none	none	none	none	none	none	none	none	none	none	none	none	none	none	none	none	none	none	none	none	none	none	none	none	none	none	none	none	none
PQ219040.1	exp F3+ R3-	exp F3+ R2-	exp F3+ R3-	exp F3+ R2-	exp F3+ R3-	exp F3+ R2-	exp F3+ R3-	exp F3+ R2-	none	none	none	none	none	none	none	none	none	none	none	none	none	none	none	none	none	none	none	none	none	none	none	none	none	none	none	none	none	none	none	none	none	none	none	none	none	none	none	none	none	none	none	none	none	none	none	none	none	none	none	none	none	none	none	none	none	none	none	none	none	none	none	none	none	none	none	none	none	none	none	none	none	none	none	none	none	none	none
PQ219042.1	exp F2+ R3-	exp F2+ R2-	exp F2+ R3-	exp F2+ R2-	exp F2+ R3-	exp F2+ R2-	exp F2+ R3-	exp F2+ R2-	none	none	none	none	none	none	none	none	none	none	none	none	none	none	none	none	none	none	none	none	none	none	none	none	none	none	none	none	none	none	none	none	none	none	none	none	none	none	none	none	none	none	none	none	none	none	none	none	none	none	none	none	none	none	none	none	none	none	none	none	none	none	none	none	none	none	none	none	none	none	none	none	none	none	none	none	none	none	none
PQ273183.1	none	none	exp F3+ R3-	none	exp F3+ R3-	none	exp F3+ R2-	exp F3+ R3-	none	none	none	none	none	none	none	none	none	none	none	none	none	none	none	none	none	none	none	none	none	none	none	none	none	none	none	none	none	none	none	none	none	none	none	none	none	none	none	none	none	none	none	none	none	none	none	none	none	none	none	none	none	none	none	none	none	none	none	none	none	none	none	none	none	none	none	none	none	none	none	none	none	none	none	none	none	none	none
PQ273186.1	exp F3+ R3-	exp F3+ R2-	exp F3+ R3-	exp F3+ R2-	exp F3+ R3-	exp F3+ R2-	exp F3+ R3-	exp F3+ R2-	none	none	none	none	none	none	none	none	none	none	none	none	none	none	none	none	none	none	none	none	none	none	none	none	none	none	none	none	none	none	none	none	none	none	none	none	none	none	none	none	none	none	none	none	none	none	none	none	none	none	none	none	none	none	none	none	none	none	none	none	none	none	none	none	none	none	none	none	none	none	none	none	none	none	none	none	none	none	none
PQ273188.1	none	none	none	none	none	none	none	none	none	none	none	none	none	none	none	none	exp F3+ R3-	exp F3+ R2-	exp F3+ R2-	exp F3+ R1-	exp F3+ R3-	exp F3+ R2-	exp F3+ R2-	exp F3+ R1-	none	none	none	none	none	none	none	none	none	none	none	none	none	none	none	none	none	none	none	none	none	none	none	none	none	none	none	none	none	none	none	none	none	none	none	none	none	none	none	none	none	none	none	none	none	none	none	none	none	none	none	none	none	none	none	none	none	none	none	none	none	none	none
PQ273189.1	none	none	none	lin F2+	none	none	none	none	none	none	none	none	none	none	none	none	none	none	none	none	none	none	none	none	none	none	none	none	none	none	none	none	none	none	none	none	none	none	none	none	none	none	none	none	none	none	none	none	none	none	none	none	none	none	none	none	none	none	none	none	none	none	none	none	none	none	none	none	none	none	none	none	none	none	none	none	none	none	none	none	none	none	none	none	none	none	none
PQ273193.1	exp F3+ R3-	exp F3+ R2-	exp F3+ R2-	exp F3+ R1-	exp F3+ R3-	exp F3+ R2-	exp F3+ R2-	exp F3+ R1-	none	none	none	none	none	none	none	none	none	none	none	none	none	none	none	none	none	none	none	none	none	none	none	none	none	none	none	none	none	none	none	none	none	none	none	none	none	none	none	none	none	none	none	none	none	none	none	none	none	none	none	none	none	none	none	none	none	none	none	none	none	none	none	none	none	none	none	none	none	none	none	none	none	none	none	none	none	none	none
PQ273197.1	none	none	exp F3+ R3-	none	exp F3+ R3-	none	exp F3+ R2-	exp F3+ R3-	none	none	none	none	none	none	none	none	none	none	none	none	none	none	none	none	none	none	none	none	none	none	none	none	none	none	none	none	none	none	none	none	none	none	none	none	none	none	none	none	none	none	none	none	none	none	none	none	none	none	none	none	none	none	none	none	none	none	none	none	none	none	none	none	none	none	none	none	none	none	none	none	none	none	none	none	none	none	none
PQ273199.1	none	none	none	none	none	none	none	none	none	none	none	none	none	none	none	none	exp F3+ R3-	exp F3+ R2-	exp F3+ R2-	exp F3+ R1-	exp F3+ R3-	exp F3+ R2-	exp F3+ R2-	exp F3+ R1-	none	none	none	none	none	none	none	none	none	none	none	none	none	none	none	none	none	none	none	none	none	none	none	none	none	none	none	none	none	none	none	none	none	none	none	none	none	none	none	none	none	none	none	none	none	none	none	none	none	none	none	none	none	none	none	none	none	none	none	none	none	none	none
PQ304634.1	exp F3+ R1-	exp F3+ R2-	exp F3+ R1-	exp F3+ R2-	exp F3+ R2-	exp F3+ R3-	exp F3+ R2-	exp F3+ R3-	none	none	none	none	none	none	none	none	none	none	none	none	none	none	none	none	none	none	none	none	none	none	none	none	none	none	none	none	none	none	none	none	none	none	none	none	none	none	none	none	none	none	none	none	none	none	none	none	none	none	none	none	none	none	none	none	none	none	none	none	none	none	none	none	none	none	none	none	none	none	none	none	none	none	none	none	none	none	none
PQ308690.1	exp F2+ R2-	exp F2+ R1-	exp F2+ R3-	exp F2+ R2-	exp F2+ R2-	exp F2+ R1-	exp F2+ R3-	exp F2+ R2-	none	none	none	none	none	none	none	none	none	none	none	none	none	none	none	none	none	none	none	none	none	none	none	none	none	none	none	none	none	none	none	none	none	none	none	none	none	none	none	none	none	none	none	none	none	none	none	none	none	none	none	none	none	none	none	none	none	none	none	none	none	none	none	none	none	none	none	none	none	none	none	none	none	none	none	none	none	none	none
PQ310251.1	exp F3+ R2-	exp F3+ R1-	exp F3+ R3-	exp F3+ R2-	exp F3+ R2-	exp F3+ R1-	exp F3+ R3-	exp F3+ R2-	none	none	none	none	none	none	none	none	none	none	none	none	none	none	none	none	none	none	none	none	none	none	none	none	none	none	none	none	none	none	none	none	none	none	none	none	none	none	none	none	none	none	none	none	none	none	none	none	none	none	none	none	none	none	none	none	none	none	none	none	none	none	none	none	none	none	none	none	none	none	none	none	none	none	none	none	none	none	none
PQ310252.1	exp F3+ R2-	exp F3+ R1-	exp F3+ R3-	exp F3+ R2-	exp F3+ R2-	exp F3+ R1-	exp F3+ R3-	exp F3+ R2-	none	none	none	none	none	none	none	none	none	none	none	none	none	none	none	none	none	none	none	none	none	none	none	none	none	none	none	none	none	none	none	none	none	none	none	none	none	none	none	none	none	none	none	none	none	none	none	none	none	none	none	none	none	none	none	none	none	none	none	none	none	none	none	none	none	none	none	none	none	none	none	none	none	none	none	none	none	none	none
PQ336847.1	exp F3+ R2-	exp F3+ R1-	exp F3+ R3-	exp F3+ R2-	exp F3+ R2-	exp F3+ R1-	exp F3+ R3-	exp F3+ R2-	none	none	none	none	none	none	none	none	none	none	none	none	none	none	none	none	none	none	none	none	none	none	none	none	none	none	none	none	none	none	none	none	none	none	none	none	none	none	none	none	none	none	none	none	none	none	none	none	none	none	none	none	none	none	none	none	none	none	none	none	none	none	none	none	none	none	none	none	none	none	none	none	none	none	none	none	none	none	none
PQ336848.1	exp F3+ R2-	exp F3+ R1-	exp F3+ R3-	exp F3+ R2-	exp F3+ R2-	exp F3+ R1-	exp F3+ R3-	exp F3+ R2-	none	none	none	none	none	none	none	none	none	none	none	none	none	none	none	none	none	none	none	none	none	none	none	none	none	none	none	none	none	none	none	none	none	none	none	none	none	none	none	none	none	none	none	none	none	none	none	none	none	none	none	none	none	none	none	none	none	none	none	none	none	none	none	none	none	none	none	none	none	none	none	none	none	none	none	none	none	none	none
PQ336849.1	exp F3+ R2-	exp F3+ R1-	exp F3+ R3-	exp F3+ R2-	exp F3+ R2-	exp F3+ R1-	exp F3+ R3-	exp F3+ R2-	none	none	none	none	none	none	none	none	none	none	none	none	none	none	none	none	none	none	none	none	none	none	none	none	none	none	none	none	none	none	none	none	none	none	none	none	none	none	none	none	none	none	none	none	none	none	none	none	none	none	none	none	none	none	none	none	none	none	none	none	none	none	none	none	none	none	none	none	none	none	none	none	none	none	none	none	none	none	none
PQ336850.1	exp F3+ R2-	exp F3+ R1-	exp F3+ R3-	exp F3+ R2-	exp F3+ R2-	exp F3+ R1-	exp F3+ R3-	exp F3+ R2-	none	none	none	none	none	none	none	none	none	none	none	none	none	none	none	none	none	none	none	none	none	none	none	none	none	none	none	none	none	none	none	none	none	none	none	none	none	none	none	none	none	none	none	none	none	none	none	none	none	none	none	none	none	none	none	none	none	none	none	none	none	none	none	none	none	none	none	none	none	none	none	none	none	none	none	none	none	none	none
PQ336851.1	exp F3+ R2-	exp F3+ R1-	exp F3+ R3-	exp F3+ R2-	exp F3+ R2-	exp F3+ R1-	exp F3+ R3-	exp F3+ R2-	none	none	none	none	none	none	none	none	none	none	none	none	none	none	none	none	none	none	none	none	none	none	none	none	none	none	none	none	none	none	none	none	none	none	none	none	none	none	none	none	none	none	none	none	none	none	none	none	none	none	none	none	none	none	none	none	none	none	none	none	none	none	none	none	none	none	none	none	none	none	none	none	none	none	none	none	none	none	none
PQ336852.1	exp F3+ R2-	exp F3+ R1-	exp F3+ R3-	exp F3+ R2-	exp F3+ R2-	exp F3+ R1-	exp F3+ R3-	exp F3+ R2-	none	none	none	none	none	none	none	none	none	none	none	none	none	none	none	none	none	none	none	none	none	none	none	none	none	none	none	none	none	none	none	none	none	none	none	none	none	none	none	none	none	none	none	none	none	none	none	none	none	none	none	none	none	none	none	none	none	none	none	none	none	none	none	none	none	none	none	none	none	none	none	none	none	none	none	none	none	none	none
PQ336853.1	exp F3+ R2-	exp F3+ R1-	exp F3+ R3-	exp F3+ R2-	exp F3+ R2-	exp F3+ R1-	exp F3+ R3-	exp F3+ R2-	none	none	none	none	none	none	none	none	none	none	none	none	none	none	none	none	none	none	none	none	none	none	none	none	none	none	none	none	none	none	none	none	none	none	none	none	none	none	none	none	none	none	none	none	none	none	none	none	none	none	none	none	none	none	none	none	none	none	none	none	none	none	none	none	none	none	none	none	none	none	none	none	none	none	none	none	none	none	none
PQ336854.1	exp F3+ R2-	exp F3+ R1-	exp F3+ R3-	exp F3+ R2-	exp F3+ R2-	exp F3+ R1-	exp F3+ R3-	exp F3+ R2-	none	none	none	none	none	none	none	none	none	none	none	none	none	none	none	none	none	none	none	none	none	none	none	none	none	none	none	none	none	none	none	none	none	none	none	none	none	none	none	none	none	none	none	none	none	none	none	none	none	none	none	none	none	none	none	none	none	none	none	none	none	none	none	none	none	none	none	none	none	none	none	none	none	none	none	none	none	none	none
PQ336855.1	exp F3+ R2-	exp F3+ R1-	exp F3+ R3-	exp F3+ R2-	exp F3+ R2-	exp F3+ R1-	exp F3+ R3-	exp F3+ R2-	none	none	none	none	none	none	none	none	none	none	none	none	none	none	none	none	none	none	none	none	none	none	none	none	none	none	none	none	none	none	none	none	none	none	none	none	none	none	none	none	none	none	none	none	none	none	none	none	none	none	none	none	none	none	none	none	none	none	none	none	none	none	none	none	none	none	none	none	none	none	none	none	none	none	none	none	none	none	none
PQ336856.1	exp F3+ R2-	exp F3+ R1-	exp F3+ R3-	exp F3+ R2-	exp F3+ R2-	exp F3+ R1-	exp F3+ R3-	exp F3+ R2-	none	none	none	none	none	none	none	none	none	none	none	none	none	none	none	none	none	none	none	none	none	none	none	none	none	none	none	none	none	none	none	none	none	none	none	none	none	none	none	none	none	none	none	none	none	none	none	none	none	none	none	none	none	none	none	none	none	none	none	none	none	none	none	none	none	none	none	none	none	none	none	none	none	none	none	none	none	none	none
PQ336857.1	exp F3+ R2-	exp F3+ R1-	exp F3+ R3-	exp F3+ R2-	exp F3+ R2-	exp F3+ R1-	exp F3+ R3-	exp F3+ R2-	none	none	none	none	none	none	none	none	none	none	none	none	none	none	none	none	none	none	none	none	none	none	none	none	none	none	none	none	none	none	none	none	none	none	none	none	none	none	none	none	none	none	none	none	none	none	none	none	none	none	none	none	none	none	none	none	none	none	none	none	none	none	none	none	none	none	none	none	none	none	none	none	none	none	none	none	none	none	none
PQ336858.1	exp F3+ R2-	exp F3+ R1-	exp F3+ R3-	exp F3+ R2-	exp F3+ R2-	exp F3+ R1-	exp F3+ R3-	exp F3+ R2-	none	none	none	none	none	none	none	none	none	none	none	none	none	none	none	none	none	none	none	none	none	none	none	none	none	none	none	none	none	none	none	none	none	none	none	none	none	none	none	none	none	none	none	none	none	none	none	none	none	none	none	none	none	none	none	none	none	none	none	none	none	none	none	none	none	none	none	none	none	none	none	none	none	none	none	none	none	none	none
PQ336859.1	exp F3+ R2-	exp F3+ R1-	exp F3+ R3-	exp F3+ R2-	exp F3+ R2-	exp F3+ R1-	exp F3+ R3-	exp F3+ R2-	none	none	none	none	none	none	none	none	none	none	none	none	none	none	none	none	none	none	none	none	none	none	none	none	none	none	none	none	none	none	none	none	none	none	none	none	none	none	none	none	none	none	none	none	none	none	none	none	none	none	none	none	none	none	none	none	none	none	none	none	none	none	none	none	none	none	none	none	none	none	none	none	none	none	none	none	none	none	none
PQ336860.1	exp F3+ R2-	exp F3+ R1-	exp F3+ R3-	exp F3+ R2-	exp F3+ R2-	exp F3+ R1-	exp F3+ R3-	exp F3+ R2-	none	none	none	none	none	none	none	none	none	none	none	none	none	none	none	none	none	none	none	none	none	none	none	none	none	none	none	none	none	none	none	none	none	none	none	none	none	none	none	none	none	none	none	none	none	none	none	none	none	none	none	none	none	none	none	none	none	none	none	none	none	none	none	none	none	none	none	none	none	none	none	none	none	none	none	none	none	none	none
PQ336861.1	exp F3+ R2-	exp F3+ R1-	exp F3+ R3-	exp F3+ R2-	exp F3+ R2-	exp F3+ R1-	exp F3+ R3-	exp F3+ R2-	none	none	none	none	none	none	none	none	none	none	none	none	none	none	none	none	none	none	none	none	none	none	none	none	none	none	none	none	none	none	none	none	none	none	none	none	none	none	none	none	none	none	none	none	none	none	none	none	none	none	none	none	none	none	none	none	none	none	none	none	none	none	none	none	none	none	none	none	none	none	none	none	none	none	none	none	none	none	none
PQ336862.1	exp F3+ R2-	exp F3+ R1-	exp F3+ R3-	exp F3+ R2-	exp F3+ R2-	exp F3+ R1-	exp F3+ R3-	exp F3+ R2-	none	none	none	none	none	none	none	none	none	none	none	none	none	none	none	none	none	none	none	none	none	none	none	none	none	none	none	none	none	none	none	none	none	none	none	none	none	none	none	none	none	none	none	none	none	none	none	none	none	none	none	none	none	none	none	none	none	none	none	none	none	none	none	none	none	none	none	none	none	none	none	none	none	none	none	none	none	none	none
PQ336863.1	exp F3+ R2-	exp F3+ R1-	exp F3+ R3-	exp F3+ R2-	exp F3+ R2-	exp F3+ R1-	exp F3+ R3-	exp F3+ R2-	none	none	none	none	none	none	none	none	none	none	none	none	none	none	none	none	none	none	none	none	none	none	none	none	none	none	none	none	none	none	none	none	none	none	none	none	none	none	none	none	none	none	none	none	none	none	none	none	none	none	none	none	none	none	none	none	none	none	none	none	none	none	none	none	none	none	none	none	none	none	none	none	none	none	none	none	none	none	none
PQ336864.1	exp F3+ R2-	exp F3+ R1-	exp F3+ R3-	exp F3+ R2-	exp F3+ R2-	exp F3+ R1-	exp F3+ R3-	exp F3+ R2-	none	none	none	none	none	none	none	none	none	none	none	none	none	none	none	none	none	none	none	none	none	none	none	none	none	none	none	none	none	none	none	none	none	none	none	none	none	none	none	none	none	none	none	none	none	none	none	none	none	none	none	none	none	none	none	none	none	none	none	none	none	none	none	none	none	none	none	none	none	none	none	none	none	none	none	none	none	none	none
PQ336865.1	exp F3+ R2-	exp F3+ R1-	exp F3+ R3-	exp F3+ R2-	exp F3+ R2-	exp F3+ R1-	exp F3+ R3-	exp F3+ R2-	none	none	none	none	none	none	none	none	none	none	none	none	none	none	none	none	none	none	none	none	none	none	none	none	none	none	none	none	none	none	none	none	none	none	none	none	none	none	none	none	none	none	none	none	none	none	none	none	none	none	none	none	none	none	none	none	none	none	none	none	none	none	none	none	none	none	none	none	none	none	none	none	none	none	none	none	none	none	none
PQ336866.1	exp F3+ R2-	exp F3+ R1-	exp F3+ R3-	exp F3+ R2-	exp F3+ R2-	exp F3+ R1-	exp F3+ R3-	exp F3+ R2-	none	none	none	none	none	none	none	none	none	none	none	none	none	none	none	none	none	none	none	none	none	none	none	none	none	none	none	none	none	none	none	none	none	none	none	none	none	none	none	none	none	none	none	none	none	none	none	none	none	none	none	none	none	none	none	none	none	none	none	none	none	none	none	none	none	none	none	none	none	none	none	none	none	none	none	none	none	none	none
PQ336867.1	exp F3+ R2-	exp F3+ R1-	exp F3+ R3-	exp F3+ R2-	exp F3+ R2-	exp F3+ R1-	exp F3+ R3-	exp F3+ R2-	none	none	none	none	none	none	none	none	none	none	none	none	none	none	none	none	none	none	none	none	none	none	none	none	none	none	none	none	none	none	none	none	none	none	none	none	none	none	none	none	none	none	none	none	none	none	none	none	none	none	none	none	none	none	none	none	none	none	none	none	none	none	none	none	none	none	none	none	none	none	none	none	none	none	none	none	none	none	none
PQ336868.1	exp F3+ R2-	exp F3+ R1-	exp F3+ R3-	exp F3+ R2-	exp F3+ R2-	exp F3+ R1-	exp F3+ R3-	exp F3+ R2-	none	none	none	none	none	none	none	none	none	none	none	none	none	none	none	none	none	none	none	none	none	none	none	none	none	none	none	none	none	none	none	none	none	none	none	none	none	none	none	none	none	none	none	none	none	none	none	none	none	none	none	none	none	none	none	none	none	none	none	none	none	none	none	none	none	none	none	none	none	none	none	none	none	none	none	none	none	none	none
PQ336869.1	exp F3+ R2-	exp F3+ R1-	exp F3+ R3-	exp F3+ R2-	exp F3+ R2-	exp F3+ R1-	exp F3+ R3-	exp F3+ R2-	none	none	none	none	none	none	none	none	none	none	none	none	none	none	none	none	none	none	none	none	none	none	none	none	none	none	none	none	none	none	none	none	none	none	none	none	none	none	none	none	none	none	none	none	none	none	none	none	none	none	none	none	none	none	none	none	none	none	none	none	none	none	none	none	none	none	none	none	none	none	none	none	none	none	none	none	none	none	none
PQ336871.1	exp F3+ R2-	exp F3+ R1-	exp F3+ R3-	exp F3+ R2-	exp F3+ R2-	exp F3+ R1-	exp F3+ R3-	exp F3+ R2-	none	none	none	none	none	none	none	none	none	none	none	none	none	none	none	none	none	none	none	none	none	none	none	none	none	none	none	none	none	none	none	none	none	none	none	none	none	none	none	none	none	none	none	none	none	none	none	none	none	none	none	none	none	none	none	none	none	none	none	none	none	none	none	none	none	none	none	none	none	none	none	none	none	none	none	none	none	none	none
PQ336872.1	exp F3+ R2-	exp F3+ R1-	exp F3+ R3-	exp F3+ R2-	exp F3+ R2-	exp F3+ R1-	exp F3+ R3-	exp F3+ R2-	none	none	none	none	none	none	none	none	none	none	none	none	none	none	none	none	none	none	none	none	none	none	none	none	none	none	none	none	none	none	none	none	none	none	none	none	none	none	none	none	none	none	none	none	none	none	none	none	none	none	none	none	none	none	none	none	none	none	none	none	none	none	none	none	none	none	none	none	none	none	none	none	none	none	none	none	none	none	none
PQ336873.1	exp F3+ R2-	exp F3+ R1-	exp F3+ R3-	exp F3+ R2-	exp F3+ R2-	exp F3+ R1-	exp F3+ R3-	exp F3+ R2-	none	none	none	none	none	none	none	none	none	none	none	none	none	none	none	none	none	none	none	none	none	none	none	none	none	none	none	none	none	none	none	none	none	none	none	none	none	none	none	none	none	none	none	none	none	none	none	none	none	none	none	none	none	none	none	none	none	none	none	none	none	none	none	none	none	none	none	none	none	none	none	none	none	none	none	none	none	none	none
PQ336942.1	exp F3+ R2-	exp F3+ R1-	exp F3+ R3-	exp F3+ R2-	exp F3+ R2-	exp F3+ R1-	exp F3+ R3-	exp F3+ R2-	none	none	none	none	none	none	none	none	none	none	none	none	none	none	none	none	none	none	none	none	none	none	none	none	none	none	none	none	none	none	none	none	none	none	none	none	none	none	none	none	none	none	none	none	none	none	none	none	none	none	none	none	none	none	none	none	none	none	none	none	none	none	none	none	none	none	none	none	none	none	none	none	none	none	none	none	none	none	none
PQ336943.1	exp F3+ R2-	exp F3+ R1-	exp F3+ R3-	exp F3+ R2-	exp F3+ R2-	exp F3+ R1-	exp F3+ R3-	exp F3+ R2-	none	none	none	none	none	none	none	none	none	none	none	none	none	none	none	none	none	none	none	none	none	none	none	none	none	none	none	none	none	none	none	none	none	none	none	none	none	none	none	none	none	none	none	none	none	none	none	none	none	none	none	none	none	none	none	none	none	none	none	none	none	none	none	none	none	none	none	none	none	none	none	none	none	none	none	none	none	none	none
PQ336944.1	exp F3+ R2-	exp F3+ R1-	exp F3+ R3-	exp F3+ R2-	exp F3+ R2-	exp F3+ R1-	exp F3+ R3-	exp F3+ R2-	none	none	none	none	none	none	none	none	none	none	none	none	none	none	none	none	none	none	none	none	none	none	none	none	none	none	none	none	none	none	none	none	none	none	none	none	none	none	none	none	none	none	none	none	none	none	none	none	none	none	none	none	none	none	none	none	none	none	none	none	none	none	none	none	none	none	none	none	none	none	none	none	none	none	none	none	none	none	none
PQ336945.1	exp F3+ R2-	exp F3+ R1-	exp F3+ R3-	exp F3+ R2-	exp F3+ R2-	exp F3+ R1-	exp F3+ R3-	exp F3+ R2-	none	none	none	none	none	none	none	none	none	none	none	none	none	none	none	none	none	none	none	none	none	none	none	none	none	none	none	none	none	none	none	none	none	none	none	none	none	none	none	none	none	none	none	none	none	none	none	none	none	none	none	none	none	none	none	none	none	none	none	none	none	none	none	none	none	none	none	none	none	none	none	none	none	none	none	none	none	none	none
PQ373129.1	exp F3+ R2-	exp F3+ R1-	exp F3+ R3-	exp F3+ R2-	exp F3+ R2-	exp F3+ R1-	exp F3+ R3-	exp F3+ R2-	none	none	none	none	none	none	none	none	none	none	none	none	none	none	none	none	none	none	none	none	none	none	none	none	none	none	none	none	none	none	none	none	none	none	none	none	none	none	none	none	none	none	none	none	none	none	none	none	none	none	none	none	none	none	none	none	none	none	none	none	none	none	none	none	none	none	none	none	none	none	none	none	none	none	none	none	none	none	none
PQ373147.1	exp F3+ R2-	exp F3+ R1-	exp F3+ R3-	exp F3+ R2-	exp F3+ R2-	exp F3+ R1-	exp F3+ R3-	exp F3+ R2-	none	none	none	none	none	none	none	none	none	none	none	none	none	none	none	none	none	none	none	none	none	none	none	none	none	none	none	none	none	none	none	none	none	none	none	none	none	none	none	none	none	none	none	none	none	none	none	none	none	none	none	none	none	none	none	none	none	none	none	none	none	none	none	none	none	none	none	none	none	none	none	none	none	none	none	none	none	none	none
PQ461162.1	none	none	exp F2+ R3-	none	exp F2+ R3-	none	exp F2+ R2-	exp F2+ R3-	none	none	none	none	none	none	none	none	none	none	none	none	none	none	none	none	none	none	none	none	none	none	none	none	none	none	none	none	none	none	none	none	none	none	none	none	none	none	none	none	none	none	none	none	none	none	none	none	none	none	none	none	none	none	none	none	none	none	none	none	none	none	none	none	none	none	none	none	none	none	none	none	none	none	none	none	none	none	none
PQ461163.1	none	none	exp F2+ R3-	none	exp F2+ R3-	none	exp F2+ R2-	exp F2+ R3-	none	none	none	none	none	none	none	none	none	none	none	none	none	none	none	none	none	none	none	none	none	none	none	none	none	none	none	none	none	none	none	none	none	none	none	none	none	none	none	none	none	none	none	none	none	none	none	none	none	none	none	none	none	none	none	none	none	none	none	none	none	none	none	none	none	none	none	none	none	none	none	none	none	none	none	none	none	none	none
PQ475910.1	exp F3+ R3-	exp F3+ R2-	exp F3+ R3-	exp F3+ R2-	exp F3+ R3-	exp F3+ R2-	exp F3+ R3-	exp F3+ R2-	none	none	none	none	none	none	none	none	none	none	none	none	none	none	none	none	none	none	none	none	none	none	none	none	none	none	none	none	none	none	none	none	none	none	none	none	none	none	none	none	none	none	none	none	none	none	none	none	none	none	none	none	none	none	none	none	none	none	none	none	none	none	none	none	none	none	none	none	none	none	none	none	none	none	none	none	none	none	none
PQ507169.1	exp F3+ R2-	exp F3+ R1-	exp F3+ R2-	exp F3+ R1-	exp F3+ R3-	exp F3+ R2-	exp F3+ R3-	exp F3+ R2-	none	none	none	none	none	none	none	none	none	none	none	none	none	none	none	none	none	none	none	none	none	none	none	none	none	none	none	none	none	none	none	none	none	none	none	none	none	none	none	none	none	none	none	none	none	none	none	none	none	none	none	none	none	none	none	none	none	none	none	none	none	none	none	none	none	none	none	none	none	none	none	none	none	none	none	none	none	none	none
PQ507170.1	exp F3+ R3-	exp F3+ R2-	exp F3+ R3-	exp F3+ R2-	exp F3+ R3-	exp F3+ R2-	exp F3+ R3-	exp F3+ R2-	none	none	none	none	none	none	none	none	none	none	none	none	none	none	none	none	none	none	none	none	none	none	none	none	none	none	none	none	none	none	none	none	none	none	none	none	none	none	none	none	none	none	none	none	none	none	none	none	none	none	none	none	none	none	none	none	none	none	none	none	none	none	none	none	none	none	none	none	none	none	none	none	none	none	none	none	none	none	none
PQ507171.1	exp F3+ R3-	exp F3+ R2-	exp F3+ R3-	exp F3+ R2-	exp F3+ R3-	exp F3+ R2-	exp F3+ R3-	exp F3+ R2-	none	none	none	none	none	none	none	none	none	none	none	none	none	none	none	none	none	none	none	none	none	none	none	none	none	none	none	none	none	none	none	none	none	none	none	none	none	none	none	none	none	none	none	none	none	none	none	none	none	none	none	none	none	none	none	none	none	none	none	none	none	none	none	none	none	none	none	none	none	none	none	none	none	none	none	none	none	none	none
PQ507172.1	exp F3+ R3-	exp F3+ R2-	exp F3+ R3-	exp F3+ R2-	exp F3+ R3-	exp F3+ R2-	exp F3+ R3-	exp F3+ R2-	none	none	none	none	none	none	none	none	none	none	none	none	none	none	none	none	none	none	none	none	none	none	none	none	none	none	none	none	none	none	none	none	none	none	none	none	none	none	none	none	none	none	none	none	none	none	none	none	none	none	none	none	none	none	none	none	none	none	none	none	none	none	none	none	none	none	none	none	none	none	none	none	none	none	none	none	none	none	none
PP825703.1	none	none	exp F3+ R3-	none	exp F3+ R3-	none	exp F3+ R2-	exp F3+ R3-	none	none	none	none	none	none	none	none	none	none	none	none	none	none	none	none	none	none	none	none	none	none	none	none	none	none	none	none	none	none	none	none	none	none	none	none	none	none	none	none	none	none	none	none	none	none	none	none	none	none	none	none	none	none	none	none	none	none	none	none	none	none	none	none	none	none	none	none	none	none	none	none	none	none	none	none	none	none	none
PQ031233.1	exp F3+ R2-	exp F3+ R1-	exp F3+ R2-	exp F3+ R1-	exp F3+ R3-	exp F3+ R2-	exp F3+ R3-	exp F3+ R2-	none	none	none	none	none	none	none	none	none	none	none	none	none	none	none	none	none	none	none	none	none	none	none	none	none	none	none	none	none	none	none	none	none	none	none	none	none	none	none	none	none	none	none	none	none	none	none	none	none	none	none	none	none	none	none	none	none	none	none	none	none	none	none	none	none	none	none	none	none	none	none	none	none	none	none	none	none	none	none
PQ031234.1	exp F2+ R2-	exp F2+ R1-	exp F2+ R3-	exp F2+ R2-	exp F2+ R2-	exp F2+ R1-	exp F2+ R3-	exp F2+ R2-	none	none	none	none	none	none	none	none	none	none	none	none	none	none	none	none	none	none	none	none	none	none	none	none	none	none	none	none	none	none	none	none	none	none	none	none	none	none	none	none	none	none	none	none	none	none	none	none	none	none	none	none	none	none	none	none	none	none	none	none	none	none	none	none	none	none	none	none	none	none	none	none	none	none	none	none	none	none	none
PQ046323.1	none	none	none	lin F3+	none	none	none	none	none	none	none	none	none	none	none	none	none	none	none	none	none	none	none	none	none	none	none	none	none	none	none	none	none	none	none	none	none	none	none	none	none	none	none	none	none	none	none	none	none	none	none	none	none	none	none	none	none	none	none	none	none	none	none	none	none	none	none	none	none	none	none	none	none	none	none	none	none	none	none	none	none	none	none	none	none	none	none
PQ195878.1	exp F3+ R3-	exp F3+ R2-	exp F3+ R3-	exp F3+ R2-	exp F3+ R3-	exp F3+ R2-	exp F3+ R3-	exp F3+ R2-	none	none	none	none	none	none	none	none	none	none	none	none	none	none	none	none	none	none	none	none	none	none	none	none	none	none	none	none	none	none	none	none	none	none	none	none	none	none	none	none	none	none	none	none	none	none	none	none	none	none	none	none	none	none	none	none	none	none	none	none	none	none	none	none	none	none	none	none	none	none	none	none	none	none	none	none	none	none	none
PQ195898.1	exp F3+ R3-	exp F3+ R2-	exp F3+ R3-	exp F3+ R2-	exp F3+ R2-	exp F3+ R1-	exp F3+ R2-	exp F3+ R1-	none	none	none	none	none	none	none	none	none	none	none	none	none	none	none	none	none	none	none	none	none	none	none	none	none	none	none	none	none	none	none	none	none	none	none	none	none	none	none	none	none	none	none	none	none	none	none	none	none	none	none	none	none	none	none	none	none	none	none	none	none	none	none	none	none	none	none	none	none	none	none	none	none	none	none	none	none	none	none
PP423019.1	exp F3+ R2-	exp F3+ R1-	exp F3+ R3-	exp F3+ R2-	exp F3+ R2-	exp F3+ R1-	exp F3+ R3-	exp F3+ R2-	none	none	none	none	none	none	none	none	none	none	none	none	none	none	none	none	none	none	none	none	none	none	none	none	none	none	none	none	none	none	none	none	none	none	none	none	none	none	none	none	none	none	none	none	none	none	none	none	none	none	none	none	none	none	none	none	none	none	none	none	none	none	none	none	none	none	none	none	none	none	none	none	none	none	none	none	none	none	none
PP423020.1	exp F3+ R2-	exp F3+ R1-	exp F3+ R3-	exp F3+ R2-	exp F3+ R2-	exp F3+ R1-	exp F3+ R3-	exp F3+ R2-	none	none	none	none	none	none	none	none	none	none	none	none	none	none	none	none	none	none	none	none	none	none	none	none	none	none	none	none	none	none	none	none	none	none	none	none	none	none	none	none	none	none	none	none	none	none	none	none	none	none	none	none	none	none	none	none	none	none	none	none	none	none	none	none	none	none	none	none	none	none	none	none	none	none	none	none	none	none	none
PP576343.1	exp F2+ R3-	exp F2+ R2-	exp F2+ R3-	exp F2+ R2-	exp F2+ R3-	exp F2+ R2-	exp F2+ R3-	exp F2+ R2-	none	none	none	none	none	none	none	none	none	none	none	none	none	none	none	none	none	none	none	none	none	none	none	none	none	none	none	none	none	none	none	none	none	none	none	none	none	none	none	none	none	none	none	none	none	none	none	none	none	none	none	none	none	none	none	none	none	none	none	none	none	none	none	none	none	none	none	none	none	none	none	none	none	none	none	none	none	none	none
PP580690.1	exp F3+ R2-	exp F3+ R1-	exp F3+ R3-	exp F3+ R2-	exp F3+ R2-	exp F3+ R1-	exp F3+ R3-	exp F3+ R2-	none	none	none	none	none	none	none	none	none	none	none	none	none	none	none	none	none	none	none	none	none	none	none	none	none	none	none	none	none	none	none	none	none	none	none	none	none	none	none	none	none	none	none	none	none	none	none	none	none	none	none	none	none	none	none	none	none	none	none	none	none	none	none	none	none	none	none	none	none	none	none	none	none	none	none	none	none	none	none
PP587394.1	none	none	exp F2+ R3-	none	exp F2+ R3-	none	exp F2+ R2-	exp F2+ R3-	none	none	none	none	none	none	none	none	none	none	none	none	none	none	none	none	none	none	none	none	none	none	none	none	none	none	none	none	none	none	none	none	none	none	none	none	none	none	none	none	none	none	none	none	none	none	none	none	none	none	none	none	none	none	none	none	none	none	none	none	none	none	none	none	none	none	none	none	none	none	none	none	none	none	none	none	none	none	none
PP645198.1	exp F2+ R2-	exp F2+ R3-	exp F2+ R1-	exp F2+ R2-	exp F2+ R2-	exp F2+ R3-	exp F2+ R1-	exp F2+ R2-	none	none	none	none	none	none	none	none	none	none	none	none	none	none	none	none	none	none	none	none	none	none	none	none	none	none	none	none	none	none	none	none	none	none	none	none	none	none	none	none	none	none	none	none	none	none	none	none	none	none	none	none	none	none	none	none	none	none	none	none	none	none	none	none	none	none	none	none	none	none	none	none	none	none	none	none	none	none	none
PP658556.1	none	none	exp F2+ R3-	none	exp F2+ R3-	none	exp F2+ R2-	exp F2+ R3-	none	none	none	none	none	none	none	none	none	none	none	none	none	none	none	none	none	none	none	none	none	none	none	none	none	none	none	none	none	none	none	none	none	none	none	none	none	none	none	none	none	none	none	none	none	none	none	none	none	none	none	none	none	none	none	none	none	none	none	none	none	none	none	none	none	none	none	none	none	none	none	none	none	none	none	none	none	none	none
PP658558.1	none	exp F3+ R2-	none	exp F3+ R2-	none	exp F3+ R3-	none	exp F3+ R3-	none	none	none	none	none	none	none	none	none	none	none	none	none	none	none	none	none	none	none	none	none	none	none	none	none	none	none	none	none	none	none	none	none	none	none	none	none	none	none	none	none	none	none	none	none	none	none	none	none	none	none	none	none	none	none	none	none	none	none	none	none	none	none	none	none	none	none	none	none	none	none	none	none	none	none	none	none	none	none
PP661666.1	exp F3+ R1-	exp F3+ R2-	exp F3+ R0-	exp F3+ R1-	exp F3+ R2-	exp F3+ R3-	exp F3+ R1-	exp F3+ R2-	none	none	none	none	none	none	none	none	none	none	none	none	none	none	none	none	none	none	none	none	none	none	none	none	none	none	none	none	none	none	none	none	none	none	none	none	none	none	none	none	none	none	none	none	none	none	none	none	none	none	none	none	none	none	none	none	none	none	none	none	none	none	none	none	none	none	none	none	none	none	none	none	none	none	none	none	none	none	none
OR793073.1	exp F3+ R2-	exp F3+ R3-	exp F3+ R2-	exp F3+ R3-	exp F3+ R2-	exp F3+ R3-	exp F3+ R2-	exp F3+ R3-	none	none	none	none	none	none	none	none	none	none	none	none	none	none	none	none	none	none	none	none	none	none	none	none	none	none	none	none	none	none	none	none	none	none	none	none	none	none	none	none	none	none	none	none	none	none	none	none	none	none	none	none	none	none	none	none	none	none	none	none	none	none	none	none	none	none	none	none	none	none	none	none	none	none	none	none	none	none	none
OR793074.1	exp F3+ R2-	exp F3+ R3-	exp F3+ R2-	exp F3+ R3-	exp F3+ R2-	exp F3+ R3-	exp F3+ R2-	exp F3+ R3-	none	none	none	none	none	none	none	none	none	none	none	none	none	none	none	none	none	none	none	none	none	none	none	none	none	none	none	none	none	none	none	none	none	none	none	none	none	none	none	none	none	none	none	none	none	none	none	none	none	none	none	none	none	none	none	none	none	none	none	none	none	none	none	none	none	none	none	none	none	none	none	none	none	none	none	none	none	none	none
OR793075.1	exp F3+ R3-	exp F3+ R2-	exp F3+ R3-	exp F3+ R2-	exp F3+ R3-	exp F3+ R2-	exp F3+ R3-	exp F3+ R2-	none	none	none	none	none	none	none	none	none	none	none	none	none	none	none	none	none	none	none	none	none	none	none	none	none	none	none	none	none	none	none	none	none	none	none	none	none	none	none	none	none	none	none	none	none	none	none	none	none	none	none	none	none	none	none	none	none	none	none	none	none	none	none	none	none	none	none	none	none	none	none	none	none	none	none	none	none	none	none
OR793076.1	exp F3+ R3-	exp F3+ R2-	exp F3+ R3-	exp F3+ R2-	exp F3+ R3-	exp F3+ R2-	exp F3+ R3-	exp F3+ R2-	none	none	none	none	none	none	none	none	none	none	none	none	none	none	none	none	none	none	none	none	none	none	none	none	none	none	none	none	none	none	none	none	none	none	none	none	none	none	none	none	none	none	none	none	none	none	none	none	none	none	none	none	none	none	none	none	none	none	none	none	none	none	none	none	none	none	none	none	none	none	none	none	none	none	none	none	none	none	none
OR793077.1	exp F3+ R3-	exp F3+ R2-	exp F3+ R3-	exp F3+ R2-	exp F3+ R3-	exp F3+ R2-	exp F3+ R3-	exp F3+ R2-	none	none	none	none	none	none	none	none	none	none	none	none	none	none	none	none	none	none	none	none	none	none	none	none	none	none	none	none	none	none	none	none	none	none	none	none	none	none	none	none	none	none	none	none	none	none	none	none	none	none	none	none	none	none	none	none	none	none	none	none	none	none	none	none	none	none	none	none	none	none	none	none	none	none	none	none	none	none	none
OR793079.1	none	none	none	none	none	none	none	none	none	none	none	none	none	none	none	none	exp F3+ R3-	exp F3+ R2-	exp F3+ R3-	exp F3+ R2-	exp F3+ R3-	exp F3+ R2-	exp F3+ R3-	exp F3+ R2-	none	none	none	none	none	none	none	none	none	none	none	none	none	none	none	none	none	none	none	none	none	none	none	none	none	none	none	none	none	none	none	none	none	none	none	none	none	none	none	none	none	none	none	none	none	none	none	none	none	none	none	none	none	none	none	none	none	none	none	none	none	none	none
OR793080.1	none	none	exp F3+ R3-	none	exp F3+ R3-	none	exp F3+ R2-	exp F3+ R3-	none	none	none	none	none	none	none	none	none	none	none	none	none	none	none	none	none	none	none	none	none	none	none	none	none	none	none	none	none	none	none	none	none	none	none	none	none	none	none	none	none	none	none	none	none	none	none	none	none	none	none	none	none	none	none	none	none	none	none	none	none	none	none	none	none	none	none	none	none	none	none	none	none	none	none	none	none	none	none
OR793081.1	exp F3+ R1-	exp F3+ R2-	exp F3+ R0-	exp F3+ R1-	exp F3+ R2-	exp F3+ R3-	exp F3+ R1-	exp F3+ R2-	none	none	none	none	none	none	none	none	none	none	none	none	none	none	none	none	none	none	none	none	none	none	none	none	none	none	none	none	none	none	none	none	none	none	none	none	none	none	none	none	none	none	none	none	none	none	none	none	none	none	none	none	none	none	none	none	none	none	none	none	none	none	none	none	none	none	none	none	none	none	none	none	none	none	none	none	none	none	none
OR793085.1	exp F3+ R3-	exp F3+ R2-	exp F3+ R2-	exp F3+ R1-	exp F3+ R3-	exp F3+ R2-	exp F3+ R2-	exp F3+ R1-	none	none	none	none	none	none	none	none	none	none	none	none	none	none	none	none	none	none	none	none	none	none	none	none	none	none	none	none	none	none	none	none	none	none	none	none	none	none	none	none	none	none	none	none	none	none	none	none	none	none	none	none	none	none	none	none	none	none	none	none	none	none	none	none	none	none	none	none	none	none	none	none	none	none	none	none	none	none	none
OR793095.1	none	none	none	none	none	none	none	none	none	none	none	none	none	none	none	none	exp F3+ R3-	exp F3+ R2-	exp F3+ R2-	exp F3+ R1-	exp F3+ R3-	exp F3+ R2-	exp F3+ R2-	exp F3+ R1-	none	none	none	none	none	none	none	none	none	none	none	none	none	none	none	none	none	none	none	none	none	none	none	none	none	none	none	none	none	none	none	none	none	none	none	none	none	none	none	none	none	none	none	none	none	none	none	none	none	none	none	none	none	none	none	none	none	none	none	none	none	none	none
OR793096.1	exp F3+ R2-	exp F3+ R1-	exp F3+ R1-	exp F3+ R0-	exp F3+ R3-	exp F3+ R2-	exp F3+ R2-	exp F3+ R1-	none	none	none	none	none	none	none	none	none	none	none	none	none	none	none	none	none	none	none	none	none	none	none	none	none	none	none	none	none	none	none	none	none	none	none	none	none	none	none	none	none	none	none	none	none	none	none	none	none	none	none	none	none	none	none	none	none	none	none	none	none	none	none	none	none	none	none	none	none	none	none	none	none	none	none	none	none	none	none
OR793103.1	none	none	exp F3+ R3-	none	exp F3+ R3-	none	exp F3+ R2-	exp F3+ R3-	none	none	none	none	none	none	none	none	none	none	none	none	none	none	none	none	none	none	none	none	none	none	none	none	none	none	none	none	none	none	none	none	none	none	none	none	none	none	none	none	none	none	none	none	none	none	none	none	none	none	none	none	none	none	none	none	none	none	none	none	none	none	none	none	none	none	none	none	none	none	none	none	none	none	none	none	none	none	none
OR797346.1	none	none	exp F3+ R3-	none	exp F3+ R3-	none	exp F3+ R2-	exp F3+ R3-	none	none	none	none	none	none	none	none	none	none	none	none	none	none	none	none	none	none	none	none	none	none	none	none	none	none	none	none	none	none	none	none	none	none	none	none	none	none	none	none	none	none	none	none	none	none	none	none	none	none	none	none	none	none	none	none	none	none	none	none	none	none	none	none	none	none	none	none	none	none	none	none	none	none	none	none	none	none	none
OR797347.1	none	none	exp F3+ R3-	none	exp F3+ R3-	none	exp F3+ R2-	exp F3+ R3-	none	none	none	none	none	none	none	none	none	none	none	none	none	none	none	none	none	none	none	none	none	none	none	none	none	none	none	none	none	none	none	none	none	none	none	none	none	none	none	none	none	none	none	none	none	none	none	none	none	none	none	none	none	none	none	none	none	none	none	none	none	none	none	none	none	none	none	none	none	none	none	none	none	none	none	none	none	none	none
OR797348.1	none	none	exp F3+ R3-	none	exp F3+ R3-	none	exp F3+ R2-	exp F3+ R3-	none	none	none	none	none	none	none	none	none	none	none	none	none	none	none	none	none	none	none	none	none	none	none	none	none	none	none	none	none	none	none	none	none	none	none	none	none	none	none	none	none	none	none	none	none	none	none	none	none	none	none	none	none	none	none	none	none	none	none	none	none	none	none	none	none	none	none	none	none	none	none	none	none	none	none	none	none	none	none
OR797349.1	none	none	none	none	lin R2-	none	none	none	none	none	none	none	none	none	none	none	none	none	none	none	none	none	none	none	none	none	none	none	none	none	none	none	none	none	none	none	none	none	none	none	lin R1-	none	none	lin R1-	none	none	lin R1-	lin R2-	none	none	none	none	none	none	none	none	none	none	none	none	none	none	none	none	none	none	none	none	lin R2-	none	none	none	none	lin R0-	none	none	none	none	none	none	none	none	none	none	none	none	none
OR797350.1	none	none	exp F3+ R3-	none	exp F3+ R3-	none	exp F3+ R2-	exp F3+ R3-	none	none	none	none	none	none	none	none	none	none	none	none	none	none	none	none	none	none	none	none	none	none	none	none	none	none	none	none	none	none	none	none	none	none	none	none	none	none	none	none	none	none	none	none	none	none	none	none	none	none	none	none	none	none	none	none	none	none	none	none	none	none	none	none	none	none	none	none	none	none	none	none	none	none	none	none	none	none	none
OR797351.1	none	none	exp F3+ R3-	none	exp F3+ R3-	none	exp F3+ R2-	exp F3+ R3-	none	none	none	none	none	none	none	none	none	none	none	none	none	none	none	none	none	none	none	none	none	none	none	none	none	none	none	none	none	none	none	none	none	none	none	none	none	none	none	none	none	none	none	none	none	none	none	none	none	none	none	none	none	none	none	none	none	none	none	none	none	none	none	none	none	none	none	none	none	none	none	none	none	none	none	none	none	none	none
OR797473.1	none	none	none	none	lin R2-	none	none	none	none	none	none	none	none	none	none	none	none	none	none	none	none	none	none	none	none	none	none	none	none	none	none	none	none	none	none	none	none	none	none	none	lin R1-	none	none	lin R1-	none	none	lin R1-	lin R2-	none	none	none	none	none	none	none	none	none	none	none	none	none	none	none	none	none	none	none	none	lin R2-	none	none	none	none	lin R0-	none	none	none	none	none	none	none	none	none	none	none	none	none
OR797474.1	none	none	exp F3+ R3-	none	exp F3+ R3-	none	exp F3+ R2-	exp F3+ R3-	none	none	none	none	none	none	none	none	none	none	none	none	none	none	none	none	none	none	none	none	none	none	none	none	none	none	none	none	none	none	none	none	none	none	none	none	none	none	none	none	none	none	none	none	none	none	none	none	none	none	none	none	none	none	none	none	none	none	none	none	none	none	none	none	none	none	none	none	none	none	none	none	none	none	none	none	none	none	none
OR797477.1	none	none	exp F3+ R3-	none	exp F3+ R3-	none	exp F3+ R2-	exp F3+ R3-	none	none	none	none	none	none	none	none	none	none	none	none	none	none	none	none	none	none	none	none	none	none	none	none	none	none	none	none	none	none	none	none	none	none	none	none	none	none	none	none	none	none	none	none	none	none	none	none	none	none	none	none	none	none	none	none	none	none	none	none	none	none	none	none	none	none	none	none	none	none	none	none	none	none	none	none	none	none	none
PP267268.1	none	none	none	none	none	none	none	none	none	none	none	none	none	none	none	none	exp F3+ R3-	exp F3+ R2-	exp F3+ R2-	exp F3+ R1-	exp F3+ R3-	exp F3+ R2-	exp F3+ R2-	exp F3+ R1-	none	none	none	none	none	none	none	none	none	none	none	none	none	none	none	none	none	none	none	none	none	none	none	none	none	none	none	none	none	none	none	none	none	none	none	none	none	none	none	none	none	none	none	none	none	none	none	none	none	none	none	none	none	none	none	none	none	none	none	none	none	none	none
PP267269.1	exp F3+ R3-	exp F3+ R2-	exp F3+ R3-	exp F3+ R2-	exp F3+ R3-	exp F3+ R2-	exp F3+ R3-	exp F3+ R2-	none	none	none	none	none	none	none	none	none	none	none	none	none	none	none	none	none	none	none	none	none	none	none	none	none	none	none	none	none	none	none	none	none	none	none	none	none	none	none	none	none	none	none	none	none	none	none	none	none	none	none	none	none	none	none	none	none	none	none	none	none	none	none	none	none	none	none	none	none	none	none	none	none	none	none	none	none	none	none
PP267270.1	none	none	none	none	none	none	none	none	none	none	none	none	none	none	none	none	exp F3+ R3-	exp F3+ R2-	exp F3+ R2-	exp F3+ R1-	exp F3+ R3-	exp F3+ R2-	exp F3+ R2-	exp F3+ R1-	none	none	none	none	none	none	none	none	none	none	none	none	none	none	none	none	none	none	none	none	none	none	none	none	none	none	none	none	none	none	none	none	none	none	none	none	none	none	none	none	none	none	none	none	none	none	none	none	none	none	none	none	none	none	none	none	none	none	none	none	none	none	none
PP267271.1	none	none	none	none	none	none	none	none	none	none	none	none	none	none	none	none	none	none	none	none	none	none	none	none	none	none	none	none	none	none	none	none	exp F3+ R1-	exp F3+ R2-	exp F3+ R0-	exp F3+ R1-	exp F3+ R2-	exp F3+ R3-	exp F3+ R1-	exp F3+ R2-	none	none	none	none	none	none	none	none	none	none	none	none	none	none	none	none	none	none	none	none	none	none	none	none	none	none	none	none	none	none	none	none	none	none	none	none	none	none	none	none	none	none	none	none	none	none	none
PP267272.1	exp F3+ R3-	exp F3+ R2-	exp F3+ R3-	exp F3+ R2-	exp F3+ R3-	exp F3+ R2-	exp F3+ R3-	exp F3+ R2-	none	none	none	none	none	none	none	none	none	none	none	none	none	none	none	none	none	none	none	none	none	none	none	none	none	none	none	none	none	none	none	none	none	none	none	none	none	none	none	none	none	none	none	none	none	none	none	none	none	none	none	none	none	none	none	none	none	none	none	none	none	none	none	none	none	none	none	none	none	none	none	none	none	none	none	none	none	none	none
PP267273.1	exp F2+ R1-	exp F2+ R2-	exp F2+ R0-	exp F2+ R1-	exp F2+ R2-	exp F2+ R3-	exp F2+ R1-	exp F2+ R2-	none	none	none	none	none	none	none	none	none	none	none	none	none	none	none	none	none	none	none	none	none	none	none	none	none	none	none	none	none	none	none	none	none	none	none	none	none	none	none	none	none	none	none	none	none	none	none	none	none	none	none	none	none	none	none	none	none	none	none	none	none	none	none	none	none	none	none	none	none	none	none	none	none	none	none	none	none	none	none
PP267274.1	exp F3+ R1-	exp F3+ R2-	exp F3+ R0-	exp F3+ R1-	exp F3+ R2-	exp F3+ R3-	exp F3+ R1-	exp F3+ R2-	none	none	none	none	none	none	none	none	none	none	none	none	none	none	none	none	none	none	none	none	none	none	none	none	none	none	none	none	none	none	none	none	none	none	none	none	none	none	none	none	none	none	none	none	none	none	none	none	none	none	none	none	none	none	none	none	none	none	none	none	none	none	none	none	none	none	none	none	none	none	none	none	none	none	none	none	none	none	none
PP267275.1	exp F3+ R3-	exp F3+ R2-	exp F3+ R3-	exp F3+ R2-	exp F3+ R3-	exp F3+ R2-	exp F3+ R3-	exp F3+ R2-	none	none	none	none	none	none	none	none	none	none	none	none	none	none	none	none	none	none	none	none	none	none	none	none	none	none	none	none	none	none	none	none	none	none	none	none	none	none	none	none	none	none	none	none	none	none	none	none	none	none	none	none	none	none	none	none	none	none	none	none	none	none	none	none	none	none	none	none	none	none	none	none	none	none	none	none	none	none	none
PP267276.1	exp F3+ R2-	exp F3+ R1-	exp F3+ R3-	exp F3+ R2-	exp F3+ R2-	exp F3+ R1-	exp F3+ R3-	exp F3+ R2-	none	none	none	none	none	none	none	none	none	none	none	none	none	none	none	none	none	none	none	none	none	none	none	none	none	none	none	none	none	none	none	none	none	none	none	none	none	none	none	none	none	none	none	none	none	none	none	none	none	none	none	none	none	none	none	none	none	none	none	none	none	none	none	none	none	none	none	none	none	none	none	none	none	none	none	none	none	none	none
PP267277.1	exp F3+ R2-	exp F3+ R1-	exp F3+ R3-	exp F3+ R2-	exp F3+ R2-	exp F3+ R1-	exp F3+ R3-	exp F3+ R2-	none	none	none	none	none	none	none	none	none	none	none	none	none	none	none	none	none	none	none	none	none	none	none	none	none	none	none	none	none	none	none	none	none	none	none	none	none	none	none	none	none	none	none	none	none	none	none	none	none	none	none	none	none	none	none	none	none	none	none	none	none	none	none	none	none	none	none	none	none	none	none	none	none	none	none	none	none	none	none
PP267278.1	exp F3+ R2-	exp F3+ R1-	exp F3+ R3-	exp F3+ R2-	exp F3+ R2-	exp F3+ R1-	exp F3+ R3-	exp F3+ R2-	none	none	none	none	none	none	none	none	none	none	none	none	none	none	none	none	none	none	none	none	none	none	none	none	none	none	none	none	none	none	none	none	none	none	none	none	none	none	none	none	none	none	none	none	none	none	none	none	none	none	none	none	none	none	none	none	none	none	none	none	none	none	none	none	none	none	none	none	none	none	none	none	none	none	none	none	none	none	none
PP267280.1	exp F3+ R2-	exp F3+ R1-	exp F3+ R3-	exp F3+ R2-	exp F3+ R2-	exp F3+ R1-	exp F3+ R3-	exp F3+ R2-	none	none	none	none	none	none	none	none	none	none	none	none	none	none	none	none	none	none	none	none	none	none	none	none	none	none	none	none	none	none	none	none	none	none	none	none	none	none	none	none	none	none	none	none	none	none	none	none	none	none	none	none	none	none	none	none	none	none	none	none	none	none	none	none	none	none	none	none	none	none	none	none	none	none	none	none	none	none	none
PP267281.1	exp F3+ R2-	exp F3+ R1-	exp F3+ R3-	exp F3+ R2-	exp F3+ R2-	exp F3+ R1-	exp F3+ R3-	exp F3+ R2-	none	none	none	none	none	none	none	none	none	none	none	none	none	none	none	none	none	none	none	none	none	none	none	none	none	none	none	none	none	none	none	none	none	none	none	none	none	none	none	none	none	none	none	none	none	none	none	none	none	none	none	none	none	none	none	none	none	none	none	none	none	none	none	none	none	none	none	none	none	none	none	none	none	none	none	none	none	none	none
PP267282.1	exp F3+ R2-	exp F3+ R1-	exp F3+ R3-	exp F3+ R2-	exp F3+ R2-	exp F3+ R1-	exp F3+ R3-	exp F3+ R2-	none	none	none	none	none	none	none	none	none	none	none	none	none	none	none	none	none	none	none	none	none	none	none	none	none	none	none	none	none	none	none	none	none	none	none	none	none	none	none	none	none	none	none	none	none	none	none	none	none	none	none	none	none	none	none	none	none	none	none	none	none	none	none	none	none	none	none	none	none	none	none	none	none	none	none	none	none	none	none
PP267283.1	exp F3+ R2-	exp F3+ R1-	exp F3+ R3-	exp F3+ R2-	exp F3+ R2-	exp F3+ R1-	exp F3+ R3-	exp F3+ R2-	none	none	none	none	none	none	none	none	none	none	none	none	none	none	none	none	none	none	none	none	none	none	none	none	none	none	none	none	none	none	none	none	none	none	none	none	none	none	none	none	none	none	none	none	none	none	none	none	none	none	none	none	none	none	none	none	none	none	none	none	none	none	none	none	none	none	none	none	none	none	none	none	none	none	none	none	none	none	none
PP267286.1	exp F3+ R2-	exp F3+ R1-	exp F3+ R3-	exp F3+ R2-	exp F3+ R2-	exp F3+ R1-	exp F3+ R3-	exp F3+ R2-	none	none	none	none	none	none	none	none	none	none	none	none	none	none	none	none	none	none	none	none	none	none	none	none	none	none	none	none	none	none	none	none	none	none	none	none	none	none	none	none	none	none	none	none	none	none	none	none	none	none	none	none	none	none	none	none	none	none	none	none	none	none	none	none	none	none	none	none	none	none	none	none	none	none	none	none	none	none	none
PP267287.1	exp F3+ R2-	exp F3+ R1-	exp F3+ R3-	exp F3+ R2-	exp F3+ R2-	exp F3+ R1-	exp F3+ R3-	exp F3+ R2-	none	none	none	none	none	none	none	none	none	none	none	none	none	none	none	none	none	none	none	none	none	none	none	none	none	none	none	none	none	none	none	none	none	none	none	none	none	none	none	none	none	none	none	none	none	none	none	none	none	none	none	none	none	none	none	none	none	none	none	none	none	none	none	none	none	none	none	none	none	none	none	none	none	none	none	none	none	none	none
PP267289.1	exp F3+ R2-	exp F3+ R1-	exp F3+ R3-	exp F3+ R2-	exp F3+ R2-	exp F3+ R1-	exp F3+ R3-	exp F3+ R2-	none	none	none	none	none	none	none	none	none	none	none	none	none	none	none	none	none	none	none	none	none	none	none	none	none	none	none	none	none	none	none	none	none	none	none	none	none	none	none	none	none	none	none	none	none	none	none	none	none	none	none	none	none	none	none	none	none	none	none	none	none	none	none	none	none	none	none	none	none	none	none	none	none	none	none	none	none	none	none
PP267290.1	exp F3+ R2-	exp F3+ R1-	exp F3+ R3-	exp F3+ R2-	exp F3+ R2-	exp F3+ R1-	exp F3+ R3-	exp F3+ R2-	none	none	none	none	none	none	none	none	none	none	none	none	none	none	none	none	none	none	none	none	none	none	none	none	none	none	none	none	none	none	none	none	none	none	none	none	none	none	none	none	none	none	none	none	none	none	none	none	none	none	none	none	none	none	none	none	none	none	none	none	none	none	none	none	none	none	none	none	none	none	none	none	none	none	none	none	none	none	none
PP267291.1	exp F3+ R2-	exp F3+ R1-	exp F3+ R3-	exp F3+ R2-	exp F3+ R2-	exp F3+ R1-	exp F3+ R3-	exp F3+ R2-	none	none	none	none	none	none	none	none	none	none	none	none	none	none	none	none	none	none	none	none	none	none	none	none	none	none	none	none	none	none	none	none	none	none	none	none	none	none	none	none	none	none	none	none	none	none	none	none	none	none	none	none	none	none	none	none	none	none	none	none	none	none	none	none	none	none	none	none	none	none	none	none	none	none	none	none	none	none	none
PP267292.1	exp F3+ R2-	exp F3+ R1-	exp F3+ R3-	exp F3+ R2-	exp F3+ R2-	exp F3+ R1-	exp F3+ R3-	exp F3+ R2-	none	none	none	none	none	none	none	none	none	none	none	none	none	none	none	none	none	none	none	none	none	none	none	none	none	none	none	none	none	none	none	none	none	none	none	none	none	none	none	none	none	none	none	none	none	none	none	none	none	none	none	none	none	none	none	none	none	none	none	none	none	none	none	none	none	none	none	none	none	none	none	none	none	none	none	none	none	none	none
PP267293.1	exp F3+ R2-	exp F3+ R1-	exp F3+ R3-	exp F3+ R2-	exp F3+ R2-	exp F3+ R1-	exp F3+ R3-	exp F3+ R2-	none	none	none	none	none	none	none	none	none	none	none	none	none	none	none	none	none	none	none	none	none	none	none	none	none	none	none	none	none	none	none	none	none	none	none	none	none	none	none	none	none	none	none	none	none	none	none	none	none	none	none	none	none	none	none	none	none	none	none	none	none	none	none	none	none	none	none	none	none	none	none	none	none	none	none	none	none	none	none
PP267294.1	exp F3+ R2-	exp F3+ R1-	exp F3+ R3-	exp F3+ R2-	exp F3+ R2-	exp F3+ R1-	exp F3+ R3-	exp F3+ R2-	none	none	none	none	none	none	none	none	none	none	none	none	none	none	none	none	none	none	none	none	none	none	none	none	none	none	none	none	none	none	none	none	none	none	none	none	none	none	none	none	none	none	none	none	none	none	none	none	none	none	none	none	none	none	none	none	none	none	none	none	none	none	none	none	none	none	none	none	none	none	none	none	none	none	none	none	none	none	none
PP267295.1	exp F3+ R2-	exp F3+ R1-	exp F3+ R3-	exp F3+ R2-	exp F3+ R2-	exp F3+ R1-	exp F3+ R3-	exp F3+ R2-	none	none	none	none	none	none	none	none	none	none	none	none	none	none	none	none	none	none	none	none	none	none	none	none	none	none	none	none	none	none	none	none	none	none	none	none	none	none	none	none	none	none	none	none	none	none	none	none	none	none	none	none	none	none	none	none	none	none	none	none	none	none	none	none	none	none	none	none	none	none	none	none	none	none	none	none	none	none	none
PP267296.1	exp F3+ R2-	exp F3+ R1-	exp F3+ R3-	exp F3+ R2-	exp F3+ R2-	exp F3+ R1-	exp F3+ R3-	exp F3+ R2-	none	none	none	none	none	none	none	none	none	none	none	none	none	none	none	none	none	none	none	none	none	none	none	none	none	none	none	none	none	none	none	none	none	none	none	none	none	none	none	none	none	none	none	none	none	none	none	none	none	none	none	none	none	none	none	none	none	none	none	none	none	none	none	none	none	none	none	none	none	none	none	none	none	none	none	none	none	none	none
PP267297.1	none	none	none	none	none	none	none	none	none	none	none	none	none	none	none	none	exp F3+ R3-	exp F3+ R2-	exp F3+ R2-	exp F3+ R1-	exp F3+ R3-	exp F3+ R2-	exp F3+ R2-	exp F3+ R1-	none	none	none	none	none	none	none	none	none	none	none	none	none	none	none	none	none	none	none	none	none	none	none	none	none	none	none	none	none	none	none	none	none	none	none	none	none	none	none	none	none	none	none	none	none	none	none	none	none	none	none	none	none	none	none	none	none	none	none	none	none	none	none
PP267299.1	none	none	none	none	none	none	none	none	none	none	none	none	none	none	none	none	exp F3+ R3-	exp F3+ R2-	exp F3+ R2-	exp F3+ R1-	exp F3+ R3-	exp F3+ R2-	exp F3+ R2-	exp F3+ R1-	none	none	none	none	none	none	none	none	none	none	none	none	none	none	none	none	none	none	none	none	none	none	none	none	none	none	none	none	none	none	none	none	none	none	none	none	none	none	none	none	none	none	none	none	none	none	none	none	none	none	none	none	none	none	none	none	none	none	none	none	none	none	none
OR687156.1	exp F3+ R1-	exp F3+ R2-	exp F3+ R2-	exp F3+ R3-	exp F3+ R0-	exp F3+ R1-	exp F3+ R1-	exp F3+ R2-	none	none	none	none	none	none	none	none	none	none	none	none	none	none	none	none	none	none	none	none	none	none	none	none	none	none	none	none	none	none	none	none	none	none	none	none	none	none	none	none	none	none	none	none	none	none	none	none	none	none	none	none	none	none	none	none	none	none	none	none	none	none	none	none	none	none	none	none	none	none	none	none	none	none	none	none	none	none	none
OR700747.1	exp F1+ R2-	exp F1+ R3-	exp F1+ R2-	exp F1+ R3-	exp F1+ R1-	exp F1+ R2-	exp F1+ R1-	exp F1+ R2-	none	none	none	none	none	none	none	none	none	none	none	none	none	none	none	none	none	none	none	none	none	none	none	none	none	none	none	none	none	none	none	none	none	none	none	none	none	none	none	none	none	none	none	none	none	none	none	none	none	none	none	none	none	none	none	none	none	none	none	none	none	none	none	none	none	none	none	none	none	none	none	none	none	none	none	none	none	none	none
OR086127.1	exp F3+ R3-	exp F3+ R2-	exp F3+ R3-	exp F3+ R2-	exp F3+ R3-	exp F3+ R2-	exp F3+ R3-	exp F3+ R2-	none	none	none	none	none	none	none	none	none	none	none	none	none	none	none	none	none	none	none	none	none	none	none	none	none	none	none	none	none	none	none	none	none	none	none	none	none	none	none	none	none	none	none	none	none	none	none	none	none	none	none	none	none	none	none	none	none	none	none	none	none	none	none	none	none	none	none	none	none	none	none	none	none	none	none	none	none	none	none
OR262327.1	none	none	none	none	none	none	none	none	exp F3+ R2-	exp F3+ R3-	exp F3+ R2-	exp F3+ R3-	exp F3+ R2-	exp F3+ R3-	exp F3+ R2-	exp F3+ R3-	none	none	none	none	none	none	none	none	none	none	none	none	none	none	none	none	none	none	none	none	none	none	none	none	none	none	none	none	none	none	none	none	none	none	none	none	none	none	none	none	none	none	none	none	none	none	none	none	none	none	none	none	none	none	none	none	none	none	none	none	none	none	none	none	none	none	none	none	none	none	none
OR262328.1	none	none	none	none	none	none	none	none	none	none	none	none	none	none	none	none	none	none	none	none	none	none	none	none	exp F3+ R3-	exp F3+ R2-	exp F3+ R3-	exp F3+ R2-	exp F3+ R3-	exp F3+ R2-	exp F3+ R3-	exp F3+ R2-	none	none	none	none	none	none	none	none	none	none	none	none	none	none	none	none	none	none	none	none	none	none	none	none	none	none	none	none	none	none	none	none	none	none	none	none	none	none	none	none	none	none	none	none	none	none	none	none	none	none	none	none	none	none	none
OR262329.1	none	none	none	none	none	none	none	none	none	none	none	none	none	none	none	none	none	none	none	none	none	none	none	none	exp F3+ R3-	exp F3+ R2-	exp F3+ R3-	exp F3+ R2-	exp F3+ R3-	exp F3+ R2-	exp F3+ R3-	exp F3+ R2-	none	none	none	none	none	none	none	none	none	none	none	none	none	none	none	none	none	none	none	none	none	none	none	none	none	none	none	none	none	none	none	none	none	none	none	none	none	none	none	none	none	none	none	none	none	none	none	none	none	none	none	none	none	none	none
OR463468.1	none	none	none	none	none	none	none	none	none	none	none	none	none	none	none	none	exp F3+ R3-	exp F3+ R2-	exp F3+ R2-	exp F3+ R1-	exp F3+ R3-	exp F3+ R2-	exp F3+ R2-	exp F3+ R1-	none	none	none	none	none	none	none	none	none	none	none	none	none	none	none	none	none	none	none	none	none	none	none	none	none	none	none	none	none	none	none	none	none	none	none	none	none	none	none	none	none	none	none	none	none	none	none	none	none	none	none	none	none	none	none	none	none	none	none	none	none	none	none
OR463469.1	none	none	none	none	none	none	none	none	none	none	none	none	none	none	none	none	exp F3+ R3-	exp F3+ R2-	exp F3+ R2-	exp F3+ R1-	exp F3+ R3-	exp F3+ R2-	exp F3+ R2-	exp F3+ R1-	none	none	none	none	none	none	none	none	none	none	none	none	none	none	none	none	none	none	none	none	none	none	none	none	none	none	none	none	none	none	none	none	none	none	none	none	none	none	none	none	none	none	none	none	none	none	none	none	none	none	none	none	none	none	none	none	none	none	none	none	none	none	none
OR512564.1	exp F3+ R2-	exp F3+ R1-	exp F3+ R2-	exp F3+ R1-	exp F3+ R3-	exp F3+ R2-	exp F3+ R3-	exp F3+ R2-	none	none	none	none	none	none	none	none	none	none	none	none	none	none	none	none	none	none	none	none	none	none	none	none	none	none	none	none	none	none	none	none	none	none	none	none	none	none	none	none	none	none	none	none	none	none	none	none	none	none	none	none	none	none	none	none	none	none	none	none	none	none	none	none	none	none	none	none	none	none	none	none	none	none	none	none	none	none	none
OR536441.1	exp F3+ R2-	none	exp F3+ R1-	none	exp F3+ R3-	none	exp F3+ R2-	none	none	none	none	none	none	none	none	none	none	none	none	none	none	none	none	none	none	none	none	none	none	none	none	none	none	none	none	none	none	none	none	none	none	none	none	none	none	none	none	none	none	none	none	none	none	none	none	none	none	none	none	none	none	none	none	none	none	none	none	none	none	none	none	none	none	none	none	none	none	none	none	none	none	none	none	none	none	none	none
OR536442.1	exp F3+ R1-	exp F3+ R2-	exp F3+ R0-	exp F3+ R1-	exp F3+ R2-	exp F3+ R3-	exp F3+ R1-	exp F3+ R2-	none	none	none	none	none	none	none	none	none	none	none	none	none	none	none	none	none	none	none	none	none	none	none	none	none	none	none	none	none	none	none	none	none	none	none	none	none	none	none	none	none	none	none	none	none	none	none	none	none	none	none	none	none	none	none	none	none	none	none	none	none	none	none	none	none	none	none	none	none	none	none	none	none	none	none	none	none	none	none
OR536444.1	exp F3+ R1-	exp F3+ R2-	exp F3+ R0-	exp F3+ R1-	exp F3+ R2-	exp F3+ R3-	exp F3+ R1-	exp F3+ R2-	none	none	none	none	none	none	none	none	none	none	none	none	none	none	none	none	none	none	none	none	none	none	none	none	none	none	none	none	none	none	none	none	none	none	none	none	none	none	none	none	none	none	none	none	none	none	none	none	none	none	none	none	none	none	none	none	none	none	none	none	none	none	none	none	none	none	none	none	none	none	none	none	none	none	none	none	none	none	none
OR536447.1	exp F3+ R1-	exp F3+ R2-	exp F3+ R0-	exp F3+ R1-	exp F3+ R2-	exp F3+ R3-	exp F3+ R1-	exp F3+ R2-	none	none	none	none	none	none	none	none	none	none	none	none	none	none	none	none	none	none	none	none	none	none	none	none	none	none	none	none	none	none	none	none	none	none	none	none	none	none	none	none	none	none	none	none	none	none	none	none	none	none	none	none	none	none	none	none	none	none	none	none	none	none	none	none	none	none	none	none	none	none	none	none	none	none	none	none	none	none	none
OR536450.1	exp F3+ R1-	exp F3+ R2-	exp F3+ R0-	exp F3+ R1-	exp F3+ R2-	exp F3+ R3-	exp F3+ R1-	exp F3+ R2-	none	none	none	none	none	none	none	none	none	none	none	none	none	none	none	none	none	none	none	none	none	none	none	none	none	none	none	none	none	none	none	none	none	none	none	none	none	none	none	none	none	none	none	none	none	none	none	none	none	none	none	none	none	none	none	none	none	none	none	none	none	none	none	none	none	none	none	none	none	none	none	none	none	none	none	none	none	none	none
OR536454.1	exp F3+ R1-	exp F3+ R2-	exp F3+ R0-	exp F3+ R1-	exp F3+ R2-	exp F3+ R3-	exp F3+ R1-	exp F3+ R2-	none	none	none	none	none	none	none	none	none	none	none	none	none	none	none	none	none	none	none	none	none	none	none	none	none	none	none	none	none	none	none	none	none	none	none	none	none	none	none	none	none	none	none	none	none	none	none	none	none	none	none	none	none	none	none	none	none	none	none	none	none	none	none	none	none	none	none	none	none	none	none	none	none	none	none	none	none	none	none
OR536458.1	exp F3+ R1-	exp F3+ R2-	exp F3+ R0-	exp F3+ R1-	exp F3+ R2-	exp F3+ R3-	exp F3+ R1-	exp F3+ R2-	none	none	none	none	none	none	none	none	none	none	none	none	none	none	none	none	none	none	none	none	none	none	none	none	none	none	none	none	none	none	none	none	none	none	none	none	none	none	none	none	none	none	none	none	none	none	none	none	none	none	none	none	none	none	none	none	none	none	none	none	none	none	none	none	none	none	none	none	none	none	none	none	none	none	none	none	none	none	none
OR536459.1	exp F3+ R1-	exp F3+ R2-	exp F3+ R0-	exp F3+ R1-	exp F3+ R2-	exp F3+ R3-	exp F3+ R1-	exp F3+ R2-	none	none	none	none	none	none	none	none	none	none	none	none	none	none	none	none	none	none	none	none	none	none	none	none	none	none	none	none	none	none	none	none	none	none	none	none	none	none	none	none	none	none	none	none	none	none	none	none	none	none	none	none	none	none	none	none	none	none	none	none	none	none	none	none	none	none	none	none	none	none	none	none	none	none	none	none	none	none	none
OR536460.1	exp F3+ R1-	exp F3+ R2-	exp F3+ R0-	exp F3+ R1-	exp F3+ R2-	exp F3+ R3-	exp F3+ R1-	exp F3+ R2-	none	none	none	none	none	none	none	none	none	none	none	none	none	none	none	none	none	none	none	none	none	none	none	none	none	none	none	none	none	none	none	none	none	none	none	none	none	none	none	none	none	none	none	none	none	none	none	none	none	none	none	none	none	none	none	none	none	none	none	none	none	none	none	none	none	none	none	none	none	none	none	none	none	none	none	none	none	none	none
OR536462.1	exp F2+ R1-	exp F2+ R2-	exp F2+ R0-	exp F2+ R1-	exp F2+ R2-	exp F2+ R3-	exp F2+ R1-	exp F2+ R2-	none	none	none	none	none	none	none	none	none	none	none	none	none	none	none	none	none	none	none	none	none	none	none	none	none	none	none	none	none	none	none	none	none	none	none	none	none	none	none	none	none	none	none	none	none	none	none	none	none	none	none	none	none	none	none	none	none	none	none	none	none	none	none	none	none	none	none	none	none	none	none	none	none	none	none	none	none	none	none
OR536464.1	exp F3+ R1-	exp F3+ R2-	exp F3+ R0-	exp F3+ R1-	exp F3+ R2-	exp F3+ R3-	exp F3+ R1-	exp F3+ R2-	none	none	none	none	none	none	none	none	none	none	none	none	none	none	none	none	none	none	none	none	none	none	none	none	none	none	none	none	none	none	none	none	none	none	none	none	none	none	none	none	none	none	none	none	none	none	none	none	none	none	none	none	none	none	none	none	none	none	none	none	none	none	none	none	none	none	none	none	none	none	none	none	none	none	none	none	none	none	none
OR536465.1	exp F2+ R1-	exp F2+ R2-	exp F2+ R0-	exp F2+ R1-	exp F2+ R2-	exp F2+ R3-	exp F2+ R1-	exp F2+ R2-	none	none	none	none	none	none	none	none	none	none	none	none	none	none	none	none	none	none	none	none	none	none	none	none	none	none	none	none	none	none	none	none	none	none	none	none	none	none	none	none	none	none	none	none	none	none	none	none	none	none	none	none	none	none	none	none	none	none	none	none	none	none	none	none	none	none	none	none	none	none	none	none	none	none	none	none	none	none	none
OR536493.1	none	none	exp F1+ R3-	none	exp F1+ R3-	none	exp F1+ R2-	exp F1+ R3-	none	none	none	none	none	none	none	none	none	none	none	none	none	none	none	none	none	none	none	none	none	none	none	none	none	none	none	none	none	none	none	none	none	none	none	none	none	none	none	none	none	none	none	none	none	none	none	none	none	none	none	none	none	none	none	none	none	none	none	none	none	none	none	none	none	none	none	none	none	none	none	none	none	none	none	none	none	none	none
OR536494.1	none	none	exp F1+ R3-	none	exp F1+ R3-	none	exp F1+ R2-	exp F1+ R3-	none	none	none	none	none	none	none	none	none	none	none	none	none	none	none	none	none	none	none	none	none	none	none	none	none	none	none	none	none	none	none	none	none	none	none	none	none	none	none	none	none	none	none	none	none	none	none	none	none	none	none	none	none	none	none	none	none	none	none	none	none	none	none	none	none	none	none	none	none	none	none	none	none	none	none	none	none	none	none
OQ451905.1	exp F3+ R3-	exp F3+ R2-	exp F3+ R3-	exp F3+ R2-	exp F3+ R3-	exp F3+ R2-	exp F3+ R3-	exp F3+ R2-	none	none	none	none	none	none	none	none	none	none	none	none	none	none	none	none	none	none	none	none	none	none	none	none	none	none	none	none	none	none	none	none	none	none	none	none	none	none	none	none	none	none	none	none	none	none	none	none	none	none	none	none	none	none	none	none	none	none	none	none	none	none	none	none	none	none	none	none	none	none	none	none	none	none	none	none	none	none	none
OQ451906.1	exp F3+ R3-	exp F3+ R2-	exp F3+ R3-	exp F3+ R2-	exp F3+ R3-	exp F3+ R2-	exp F3+ R3-	exp F3+ R2-	none	none	none	none	none	none	none	none	none	none	none	none	none	none	none	none	none	none	none	none	none	none	none	none	none	none	none	none	none	none	none	none	none	none	none	none	none	none	none	none	none	none	none	none	none	none	none	none	none	none	none	none	none	none	none	none	none	none	none	none	none	none	none	none	none	none	none	none	none	none	none	none	none	none	none	none	none	none	none
OQ451907.1	exp F2+ R3-	exp F2+ R2-	exp F2+ R3-	exp F2+ R2-	exp F2+ R3-	exp F2+ R2-	exp F2+ R3-	exp F2+ R2-	none	none	none	none	none	none	none	none	none	none	none	none	none	none	none	none	none	none	none	none	none	none	none	none	none	none	none	none	none	none	none	none	none	none	none	none	none	none	none	none	none	none	none	none	none	none	none	none	none	none	none	none	none	none	none	none	none	none	none	none	none	none	none	none	none	none	none	none	none	none	none	none	none	none	none	none	none	none	none
OQ451908.1	exp F3+ R3-	exp F3+ R2-	exp F3+ R3-	exp F3+ R2-	exp F3+ R3-	exp F3+ R2-	exp F3+ R3-	exp F3+ R2-	none	none	none	none	none	none	none	none	none	none	none	none	none	none	none	none	none	none	none	none	none	none	none	none	none	none	none	none	none	none	none	none	none	none	none	none	none	none	none	none	none	none	none	none	none	none	none	none	none	none	none	none	none	none	none	none	none	none	none	none	none	none	none	none	none	none	none	none	none	none	none	none	none	none	none	none	none	none	none
OQ451910.1	exp F3+ R3-	exp F3+ R2-	exp F3+ R3-	exp F3+ R2-	exp F3+ R3-	exp F3+ R2-	exp F3+ R3-	exp F3+ R2-	none	none	none	none	none	none	none	none	none	none	none	none	none	none	none	none	none	none	none	none	none	none	none	none	none	none	none	none	none	none	none	none	none	none	none	none	none	none	none	none	none	none	none	none	none	none	none	none	none	none	none	none	none	none	none	none	none	none	none	none	none	none	none	none	none	none	none	none	none	none	none	none	none	none	none	none	none	none	none
OQ451911.1	exp F3+ R3-	exp F3+ R2-	exp F3+ R3-	exp F3+ R2-	exp F3+ R3-	exp F3+ R2-	exp F3+ R3-	exp F3+ R2-	none	none	none	none	none	none	none	none	none	none	none	none	none	none	none	none	none	none	none	none	none	none	none	none	none	none	none	none	none	none	none	none	none	none	none	none	none	none	none	none	none	none	none	none	none	none	none	none	none	none	none	none	none	none	none	none	none	none	none	none	none	none	none	none	none	none	none	none	none	none	none	none	none	none	none	none	none	none	none
OQ451914.1	exp F3+ R3-	exp F3+ R2-	exp F3+ R3-	exp F3+ R2-	exp F3+ R3-	exp F3+ R2-	exp F3+ R3-	exp F3+ R2-	none	none	none	none	none	none	none	none	none	none	none	none	none	none	none	none	none	none	none	none	none	none	none	none	none	none	none	none	none	none	none	none	none	none	none	none	none	none	none	none	none	none	none	none	none	none	none	none	none	none	none	none	none	none	none	none	none	none	none	none	none	none	none	none	none	none	none	none	none	none	none	none	none	none	none	none	none	none	none
OQ451915.1	exp F3+ R3-	exp F3+ R2-	exp F3+ R3-	exp F3+ R2-	exp F3+ R3-	exp F3+ R2-	exp F3+ R3-	exp F3+ R2-	none	none	none	none	none	none	none	none	none	none	none	none	none	none	none	none	none	none	none	none	none	none	none	none	none	none	none	none	none	none	none	none	none	none	none	none	none	none	none	none	none	none	none	none	none	none	none	none	none	none	none	none	none	none	none	none	none	none	none	none	none	none	none	none	none	none	none	none	none	none	none	none	none	none	none	none	none	none	none
OQ451916.1	exp F3+ R3-	exp F3+ R2-	exp F3+ R3-	exp F3+ R2-	exp F3+ R3-	exp F3+ R2-	exp F3+ R3-	exp F3+ R2-	none	none	none	none	none	none	none	none	none	none	none	none	none	none	none	none	none	none	none	none	none	none	none	none	none	none	none	none	none	none	none	none	none	none	none	none	none	none	none	none	none	none	none	none	none	none	none	none	none	none	none	none	none	none	none	none	none	none	none	none	none	none	none	none	none	none	none	none	none	none	none	none	none	none	none	none	none	none	none
OQ451918.1	exp F3+ R3-	exp F3+ R2-	exp F3+ R3-	exp F3+ R2-	exp F3+ R3-	exp F3+ R2-	exp F3+ R3-	exp F3+ R2-	none	none	none	none	none	none	none	none	none	none	none	none	none	none	none	none	none	none	none	none	none	none	none	none	none	none	none	none	none	none	none	none	none	none	none	none	none	none	none	none	none	none	none	none	none	none	none	none	none	none	none	none	none	none	none	none	none	none	none	none	none	none	none	none	none	none	none	none	none	none	none	none	none	none	none	none	none	none	none
OQ451919.1	exp F3+ R3-	exp F3+ R2-	exp F3+ R3-	exp F3+ R2-	exp F3+ R3-	exp F3+ R2-	exp F3+ R3-	exp F3+ R2-	none	none	none	none	none	none	none	none	none	none	none	none	none	none	none	none	none	none	none	none	none	none	none	none	none	none	none	none	none	none	none	none	none	none	none	none	none	none	none	none	none	none	none	none	none	none	none	none	none	none	none	none	none	none	none	none	none	none	none	none	none	none	none	none	none	none	none	none	none	none	none	none	none	none	none	none	none	none	none
OQ451920.1	exp F3+ R3-	exp F3+ R2-	exp F3+ R3-	exp F3+ R2-	exp F3+ R3-	exp F3+ R2-	exp F3+ R3-	exp F3+ R2-	none	none	none	none	none	none	none	none	none	none	none	none	none	none	none	none	none	none	none	none	none	none	none	none	none	none	none	none	none	none	none	none	none	none	none	none	none	none	none	none	none	none	none	none	none	none	none	none	none	none	none	none	none	none	none	none	none	none	none	none	none	none	none	none	none	none	none	none	none	none	none	none	none	none	none	none	none	none	none
OQ451921.1	exp F3+ R3-	exp F3+ R2-	exp F3+ R3-	exp F3+ R2-	exp F3+ R3-	exp F3+ R2-	exp F3+ R3-	exp F3+ R2-	none	none	none	none	none	none	none	none	none	none	none	none	none	none	none	none	none	none	none	none	none	none	none	none	none	none	none	none	none	none	none	none	none	none	none	none	none	none	none	none	none	none	none	none	none	none	none	none	none	none	none	none	none	none	none	none	none	none	none	none	none	none	none	none	none	none	none	none	none	none	none	none	none	none	none	none	none	none	none
OQ451922.1	exp F3+ R3-	exp F3+ R2-	exp F3+ R3-	exp F3+ R2-	exp F3+ R3-	exp F3+ R2-	exp F3+ R3-	exp F3+ R2-	none	none	none	none	none	none	none	none	none	none	none	none	none	none	none	none	none	none	none	none	none	none	none	none	none	none	none	none	none	none	none	none	none	none	none	none	none	none	none	none	none	none	none	none	none	none	none	none	none	none	none	none	none	none	none	none	none	none	none	none	none	none	none	none	none	none	none	none	none	none	none	none	none	none	none	none	none	none	none
OQ451924.1	exp F2+ R3-	exp F2+ R2-	exp F2+ R3-	exp F2+ R2-	exp F2+ R3-	exp F2+ R2-	exp F2+ R3-	exp F2+ R2-	none	none	none	none	none	none	none	none	none	none	none	none	none	none	none	none	none	none	none	none	none	none	none	none	none	none	none	none	none	none	none	none	none	none	none	none	none	none	none	none	none	none	none	none	none	none	none	none	none	none	none	none	none	none	none	none	none	none	none	none	none	none	none	none	none	none	none	none	none	none	none	none	none	none	none	none	none	none	none
OQ682536.1	exp F3+ R2-	exp F3+ R3-	exp F3+ R2-	exp F3+ R3-	exp F3+ R2-	exp F3+ R3-	exp F3+ R2-	exp F3+ R3-	none	none	none	none	none	none	none	none	none	none	none	none	none	none	none	none	none	none	none	none	none	none	none	none	none	none	none	none	none	none	none	none	none	none	none	none	none	none	none	none	none	none	none	none	none	none	none	none	none	none	none	none	none	none	none	none	none	none	none	none	none	none	none	none	none	none	none	none	none	none	none	none	none	none	none	none	none	none	none
OQ702253.1	exp F3+ R1-	exp F3+ R2-	exp F3+ R0-	exp F3+ R1-	exp F3+ R2-	exp F3+ R3-	exp F3+ R1-	exp F3+ R2-	none	none	none	none	none	none	none	none	none	none	none	none	none	none	none	none	none	none	none	none	none	none	none	none	none	none	none	none	none	none	none	none	none	none	none	none	none	none	none	none	none	none	none	none	none	none	none	none	none	none	none	none	none	none	none	none	none	none	none	none	none	none	none	none	none	none	none	none	none	none	none	none	none	none	none	none	none	none	none
OQ702254.1	none	none	none	none	none	none	none	none	none	none	none	none	none	none	none	none	none	none	none	none	none	none	none	none	none	none	none	none	none	none	none	none	exp F3+ R1-	exp F3+ R2-	exp F3+ R0-	exp F3+ R1-	exp F3+ R2-	exp F3+ R3-	exp F3+ R1-	exp F3+ R2-	none	none	none	none	none	none	none	none	none	none	none	none	none	none	none	none	none	none	none	none	none	none	none	none	none	none	none	none	none	none	none	none	none	none	none	none	none	none	none	none	none	none	none	none	none	none	none
OR039448.1	exp F3+ R3-	exp F3+ R2-	exp F3+ R3-	exp F3+ R2-	exp F3+ R3-	exp F3+ R2-	exp F3+ R3-	exp F3+ R2-	none	none	none	none	none	none	none	none	none	none	none	none	none	none	none	none	none	none	none	none	none	none	none	none	none	none	none	none	none	none	none	none	none	none	none	none	none	none	none	none	none	none	none	none	none	none	none	none	none	none	none	none	none	none	none	none	none	none	none	none	none	none	none	none	none	none	none	none	none	none	none	none	none	none	none	none	none	none	none
OP805362.1	exp F3+ R2-	exp F3+ R1-	exp F3+ R3-	exp F3+ R2-	exp F3+ R2-	exp F3+ R1-	exp F3+ R3-	exp F3+ R2-	none	none	none	none	none	none	none	none	none	none	none	none	none	none	none	none	none	none	none	none	none	none	none	none	none	none	none	none	none	none	none	none	none	none	none	none	none	none	none	none	none	none	none	none	none	none	none	none	none	none	none	none	none	none	none	none	none	none	none	none	none	none	none	none	none	none	none	none	none	none	none	none	none	none	none	none	none	none	none
OP805363.1	exp F3+ R2-	exp F3+ R1-	exp F3+ R3-	exp F3+ R2-	exp F3+ R2-	exp F3+ R1-	exp F3+ R3-	exp F3+ R2-	none	none	none	none	none	none	none	none	none	none	none	none	none	none	none	none	none	none	none	none	none	none	none	none	none	none	none	none	none	none	none	none	none	none	none	none	none	none	none	none	none	none	none	none	none	none	none	none	none	none	none	none	none	none	none	none	none	none	none	none	none	none	none	none	none	none	none	none	none	none	none	none	none	none	none	none	none	none	none
OP805364.1	exp F3+ R2-	exp F3+ R1-	exp F3+ R3-	exp F3+ R2-	exp F3+ R2-	exp F3+ R1-	exp F3+ R3-	exp F3+ R2-	none	none	none	none	none	none	none	none	none	none	none	none	none	none	none	none	none	none	none	none	none	none	none	none	none	none	none	none	none	none	none	none	none	none	none	none	none	none	none	none	none	none	none	none	none	none	none	none	none	none	none	none	none	none	none	none	none	none	none	none	none	none	none	none	none	none	none	none	none	none	none	none	none	none	none	none	none	none	none
OP811331.1	exp F2+ R2-	exp F2+ R3-	exp F2+ R2-	exp F2+ R3-	exp F2+ R2-	exp F2+ R3-	exp F2+ R2-	exp F2+ R3-	none	none	none	none	none	none	none	none	none	none	none	none	none	none	none	none	none	none	none	none	none	none	none	none	none	none	none	none	none	none	none	none	none	none	none	none	none	none	none	none	none	none	none	none	none	none	none	none	none	none	none	none	none	none	none	none	none	none	none	none	none	none	none	none	none	none	none	none	none	none	none	none	none	none	none	none	none	none	none
OQ190312.1	none	none	exp F2+ R3-	none	none	none	exp F2+ R2-	exp F2+ R3-	none	none	none	none	none	none	none	none	none	none	none	none	none	none	none	none	none	none	none	none	none	none	none	none	none	none	none	none	none	none	none	none	none	none	none	none	none	none	none	none	none	none	none	none	none	none	none	none	none	none	none	none	none	none	none	none	none	none	none	none	none	none	none	none	none	none	none	none	none	none	none	none	none	none	none	none	none	none	none
OP727605.1	exp F2+ R3-	exp F2+ R2-	exp F2+ R3-	exp F2+ R2-	exp F2+ R3-	exp F2+ R2-	exp F2+ R3-	exp F2+ R2-	none	none	none	none	none	none	none	none	none	none	none	none	none	none	none	none	none	none	none	none	none	none	none	none	none	none	none	none	none	none	none	none	none	none	none	none	none	none	none	none	none	none	none	none	none	none	none	none	none	none	none	none	none	none	none	none	none	none	none	none	none	none	none	none	none	none	none	none	none	none	none	none	none	none	none	none	none	none	none
OP727606.1	exp F2+ R3-	exp F2+ R2-	exp F2+ R3-	exp F2+ R2-	exp F2+ R3-	exp F2+ R2-	exp F2+ R3-	exp F2+ R2-	none	none	none	none	none	none	none	none	none	none	none	none	none	none	none	none	none	none	none	none	none	none	none	none	none	none	none	none	none	none	none	none	none	none	none	none	none	none	none	none	none	none	none	none	none	none	none	none	none	none	none	none	none	none	none	none	none	none	none	none	none	none	none	none	none	none	none	none	none	none	none	none	none	none	none	none	none	none	none
OP727607.1	exp F2+ R3-	exp F2+ R2-	exp F2+ R3-	exp F2+ R2-	exp F2+ R3-	exp F2+ R2-	exp F2+ R3-	exp F2+ R2-	none	none	none	none	none	none	none	none	none	none	none	none	none	none	none	none	none	none	none	none	none	none	none	none	none	none	none	none	none	none	none	none	none	none	none	none	none	none	none	none	none	none	none	none	none	none	none	none	none	none	none	none	none	none	none	none	none	none	none	none	none	none	none	none	none	none	none	none	none	none	none	none	none	none	none	none	none	none	none
OP727608.1	exp F2+ R3-	exp F2+ R2-	exp F2+ R3-	exp F2+ R2-	exp F2+ R3-	exp F2+ R2-	exp F2+ R3-	exp F2+ R2-	none	none	none	none	none	none	none	none	none	none	none	none	none	none	none	none	none	none	none	none	none	none	none	none	none	none	none	none	none	none	none	none	none	none	none	none	none	none	none	none	none	none	none	none	none	none	none	none	none	none	none	none	none	none	none	none	none	none	none	none	none	none	none	none	none	none	none	none	none	none	none	none	none	none	none	none	none	none	none
OP727609.1	exp F3+ R3-	exp F3+ R2-	exp F3+ R3-	exp F3+ R2-	exp F3+ R3-	exp F3+ R2-	exp F3+ R3-	exp F3+ R2-	none	none	none	none	none	none	none	none	none	none	none	none	none	none	none	none	none	none	none	none	none	none	none	none	none	none	none	none	none	none	none	none	none	none	none	none	none	none	none	none	none	none	none	none	none	none	none	none	none	none	none	none	none	none	none	none	none	none	none	none	none	none	none	none	none	none	none	none	none	none	none	none	none	none	none	none	none	none	none
OP727610.1	exp F3+ R3-	exp F3+ R2-	exp F3+ R3-	exp F3+ R2-	exp F3+ R3-	exp F3+ R2-	exp F3+ R3-	exp F3+ R2-	none	none	none	none	none	none	none	none	none	none	none	none	none	none	none	none	none	none	none	none	none	none	none	none	none	none	none	none	none	none	none	none	none	none	none	none	none	none	none	none	none	none	none	none	none	none	none	none	none	none	none	none	none	none	none	none	none	none	none	none	none	none	none	none	none	none	none	none	none	none	none	none	none	none	none	none	none	none	none
OP727611.1	exp F3+ R3-	exp F3+ R2-	exp F3+ R3-	exp F3+ R2-	exp F3+ R3-	exp F3+ R2-	exp F3+ R3-	exp F3+ R2-	none	none	none	none	none	none	none	none	none	none	none	none	none	none	none	none	none	none	none	none	none	none	none	none	none	none	none	none	none	none	none	none	none	none	none	none	none	none	none	none	none	none	none	none	none	none	none	none	none	none	none	none	none	none	none	none	none	none	none	none	none	none	none	none	none	none	none	none	none	none	none	none	none	none	none	none	none	none	none
OP727612.1	exp F3+ R3-	exp F3+ R2-	exp F3+ R3-	exp F3+ R2-	exp F3+ R3-	exp F3+ R2-	exp F3+ R3-	exp F3+ R2-	none	none	none	none	none	none	none	none	none	none	none	none	none	none	none	none	none	none	none	none	none	none	none	none	none	none	none	none	none	none	none	none	none	none	none	none	none	none	none	none	none	none	none	none	none	none	none	none	none	none	none	none	none	none	none	none	none	none	none	none	none	none	none	none	none	none	none	none	none	none	none	none	none	none	none	none	none	none	none
OP727613.1	exp F3+ R3-	exp F3+ R2-	exp F3+ R3-	exp F3+ R2-	exp F3+ R3-	exp F3+ R2-	exp F3+ R3-	exp F3+ R2-	none	none	none	none	none	none	none	none	none	none	none	none	none	none	none	none	none	none	none	none	none	none	none	none	none	none	none	none	none	none	none	none	none	none	none	none	none	none	none	none	none	none	none	none	none	none	none	none	none	none	none	none	none	none	none	none	none	none	none	none	none	none	none	none	none	none	none	none	none	none	none	none	none	none	none	none	none	none	none
OP727614.1	exp F3+ R3-	exp F3+ R2-	exp F3+ R3-	exp F3+ R2-	exp F3+ R3-	exp F3+ R2-	exp F3+ R3-	exp F3+ R2-	none	none	none	none	none	none	none	none	none	none	none	none	none	none	none	none	none	none	none	none	none	none	none	none	none	none	none	none	none	none	none	none	none	none	none	none	none	none	none	none	none	none	none	none	none	none	none	none	none	none	none	none	none	none	none	none	none	none	none	none	none	none	none	none	none	none	none	none	none	none	none	none	none	none	none	none	none	none	none
OP729310.1	exp F3+ R2-	exp F3+ R3-	exp F3+ R2-	exp F3+ R3-	exp F3+ R2-	exp F3+ R3-	exp F3+ R2-	exp F3+ R3-	none	none	none	none	none	none	none	none	none	none	none	none	none	none	none	none	none	none	none	none	none	none	none	none	none	none	none	none	none	none	none	none	none	none	none	none	none	none	none	none	none	none	none	none	none	none	none	none	none	none	none	none	none	none	none	none	none	none	none	none	none	none	none	none	none	none	none	none	none	none	none	none	none	none	none	none	none	none	none
OP729312.1	exp F3+ R2-	exp F3+ R3-	exp F3+ R2-	exp F3+ R3-	exp F3+ R2-	exp F3+ R3-	exp F3+ R2-	exp F3+ R3-	none	none	none	none	none	none	none	none	none	none	none	none	none	none	none	none	none	none	none	none	none	none	none	none	none	none	none	none	none	none	none	none	none	none	none	none	none	none	none	none	none	none	none	none	none	none	none	none	none	none	none	none	none	none	none	none	none	none	none	none	none	none	none	none	none	none	none	none	none	none	none	none	none	none	none	none	none	none	none
OP729313.1	exp F3+ R2-	exp F3+ R3-	exp F3+ R2-	exp F3+ R3-	exp F3+ R2-	exp F3+ R3-	exp F3+ R2-	exp F3+ R3-	none	none	none	none	none	none	none	none	none	none	none	none	none	none	none	none	none	none	none	none	none	none	none	none	none	none	none	none	none	none	none	none	none	none	none	none	none	none	none	none	none	none	none	none	none	none	none	none	none	none	none	none	none	none	none	none	none	none	none	none	none	none	none	none	none	none	none	none	none	none	none	none	none	none	none	none	none	none	none
OP729314.1	exp F3+ R2-	exp F3+ R3-	exp F3+ R2-	exp F3+ R3-	exp F3+ R2-	exp F3+ R3-	exp F3+ R2-	exp F3+ R3-	none	none	none	none	none	none	none	none	none	none	none	none	none	none	none	none	none	none	none	none	none	none	none	none	none	none	none	none	none	none	none	none	none	none	none	none	none	none	none	none	none	none	none	none	none	none	none	none	none	none	none	none	none	none	none	none	none	none	none	none	none	none	none	none	none	none	none	none	none	none	none	none	none	none	none	none	none	none	none
OP205528.1	exp F3+ R2-	exp F3+ R1-	exp F3+ R1-	exp F3+ R0-	exp F3+ R3-	exp F3+ R2-	exp F3+ R2-	exp F3+ R1-	none	none	none	none	none	none	none	none	none	none	none	none	none	none	none	none	none	none	none	none	none	none	none	none	none	none	none	none	none	none	none	none	none	none	none	none	none	none	none	none	none	none	none	none	none	none	none	none	none	none	none	none	none	none	none	none	none	none	none	none	none	none	none	none	none	none	none	none	none	none	none	none	none	none	none	none	none	none	none
OP205529.1	exp F2+ R2-	exp F2+ R1-	exp F2+ R3-	exp F2+ R2-	exp F2+ R2-	exp F2+ R1-	exp F2+ R3-	exp F2+ R2-	none	none	none	none	none	none	none	none	none	none	none	none	none	none	none	none	none	none	none	none	none	none	none	none	none	none	none	none	none	none	none	none	none	none	none	none	none	none	none	none	none	none	none	none	none	none	none	none	none	none	none	none	none	none	none	none	none	none	none	none	none	none	none	none	none	none	none	none	none	none	none	none	none	none	none	none	none	none	none
OP205531.1	none	none	exp F1+ R3-	none	exp F1+ R3-	none	exp F1+ R2-	exp F1+ R3-	none	none	none	none	none	none	none	none	none	none	none	none	none	none	none	none	none	none	none	none	none	none	none	none	none	none	none	none	none	none	none	none	none	none	none	none	none	none	none	none	none	none	none	none	none	none	none	none	none	none	none	none	none	none	none	none	none	none	none	none	none	none	none	none	none	none	none	none	none	none	none	none	none	none	none	none	none	none	none
OP205533.1	none	none	none	none	none	none	none	none	exp F3+ R2-	exp F3+ R1-	exp F3+ R3-	exp F3+ R2-	exp F3+ R2-	exp F3+ R1-	exp F3+ R3-	exp F3+ R2-	none	none	none	none	none	none	none	none	none	none	none	none	none	none	none	none	none	none	none	none	none	none	none	none	none	none	none	none	none	none	none	none	none	none	none	none	none	none	none	none	none	none	none	none	none	none	none	none	none	none	none	none	none	none	none	none	none	none	none	none	none	none	none	none	none	none	none	none	none	none	none
OP205534.1	none	none	none	none	none	none	none	none	exp F3+ R2-	exp F3+ R1-	exp F3+ R3-	exp F3+ R2-	exp F3+ R2-	exp F3+ R1-	exp F3+ R3-	exp F3+ R2-	none	none	none	none	none	none	none	none	none	none	none	none	none	none	none	none	none	none	none	none	none	none	none	none	none	none	none	none	none	none	none	none	none	none	none	none	none	none	none	none	none	none	none	none	none	none	none	none	none	none	none	none	none	none	none	none	none	none	none	none	none	none	none	none	none	none	none	none	none	none	none
OP205535.1	none	none	none	none	none	none	none	none	exp F3+ R2-	exp F3+ R1-	exp F3+ R3-	exp F3+ R2-	exp F3+ R2-	exp F3+ R1-	exp F3+ R3-	exp F3+ R2-	none	none	none	none	none	none	none	none	none	none	none	none	none	none	none	none	none	none	none	none	none	none	none	none	none	none	none	none	none	none	none	none	none	none	none	none	none	none	none	none	none	none	none	none	none	none	none	none	none	none	none	none	none	none	none	none	none	none	none	none	none	none	none	none	none	none	none	none	none	none	none
OP205536.1	none	none	none	none	none	none	none	none	exp F3+ R2-	exp F3+ R1-	exp F3+ R3-	exp F3+ R2-	exp F3+ R2-	exp F3+ R1-	exp F3+ R3-	exp F3+ R2-	none	none	none	none	none	none	none	none	none	none	none	none	none	none	none	none	none	none	none	none	none	none	none	none	none	none	none	none	none	none	none	none	none	none	none	none	none	none	none	none	none	none	none	none	none	none	none	none	none	none	none	none	none	none	none	none	none	none	none	none	none	none	none	none	none	none	none	none	none	none	none
OP205537.1	exp F3+ R2-	exp F3+ R1-	exp F3+ R3-	exp F3+ R2-	exp F3+ R2-	exp F3+ R1-	exp F3+ R3-	exp F3+ R2-	none	none	none	none	none	none	none	none	none	none	none	none	none	none	none	none	none	none	none	none	none	none	none	none	none	none	none	none	none	none	none	none	none	none	none	none	none	none	none	none	none	none	none	none	none	none	none	none	none	none	none	none	none	none	none	none	none	none	none	none	none	none	none	none	none	none	none	none	none	none	none	none	none	none	none	none	none	none	none
OP205539.1	exp F2+ R3-	exp F2+ R2-	exp F2+ R3-	exp F2+ R2-	exp F2+ R3-	exp F2+ R2-	exp F2+ R3-	exp F2+ R2-	none	none	none	none	none	none	none	none	none	none	none	none	none	none	none	none	none	none	none	none	none	none	none	none	none	none	none	none	none	none	none	none	none	none	none	none	none	none	none	none	none	none	none	none	none	none	none	none	none	none	none	none	none	none	none	none	none	none	none	none	none	none	none	none	none	none	none	none	none	none	none	none	none	none	none	none	none	none	none
OP205540.1	exp F3+ R3-	exp F3+ R2-	exp F3+ R2-	exp F3+ R1-	exp F3+ R3-	exp F3+ R2-	exp F3+ R2-	exp F3+ R1-	none	none	none	none	none	none	none	none	none	none	none	none	none	none	none	none	none	none	none	none	none	none	none	none	none	none	none	none	none	none	none	none	none	none	none	none	none	none	none	none	none	none	none	none	none	none	none	none	none	none	none	none	none	none	none	none	none	none	none	none	none	none	none	none	none	none	none	none	none	none	none	none	none	none	none	none	none	none	none
OP205542.1	exp F3+ R3-	exp F3+ R2-	exp F3+ R2-	exp F3+ R1-	exp F3+ R3-	exp F3+ R2-	exp F3+ R2-	exp F3+ R1-	none	none	none	none	none	none	none	none	none	none	none	none	none	none	none	none	none	none	none	none	none	none	none	none	none	none	none	none	none	none	none	none	none	none	none	none	none	none	none	none	none	none	none	none	none	none	none	none	none	none	none	none	none	none	none	none	none	none	none	none	none	none	none	none	none	none	none	none	none	none	none	none	none	none	none	none	none	none	none
OP205543.1	exp F3+ R3-	exp F3+ R2-	exp F3+ R2-	exp F3+ R1-	exp F3+ R3-	exp F3+ R2-	exp F3+ R2-	exp F3+ R1-	none	none	none	none	none	none	none	none	none	none	none	none	none	none	none	none	none	none	none	none	none	none	none	none	none	none	none	none	none	none	none	none	none	none	none	none	none	none	none	none	none	none	none	none	none	none	none	none	none	none	none	none	none	none	none	none	none	none	none	none	none	none	none	none	none	none	none	none	none	none	none	none	none	none	none	none	none	none	none
OP205544.1	none	none	none	none	none	none	none	none	none	none	none	none	none	none	none	none	exp F3+ R3-	exp F3+ R2-	exp F3+ R2-	exp F3+ R1-	exp F3+ R3-	exp F3+ R2-	exp F3+ R2-	exp F3+ R1-	none	none	none	none	none	none	none	none	none	none	none	none	none	none	none	none	none	none	none	none	none	none	none	none	none	none	none	none	none	none	none	none	none	none	none	none	none	none	none	none	none	none	none	none	none	none	none	none	none	none	none	none	none	none	none	none	none	none	none	none	none	none	none
OP205545.1	none	none	none	none	none	none	none	none	none	none	none	none	none	none	none	none	exp F3+ R3-	exp F3+ R2-	exp F3+ R2-	exp F3+ R1-	exp F3+ R3-	exp F3+ R2-	exp F3+ R2-	exp F3+ R1-	none	none	none	none	none	none	none	none	none	none	none	none	none	none	none	none	none	none	none	none	none	none	none	none	none	none	none	none	none	none	none	none	none	none	none	none	none	none	none	none	none	none	none	none	none	none	none	none	none	none	none	none	none	none	none	none	none	none	none	none	none	none	none
OP205547.1	exp F3+ R2-	exp F3+ R1-	exp F3+ R2-	exp F3+ R1-	exp F3+ R3-	exp F3+ R2-	exp F3+ R3-	exp F3+ R2-	none	none	none	none	none	none	none	none	none	none	none	none	none	none	none	none	none	none	none	none	none	none	none	none	none	none	none	none	none	none	none	none	none	none	none	none	none	none	none	none	none	none	none	none	none	none	none	none	none	none	none	none	none	none	none	none	none	none	none	none	none	none	none	none	none	none	none	none	none	none	none	none	none	none	none	none	none	none	none
OP205549.1	exp F3+ R3-	exp F3+ R2-	exp F3+ R3-	exp F3+ R2-	exp F3+ R3-	exp F3+ R2-	exp F3+ R3-	exp F3+ R2-	none	none	none	none	none	none	none	none	none	none	none	none	none	none	none	none	none	none	none	none	none	none	none	none	none	none	none	none	none	none	none	none	none	none	none	none	none	none	none	none	none	none	none	none	none	none	none	none	none	none	none	none	none	none	none	none	none	none	none	none	none	none	none	none	none	none	none	none	none	none	none	none	none	none	none	none	none	none	none
OP205550.1	exp F3+ R3-	exp F3+ R2-	exp F3+ R3-	exp F3+ R2-	exp F3+ R3-	exp F3+ R2-	exp F3+ R3-	exp F3+ R2-	none	none	none	none	none	none	none	none	none	none	none	none	none	none	none	none	none	none	none	none	none	none	none	none	none	none	none	none	none	none	none	none	none	none	none	none	none	none	none	none	none	none	none	none	none	none	none	none	none	none	none	none	none	none	none	none	none	none	none	none	none	none	none	none	none	none	none	none	none	none	none	none	none	none	none	none	none	none	none
OP205551.1	exp F3+ R3-	exp F3+ R2-	exp F3+ R3-	exp F3+ R2-	exp F3+ R3-	exp F3+ R2-	exp F3+ R3-	exp F3+ R2-	none	none	none	none	none	none	none	none	none	none	none	none	none	none	none	none	none	none	none	none	none	none	none	none	none	none	none	none	none	none	none	none	none	none	none	none	none	none	none	none	none	none	none	none	none	none	none	none	none	none	none	none	none	none	none	none	none	none	none	none	none	none	none	none	none	none	none	none	none	none	none	none	none	none	none	none	none	none	none
OP205552.1	exp F3+ R3-	exp F3+ R2-	exp F3+ R3-	exp F3+ R2-	exp F3+ R3-	exp F3+ R2-	exp F3+ R3-	exp F3+ R2-	none	none	none	none	none	none	none	none	none	none	none	none	none	none	none	none	none	none	none	none	none	none	none	none	none	none	none	none	none	none	none	none	none	none	none	none	none	none	none	none	none	none	none	none	none	none	none	none	none	none	none	none	none	none	none	none	none	none	none	none	none	none	none	none	none	none	none	none	none	none	none	none	none	none	none	none	none	none	none
OP205553.1	exp F3+ R3-	exp F3+ R2-	exp F3+ R3-	exp F3+ R2-	exp F3+ R3-	exp F3+ R2-	exp F3+ R3-	exp F3+ R2-	none	none	none	none	none	none	none	none	none	none	none	none	none	none	none	none	none	none	none	none	none	none	none	none	none	none	none	none	none	none	none	none	none	none	none	none	none	none	none	none	none	none	none	none	none	none	none	none	none	none	none	none	none	none	none	none	none	none	none	none	none	none	none	none	none	none	none	none	none	none	none	none	none	none	none	none	none	none	none
OP205554.1	exp F3+ R3-	exp F3+ R2-	exp F3+ R2-	exp F3+ R1-	exp F3+ R3-	exp F3+ R2-	exp F3+ R2-	exp F3+ R1-	none	none	none	none	none	none	none	none	none	none	none	none	none	none	none	none	none	none	none	none	none	none	none	none	none	none	none	none	none	none	none	none	none	none	none	none	none	none	none	none	none	none	none	none	none	none	none	none	none	none	none	none	none	none	none	none	none	none	none	none	none	none	none	none	none	none	none	none	none	none	none	exp F3+ R3-	exp F3+ R2-	exp F3+ R2-	exp F3+ R1-	exp F3+ R3-	exp F3+ R2-	exp F3+ R2-	exp F3+ R1-
OP205555.1	exp F2+ R3-	exp F2+ R2-	exp F2+ R3-	exp F2+ R2-	exp F2+ R3-	exp F2+ R2-	exp F2+ R3-	exp F2+ R2-	none	none	none	none	none	none	none	none	none	none	none	none	none	none	none	none	none	none	none	none	none	none	none	none	none	none	none	none	none	none	none	none	none	none	none	none	none	none	none	none	none	none	none	none	none	none	none	none	none	none	none	none	none	none	none	none	none	none	none	none	none	none	none	none	none	none	none	none	none	none	none	none	none	none	none	none	none	none	none
OP205556.1	none	none	exp F3+ R3-	none	exp F3+ R3-	none	exp F3+ R2-	exp F3+ R3-	none	none	none	none	none	none	none	none	none	none	none	none	none	none	none	none	none	none	none	none	none	none	none	none	none	none	none	none	none	none	none	none	none	none	none	none	none	none	none	none	none	none	none	none	none	none	none	none	none	none	none	none	none	none	none	none	none	none	none	none	none	none	none	none	none	none	none	none	none	none	none	none	none	none	none	none	none	none	none
OP205557.1	none	none	exp F3+ R3-	none	exp F3+ R3-	none	exp F3+ R2-	exp F3+ R3-	none	none	none	none	none	none	none	none	none	none	none	none	none	none	none	none	none	none	none	none	none	none	none	none	none	none	none	none	none	none	none	none	none	none	none	none	none	none	none	none	none	none	none	none	none	none	none	none	none	none	none	none	none	none	none	none	none	none	none	none	none	none	none	none	none	none	none	none	none	none	none	none	none	none	none	none	none	none	none
OP205558.1	exp F3+ R3-	exp F3+ R2-	exp F3+ R3-	exp F3+ R2-	exp F3+ R3-	exp F3+ R2-	exp F3+ R3-	exp F3+ R2-	none	none	none	none	none	none	none	none	none	none	none	none	none	none	none	none	none	none	none	none	none	none	none	none	none	none	none	none	none	none	none	none	none	none	none	none	none	none	none	none	none	none	none	none	none	none	none	none	none	none	none	none	none	none	none	none	none	none	none	none	none	none	none	none	none	none	none	none	none	none	none	none	none	none	none	none	none	none	none
OP205559.1	exp F3+ R3-	exp F3+ R2-	exp F3+ R3-	exp F3+ R2-	exp F3+ R3-	exp F3+ R2-	exp F3+ R3-	exp F3+ R2-	none	none	none	none	none	none	none	none	none	none	none	none	none	none	none	none	none	none	none	none	none	none	none	none	none	none	none	none	none	none	none	none	none	none	none	none	none	none	none	none	none	none	none	none	none	none	none	none	none	none	none	none	none	none	none	none	none	none	none	none	none	none	none	none	none	none	none	none	none	none	none	none	none	none	none	none	none	none	none
OP205560.1	exp F3+ R3-	exp F3+ R2-	exp F3+ R3-	exp F3+ R2-	exp F3+ R3-	exp F3+ R2-	exp F3+ R3-	exp F3+ R2-	none	none	none	none	none	none	none	none	none	none	none	none	none	none	none	none	none	none	none	none	none	none	none	none	none	none	none	none	none	none	none	none	none	none	none	none	none	none	none	none	none	none	none	none	none	none	none	none	none	none	none	none	none	none	none	none	none	none	none	none	none	none	none	none	none	none	none	none	none	none	none	none	none	none	none	none	none	none	none
OP205561.1	exp F3+ R3-	exp F3+ R2-	exp F3+ R3-	exp F3+ R2-	exp F3+ R3-	exp F3+ R2-	exp F3+ R3-	exp F3+ R2-	none	none	none	none	none	none	none	none	none	none	none	none	none	none	none	none	none	none	none	none	none	none	none	none	none	none	none	none	none	none	none	none	none	none	none	none	none	none	none	none	none	none	none	none	none	none	none	none	none	none	none	none	none	none	none	none	none	none	none	none	none	none	none	none	none	none	none	none	none	none	none	none	none	none	none	none	none	none	none
OP205563.1	exp F3+ R3-	exp F3+ R2-	exp F3+ R3-	exp F3+ R2-	exp F3+ R3-	exp F3+ R2-	exp F3+ R3-	exp F3+ R2-	none	none	none	none	none	none	none	none	none	none	none	none	none	none	none	none	none	none	none	none	none	none	none	none	none	none	none	none	none	none	none	none	none	none	none	none	none	none	none	none	none	none	none	none	none	none	none	none	none	none	none	none	none	none	none	none	none	none	none	none	none	none	none	none	none	none	none	none	none	none	none	none	none	none	none	none	none	none	none
OP205564.1	exp F3+ R3-	exp F3+ R2-	exp F3+ R3-	exp F3+ R2-	exp F3+ R3-	exp F3+ R2-	exp F3+ R3-	exp F3+ R2-	none	none	none	none	none	none	none	none	none	none	none	none	none	none	none	none	none	none	none	none	none	none	none	none	none	none	none	none	none	none	none	none	none	none	none	none	none	none	none	none	none	none	none	none	none	none	none	none	none	none	none	none	none	none	none	none	none	none	none	none	none	none	none	none	none	none	none	none	none	none	none	none	none	none	none	none	none	none	none
OP205567.1	exp F3+ R3-	exp F3+ R2-	exp F3+ R3-	exp F3+ R2-	exp F3+ R3-	exp F3+ R2-	exp F3+ R3-	exp F3+ R2-	none	none	none	none	none	none	none	none	none	none	none	none	none	none	none	none	none	none	none	none	none	none	none	none	none	none	none	none	none	none	none	none	none	none	none	none	none	none	none	none	none	none	none	none	none	none	none	none	none	none	none	none	none	none	none	none	none	none	none	none	none	none	none	none	none	none	none	none	none	none	none	none	none	none	none	none	none	none	none
OP205568.1	exp F3+ R3-	exp F3+ R2-	exp F3+ R3-	exp F3+ R2-	exp F3+ R3-	exp F3+ R2-	exp F3+ R3-	exp F3+ R2-	none	none	none	none	none	none	none	none	none	none	none	none	none	none	none	none	none	none	none	none	none	none	none	none	none	none	none	none	none	none	none	none	none	none	none	none	none	none	none	none	none	none	none	none	none	none	none	none	none	none	none	none	none	none	none	none	none	none	none	none	none	none	none	none	none	none	none	none	none	none	none	none	none	none	none	none	none	none	none
OP205569.1	none	none	exp F1+ R3-	none	exp F1+ R3-	none	exp F1+ R2-	exp F1+ R3-	none	none	none	none	none	none	none	none	none	none	none	none	none	none	none	none	none	none	none	none	none	none	none	none	none	none	none	none	none	none	none	none	none	none	none	none	none	none	none	none	none	none	none	none	none	none	none	none	none	none	none	none	none	none	none	none	none	none	none	none	none	none	none	none	none	none	none	none	none	none	none	none	none	none	none	none	none	none	none
OP205570.1	none	none	exp F3+ R3-	none	exp F3+ R3-	none	exp F3+ R2-	exp F3+ R3-	none	none	none	none	none	none	none	none	none	none	none	none	none	none	none	none	none	none	none	none	none	none	none	none	none	none	none	none	none	none	none	none	none	none	none	none	none	none	none	none	none	none	none	none	none	none	none	none	none	none	none	none	none	none	none	none	none	none	none	none	none	none	none	none	none	none	none	none	none	none	none	none	none	none	none	none	none	none	none
OP205571.1	exp F3+ R3-	exp F3+ R2-	exp F3+ R3-	exp F3+ R2-	exp F3+ R3-	exp F3+ R2-	exp F3+ R3-	exp F3+ R2-	none	none	none	none	none	none	none	none	none	none	none	none	none	none	none	none	none	none	none	none	none	none	none	none	none	none	none	none	none	none	none	none	none	none	none	none	none	none	none	none	none	none	none	none	none	none	none	none	none	none	none	none	none	none	none	none	none	none	none	none	none	none	none	none	none	none	none	none	none	none	none	none	none	none	none	none	none	none	none
OP205572.1	none	none	exp F3+ R3-	none	exp F3+ R3-	none	exp F3+ R2-	exp F3+ R3-	none	none	none	none	none	none	none	none	none	none	none	none	none	none	none	none	none	none	none	none	none	none	none	none	none	none	none	none	none	none	none	none	none	none	none	none	none	none	none	none	none	none	none	none	none	none	none	none	none	none	none	none	none	none	none	none	none	none	none	none	none	none	none	none	none	none	none	none	none	none	none	none	none	none	none	none	none	none	none
OP205573.1	exp F3+ R3-	exp F3+ R2-	exp F3+ R3-	exp F3+ R2-	exp F3+ R3-	exp F3+ R2-	exp F3+ R3-	exp F3+ R2-	none	none	none	none	none	none	none	none	none	none	none	none	none	none	none	none	none	none	none	none	none	none	none	none	none	none	none	none	none	none	none	none	none	none	none	none	none	none	none	none	none	none	none	none	none	none	none	none	none	none	none	none	none	none	none	none	none	none	none	none	none	none	none	none	none	none	none	none	none	none	none	none	none	none	none	none	none	none	none
OP205574.1	exp F3+ R3-	exp F3+ R2-	exp F3+ R3-	exp F3+ R2-	exp F3+ R3-	exp F3+ R2-	exp F3+ R3-	exp F3+ R2-	none	none	none	none	none	none	none	none	none	none	none	none	none	none	none	none	none	none	none	none	none	none	none	none	none	none	none	none	none	none	none	none	none	none	none	none	none	none	none	none	none	none	none	none	none	none	none	none	none	none	none	none	none	none	none	none	none	none	none	none	none	none	none	none	none	none	none	none	none	none	none	none	none	none	none	none	none	none	none
OP205576.1	none	none	exp F1+ R3-	none	exp F1+ R3-	none	exp F1+ R2-	exp F1+ R3-	none	none	none	none	none	none	none	none	none	none	none	none	none	none	none	none	none	none	none	none	none	none	none	none	none	none	none	none	none	none	none	none	none	none	none	none	none	none	none	none	none	none	none	none	none	none	none	none	none	none	none	none	none	none	none	none	none	none	none	none	none	none	none	none	none	none	none	none	none	none	none	none	none	none	none	none	none	none	none
OP205583.1	none	none	exp F1+ R3-	none	exp F1+ R3-	none	exp F1+ R2-	exp F1+ R3-	none	none	none	none	none	none	none	none	none	none	none	none	none	none	none	none	none	none	none	none	none	none	none	none	none	none	none	none	none	none	none	none	none	none	none	none	none	none	none	none	none	none	none	none	none	none	none	none	none	none	none	none	none	none	none	none	none	none	none	none	none	none	none	none	none	none	none	none	none	none	none	none	none	none	none	none	none	none	none
OP205584.1	exp F3+ R3-	exp F3+ R2-	exp F3+ R3-	exp F3+ R2-	exp F3+ R3-	exp F3+ R2-	exp F3+ R3-	exp F3+ R2-	none	none	none	none	none	none	none	none	none	none	none	none	none	none	none	none	none	none	none	none	none	none	none	none	none	none	none	none	none	none	none	none	none	none	none	none	none	none	none	none	none	none	none	none	none	none	none	none	none	none	none	none	none	none	none	none	none	none	none	none	none	none	none	none	none	none	none	none	none	none	none	none	none	none	none	none	none	none	none
OP205585.1	none	none	exp F1+ R3-	none	exp F1+ R3-	none	exp F1+ R2-	exp F1+ R3-	none	none	none	none	none	none	none	none	none	none	none	none	none	none	none	none	none	none	none	none	none	none	none	none	none	none	none	none	none	none	none	none	none	none	none	none	none	none	none	none	none	none	none	none	none	none	none	none	none	none	none	none	none	none	none	none	none	none	none	none	none	none	none	none	none	none	none	none	none	none	none	none	none	none	none	none	none	none	none
OM368933.1	exp F3+ R3-	exp F3+ R2-	exp F3+ R3-	exp F3+ R2-	exp F3+ R3-	exp F3+ R2-	exp F3+ R3-	exp F3+ R2-	none	none	none	none	none	none	none	none	none	none	none	none	none	none	none	none	none	none	none	none	none	none	none	none	none	none	none	none	none	none	none	none	none	none	none	none	none	none	none	none	none	none	none	none	none	none	none	none	none	none	none	none	none	none	none	none	none	none	none	none	none	none	none	none	none	none	none	none	none	none	none	none	none	none	none	none	none	none	none
OM372476.1	exp F3+ R3-	exp F3+ R2-	exp F3+ R3-	exp F3+ R2-	exp F3+ R3-	exp F3+ R2-	exp F3+ R3-	exp F3+ R2-	none	none	none	none	none	none	none	none	none	none	none	none	none	none	none	none	none	none	none	none	none	none	none	none	none	none	none	none	none	none	none	none	none	none	none	none	none	none	none	none	none	none	none	none	none	none	none	none	none	none	none	none	none	none	none	none	none	none	none	none	none	none	none	none	none	none	none	none	none	none	none	none	none	none	none	none	none	none	none
OM372477.1	exp F3+ R3-	exp F3+ R2-	exp F3+ R3-	exp F3+ R2-	exp F3+ R3-	exp F3+ R2-	exp F3+ R3-	exp F3+ R2-	none	none	none	none	none	none	none	none	none	none	none	none	none	none	none	none	none	none	none	none	none	none	none	none	none	none	none	none	none	none	none	none	none	none	none	none	none	none	none	none	none	none	none	none	none	none	none	none	none	none	none	none	none	none	none	none	none	none	none	none	none	none	none	none	none	none	none	none	none	none	none	none	none	none	none	none	none	none	none
OM372478.1	exp F3+ R3-	exp F3+ R2-	exp F3+ R3-	exp F3+ R2-	exp F3+ R3-	exp F3+ R2-	exp F3+ R3-	exp F3+ R2-	none	none	none	none	none	none	none	none	none	none	none	none	none	none	none	none	none	none	none	none	none	none	none	none	none	none	none	none	none	none	none	none	none	none	none	none	none	none	none	none	none	none	none	none	none	none	none	none	none	none	none	none	none	none	none	none	none	none	none	none	none	none	none	none	none	none	none	none	none	none	none	none	none	none	none	none	none	none	none
OM372479.1	exp F3+ R3-	exp F3+ R2-	exp F3+ R3-	exp F3+ R2-	exp F3+ R3-	exp F3+ R2-	exp F3+ R3-	exp F3+ R2-	none	none	none	none	none	none	none	none	none	none	none	none	none	none	none	none	none	none	none	none	none	none	none	none	none	none	none	none	none	none	none	none	none	none	none	none	none	none	none	none	none	none	none	none	none	none	none	none	none	none	none	none	none	none	none	none	none	none	none	none	none	none	none	none	none	none	none	none	none	none	none	none	none	none	none	none	none	none	none
OM372480.1	exp F3+ R3-	exp F3+ R2-	exp F3+ R3-	exp F3+ R2-	exp F3+ R3-	exp F3+ R2-	exp F3+ R3-	exp F3+ R2-	none	none	none	none	none	none	none	none	none	none	none	none	none	none	none	none	none	none	none	none	none	none	none	none	none	none	none	none	none	none	none	none	none	none	none	none	none	none	none	none	none	none	none	none	none	none	none	none	none	none	none	none	none	none	none	none	none	none	none	none	none	none	none	none	none	none	none	none	none	none	none	none	none	none	none	none	none	none	none
OM372481.1	exp F3+ R3-	exp F3+ R2-	exp F3+ R3-	exp F3+ R2-	exp F3+ R3-	exp F3+ R2-	exp F3+ R3-	exp F3+ R2-	none	none	none	none	none	none	none	none	none	none	none	none	none	none	none	none	none	none	none	none	none	none	none	none	none	none	none	none	none	none	none	none	none	none	none	none	none	none	none	none	none	none	none	none	none	none	none	none	none	none	none	none	none	none	none	none	none	none	none	none	none	none	none	none	none	none	none	none	none	none	none	none	none	none	none	none	none	none	none
OM372482.1	none	none	none	none	none	none	none	none	none	none	none	none	none	none	none	none	exp F3+ R3-	exp F3+ R2-	exp F3+ R2-	exp F3+ R1-	exp F3+ R3-	exp F3+ R2-	exp F3+ R2-	exp F3+ R1-	none	none	none	none	none	none	none	none	none	none	none	none	none	none	none	none	none	none	none	none	none	none	none	none	none	none	none	none	none	none	none	none	none	none	none	none	none	none	none	none	none	none	none	none	none	none	none	none	none	none	none	none	none	none	none	none	none	none	none	none	none	none	none
OM372484.1	none	none	exp F3+ R3-	none	exp F3+ R3-	none	exp F3+ R2-	exp F3+ R3-	none	none	none	none	none	none	none	none	none	none	none	none	none	none	none	none	none	none	none	none	none	none	none	none	none	none	none	none	none	none	none	none	none	none	none	none	none	none	none	none	none	none	none	none	none	none	none	none	none	none	none	none	none	none	none	none	none	none	none	none	none	none	none	none	none	none	none	none	none	none	none	none	none	none	none	none	none	none	none
OM372485.1	exp F3+ R3-	exp F3+ R2-	exp F3+ R3-	exp F3+ R2-	exp F3+ R3-	exp F3+ R2-	exp F3+ R3-	exp F3+ R2-	none	none	none	none	none	none	none	none	none	none	none	none	none	none	none	none	none	none	none	none	none	none	none	none	none	none	none	none	none	none	none	none	none	none	none	none	none	none	none	none	none	none	none	none	none	none	none	none	none	none	none	none	none	none	none	none	none	none	none	none	none	none	none	none	none	none	none	none	none	none	none	none	none	none	none	none	none	none	none
OM372488.1	exp F3+ R3-	exp F3+ R2-	exp F3+ R2-	exp F3+ R1-	exp F3+ R3-	exp F3+ R2-	exp F3+ R2-	exp F3+ R1-	none	none	none	none	none	none	none	none	none	none	none	none	none	none	none	none	none	none	none	none	none	none	none	none	none	none	none	none	none	none	none	none	none	none	none	none	none	none	none	none	none	none	none	none	none	none	none	none	none	none	none	none	none	none	none	none	none	none	none	none	none	none	none	none	none	none	none	none	none	none	none	none	none	none	none	none	none	none	none
OM372489.1	exp F3+ R3-	exp F3+ R2-	exp F3+ R2-	exp F3+ R1-	exp F3+ R3-	exp F3+ R2-	exp F3+ R2-	exp F3+ R1-	none	none	none	none	none	none	none	none	none	none	none	none	none	none	none	none	none	none	none	none	none	none	none	none	none	none	none	none	none	none	none	none	none	none	none	none	none	none	none	none	none	none	none	none	none	none	none	none	none	none	none	none	none	none	none	none	none	none	none	none	none	none	none	none	none	none	none	none	none	none	none	none	none	none	none	none	none	none	none
OM372490.1	exp F3+ R3-	exp F3+ R2-	exp F3+ R3-	exp F3+ R2-	exp F3+ R3-	exp F3+ R2-	exp F3+ R3-	exp F3+ R2-	none	none	none	none	none	none	none	none	none	none	none	none	none	none	none	none	none	none	none	none	none	none	none	none	none	none	none	none	none	none	none	none	none	none	none	none	none	none	none	none	none	none	none	none	none	none	none	none	none	none	none	none	none	none	none	none	none	none	none	none	none	none	none	none	none	none	none	none	none	none	none	none	none	none	none	none	none	none	none
OM372672.1	exp F3+ R3-	exp F3+ R2-	exp F3+ R3-	exp F3+ R2-	exp F3+ R3-	exp F3+ R2-	exp F3+ R3-	exp F3+ R2-	none	none	none	none	none	none	none	none	none	none	none	none	none	none	none	none	none	none	none	none	none	none	none	none	none	none	none	none	none	none	none	none	none	none	none	none	none	none	none	none	none	none	none	none	none	none	none	none	none	none	none	none	none	none	none	none	none	none	none	none	none	none	none	none	none	none	none	none	none	none	none	none	none	none	none	none	none	none	none
OM372676.1	none	none	none	none	none	none	none	none	none	none	none	none	none	none	none	none	exp F3+ R3-	exp F3+ R2-	exp F3+ R2-	exp F3+ R1-	exp F3+ R3-	exp F3+ R2-	exp F3+ R2-	exp F3+ R1-	none	none	none	none	none	none	none	none	none	none	none	none	none	none	none	none	none	none	none	none	none	none	none	none	none	none	none	none	none	none	none	none	none	none	none	none	none	none	none	none	none	none	none	none	none	none	none	none	none	none	none	none	none	none	none	none	none	none	none	none	none	none	none
OM372682.1	exp F3+ R3-	exp F3+ R2-	exp F3+ R3-	exp F3+ R2-	exp F3+ R3-	exp F3+ R2-	exp F3+ R3-	exp F3+ R2-	none	none	none	none	none	none	none	none	none	none	none	none	none	none	none	none	none	none	none	none	none	none	none	none	none	none	none	none	none	none	none	none	none	none	none	none	none	none	none	none	none	none	none	none	none	none	none	none	none	none	none	none	none	none	none	none	none	none	none	none	none	none	none	none	none	none	none	none	none	none	none	none	none	none	none	none	none	none	none
OM373200.1	exp F3+ R3-	exp F3+ R2-	exp F3+ R3-	exp F3+ R2-	exp F3+ R3-	exp F3+ R2-	exp F3+ R3-	exp F3+ R2-	none	none	none	none	none	none	none	none	none	none	none	none	none	none	none	none	none	none	none	none	none	none	none	none	none	none	none	none	none	none	none	none	none	none	none	none	none	none	none	none	none	none	none	none	none	none	none	none	none	none	none	none	none	none	none	none	none	none	none	none	none	none	none	none	none	none	none	none	none	none	none	none	none	none	none	none	none	none	none
OM373201.1	none	none	exp F3+ R3-	none	exp F3+ R3-	none	exp F3+ R2-	exp F3+ R3-	none	none	none	none	none	none	none	none	none	none	none	none	none	none	none	none	none	none	none	none	none	none	none	none	none	none	none	none	none	none	none	none	none	none	none	none	none	none	none	none	none	none	none	none	none	none	none	none	none	none	none	none	none	none	none	none	none	none	none	none	none	none	none	none	none	none	none	none	none	none	none	none	none	none	none	none	none	none	none
OM373210.1	exp F3+ R3-	exp F3+ R2-	exp F3+ R3-	exp F3+ R2-	exp F3+ R3-	exp F3+ R2-	exp F3+ R3-	exp F3+ R2-	none	none	none	none	none	none	none	none	none	none	none	none	none	none	none	none	none	none	none	none	none	none	none	none	none	none	none	none	none	none	none	none	none	none	none	none	none	none	none	none	none	none	none	none	none	none	none	none	none	none	none	none	none	none	none	none	none	none	none	none	none	none	none	none	none	none	none	none	none	none	none	none	none	none	none	none	none	none	none
OM373317.1	exp F3+ R3-	exp F3+ R2-	exp F3+ R3-	exp F3+ R2-	exp F3+ R3-	exp F3+ R2-	exp F3+ R3-	exp F3+ R2-	none	none	none	none	none	none	none	none	none	none	none	none	none	none	none	none	none	none	none	none	none	none	none	none	none	none	none	none	none	none	none	none	none	none	none	none	none	none	none	none	none	none	none	none	none	none	none	none	none	none	none	none	none	none	none	none	none	none	none	none	none	none	none	none	none	none	none	none	none	none	none	none	none	none	none	none	none	none	none
OM373532.1	exp F3+ R3-	exp F3+ R2-	exp F3+ R3-	exp F3+ R2-	exp F3+ R3-	exp F3+ R2-	exp F3+ R3-	exp F3+ R2-	none	none	none	none	none	none	none	none	none	none	none	none	none	none	none	none	none	none	none	none	none	none	none	none	none	none	none	none	none	none	none	none	none	none	none	none	none	none	none	none	none	none	none	none	none	none	none	none	none	none	none	none	none	none	none	none	none	none	none	none	none	none	none	none	none	none	none	none	none	none	none	none	none	none	none	none	none	none	none
OM373562.1	none	none	exp F3+ R3-	none	exp F3+ R3-	none	exp F3+ R2-	exp F3+ R3-	none	none	none	none	none	none	none	none	none	none	none	none	none	none	none	none	none	none	none	none	none	none	none	none	none	none	none	none	none	none	none	none	none	none	none	none	none	none	none	none	none	none	none	none	none	none	none	none	none	none	none	none	none	none	none	none	none	none	none	none	none	none	none	none	none	none	none	none	none	none	none	none	none	none	none	none	none	none	none
OM373624.1	exp F3+ R3-	exp F3+ R2-	exp F3+ R3-	exp F3+ R2-	exp F3+ R3-	exp F3+ R2-	exp F3+ R3-	exp F3+ R2-	none	none	none	none	none	none	none	none	none	none	none	none	none	none	none	none	none	none	none	none	none	none	none	none	none	none	none	none	none	none	none	none	none	none	none	none	none	none	none	none	none	none	none	none	none	none	none	none	none	none	none	none	none	none	none	none	none	none	none	none	none	none	none	none	none	none	none	none	none	none	none	none	none	none	none	none	none	none	none
OM373643.1	exp F3+ R3-	exp F3+ R2-	exp F3+ R3-	exp F3+ R2-	exp F3+ R3-	exp F3+ R2-	exp F3+ R3-	exp F3+ R2-	none	none	none	none	none	none	none	none	none	none	none	none	none	none	none	none	none	none	none	none	none	none	none	none	none	none	none	none	none	none	none	none	none	none	none	none	none	none	none	none	none	none	none	none	none	none	none	none	none	none	none	none	none	none	none	none	none	none	none	none	none	none	none	none	none	none	none	none	none	none	none	none	none	none	none	none	none	none	none
OM373654.1	exp F3+ R3-	exp F3+ R2-	exp F3+ R3-	exp F3+ R2-	exp F3+ R3-	exp F3+ R2-	exp F3+ R3-	exp F3+ R2-	none	none	none	none	none	none	none	none	none	none	none	none	none	none	none	none	none	none	none	none	none	none	none	none	none	none	none	none	none	none	none	none	none	none	none	none	none	none	none	none	none	none	none	none	none	none	none	none	none	none	none	none	none	none	none	none	none	none	none	none	none	none	none	none	none	none	none	none	none	none	none	none	none	none	none	none	none	none	none
OM386670.1	exp F3+ R3-	exp F3+ R2-	exp F3+ R3-	exp F3+ R2-	exp F3+ R3-	exp F3+ R2-	exp F3+ R3-	exp F3+ R2-	none	none	none	none	none	none	none	none	none	none	none	none	none	none	none	none	none	none	none	none	none	none	none	none	none	none	none	none	none	none	none	none	none	none	none	none	none	none	none	none	none	none	none	none	none	none	none	none	none	none	none	none	none	none	none	none	none	none	none	none	none	none	none	none	none	none	none	none	none	none	none	none	none	none	none	none	none	none	none
OM386672.1	exp F3+ R1-	exp F3+ R2-	exp F3+ R0-	exp F3+ R1-	exp F3+ R2-	exp F3+ R3-	exp F3+ R1-	exp F3+ R2-	none	none	none	none	none	none	none	none	none	none	none	none	none	none	none	none	none	none	none	none	none	none	none	none	none	none	none	none	none	none	none	none	none	none	none	none	none	none	none	none	none	none	none	none	none	none	none	none	none	none	none	none	none	none	none	none	none	none	none	none	none	none	none	none	none	none	none	none	none	none	none	none	none	none	none	none	none	none	none
OM386792.1	none	none	exp F3+ R3-	none	exp F3+ R3-	none	exp F3+ R2-	exp F3+ R3-	none	none	none	none	none	none	none	none	none	none	none	none	none	none	none	none	none	none	none	none	none	none	none	none	none	none	none	none	none	none	none	none	none	none	none	none	none	none	none	none	none	none	none	none	none	none	none	none	none	none	none	none	none	none	none	none	none	none	none	none	none	none	none	none	none	none	none	none	none	none	none	none	none	none	none	none	none	none	none
OM386814.1	exp F3+ R3-	exp F3+ R2-	exp F3+ R3-	exp F3+ R2-	exp F3+ R3-	exp F3+ R2-	exp F3+ R3-	exp F3+ R2-	none	none	none	none	none	none	none	none	none	none	none	none	none	none	none	none	none	none	none	none	none	none	none	none	none	none	none	none	none	none	none	none	none	none	none	none	none	none	none	none	none	none	none	none	none	none	none	none	none	none	none	none	none	none	none	none	none	none	none	none	none	none	none	none	none	none	none	none	none	none	none	none	none	none	none	none	none	none	none
OM386843.1	exp F3+ R3-	exp F3+ R2-	exp F3+ R3-	exp F3+ R2-	exp F3+ R3-	exp F3+ R2-	exp F3+ R3-	exp F3+ R2-	none	none	none	none	none	none	none	none	none	none	none	none	none	none	none	none	none	none	none	none	none	none	none	none	none	none	none	none	none	none	none	none	none	none	none	none	none	none	none	none	none	none	none	none	none	none	none	none	none	none	none	none	none	none	none	none	none	none	none	none	none	none	none	none	none	none	none	none	none	none	none	none	none	none	none	none	none	none	none
OM388564.1	none	none	exp F3+ R3-	none	exp F3+ R3-	none	exp F3+ R2-	exp F3+ R3-	none	none	none	none	none	none	none	none	none	none	none	none	none	none	none	none	none	none	none	none	none	none	none	none	none	none	none	none	none	none	none	none	none	none	none	none	none	none	none	none	none	none	none	none	none	none	none	none	none	none	none	none	none	none	none	none	none	none	none	none	none	none	none	none	none	none	none	none	none	none	none	none	none	none	none	none	none	none	none
OM884056.1	none	none	exp F2+ R3-	none	exp F2+ R3-	none	exp F2+ R2-	exp F2+ R3-	none	none	none	none	none	none	none	none	none	none	none	none	none	none	none	none	none	none	none	none	none	none	none	none	none	none	none	none	none	none	none	none	none	none	none	none	none	none	none	none	none	none	none	none	none	none	none	none	none	none	none	none	none	none	none	none	none	none	none	none	none	none	none	none	none	none	none	none	none	none	none	none	none	none	none	none	none	none	none
OM980238.1	none	none	none	none	none	none	none	none	exp F3+ R3-	exp F3+ R2-	exp F3+ R3-	exp F3+ R2-	exp F3+ R3-	exp F3+ R2-	exp F3+ R3-	exp F3+ R2-	none	none	none	none	none	none	none	none	none	none	none	none	none	none	none	none	none	none	none	none	none	none	none	none	none	none	none	none	none	none	none	none	none	none	none	none	none	none	none	none	none	none	none	none	none	none	none	none	none	none	none	none	none	none	none	none	none	none	none	none	none	none	none	none	none	none	none	none	none	none	none
OM980240.1	exp F1+ R3-	exp F1+ R2-	exp F1+ R3-	exp F1+ R2-	exp F1+ R3-	exp F1+ R2-	exp F1+ R3-	exp F1+ R2-	none	none	none	none	none	none	none	none	none	none	none	none	none	none	none	none	none	none	none	none	none	none	none	none	none	none	none	none	none	none	none	none	none	none	none	none	none	none	none	none	none	none	none	none	none	none	none	none	none	none	none	none	none	none	none	none	none	none	none	none	none	none	none	none	none	none	none	none	none	none	none	none	none	none	none	none	none	none	none
OK376257.1	none	none	none	none	none	none	none	none	none	none	none	none	none	none	none	none	exp F3+ R3-	exp F3+ R2-	exp F3+ R2-	exp F3+ R1-	exp F3+ R3-	exp F3+ R2-	exp F3+ R2-	exp F3+ R1-	none	none	none	none	none	none	none	none	none	none	none	none	none	none	none	none	none	none	none	none	none	none	none	none	none	none	none	none	none	none	none	none	none	none	none	none	none	none	none	none	none	none	none	none	none	none	none	none	none	none	none	none	none	none	none	none	none	none	none	none	none	none	none
OK376714.1	exp F2+ R3-	exp F2+ R2-	exp F2+ R3-	exp F2+ R2-	exp F2+ R3-	exp F2+ R2-	exp F2+ R3-	exp F2+ R2-	none	none	none	none	none	none	none	none	none	none	none	none	none	none	none	none	none	none	none	none	none	none	none	none	none	none	none	none	none	none	none	none	none	none	none	none	none	none	none	none	none	none	none	none	none	none	none	none	none	none	none	none	none	none	none	none	none	none	none	none	none	none	none	none	none	none	none	none	none	none	none	none	none	none	none	none	none	none	none
OL336382.1	exp F3+ R3-	exp F3+ R2-	exp F3+ R3-	exp F3+ R2-	exp F3+ R3-	exp F3+ R2-	exp F3+ R3-	exp F3+ R2-	none	none	none	none	none	none	none	none	none	none	none	none	none	none	none	none	none	none	none	none	none	none	none	none	none	none	none	none	none	none	none	none	none	none	none	none	none	none	none	none	none	none	none	none	none	none	none	none	none	none	none	none	none	none	none	none	none	none	none	none	none	none	none	none	none	none	none	none	none	none	none	none	none	none	none	none	none	none	none
OL336384.1	exp F3+ R3-	exp F3+ R2-	exp F3+ R3-	exp F3+ R2-	exp F3+ R3-	exp F3+ R2-	exp F3+ R3-	exp F3+ R2-	none	none	none	none	none	none	none	none	none	none	none	none	none	none	none	none	none	none	none	none	none	none	none	none	none	none	none	none	none	none	none	none	none	none	none	none	none	none	none	none	none	none	none	none	none	none	none	none	none	none	none	none	none	none	none	none	none	none	none	none	none	none	none	none	none	none	none	none	none	none	none	none	none	none	none	none	none	none	none
OL336385.1	exp F3+ R3-	exp F3+ R2-	exp F3+ R3-	exp F3+ R2-	exp F3+ R3-	exp F3+ R2-	exp F3+ R3-	exp F3+ R2-	none	none	none	none	none	none	none	none	none	none	none	none	none	none	none	none	none	none	none	none	none	none	none	none	none	none	none	none	none	none	none	none	none	none	none	none	none	none	none	none	none	none	none	none	none	none	none	none	none	none	none	none	none	none	none	none	none	none	none	none	none	none	none	none	none	none	none	none	none	none	none	none	none	none	none	none	none	none	none
OL336386.1	exp F3+ R3-	exp F3+ R2-	exp F3+ R3-	exp F3+ R2-	exp F3+ R3-	exp F3+ R2-	exp F3+ R3-	exp F3+ R2-	none	none	none	none	none	none	none	none	none	none	none	none	none	none	none	none	none	none	none	none	none	none	none	none	none	none	none	none	none	none	none	none	none	none	none	none	none	none	none	none	none	none	none	none	none	none	none	none	none	none	none	none	none	none	none	none	none	none	none	none	none	none	none	none	none	none	none	none	none	none	none	none	none	none	none	none	none	none	none
OL336387.1	exp F3+ R3-	exp F3+ R2-	exp F3+ R3-	exp F3+ R2-	exp F3+ R3-	exp F3+ R2-	exp F3+ R3-	exp F3+ R2-	none	none	none	none	none	none	none	none	none	none	none	none	none	none	none	none	none	none	none	none	none	none	none	none	none	none	none	none	none	none	none	none	none	none	none	none	none	none	none	none	none	none	none	none	none	none	none	none	none	none	none	none	none	none	none	none	none	none	none	none	none	none	none	none	none	none	none	none	none	none	none	none	none	none	none	none	none	none	none
OL336388.1	exp F3+ R3-	exp F3+ R2-	exp F3+ R3-	exp F3+ R2-	exp F3+ R3-	exp F3+ R2-	exp F3+ R3-	exp F3+ R2-	none	none	none	none	none	none	none	none	none	none	none	none	none	none	none	none	none	none	none	none	none	none	none	none	none	none	none	none	none	none	none	none	none	none	none	none	none	none	none	none	none	none	none	none	none	none	none	none	none	none	none	none	none	none	none	none	none	none	none	none	none	none	none	none	none	none	none	none	none	none	none	none	none	none	none	none	none	none	none
OL336389.1	exp F3+ R3-	exp F3+ R2-	exp F3+ R3-	exp F3+ R2-	exp F3+ R3-	exp F3+ R2-	exp F3+ R3-	exp F3+ R2-	none	none	none	none	none	none	none	none	none	none	none	none	none	none	none	none	none	none	none	none	none	none	none	none	none	none	none	none	none	none	none	none	none	none	none	none	none	none	none	none	none	none	none	none	none	none	none	none	none	none	none	none	none	none	none	none	none	none	none	none	none	none	none	none	none	none	none	none	none	none	none	none	none	none	none	none	none	none	none
MZ958411.1	exp F3+ R3-	exp F3+ R2-	exp F3+ R3-	exp F3+ R2-	exp F3+ R3-	exp F3+ R2-	exp F3+ R3-	exp F3+ R2-	none	none	none	none	none	none	none	none	none	none	none	none	none	none	none	none	none	none	none	none	none	none	none	none	none	none	none	none	none	none	none	none	none	none	none	none	none	none	none	none	none	none	none	none	none	none	none	none	none	none	none	none	none	none	none	none	none	none	none	none	none	none	none	none	none	none	none	none	none	none	none	none	none	none	none	none	none	none	none
OK012403.1	exp F3+ R3-	exp F3+ R2-	exp F3+ R2-	exp F3+ R1-	exp F3+ R3-	exp F3+ R2-	exp F3+ R2-	exp F3+ R1-	none	none	none	none	none	none	none	none	none	none	none	none	none	none	none	none	none	none	none	none	none	none	none	none	none	none	none	none	none	none	none	none	none	none	none	none	none	none	none	none	none	none	none	none	none	none	none	none	none	none	none	none	none	none	none	none	none	none	none	none	none	none	none	none	none	none	none	none	none	none	none	none	none	none	none	none	none	none	none
OK012404.1	exp F3+ R3-	exp F3+ R2-	exp F3+ R2-	exp F3+ R1-	exp F3+ R3-	exp F3+ R2-	exp F3+ R2-	exp F3+ R1-	none	none	none	none	none	none	none	none	none	none	none	none	none	none	none	none	none	none	none	none	none	none	none	none	none	none	none	none	none	none	none	none	none	none	none	none	none	none	none	none	none	none	none	none	none	none	none	none	none	none	none	none	none	none	none	none	none	none	none	none	none	none	none	none	none	none	none	none	none	none	none	none	none	none	none	none	none	none	none
MZ478134.1	exp F3+ R2-	exp F3+ R1-	exp F3+ R3-	exp F3+ R2-	exp F3+ R2-	exp F3+ R1-	exp F3+ R3-	exp F3+ R2-	none	none	none	none	none	none	none	none	none	none	none	none	none	none	none	none	none	none	none	none	none	none	none	none	none	none	none	none	none	none	none	none	none	none	none	none	none	none	none	none	none	none	none	none	none	none	none	none	none	none	none	none	none	none	none	none	none	none	none	none	none	none	none	none	none	none	none	none	none	none	none	none	none	none	none	none	none	none	none
MZ478136.1	exp F3+ R3-	exp F3+ R2-	exp F3+ R3-	exp F3+ R2-	exp F3+ R3-	exp F3+ R2-	exp F3+ R3-	exp F3+ R2-	none	none	none	none	none	none	none	none	none	none	none	none	none	none	none	none	none	none	none	none	none	none	none	none	none	none	none	none	none	none	none	none	none	none	none	none	none	none	none	none	none	none	none	none	none	none	none	none	none	none	none	none	none	none	none	none	none	none	none	none	none	none	none	none	none	none	none	none	none	none	none	none	none	none	none	none	none	none	none
MZ478137.1	none	none	none	none	lin R2-	none	none	none	none	none	none	none	none	none	none	none	none	none	none	none	none	none	none	none	none	none	none	none	none	none	none	none	none	none	none	none	none	none	none	none	lin R1-	none	none	lin R1-	none	none	lin R1-	lin R2-	none	none	none	none	none	none	none	none	none	none	none	none	none	none	none	none	none	none	none	none	lin R2-	none	none	none	none	lin R0-	none	none	none	none	none	none	none	none	none	none	none	none	none
MZ478138.1	none	none	none	none	lin R2-	none	none	none	none	none	none	none	none	none	none	none	none	none	none	none	none	none	none	none	none	none	none	none	none	none	none	none	none	none	none	none	none	none	none	none	lin R1-	none	none	lin R1-	none	none	lin R1-	lin R2-	none	none	none	none	none	none	none	none	none	none	none	none	none	none	none	none	none	none	none	none	lin R2-	none	none	none	none	lin R0-	none	none	none	none	none	none	none	none	none	none	none	none	none
MZ478139.1	exp F3+ R3-	exp F3+ R2-	exp F3+ R3-	exp F3+ R2-	exp F3+ R3-	exp F3+ R2-	exp F3+ R3-	exp F3+ R2-	none	none	none	none	none	none	none	none	none	none	none	none	none	none	none	none	none	none	none	none	none	none	none	none	none	none	none	none	none	none	none	none	none	none	none	none	none	none	none	none	none	none	none	none	none	none	none	none	none	none	none	none	none	none	none	none	none	none	none	none	none	none	none	none	none	none	none	none	none	none	none	none	none	none	none	none	none	none	none
MZ478141.1	exp F3+ R3-	exp F3+ R2-	exp F3+ R3-	exp F3+ R2-	exp F3+ R3-	exp F3+ R2-	exp F3+ R3-	exp F3+ R2-	none	none	none	none	none	none	none	none	none	none	none	none	none	none	none	none	none	none	none	none	none	none	none	none	none	none	none	none	none	none	none	none	none	none	none	none	none	none	none	none	none	none	none	none	none	none	none	none	none	none	none	none	none	none	none	none	none	none	none	none	none	none	none	none	none	none	none	none	none	none	none	none	none	none	none	none	none	none	none
MZ606672.1	none	none	none	none	none	none	none	none	none	none	none	none	none	none	none	none	none	none	none	none	none	none	none	none	exp F3+ R2-	exp F3+ R1-	exp F3+ R2-	exp F3+ R1-	exp F3+ R3-	exp F3+ R2-	exp F3+ R3-	exp F3+ R2-	none	none	none	none	none	none	none	none	none	none	none	none	none	none	none	none	none	none	none	none	none	none	none	none	none	none	none	none	none	none	none	none	none	none	none	none	none	none	none	none	none	none	none	none	none	none	none	none	none	none	none	none	none	none	none
MZ606673.1	none	none	none	none	none	none	none	none	none	none	none	none	none	none	none	none	none	none	none	none	none	none	none	none	exp F3+ R2-	exp F3+ R1-	exp F3+ R2-	exp F3+ R1-	exp F3+ R3-	exp F3+ R2-	exp F3+ R3-	exp F3+ R2-	none	none	none	none	none	none	none	none	none	none	none	none	none	none	none	none	none	none	none	none	none	none	none	none	none	none	none	none	none	none	none	none	none	none	none	none	none	none	none	none	none	none	none	none	none	none	none	none	none	none	none	none	none	none	none
MZ606674.1	exp F3+ R2-	exp F3+ R1-	exp F3+ R2-	exp F3+ R1-	exp F3+ R3-	exp F3+ R2-	exp F3+ R3-	exp F3+ R2-	none	none	none	none	none	none	none	none	none	none	none	none	none	none	none	none	none	none	none	none	none	none	none	none	none	none	none	none	none	none	none	none	none	none	none	none	none	none	none	none	none	none	none	none	none	none	none	none	none	none	none	none	none	none	none	none	none	none	none	none	none	none	none	none	none	none	none	none	none	none	none	none	none	none	none	none	none	none	none
MZ606676.1	none	none	none	none	none	none	none	none	none	none	none	none	none	none	none	none	none	none	none	none	none	none	none	none	exp F3+ R2-	exp F3+ R1-	exp F3+ R2-	exp F3+ R1-	exp F3+ R3-	exp F3+ R2-	exp F3+ R3-	exp F3+ R2-	none	none	none	none	none	none	none	none	none	none	none	none	none	none	none	none	none	none	none	none	none	none	none	none	none	none	none	none	none	none	none	none	none	none	none	none	none	none	none	none	none	none	none	none	none	none	none	none	none	none	none	none	none	none	none
MZ606677.1	none	none	none	none	none	none	none	none	none	none	none	none	none	none	none	none	none	none	none	none	none	none	none	none	exp F3+ R2-	exp F3+ R1-	exp F3+ R2-	exp F3+ R1-	exp F3+ R3-	exp F3+ R2-	exp F3+ R3-	exp F3+ R2-	none	none	none	none	none	none	none	none	none	none	none	none	none	none	none	none	none	none	none	none	none	none	none	none	none	none	none	none	none	none	none	none	none	none	none	none	none	none	none	none	none	none	none	none	none	none	none	none	none	none	none	none	none	none	none
MZ606678.1	none	none	none	none	none	none	none	none	none	none	none	none	none	none	none	none	none	none	none	none	none	none	none	none	exp F3+ R2-	exp F3+ R1-	exp F3+ R2-	exp F3+ R1-	exp F3+ R3-	exp F3+ R2-	exp F3+ R3-	exp F3+ R2-	none	none	none	none	none	none	none	none	none	none	none	none	none	none	none	none	none	none	none	none	none	none	none	none	none	none	none	none	none	none	none	none	none	none	none	none	none	none	none	none	none	none	none	none	none	none	none	none	none	none	none	none	none	none	none
MW854326.1	exp F3+ R2-	exp F3+ R3-	exp F3+ R1-	exp F3+ R2-	exp F3+ R2-	exp F3+ R3-	exp F3+ R1-	exp F3+ R2-	none	none	none	none	none	none	none	none	none	none	none	none	none	none	none	none	none	none	none	none	none	none	none	none	none	none	none	none	none	none	none	none	none	none	none	none	none	none	none	none	none	none	none	none	none	none	none	none	none	none	none	none	none	none	none	none	none	none	none	none	none	none	none	none	none	none	none	none	none	none	none	none	none	none	none	none	none	none	none
MZ265003.1	none	none	exp F3+ R3-	none	exp F3+ R3-	none	exp F3+ R2-	exp F3+ R3-	none	none	none	none	none	none	none	none	none	none	none	none	none	none	none	none	none	none	none	none	none	none	none	none	none	none	none	none	none	none	none	none	none	none	none	none	none	none	none	none	none	none	none	none	none	none	none	none	none	none	none	none	none	none	none	none	none	none	none	none	none	none	none	none	none	none	none	none	none	none	none	none	none	none	none	none	none	none	none
MZ268406.1	exp F2+ R1-	exp F2+ R0-	exp F2+ R2-	exp F2+ R1-	exp F2+ R2-	exp F2+ R1-	exp F2+ R3-	exp F2+ R2-	none	none	none	none	none	none	none	none	none	none	none	none	none	none	none	none	none	none	none	none	none	none	none	none	none	none	none	none	none	none	none	none	none	none	none	none	none	none	none	none	none	none	none	none	none	none	none	none	none	none	none	none	none	none	none	none	none	none	none	none	none	none	none	none	none	none	none	none	none	none	none	none	none	none	none	none	none	none	none
MZ279714.1	exp F3+ R1-	exp F3+ R2-	exp F3+ R2-	exp F3+ R3-	exp F3+ R0-	exp F3+ R1-	exp F3+ R1-	exp F3+ R2-	none	none	none	none	none	none	none	none	none	none	none	none	none	none	none	none	none	none	none	none	none	none	none	none	none	none	none	none	none	none	none	none	none	none	none	none	none	none	none	none	none	none	none	none	none	none	none	none	none	none	none	none	none	none	none	none	none	none	none	none	none	none	none	none	none	none	none	none	none	none	none	none	none	none	none	none	none	none	none
MZ279715.1	exp F3+ R1-	exp F3+ R2-	exp F3+ R2-	exp F3+ R3-	exp F3+ R0-	exp F3+ R1-	exp F3+ R1-	exp F3+ R2-	none	none	none	none	none	none	none	none	none	none	none	none	none	none	none	none	none	none	none	none	none	none	none	none	none	none	none	none	none	none	none	none	none	none	none	none	none	none	none	none	none	none	none	none	none	none	none	none	none	none	none	none	none	none	none	none	none	none	none	none	none	none	none	none	none	none	none	none	none	none	none	none	none	none	none	none	none	none	none
MW661248.1	exp F3+ R3-	exp F3+ R2-	exp F3+ R3-	exp F3+ R2-	exp F3+ R3-	exp F3+ R2-	exp F3+ R3-	exp F3+ R2-	none	none	none	none	none	none	none	none	none	none	none	none	none	none	none	none	none	none	none	none	none	none	none	none	none	none	none	none	none	none	none	none	none	none	none	none	none	none	none	none	none	none	none	none	none	none	none	none	none	none	none	none	none	none	none	none	none	none	none	none	none	none	none	none	none	none	none	none	none	none	none	none	none	none	none	none	none	none	none
MW661249.1	exp F3+ R3-	exp F3+ R2-	exp F3+ R2-	exp F3+ R1-	exp F3+ R3-	exp F3+ R2-	exp F3+ R2-	exp F3+ R1-	none	none	none	none	none	none	none	none	none	none	none	none	none	none	none	none	none	none	none	none	none	none	none	none	none	none	none	none	none	none	none	none	none	none	none	none	none	none	none	none	none	none	none	none	none	none	none	none	none	none	none	none	none	none	none	none	none	none	none	none	none	none	none	none	none	none	none	none	none	none	none	none	none	none	none	none	none	none	none
MW661250.1	exp F1+ R1-	exp F1+ R2-	exp F1+ R0-	exp F1+ R1-	exp F1+ R2-	exp F1+ R3-	exp F1+ R1-	exp F1+ R2-	none	none	none	none	none	none	none	none	none	none	none	none	none	none	none	none	none	none	none	none	none	none	none	none	none	none	none	none	none	none	none	none	none	none	none	none	none	none	none	none	none	none	none	none	none	none	none	none	none	none	none	none	none	none	none	none	none	none	none	none	none	none	none	none	none	none	none	none	none	none	none	none	none	none	none	none	none	none	none
MW661256.1	exp F3+ R3-	exp F3+ R2-	exp F3+ R3-	exp F3+ R2-	exp F3+ R3-	exp F3+ R2-	exp F3+ R3-	exp F3+ R2-	none	none	none	none	none	none	none	none	none	none	none	none	none	none	none	none	none	none	none	none	none	none	none	none	none	none	none	none	none	none	none	none	none	none	none	none	none	none	none	none	none	none	none	none	none	none	none	none	none	none	none	none	none	none	none	none	none	none	none	none	none	none	none	none	none	none	none	none	none	none	none	none	none	none	none	none	none	none	none
MW559991.1	none	none	none	none	none	none	none	none	exp F3+ R3-	exp F3+ R2-	exp F3+ R3-	exp F3+ R2-	exp F3+ R3-	exp F3+ R2-	exp F3+ R3-	exp F3+ R2-	none	none	none	none	none	none	none	none	none	none	none	none	none	none	none	none	none	none	none	none	none	none	none	none	none	none	none	none	none	none	none	none	none	none	none	none	none	none	none	none	none	none	none	none	none	none	none	none	none	none	none	none	none	none	none	none	none	none	none	none	none	none	none	none	none	none	none	none	none	none	none
MW559992.1	none	none	none	none	none	none	none	none	none	exp F3+ R2-	none	exp F3+ R2-	none	exp F3+ R3-	none	exp F3+ R3-	none	none	none	none	none	none	none	none	none	none	none	none	none	none	none	none	none	none	none	none	none	none	none	none	none	none	none	none	none	none	none	none	none	none	none	none	none	none	none	none	none	none	none	none	none	none	none	none	none	none	none	none	none	none	none	none	none	none	none	none	none	none	none	none	none	none	none	none	none	none	none
MW559993.1	none	none	none	none	none	none	none	none	exp F3+ R3-	exp F3+ R2-	exp F3+ R3-	exp F3+ R2-	exp F3+ R3-	exp F3+ R2-	exp F3+ R3-	exp F3+ R2-	none	none	none	none	none	none	none	none	none	none	none	none	none	none	none	none	none	none	none	none	none	none	none	none	none	none	none	none	none	none	none	none	none	none	none	none	none	none	none	none	none	none	none	none	none	none	none	none	none	none	none	none	none	none	none	none	none	none	none	none	none	none	none	none	none	none	none	none	none	none	none
MW559994.1	none	none	none	none	none	none	none	none	exp F3+ R3-	exp F3+ R2-	exp F3+ R3-	exp F3+ R2-	exp F3+ R3-	exp F3+ R2-	exp F3+ R3-	exp F3+ R2-	none	none	none	none	none	none	none	none	none	none	none	none	none	none	none	none	none	none	none	none	none	none	none	none	none	none	none	none	none	none	none	none	none	none	none	none	none	none	none	none	none	none	none	none	none	none	none	none	none	none	none	none	none	none	none	none	none	none	none	none	none	none	none	none	none	none	none	none	none	none	none
MW009069.1	exp F2+ R1-	exp F2+ R0-	exp F2+ R2-	exp F2+ R1-	exp F2+ R2-	exp F2+ R1-	exp F2+ R3-	exp F2+ R2-	none	none	none	none	none	none	none	none	none	none	none	none	none	none	none	none	none	none	none	none	none	none	none	none	none	none	none	none	none	none	none	none	none	none	none	none	none	none	none	none	none	none	none	none	none	none	none	none	none	none	none	none	none	none	none	none	none	none	none	none	none	none	none	none	none	none	none	none	none	none	none	none	none	none	none	none	none	none	none
MW009070.1	exp F2+ R3-	exp F2+ R2-	exp F2+ R3-	exp F2+ R2-	exp F2+ R3-	exp F2+ R2-	exp F2+ R3-	exp F2+ R2-	none	none	none	none	none	none	none	none	none	none	none	none	none	none	none	none	none	none	none	none	none	none	none	none	none	none	none	none	none	none	none	none	none	none	none	none	none	none	none	none	none	none	none	none	none	none	none	none	none	none	none	none	none	none	none	none	none	none	none	none	none	none	none	none	none	none	none	none	none	none	none	none	none	none	none	none	none	none	none
MW009071.1	exp F3+ R3-	exp F3+ R2-	exp F3+ R3-	exp F3+ R2-	exp F3+ R3-	exp F3+ R2-	exp F3+ R3-	exp F3+ R2-	none	none	none	none	none	none	none	none	none	none	none	none	none	none	none	none	none	none	none	none	none	none	none	none	none	none	none	none	none	none	none	none	none	none	none	none	none	none	none	none	none	none	none	none	none	none	none	none	none	none	none	none	none	none	none	none	none	none	none	none	none	none	none	none	none	none	none	none	none	none	none	none	none	none	none	none	none	none	none
MW019618.1	none	none	none	none	none	none	none	none	none	none	none	none	none	none	none	none	none	none	none	none	none	none	none	none	exp F3+ R2-	exp F3+ R1-	exp F3+ R2-	exp F3+ R1-	exp F3+ R3-	exp F3+ R2-	exp F3+ R3-	exp F3+ R2-	none	none	none	none	none	none	none	none	none	none	none	none	none	none	none	none	none	none	none	none	none	none	none	none	none	none	none	none	none	none	none	none	none	none	none	none	none	none	none	none	none	none	none	none	none	none	none	none	none	none	none	none	none	none	none
MW019619.1	none	none	none	none	none	none	none	none	exp F3+ R2-	exp F3+ R1-	exp F3+ R2-	exp F3+ R1-	exp F3+ R3-	exp F3+ R2-	exp F3+ R3-	exp F3+ R2-	none	none	none	none	none	none	none	none	none	none	none	none	none	none	none	none	none	none	none	none	none	none	none	none	none	none	none	none	none	none	none	none	none	none	none	none	none	none	none	none	none	none	none	none	none	none	none	none	none	none	none	none	none	none	none	none	none	none	none	none	none	none	none	none	none	none	none	none	none	none	none
MW019620.1	none	none	none	none	none	none	none	none	none	none	none	none	none	none	none	none	none	none	none	none	none	none	none	none	exp F3+ R2-	exp F3+ R1-	exp F3+ R2-	exp F3+ R1-	exp F3+ R3-	exp F3+ R2-	exp F3+ R3-	exp F3+ R2-	none	none	none	none	none	none	none	none	none	none	none	none	none	none	none	none	none	none	none	none	none	none	none	none	none	none	none	none	none	none	none	none	none	none	none	none	none	none	none	none	none	none	none	none	none	none	none	none	none	none	none	none	none	none	none
MW019621.1	none	none	none	none	none	none	none	none	none	none	none	none	none	none	none	none	none	none	none	none	none	none	none	none	exp F3+ R2-	exp F3+ R1-	exp F3+ R2-	exp F3+ R1-	exp F3+ R3-	exp F3+ R2-	exp F3+ R3-	exp F3+ R2-	none	none	none	none	none	none	none	none	none	none	none	none	none	none	none	none	none	none	none	none	none	none	none	none	none	none	none	none	none	none	none	none	none	none	none	none	none	none	none	none	none	none	none	none	none	none	none	none	none	none	none	none	none	none	none
MW019622.1	none	none	none	none	none	none	none	none	none	none	none	none	none	none	none	none	none	none	none	none	none	none	none	none	exp F3+ R2-	exp F3+ R1-	exp F3+ R2-	exp F3+ R1-	exp F3+ R3-	exp F3+ R2-	exp F3+ R3-	exp F3+ R2-	none	none	none	none	none	none	none	none	none	none	none	none	none	none	none	none	none	none	none	none	none	none	none	none	none	none	none	none	none	none	none	none	none	none	none	none	none	none	none	none	none	none	none	none	none	none	none	none	none	none	none	none	none	none	none
MW019956.1	none	none	none	none	none	none	none	none	none	none	none	none	none	none	none	none	none	none	none	none	none	none	none	none	exp F3+ R2-	exp F3+ R1-	exp F3+ R2-	exp F3+ R1-	exp F3+ R3-	exp F3+ R2-	exp F3+ R3-	exp F3+ R2-	none	none	none	none	none	none	none	none	none	none	none	none	none	none	none	none	none	none	none	none	none	none	none	none	none	none	none	none	none	none	none	none	none	none	none	none	none	none	none	none	none	none	none	none	none	none	none	none	none	none	none	none	none	none	none
MW019957.1	none	none	none	none	none	none	none	none	none	none	none	none	none	none	none	none	none	none	none	none	none	none	none	none	exp F3+ R2-	exp F3+ R1-	exp F3+ R2-	exp F3+ R1-	exp F3+ R3-	exp F3+ R2-	exp F3+ R3-	exp F3+ R2-	none	none	none	none	none	none	none	none	none	none	none	none	none	none	none	none	none	none	none	none	none	none	none	none	none	none	none	none	none	none	none	none	none	none	none	none	none	none	none	none	none	none	none	none	none	none	none	none	none	none	none	none	none	none	none
MW019958.1	none	none	none	none	none	none	none	none	exp F3+ R2-	exp F3+ R1-	exp F3+ R2-	exp F3+ R1-	exp F3+ R3-	exp F3+ R2-	exp F3+ R3-	exp F3+ R2-	none	none	none	none	none	none	none	none	none	none	none	none	none	none	none	none	none	none	none	none	none	none	none	none	none	none	none	none	none	none	none	none	none	none	none	none	none	none	none	none	none	none	none	none	none	none	none	none	none	none	none	none	none	none	none	none	none	none	none	none	none	none	none	none	none	none	none	none	none	none	none
MW019959.1	exp F3+ R3-	exp F3+ R2-	exp F3+ R3-	exp F3+ R2-	exp F3+ R3-	exp F3+ R2-	exp F3+ R3-	exp F3+ R2-	none	none	none	none	none	none	none	none	none	none	none	none	none	none	none	none	none	none	none	none	none	none	none	none	none	none	none	none	none	none	none	none	none	none	none	none	none	none	none	none	none	none	none	none	none	none	none	none	none	none	none	none	none	none	none	none	none	none	none	none	none	none	none	none	none	none	none	none	none	none	none	none	none	none	none	none	none	none	none
MW045405.1	exp F2+ R1-	exp F2+ R2-	exp F2+ R1-	exp F2+ R2-	exp F2+ R2-	exp F2+ R3-	exp F2+ R2-	exp F2+ R3-	none	none	none	none	none	none	none	none	none	none	none	none	none	none	none	none	none	none	none	none	none	none	none	none	none	none	none	none	none	none	none	none	none	none	none	none	none	none	none	none	none	none	none	none	none	none	none	none	none	none	none	none	none	none	none	none	none	none	none	none	none	none	none	none	none	none	none	none	none	none	none	none	none	none	none	none	none	none	none
MW045406.1	none	none	none	none	none	none	none	none	none	none	none	none	none	none	none	none	none	none	none	none	none	none	none	none	exp F3+ R2-	exp F3+ R1-	exp F3+ R2-	exp F3+ R1-	exp F3+ R3-	exp F3+ R2-	exp F3+ R3-	exp F3+ R2-	none	none	none	none	none	none	none	none	none	none	none	none	none	none	none	none	none	none	none	none	none	none	none	none	none	none	none	none	none	none	none	none	none	none	none	none	none	none	none	none	none	none	none	none	none	none	none	none	none	none	none	none	none	none	none
MW284780.1	exp F2+ R3-	exp F2+ R2-	exp F2+ R3-	exp F2+ R2-	exp F2+ R3-	exp F2+ R2-	exp F2+ R3-	exp F2+ R2-	none	none	none	none	none	none	none	none	none	none	none	none	none	none	none	none	none	none	none	none	none	none	none	none	none	none	none	none	none	none	none	none	none	none	none	none	none	none	none	none	none	none	none	none	none	none	none	none	none	none	none	none	none	none	none	none	none	none	none	none	none	none	none	none	none	none	none	none	none	none	none	none	none	none	none	none	none	none	none
MW284781.1	exp F2+ R3-	exp F2+ R2-	exp F2+ R3-	exp F2+ R2-	exp F2+ R3-	exp F2+ R2-	exp F2+ R3-	exp F2+ R2-	none	none	none	none	none	none	none	none	none	none	none	none	none	none	none	none	none	none	none	none	none	none	none	none	none	none	none	none	none	none	none	none	none	none	none	none	none	none	none	none	none	none	none	none	none	none	none	none	none	none	none	none	none	none	none	none	none	none	none	none	none	none	none	none	none	none	none	none	none	none	none	none	none	none	none	none	none	none	none
MW284782.1	exp F2+ R3-	exp F2+ R2-	exp F2+ R3-	exp F2+ R2-	exp F2+ R3-	exp F2+ R2-	exp F2+ R3-	exp F2+ R2-	none	none	none	none	none	none	none	none	none	none	none	none	none	none	none	none	none	none	none	none	none	none	none	none	none	none	none	none	none	none	none	none	none	none	none	none	none	none	none	none	none	none	none	none	none	none	none	none	none	none	none	none	none	none	none	none	none	none	none	none	none	none	none	none	none	none	none	none	none	none	none	none	none	none	none	none	none	none	none
MW284783.1	exp F2+ R3-	exp F2+ R2-	exp F2+ R3-	exp F2+ R2-	exp F2+ R3-	exp F2+ R2-	exp F2+ R3-	exp F2+ R2-	none	none	none	none	none	none	none	none	none	none	none	none	none	none	none	none	none	none	none	none	none	none	none	none	none	none	none	none	none	none	none	none	none	none	none	none	none	none	none	none	none	none	none	none	none	none	none	none	none	none	none	none	none	none	none	none	none	none	none	none	none	none	none	none	none	none	none	none	none	none	none	none	none	none	none	none	none	none	none
MW305511.1	exp F3+ R1-	exp F3+ R2-	exp F3+ R0-	exp F3+ R1-	exp F3+ R2-	exp F3+ R3-	exp F3+ R1-	exp F3+ R2-	none	none	none	none	none	none	none	none	none	none	none	none	none	none	none	none	none	none	none	none	none	none	none	none	none	none	none	none	none	none	none	none	none	none	none	none	none	none	none	none	none	none	none	none	none	none	none	none	none	none	none	none	none	none	none	none	none	none	none	none	none	none	none	none	none	none	none	none	none	none	none	none	none	none	none	none	none	none	none
MW305512.1	exp F2+ R1-	exp F2+ R2-	exp F2+ R1-	exp F2+ R2-	exp F2+ R2-	exp F2+ R3-	exp F2+ R2-	exp F2+ R3-	none	none	none	none	none	none	none	none	none	none	none	none	none	none	none	none	none	none	none	none	none	none	none	none	none	none	none	none	none	none	none	none	none	none	none	none	none	none	none	none	none	none	none	none	none	none	none	none	none	none	none	none	none	none	none	none	none	none	none	none	none	none	none	none	none	none	none	none	none	none	none	none	none	none	none	none	none	none	none
MW305513.1	none	none	exp F1+ R3-	none	exp F1+ R3-	none	exp F1+ R2-	exp F1+ R3-	none	none	none	none	none	none	none	none	none	none	none	none	none	none	none	none	none	none	none	none	none	none	none	none	none	none	none	none	none	none	none	none	none	none	none	none	none	none	none	none	none	none	none	none	none	none	none	none	none	none	none	none	none	none	none	none	none	none	none	none	none	none	none	none	none	none	none	none	none	none	none	none	none	none	none	none	none	none	none
MW305514.1	none	none	none	none	none	none	none	none	none	none	none	none	none	none	none	none	none	none	none	none	none	none	none	none	none	none	none	none	none	none	none	none	exp F3+ R1-	exp F3+ R2-	exp F3+ R0-	exp F3+ R1-	exp F3+ R2-	exp F3+ R3-	exp F3+ R1-	exp F3+ R2-	none	none	none	none	none	none	none	none	none	none	none	none	none	none	none	none	none	none	none	none	none	none	none	none	none	none	none	none	none	none	none	none	none	none	none	none	none	none	none	none	none	none	none	none	none	none	none
MW305515.1	exp F3+ R3-	exp F3+ R2-	exp F3+ R3-	exp F3+ R2-	exp F3+ R3-	exp F3+ R2-	exp F3+ R3-	exp F3+ R2-	none	none	none	none	none	none	none	none	none	none	none	none	none	none	none	none	none	none	none	none	none	none	none	none	none	none	none	none	none	none	none	none	none	none	none	none	none	none	none	none	none	none	none	none	none	none	none	none	none	none	none	none	none	none	none	none	none	none	none	none	none	none	none	none	none	none	none	none	none	none	none	none	none	none	none	none	none	none	none
MW305517.1	exp F2+ R1-	exp F2+ R2-	exp F2+ R1-	exp F2+ R2-	exp F2+ R2-	exp F2+ R3-	exp F2+ R2-	exp F2+ R3-	none	none	none	none	none	none	none	none	none	none	none	none	none	none	none	none	none	none	none	none	none	none	none	none	none	none	none	none	none	none	none	none	none	none	none	none	none	none	none	none	none	none	none	none	none	none	none	none	none	none	none	none	none	none	none	none	none	none	none	none	none	none	none	none	none	none	none	none	none	none	none	none	none	none	none	none	none	none	none
MW305518.1	none	none	none	none	none	none	none	none	none	none	none	none	none	none	none	none	none	none	none	none	none	none	none	none	none	none	none	none	none	none	none	none	exp F3+ R1-	exp F3+ R2-	exp F3+ R0-	exp F3+ R1-	exp F3+ R2-	exp F3+ R3-	exp F3+ R1-	exp F3+ R2-	none	none	none	none	none	none	none	none	none	none	none	none	none	none	none	none	none	none	none	none	none	none	none	none	none	none	none	none	none	none	none	none	none	none	none	none	none	none	none	none	none	none	none	none	none	none	none
MW305521.1	none	none	none	none	none	none	none	none	none	none	none	none	none	none	none	none	exp F3+ R3-	exp F3+ R2-	exp F3+ R3-	exp F3+ R2-	exp F3+ R3-	exp F3+ R2-	exp F3+ R3-	exp F3+ R2-	none	none	none	none	none	none	none	none	none	none	none	none	none	none	none	none	none	none	none	none	none	none	none	none	none	none	none	none	none	none	none	none	none	none	none	none	none	none	none	none	none	none	none	none	none	none	none	none	none	none	none	none	none	none	none	none	none	none	none	none	none	none	none
MW305522.1	none	none	exp F1+ R3-	none	exp F1+ R3-	none	exp F1+ R2-	exp F1+ R3-	none	none	none	none	none	none	none	none	none	none	none	none	none	none	none	none	none	none	none	none	none	none	none	none	none	none	none	none	none	none	none	none	none	none	none	none	none	none	none	none	none	none	none	none	none	none	none	none	none	none	none	none	none	none	none	none	none	none	none	none	none	none	none	none	none	none	none	none	none	none	none	none	none	none	none	none	none	none	none
MW305523.1	exp F3+ R1-	exp F3+ R2-	exp F3+ R0-	exp F3+ R1-	exp F3+ R2-	exp F3+ R3-	exp F3+ R1-	exp F3+ R2-	none	none	none	none	none	none	none	none	none	none	none	none	none	none	none	none	none	none	none	none	none	none	none	none	none	none	none	none	none	none	none	none	none	none	none	none	none	none	none	none	none	none	none	none	none	none	none	none	none	none	none	none	none	none	none	none	none	none	none	none	none	none	none	none	none	none	none	none	none	none	none	none	none	none	none	none	none	none	none
MW305525.1	none	none	none	none	none	none	none	none	none	none	none	none	none	none	none	none	exp F3+ R3-	exp F3+ R2-	exp F3+ R3-	exp F3+ R2-	exp F3+ R3-	exp F3+ R2-	exp F3+ R3-	exp F3+ R2-	none	none	none	none	none	none	none	none	none	none	none	none	none	none	none	none	none	none	none	none	none	none	none	none	none	none	none	none	none	none	none	none	none	none	none	none	none	none	none	none	none	none	none	none	none	none	none	none	none	none	none	none	none	none	none	none	none	none	none	none	none	none	none
MW305526.1	exp F2+ R3-	none	none	none	exp F2+ R2-	exp F2+ R3-	none	none	none	none	none	none	none	none	none	none	none	none	none	none	none	none	none	none	none	none	none	none	none	none	none	none	none	none	none	none	none	none	none	none	none	none	none	none	none	none	none	none	none	none	none	none	none	none	none	none	none	none	none	none	none	none	none	none	none	none	none	none	none	none	none	none	none	none	none	none	none	none	none	none	none	none	none	none	none	none	none
MW305527.1	exp F3+ R3-	exp F3+ R2-	exp F3+ R3-	exp F3+ R2-	exp F3+ R3-	exp F3+ R2-	exp F3+ R3-	exp F3+ R2-	none	none	none	none	none	none	none	none	none	none	none	none	none	none	none	none	none	none	none	none	none	none	none	none	none	none	none	none	none	none	none	none	none	none	none	none	none	none	none	none	none	none	none	none	none	none	none	none	none	none	none	none	none	none	none	none	none	none	none	none	none	none	none	none	none	none	none	none	none	none	none	none	none	none	none	none	none	none	none
MW305528.1	exp F3+ R3-	exp F3+ R2-	exp F3+ R3-	exp F3+ R2-	exp F3+ R3-	exp F3+ R2-	exp F3+ R3-	exp F3+ R2-	none	none	none	none	none	none	none	none	none	none	none	none	none	none	none	none	none	none	none	none	none	none	none	none	none	none	none	none	none	none	none	none	none	none	none	none	none	none	none	none	none	none	none	none	none	none	none	none	none	none	none	none	none	none	none	none	none	none	none	none	none	none	none	none	none	none	none	none	none	none	none	none	none	none	none	none	none	none	none
MW305529.1	none	none	none	none	none	none	none	none	none	none	none	none	none	none	none	none	none	none	none	none	none	none	none	none	none	none	none	none	none	none	none	none	exp F3+ R1-	exp F3+ R2-	exp F3+ R0-	exp F3+ R1-	exp F3+ R2-	exp F3+ R3-	exp F3+ R1-	exp F3+ R2-	none	none	none	none	none	none	none	none	none	none	none	none	none	none	none	none	none	none	none	none	none	none	none	none	none	none	none	none	none	none	none	none	none	none	none	none	none	none	none	none	none	none	none	none	none	none	none
MW305531.1	none	none	none	none	none	none	none	none	none	none	none	none	none	none	none	none	none	none	none	none	none	none	none	none	none	none	none	none	none	none	none	none	exp F3+ R1-	exp F3+ R2-	exp F3+ R0-	exp F3+ R1-	exp F3+ R2-	exp F3+ R3-	exp F3+ R1-	exp F3+ R2-	none	none	none	none	none	none	none	none	none	none	none	none	none	none	none	none	none	none	none	none	none	none	none	none	none	none	none	none	none	none	none	none	none	none	none	none	none	none	none	none	none	none	none	none	none	none	none
MW305532.1	none	none	none	none	none	none	none	none	none	none	none	none	none	none	none	none	none	none	none	none	none	none	none	none	none	none	none	none	none	none	none	none	exp F3+ R1-	exp F3+ R2-	exp F3+ R0-	exp F3+ R1-	exp F3+ R2-	exp F3+ R3-	exp F3+ R1-	exp F3+ R2-	none	none	none	none	none	none	none	none	none	none	none	none	none	none	none	none	none	none	none	none	none	none	none	none	none	none	none	none	none	none	none	none	none	none	none	none	none	none	none	none	none	none	none	none	none	none	none
MW305533.1	exp F2+ R1-	exp F2+ R0-	exp F2+ R2-	exp F2+ R1-	exp F2+ R2-	exp F2+ R1-	exp F2+ R3-	exp F2+ R2-	none	none	none	none	none	none	none	none	none	none	none	none	none	none	none	none	none	none	none	none	none	none	none	none	none	none	none	none	none	none	none	none	none	none	none	none	none	none	none	none	none	none	none	none	none	none	none	none	none	none	none	none	none	none	none	none	none	none	none	none	none	none	none	none	none	none	none	none	none	none	none	none	none	none	none	none	none	none	none
MW305534.1	exp F3+ R3-	exp F3+ R2-	exp F3+ R3-	exp F3+ R2-	exp F3+ R3-	exp F3+ R2-	exp F3+ R3-	exp F3+ R2-	none	none	none	none	none	none	none	none	none	none	none	none	none	none	none	none	none	none	none	none	none	none	none	none	none	none	none	none	none	none	none	none	none	none	none	none	none	none	none	none	none	none	none	none	none	none	none	none	none	none	none	none	none	none	none	none	none	none	none	none	none	none	none	none	none	none	none	none	none	none	none	none	none	none	none	none	none	none	none
MW305535.1	exp F3+ R3-	exp F3+ R2-	exp F3+ R3-	exp F3+ R2-	exp F3+ R3-	exp F3+ R2-	exp F3+ R3-	exp F3+ R2-	none	none	none	none	none	none	none	none	none	none	none	none	none	none	none	none	none	none	none	none	none	none	none	none	none	none	none	none	none	none	none	none	none	none	none	none	none	none	none	none	none	none	none	none	none	none	none	none	none	none	none	none	none	none	none	none	none	none	none	none	none	none	none	none	none	none	none	none	none	none	none	none	none	none	none	none	none	none	none
MW305536.1	none	none	none	exp F3+ R3-	none	exp F3+ R3-	exp F3+ R3-	exp F3+ R2-	none	none	none	none	none	none	none	none	none	none	none	none	none	none	none	none	none	none	none	none	none	none	none	none	none	none	none	none	none	none	none	none	none	none	none	none	none	none	none	none	none	none	none	none	none	none	none	none	none	none	none	none	none	none	none	none	none	none	none	none	none	none	none	none	none	none	none	none	none	none	none	none	none	none	none	none	none	none	none
MW305537.1	exp F2+ R1-	exp F2+ R0-	exp F2+ R2-	exp F2+ R1-	exp F2+ R2-	exp F2+ R1-	exp F2+ R3-	exp F2+ R2-	none	none	none	none	none	none	none	none	none	none	none	none	none	none	none	none	none	none	none	none	none	none	none	none	none	none	none	none	none	none	none	none	none	none	none	none	none	none	none	none	none	none	none	none	none	none	none	none	none	none	none	none	none	none	none	none	none	none	none	none	none	none	none	none	none	none	none	none	none	none	none	none	none	none	none	none	none	none	none
MW305538.1	none	none	none	none	none	none	none	none	none	none	none	none	none	none	none	none	exp F3+ R3-	exp F3+ R2-	exp F3+ R3-	exp F3+ R2-	exp F3+ R3-	exp F3+ R2-	exp F3+ R3-	exp F3+ R2-	none	none	none	none	none	none	none	none	none	none	none	none	none	none	none	none	none	none	none	none	none	none	none	none	none	none	none	none	none	none	none	none	none	none	none	none	none	none	none	none	none	none	none	none	none	none	none	none	none	none	none	none	none	none	none	none	none	none	none	none	none	none	none
MW305539.1	none	none	none	none	none	none	none	none	none	none	none	none	none	none	none	none	exp F3+ R3-	exp F3+ R2-	exp F3+ R3-	exp F3+ R2-	exp F3+ R3-	exp F3+ R2-	exp F3+ R3-	exp F3+ R2-	none	none	none	none	none	none	none	none	none	none	none	none	none	none	none	none	none	none	none	none	none	none	none	none	none	none	none	none	none	none	none	none	none	none	none	none	none	none	none	none	none	none	none	none	none	none	none	none	none	none	none	none	none	none	none	none	none	none	none	none	none	none	none
MW305540.1	exp F3+ R1-	exp F3+ R2-	exp F3+ R0-	exp F3+ R1-	exp F3+ R2-	exp F3+ R3-	exp F3+ R1-	exp F3+ R2-	none	none	none	none	none	none	none	none	none	none	none	none	none	none	none	none	none	none	none	none	none	none	none	none	none	none	none	none	none	none	none	none	none	none	none	none	none	none	none	none	none	none	none	none	none	none	none	none	none	none	none	none	none	none	none	none	none	none	none	none	none	none	none	none	none	none	none	none	none	none	none	none	none	none	none	none	none	none	none
MW305541.1	none	none	exp F1+ R3-	none	exp F1+ R3-	none	exp F1+ R2-	exp F1+ R3-	none	none	none	none	none	none	none	none	none	none	none	none	none	none	none	none	none	none	none	none	none	none	none	none	none	none	none	none	none	none	none	none	none	none	none	none	none	none	none	none	none	none	none	none	none	none	none	none	none	none	none	none	none	none	none	none	none	none	none	none	none	none	none	none	none	none	none	none	none	none	none	none	none	none	none	none	none	none	none
MW305542.1	exp F2+ R3-	exp F2+ R2-	exp F2+ R3-	exp F2+ R2-	exp F2+ R3-	exp F2+ R2-	exp F2+ R3-	exp F2+ R2-	none	none	none	none	none	none	none	none	none	none	none	none	none	none	none	none	none	none	none	none	none	none	none	none	none	none	none	none	none	none	none	none	none	none	none	none	none	none	none	none	none	none	none	none	none	none	none	none	none	none	none	none	none	none	none	none	none	none	none	none	none	none	none	none	none	none	none	none	none	none	none	none	none	none	none	none	none	none	none
MW305543.1	exp F2+ R3-	exp F2+ R2-	exp F2+ R3-	exp F2+ R2-	exp F2+ R3-	exp F2+ R2-	exp F2+ R3-	exp F2+ R2-	none	none	none	none	none	none	none	none	none	none	none	none	none	none	none	none	none	none	none	none	none	none	none	none	none	none	none	none	none	none	none	none	none	none	none	none	none	none	none	none	none	none	none	none	none	none	none	none	none	none	none	none	none	none	none	none	none	none	none	none	none	none	none	none	none	none	none	none	none	none	none	none	none	none	none	none	none	none	none
MW305544.1	exp F3+ R1-	exp F3+ R2-	exp F3+ R0-	exp F3+ R1-	exp F3+ R2-	exp F3+ R3-	exp F3+ R1-	exp F3+ R2-	none	none	none	none	none	none	none	none	none	none	none	none	none	none	none	none	none	none	none	none	none	none	none	none	none	none	none	none	none	none	none	none	none	none	none	none	none	none	none	none	none	none	none	none	none	none	none	none	none	none	none	none	none	none	none	none	none	none	none	none	none	none	none	none	none	none	none	none	none	none	none	none	none	none	none	none	none	none	none
MW305545.1	none	none	none	none	none	none	none	none	none	none	none	none	none	none	none	none	exp F3+ R3-	exp F3+ R2-	exp F3+ R3-	exp F3+ R2-	exp F3+ R3-	exp F3+ R2-	exp F3+ R3-	exp F3+ R2-	none	none	none	none	none	none	none	none	none	none	none	none	none	none	none	none	none	none	none	none	none	none	none	none	none	none	none	none	none	none	none	none	none	none	none	none	none	none	none	none	none	none	none	none	none	none	none	none	none	none	none	none	none	none	none	none	none	none	none	none	none	none	none
MW305546.1	exp F3+ R2-	exp F3+ R3-	exp F3+ R2-	exp F3+ R3-	exp F3+ R2-	exp F3+ R3-	exp F3+ R2-	exp F3+ R3-	none	none	none	none	none	none	none	none	none	none	none	none	none	none	none	none	none	none	none	none	none	none	none	none	none	none	none	none	none	none	none	none	none	none	none	none	none	none	none	none	none	none	none	none	none	none	none	none	none	none	none	none	none	none	none	none	none	none	none	none	none	none	none	none	none	none	none	none	none	none	none	none	none	none	none	none	none	none	none
MW305547.1	exp F3+ R1-	exp F3+ R2-	exp F3+ R0-	exp F3+ R1-	exp F3+ R2-	exp F3+ R3-	exp F3+ R1-	exp F3+ R2-	none	none	none	none	none	none	none	none	none	none	none	none	none	none	none	none	none	none	none	none	none	none	none	none	none	none	none	none	none	none	none	none	none	none	none	none	none	none	none	none	none	none	none	none	none	none	none	none	none	none	none	none	none	none	none	none	none	none	none	none	none	none	none	none	none	none	none	none	none	none	none	none	none	none	none	none	none	none	none
MW305548.1	exp F3+ R3-	exp F3+ R2-	exp F3+ R3-	exp F3+ R2-	exp F3+ R3-	exp F3+ R2-	exp F3+ R3-	exp F3+ R2-	none	none	none	none	none	none	none	none	none	none	none	none	none	none	none	none	none	none	none	none	none	none	none	none	none	none	none	none	none	none	none	none	none	none	none	none	none	none	none	none	none	none	none	none	none	none	none	none	none	none	none	none	none	none	none	none	none	none	none	none	none	none	none	none	none	none	none	none	none	none	none	none	none	none	none	none	none	none	none
MW305549.1	exp F2+ R1-	exp F2+ R2-	exp F2+ R0-	exp F2+ R1-	exp F2+ R2-	exp F2+ R3-	exp F2+ R1-	exp F2+ R2-	none	none	none	none	none	none	none	none	none	none	none	none	none	none	none	none	none	none	none	none	none	none	none	none	none	none	none	none	none	none	none	none	none	none	none	none	none	none	none	none	none	none	none	none	none	none	none	none	none	none	none	none	none	none	none	none	none	none	none	none	none	none	none	none	none	none	none	none	none	none	none	none	none	none	none	none	none	none	none
MW305550.1	none	none	none	none	lin R3-	none	none	none	none	none	none	none	none	none	none	none	none	none	none	none	none	none	none	none	none	none	none	none	none	none	none	none	none	none	none	none	none	none	none	none	lin R2-	none	none	lin R0-	none	none	lin R2-	lin R1-	none	none	none	none	none	none	none	none	none	none	none	none	none	none	none	none	none	none	none	none	lin R1-	none	none	none	none	lin R1-	none	none	none	none	none	none	none	none	none	none	none	none	none
MW305551.1	exp F2+ R1-	exp F2+ R2-	exp F2+ R0-	exp F2+ R1-	exp F2+ R2-	exp F2+ R3-	exp F2+ R1-	exp F2+ R2-	none	none	none	none	none	none	none	none	none	none	none	none	none	none	none	none	none	none	none	none	none	none	none	none	none	none	none	none	none	none	none	none	none	none	none	none	none	none	none	none	none	none	none	none	none	none	none	none	none	none	none	none	none	none	none	none	none	none	none	none	none	none	none	none	none	none	none	none	none	none	none	none	none	none	none	none	none	none	none
MW305552.1	none	none	none	none	lin R3-	none	none	none	none	none	none	none	none	none	none	none	none	none	none	none	none	none	none	none	none	none	none	none	none	none	none	none	none	none	none	none	none	none	none	none	lin R2-	none	none	lin R0-	none	none	lin R2-	lin R1-	none	none	none	none	none	none	none	none	none	none	none	none	none	none	none	none	none	none	none	none	lin R1-	none	none	none	none	lin R1-	none	none	none	none	none	none	none	none	none	none	none	none	none
MW305553.1	exp F3+ R3-	exp F3+ R2-	exp F3+ R3-	exp F3+ R2-	exp F3+ R3-	exp F3+ R2-	exp F3+ R3-	exp F3+ R2-	none	none	none	none	none	none	none	none	none	none	none	none	none	none	none	none	none	none	none	none	none	none	none	none	none	none	none	none	none	none	none	none	none	none	none	none	none	none	none	none	none	none	none	none	none	none	none	none	none	none	none	none	none	none	none	none	none	none	none	none	none	none	none	none	none	none	none	none	none	none	none	none	none	none	none	none	none	none	none
MW305555.1	none	none	none	none	none	none	none	none	none	none	none	none	none	none	none	none	none	none	none	none	none	none	none	none	none	none	none	none	none	none	none	none	exp F3+ R1-	exp F3+ R2-	exp F3+ R0-	exp F3+ R1-	exp F3+ R2-	exp F3+ R3-	exp F3+ R1-	exp F3+ R2-	none	none	none	none	none	none	none	none	none	none	none	none	none	none	none	none	none	none	none	none	none	none	none	none	none	none	none	none	none	none	none	none	none	none	none	none	none	none	none	none	none	none	none	none	none	none	none
MW305556.1	exp F2+ R1-	exp F2+ R2-	exp F2+ R0-	exp F2+ R1-	exp F2+ R2-	exp F2+ R3-	exp F2+ R1-	exp F2+ R2-	none	none	none	none	none	none	none	none	none	none	none	none	none	none	none	none	none	none	none	none	none	none	none	none	none	none	none	none	none	none	none	none	none	none	none	none	none	none	none	none	none	none	none	none	none	none	none	none	none	none	none	none	none	none	none	none	none	none	none	none	none	none	none	none	none	none	none	none	none	none	none	none	none	none	none	none	none	none	none
MW305557.1	exp F3+ R3-	exp F3+ R2-	exp F3+ R3-	exp F3+ R2-	exp F3+ R3-	exp F3+ R2-	exp F3+ R3-	exp F3+ R2-	none	none	none	none	none	none	none	none	none	none	none	none	none	none	none	none	none	none	none	none	none	none	none	none	none	none	none	none	none	none	none	none	none	none	none	none	none	none	none	none	none	none	none	none	none	none	none	none	none	none	none	none	none	none	none	none	none	none	none	none	none	none	none	none	none	none	none	none	none	none	none	none	none	none	none	none	none	none	none
MW305558.1	exp F3+ R3-	exp F3+ R2-	exp F3+ R3-	exp F3+ R2-	exp F3+ R3-	exp F3+ R2-	exp F3+ R3-	exp F3+ R2-	none	none	none	none	none	none	none	none	none	none	none	none	none	none	none	none	none	none	none	none	none	none	none	none	none	none	none	none	none	none	none	none	none	none	none	none	none	none	none	none	none	none	none	none	none	none	none	none	none	none	none	none	none	none	none	none	none	none	none	none	none	none	none	none	none	none	none	none	none	none	none	none	none	none	none	none	none	none	none
MW305559.1	exp F2+ R1-	exp F2+ R2-	exp F2+ R0-	exp F2+ R1-	exp F2+ R2-	exp F2+ R3-	exp F2+ R1-	exp F2+ R2-	none	none	none	none	none	none	none	none	none	none	none	none	none	none	none	none	none	none	none	none	none	none	none	none	none	none	none	none	none	none	none	none	none	none	none	none	none	none	none	none	none	none	none	none	none	none	none	none	none	none	none	none	none	none	none	none	none	none	none	none	none	none	none	none	none	none	none	none	none	none	none	none	none	none	none	none	none	none	none
MW305560.1	exp F3+ R3-	exp F3+ R2-	exp F3+ R3-	exp F3+ R2-	exp F3+ R3-	exp F3+ R2-	exp F3+ R3-	exp F3+ R2-	none	none	none	none	none	none	none	none	none	none	none	none	none	none	none	none	none	none	none	none	none	none	none	none	none	none	none	none	none	none	none	none	none	none	none	none	none	none	none	none	none	none	none	none	none	none	none	none	none	none	none	none	none	none	none	none	none	none	none	none	none	none	none	none	none	none	none	none	none	none	none	none	none	none	none	none	none	none	none
MW305561.1	exp F2+ R1-	exp F2+ R2-	exp F2+ R0-	exp F2+ R1-	exp F2+ R2-	exp F2+ R3-	exp F2+ R1-	exp F2+ R2-	none	none	none	none	none	none	none	none	none	none	none	none	none	none	none	none	none	none	none	none	none	none	none	none	none	none	none	none	none	none	none	none	none	none	none	none	none	none	none	none	none	none	none	none	none	none	none	none	none	none	none	none	none	none	none	none	none	none	none	none	none	none	none	none	none	none	none	none	none	none	none	none	none	none	none	none	none	none	none
MW305562.1	none	none	none	none	lin R3-	none	none	none	none	none	none	none	none	none	none	none	none	none	none	none	none	none	none	none	none	none	none	none	none	none	none	none	none	none	none	none	none	none	none	none	lin R2-	none	none	lin R0-	none	none	lin R2-	lin R1-	none	none	none	none	none	none	none	none	none	none	none	none	none	none	none	none	none	none	none	none	lin R1-	none	none	none	none	lin R1-	none	none	none	none	none	none	none	none	none	none	none	none	none
MW305563.1	exp F2+ R1-	exp F2+ R2-	exp F2+ R0-	exp F2+ R1-	exp F2+ R2-	exp F2+ R3-	exp F2+ R1-	exp F2+ R2-	none	none	none	none	none	none	none	none	none	none	none	none	none	none	none	none	none	none	none	none	none	none	none	none	none	none	none	none	none	none	none	none	none	none	none	none	none	none	none	none	none	none	none	none	none	none	none	none	none	none	none	none	none	none	none	none	none	none	none	none	none	none	none	none	none	none	none	none	none	none	none	none	none	none	none	none	none	none	none
MW305564.1	exp F3+ R1-	exp F3+ R2-	exp F3+ R0-	exp F3+ R1-	exp F3+ R2-	exp F3+ R3-	exp F3+ R1-	exp F3+ R2-	none	none	none	none	none	none	none	none	none	none	none	none	none	none	none	none	none	none	none	none	none	none	none	none	none	none	none	none	none	none	none	none	none	none	none	none	none	none	none	none	none	none	none	none	none	none	none	none	none	none	none	none	none	none	none	none	none	none	none	none	none	none	none	none	none	none	none	none	none	none	none	none	none	none	none	none	none	none	none
MW305565.1	exp F2+ R3-	exp F2+ R2-	exp F2+ R3-	exp F2+ R2-	exp F2+ R3-	exp F2+ R2-	exp F2+ R3-	exp F2+ R2-	none	none	none	none	none	none	none	none	none	none	none	none	none	none	none	none	none	none	none	none	none	none	none	none	none	none	none	none	none	none	none	none	none	none	none	none	none	none	none	none	none	none	none	none	none	none	none	none	none	none	none	none	none	none	none	none	none	none	none	none	none	none	none	none	none	none	none	none	none	none	none	none	none	none	none	none	none	none	none
MW305567.1	exp F3+ R3-	exp F3+ R2-	exp F3+ R3-	exp F3+ R2-	exp F3+ R3-	exp F3+ R2-	exp F3+ R3-	exp F3+ R2-	none	none	none	none	none	none	none	none	none	none	none	none	none	none	none	none	none	none	none	none	none	none	none	none	none	none	none	none	none	none	none	none	none	none	none	none	none	none	none	none	none	none	none	none	none	none	none	none	none	none	none	none	none	none	none	none	none	none	none	none	none	none	none	none	none	none	none	none	none	none	none	none	none	none	none	none	none	none	none
MW305568.1	none	none	none	none	none	none	none	none	none	none	none	none	none	none	none	none	exp F3+ R3-	exp F3+ R2-	exp F3+ R3-	exp F3+ R2-	exp F3+ R3-	exp F3+ R2-	exp F3+ R3-	exp F3+ R2-	none	none	none	none	none	none	none	none	none	none	none	none	none	none	none	none	none	none	none	none	none	none	none	none	none	none	none	none	none	none	none	none	none	none	none	none	none	none	none	none	none	none	none	none	none	none	none	none	none	none	none	none	none	none	none	none	none	none	none	none	none	none	none
MW305571.1	exp F3+ R1-	exp F3+ R2-	exp F3+ R0-	exp F3+ R1-	exp F3+ R2-	exp F3+ R3-	exp F3+ R1-	exp F3+ R2-	none	none	none	none	none	none	none	none	none	none	none	none	none	none	none	none	none	none	none	none	none	none	none	none	none	none	none	none	none	none	none	none	none	none	none	none	none	none	none	none	none	none	none	none	none	none	none	none	none	none	none	none	none	none	none	none	none	none	none	none	none	none	none	none	none	none	none	none	none	none	none	none	none	none	none	none	none	none	none
MW305572.1	exp F3+ R3-	exp F3+ R2-	exp F3+ R3-	exp F3+ R2-	exp F3+ R3-	exp F3+ R2-	exp F3+ R3-	exp F3+ R2-	none	none	none	none	none	none	none	none	none	none	none	none	none	none	none	none	none	none	none	none	none	none	none	none	none	none	none	none	none	none	none	none	none	none	none	none	none	none	none	none	none	none	none	none	none	none	none	none	none	none	none	none	none	none	none	none	none	none	none	none	none	none	none	none	none	none	none	none	none	none	none	none	none	none	none	none	none	none	none
MW305573.1	none	none	none	none	none	none	none	none	exp F2+ R2-	exp F2+ R3-	exp F2+ R1-	exp F2+ R2-	exp F2+ R1-	exp F2+ R2-	exp F2+ R0-	exp F2+ R1-	none	none	none	none	none	none	none	none	none	none	none	none	none	none	none	none	none	none	none	none	none	none	none	none	none	none	none	none	none	none	none	none	none	none	none	none	none	none	none	none	none	none	none	none	none	none	none	none	none	none	none	none	none	none	none	none	none	none	none	none	none	none	none	none	none	none	none	none	none	none	none
MW305575.1	none	none	exp F2+ R3-	none	exp F2+ R3-	none	exp F2+ R2-	exp F2+ R3-	none	none	none	none	none	none	none	none	none	none	none	none	none	none	none	none	none	none	none	none	none	none	none	none	none	none	none	none	none	none	none	none	none	none	none	none	none	none	none	none	none	none	none	none	none	none	none	none	none	none	none	none	none	none	none	none	none	none	none	none	none	none	none	none	none	none	none	none	none	none	none	none	none	none	none	none	none	none	none
MW305576.1	exp F2+ R1-	exp F2+ R2-	exp F2+ R0-	exp F2+ R1-	exp F2+ R2-	exp F2+ R3-	exp F2+ R1-	exp F2+ R2-	none	none	none	none	none	none	none	none	none	none	none	none	none	none	none	none	none	none	none	none	none	none	none	none	none	none	none	none	none	none	none	none	none	none	none	none	none	none	none	none	none	none	none	none	none	none	none	none	none	none	none	none	none	none	none	none	none	none	none	none	none	none	none	none	none	none	none	none	none	none	none	none	none	none	none	none	none	none	none
MW305577.1	exp F3+ R2-	exp F3+ R3-	exp F3+ R1-	exp F3+ R2-	exp F3+ R1-	exp F3+ R2-	exp F3+ R0-	exp F3+ R1-	none	none	none	none	none	none	none	none	none	none	none	none	none	none	none	none	none	none	none	none	none	none	none	none	none	none	none	none	none	none	none	none	none	none	none	none	none	none	none	none	none	none	none	none	none	none	none	none	none	none	none	none	none	none	none	none	none	none	none	none	none	none	none	none	none	none	none	none	none	none	none	none	none	none	none	none	none	none	none
MW305578.1	exp F3+ R2-	exp F3+ R1-	exp F3+ R1-	exp F3+ R0-	exp F3+ R3-	exp F3+ R2-	exp F3+ R2-	exp F3+ R1-	none	none	none	none	none	none	none	none	none	none	none	none	none	none	none	none	none	none	none	none	none	none	none	none	none	none	none	none	none	none	none	none	none	none	none	none	none	none	none	none	none	none	none	none	none	none	none	none	none	none	none	none	none	none	none	none	none	none	none	none	none	none	none	exp F3+ R2-	exp F3+ R1-	exp F3+ R1-	exp F3+ R0-	exp F3+ R3-	exp F3+ R2-	exp F3+ R2-	exp F3+ R1-	none	none	none	none	none	none	none	none
MW305579.1	exp F2+ R2-	exp F2+ R1-	exp F2+ R1-	exp F2+ R0-	exp F2+ R3-	exp F2+ R2-	exp F2+ R2-	exp F2+ R1-	none	none	none	none	none	none	none	none	none	none	none	none	none	none	none	none	none	none	none	none	none	none	none	none	none	none	none	none	none	none	none	none	none	none	none	none	none	none	none	none	none	none	none	none	none	none	none	none	none	none	none	none	none	none	none	none	none	none	none	none	none	none	none	exp F3+ R2-	exp F3+ R1-	exp F3+ R1-	exp F3+ R0-	exp F3+ R3-	exp F3+ R2-	exp F3+ R2-	exp F3+ R1-	none	none	none	none	none	none	none	none
MW305581.1	exp F3+ R1-	exp F3+ R2-	exp F3+ R0-	exp F3+ R1-	exp F3+ R2-	exp F3+ R3-	exp F3+ R1-	exp F3+ R2-	none	none	none	none	none	none	none	none	none	none	none	none	none	none	none	none	none	none	none	none	none	none	none	none	none	none	none	none	none	none	none	none	none	none	none	none	none	none	none	none	none	none	none	none	none	none	none	none	none	none	none	none	none	none	none	none	none	none	none	none	none	none	none	none	none	none	none	none	none	none	none	none	none	none	none	none	none	none	none
MW305582.1	exp F2+ R2-	exp F2+ R1-	exp F2+ R3-	exp F2+ R2-	exp F2+ R1-	exp F2+ R0-	exp F2+ R2-	exp F2+ R1-	none	none	none	none	none	none	none	none	none	none	none	none	none	none	none	none	none	none	none	none	none	none	none	none	none	none	none	none	none	none	none	none	none	none	none	none	none	none	none	none	none	none	none	none	none	none	none	none	none	none	none	none	none	none	none	none	none	none	none	none	none	none	none	none	none	none	none	none	none	none	none	none	none	none	none	none	none	none	none
MW305583.1	exp F3+ R2-	exp F3+ R3-	exp F3+ R2-	exp F3+ R3-	exp F3+ R2-	exp F3+ R3-	exp F3+ R2-	exp F3+ R3-	none	none	none	none	none	none	none	none	none	none	none	none	none	none	none	none	none	none	none	none	none	none	none	none	none	none	none	none	none	none	none	none	none	none	none	none	none	none	none	none	none	none	none	none	none	none	none	none	none	none	none	none	none	none	none	none	none	none	none	none	none	none	none	none	none	none	none	none	none	none	none	none	none	none	none	none	none	none	none
MW305584.1	exp F2+ R2-	none	exp F2+ R2-	none	exp F2+ R3-	none	exp F2+ R3-	none	none	none	none	none	none	none	none	none	none	none	none	none	none	none	none	none	none	none	none	none	none	none	none	none	none	none	none	none	none	none	none	none	none	none	none	none	none	none	none	none	none	none	none	none	none	none	none	none	none	none	none	none	none	none	none	none	none	none	none	none	none	none	none	none	none	none	none	none	none	none	none	none	none	none	none	none	none	none	none
MW305585.1	exp F3+ R3-	exp F3+ R2-	exp F3+ R3-	exp F3+ R2-	exp F3+ R3-	exp F3+ R2-	exp F3+ R3-	exp F3+ R2-	none	none	none	none	none	none	none	none	none	none	none	none	none	none	none	none	none	none	none	none	none	none	none	none	none	none	none	none	none	none	none	none	none	none	none	none	none	none	none	none	none	none	none	none	none	none	none	none	none	none	none	none	none	none	none	none	none	none	none	none	none	none	none	none	none	none	none	none	none	none	none	none	none	none	none	none	none	none	none
MW305586.1	exp F2+ R3-	exp F2+ R2-	exp F2+ R3-	exp F2+ R2-	exp F2+ R3-	exp F2+ R2-	exp F2+ R3-	exp F2+ R2-	none	none	none	none	none	none	none	none	none	none	none	none	none	none	none	none	none	none	none	none	none	none	none	none	none	none	none	none	none	none	none	none	none	none	none	none	none	none	none	none	none	none	none	none	none	none	none	none	none	none	none	none	none	none	none	none	none	none	none	none	none	none	none	none	none	none	none	none	none	none	none	none	none	none	none	none	none	none	none
MW305587.1	exp F2+ R3-	exp F2+ R2-	exp F2+ R3-	exp F2+ R2-	exp F2+ R3-	exp F2+ R2-	exp F2+ R3-	exp F2+ R2-	none	none	none	none	none	none	none	none	none	none	none	none	none	none	none	none	none	none	none	none	none	none	none	none	none	none	none	none	none	none	none	none	none	none	none	none	none	none	none	none	none	none	none	none	none	none	none	none	none	none	none	none	none	none	none	none	none	none	none	none	none	none	none	none	none	none	none	none	none	none	none	none	none	none	none	none	none	none	none
MW305588.1	exp F2+ R3-	exp F2+ R2-	exp F2+ R3-	exp F2+ R2-	exp F2+ R3-	exp F2+ R2-	exp F2+ R3-	exp F2+ R2-	none	none	none	none	none	none	none	none	none	none	none	none	none	none	none	none	none	none	none	none	none	none	none	none	none	none	none	none	none	none	none	none	none	none	none	none	none	none	none	none	none	none	none	none	none	none	none	none	none	none	none	none	none	none	none	none	none	none	none	none	none	none	none	none	none	none	none	none	none	none	none	none	none	none	none	none	none	none	none
MW305589.1	none	none	none	none	none	none	none	none	none	none	none	none	none	none	none	none	exp F3+ R3-	exp F3+ R2-	exp F3+ R3-	exp F3+ R2-	exp F3+ R3-	exp F3+ R2-	exp F3+ R3-	exp F3+ R2-	none	none	none	none	none	none	none	none	none	none	none	none	none	none	none	none	none	none	none	none	none	none	none	none	none	none	none	none	none	none	none	none	none	none	none	none	none	none	none	none	none	none	none	none	none	none	none	none	none	none	none	none	none	none	none	none	none	none	none	none	none	none	none
MW305590.1	exp F3+ R3-	exp F3+ R2-	exp F3+ R3-	exp F3+ R2-	exp F3+ R3-	exp F3+ R2-	exp F3+ R3-	exp F3+ R2-	none	none	none	none	none	none	none	none	none	none	none	none	none	none	none	none	none	none	none	none	none	none	none	none	none	none	none	none	none	none	none	none	none	none	none	none	none	none	none	none	none	none	none	none	none	none	none	none	none	none	none	none	none	none	none	none	none	none	none	none	none	none	none	none	none	none	none	none	none	none	none	none	none	none	none	none	none	none	none
MW305591.1	none	none	exp F3+ R3-	none	exp F3+ R3-	none	exp F3+ R2-	exp F3+ R3-	none	none	none	none	none	none	none	none	none	none	none	none	none	none	none	none	none	none	none	none	none	none	none	none	none	none	none	none	none	none	none	none	none	none	none	none	none	none	none	none	none	none	none	none	none	none	none	none	none	none	none	none	none	none	none	none	none	none	none	none	none	none	none	none	none	none	none	none	none	none	none	none	none	none	none	none	none	none	none
MW305592.1	none	none	exp F3+ R3-	none	exp F3+ R3-	none	exp F3+ R2-	exp F3+ R3-	none	none	none	none	none	none	none	none	none	none	none	none	none	none	none	none	none	none	none	none	none	none	none	none	none	none	none	none	none	none	none	none	none	none	none	none	none	none	none	none	none	none	none	none	none	none	none	none	none	none	none	none	none	none	none	none	none	none	none	none	none	none	none	none	none	none	none	none	none	none	none	none	none	none	none	none	none	none	none
MW305593.1	exp F2+ R1-	exp F2+ R2-	exp F2+ R0-	exp F2+ R1-	exp F2+ R2-	exp F2+ R3-	exp F2+ R1-	exp F2+ R2-	none	none	none	none	none	none	none	none	none	none	none	none	none	none	none	none	none	none	none	none	none	none	none	none	none	none	none	none	none	none	none	none	none	none	none	none	none	none	none	none	none	none	none	none	none	none	none	none	none	none	none	none	none	none	none	none	none	none	none	none	none	none	none	none	none	none	none	none	none	none	none	none	none	none	none	none	none	none	none
MW305594.1	exp F3+ R3-	exp F3+ R2-	exp F3+ R3-	exp F3+ R2-	exp F3+ R3-	exp F3+ R2-	exp F3+ R3-	exp F3+ R2-	none	none	none	none	none	none	none	none	none	none	none	none	none	none	none	none	none	none	none	none	none	none	none	none	none	none	none	none	none	none	none	none	none	none	none	none	none	none	none	none	none	none	none	none	none	none	none	none	none	none	none	none	none	none	none	none	none	none	none	none	none	none	none	none	none	none	none	none	none	none	none	none	none	none	none	none	none	none	none
MW305595.1	exp F2+ R1-	exp F2+ R2-	exp F2+ R0-	exp F2+ R1-	exp F2+ R2-	exp F2+ R3-	exp F2+ R1-	exp F2+ R2-	none	none	none	none	none	none	none	none	none	none	none	none	none	none	none	none	none	none	none	none	none	none	none	none	none	none	none	none	none	none	none	none	none	none	none	none	none	none	none	none	none	none	none	none	none	none	none	none	none	none	none	none	none	none	none	none	none	none	none	none	none	none	none	none	none	none	none	none	none	none	none	none	none	none	none	none	none	none	none
MW305596.1	exp F2+ R1-	exp F2+ R2-	exp F2+ R0-	exp F2+ R1-	exp F2+ R2-	exp F2+ R3-	exp F2+ R1-	exp F2+ R2-	none	none	none	none	none	none	none	none	none	none	none	none	none	none	none	none	none	none	none	none	none	none	none	none	none	none	none	none	none	none	none	none	none	none	none	none	none	none	none	none	none	none	none	none	none	none	none	none	none	none	none	none	none	none	none	none	none	none	none	none	none	none	none	none	none	none	none	none	none	none	none	none	none	none	none	none	none	none	none
MW305597.1	exp F2+ R1-	exp F2+ R2-	exp F2+ R0-	exp F2+ R1-	exp F2+ R2-	exp F2+ R3-	exp F2+ R1-	exp F2+ R2-	none	none	none	none	none	none	none	none	none	none	none	none	none	none	none	none	none	none	none	none	none	none	none	none	none	none	none	none	none	none	none	none	none	none	none	none	none	none	none	none	none	none	none	none	none	none	none	none	none	none	none	none	none	none	none	none	none	none	none	none	none	none	none	none	none	none	none	none	none	none	none	none	none	none	none	none	none	none	none
MW305598.1	exp F3+ R1-	exp F3+ R2-	exp F3+ R0-	exp F3+ R1-	exp F3+ R2-	exp F3+ R3-	exp F3+ R1-	exp F3+ R2-	none	none	none	none	none	none	none	none	none	none	none	none	none	none	none	none	none	none	none	none	none	none	none	none	none	none	none	none	none	none	none	none	none	none	none	none	none	none	none	none	none	none	none	none	none	none	none	none	none	none	none	none	none	none	none	none	none	none	none	none	none	none	none	none	none	none	none	none	none	none	none	none	none	none	none	none	none	none	none
MW305599.1	none	none	none	none	lin R2-	none	none	none	none	none	none	none	none	none	none	none	none	none	none	none	none	none	none	none	none	none	none	none	none	none	none	none	none	none	none	none	none	none	none	none	lin R1-	none	none	lin R1-	none	none	lin R1-	lin R2-	none	none	none	none	none	none	none	none	none	none	none	none	none	none	none	none	none	none	none	none	lin R2-	none	none	none	none	lin R0-	none	none	none	none	none	none	none	none	none	none	none	none	none
MW305600.1	exp F1+ R3-	none	exp F1+ R2-	exp F1+ R3-	none	none	exp F1+ R3-	none	none	none	none	none	none	none	none	none	none	none	none	none	none	none	none	none	none	none	none	none	none	none	none	none	none	none	none	none	none	none	none	none	none	none	none	none	none	none	none	none	none	none	none	none	none	none	none	none	none	none	none	none	none	none	none	none	none	none	none	none	none	none	none	none	none	none	none	none	none	none	none	none	none	none	none	none	none	none	none
MW305601.1	exp F1+ R3-	none	exp F1+ R2-	exp F1+ R3-	none	none	exp F1+ R3-	none	none	none	none	none	none	none	none	none	none	none	none	none	none	none	none	none	none	none	none	none	none	none	none	none	none	none	none	none	none	none	none	none	none	none	none	none	none	none	none	none	none	none	none	none	none	none	none	none	none	none	none	none	none	none	none	none	none	none	none	none	none	none	none	none	none	none	none	none	none	none	none	none	none	none	none	none	none	none	none
MW305602.1	none	none	none	none	lin R2-	none	none	none	none	none	none	none	none	none	none	none	none	none	none	none	none	none	none	none	none	none	none	none	none	none	none	none	none	none	none	none	none	none	none	none	lin R1-	none	none	lin R1-	none	none	lin R1-	lin R2-	none	none	none	none	none	none	none	none	none	none	none	none	none	none	none	none	none	none	none	none	lin R2-	none	none	none	none	lin R0-	none	none	none	none	none	none	none	none	none	none	none	none	none
MW305603.1	none	none	none	none	lin R2-	none	none	none	none	none	none	none	none	none	none	none	none	none	none	none	none	none	none	none	none	none	none	none	none	none	none	none	none	none	none	none	none	none	none	none	lin R1-	none	none	lin R1-	none	none	lin R1-	lin R2-	none	none	none	none	none	none	none	none	none	none	none	none	none	none	none	none	none	none	none	none	lin R2-	none	none	none	none	lin R0-	none	none	none	none	none	none	none	none	none	none	none	none	none
MW305605.1	none	none	none	none	lin R2-	none	none	none	none	none	none	none	none	none	none	none	none	none	none	none	none	none	none	none	none	none	none	none	none	none	none	none	none	none	none	none	none	none	none	none	lin R1-	none	none	lin R1-	none	none	lin R1-	lin R2-	none	none	none	none	none	none	none	none	none	none	none	none	none	none	none	none	none	none	none	none	lin R2-	none	none	none	none	lin R0-	none	none	none	none	none	none	none	none	none	none	none	none	none
MW305606.1	none	none	none	none	lin R2-	none	none	none	none	none	none	none	none	none	none	none	none	none	none	none	none	none	none	none	none	none	none	none	none	none	none	none	none	none	none	none	none	none	none	none	lin R1-	none	none	lin R1-	none	none	lin R1-	lin R2-	none	none	none	none	none	none	none	none	none	none	none	none	none	none	none	none	none	none	none	none	lin R2-	none	none	none	none	lin R0-	none	none	none	none	none	none	none	none	none	none	none	none	none
MW305607.1	exp F3+ R1-	exp F3+ R2-	exp F3+ R2-	exp F3+ R3-	exp F3+ R0-	exp F3+ R1-	exp F3+ R1-	exp F3+ R2-	none	none	none	none	none	none	none	none	none	none	none	none	none	none	none	none	none	none	none	none	none	none	none	none	none	none	none	none	none	none	none	none	none	none	none	none	none	none	none	none	none	none	none	none	none	none	none	none	none	none	none	none	none	none	none	none	none	none	none	none	none	none	none	none	none	none	none	none	none	none	none	none	none	none	none	none	none	none	none
MW305608.1	none	none	exp F1+ R3-	none	exp F1+ R3-	none	exp F1+ R2-	exp F1+ R3-	none	none	none	none	none	none	none	none	none	none	none	none	none	none	none	none	none	none	none	none	none	none	none	none	none	none	none	none	none	none	none	none	none	none	none	none	none	none	none	none	none	none	none	none	none	none	none	none	none	none	none	none	none	none	none	none	none	none	none	none	none	none	none	none	none	none	none	none	none	none	none	none	none	none	none	none	none	none	none
MW305609.1	exp F2+ R2-	exp F2+ R1-	exp F2+ R2-	exp F2+ R1-	exp F2+ R3-	exp F2+ R2-	exp F2+ R3-	exp F2+ R2-	none	none	none	none	none	none	none	none	none	none	none	none	none	none	none	none	none	none	none	none	none	none	none	none	none	none	none	none	none	none	none	none	none	none	none	none	none	none	none	none	none	none	none	none	none	none	none	none	none	none	none	none	none	none	none	none	none	none	none	none	none	none	none	none	none	none	none	none	none	none	none	none	none	none	none	none	none	none	none
MW305610.1	exp F2+ R2-	exp F2+ R1-	exp F2+ R2-	exp F2+ R1-	exp F2+ R3-	exp F2+ R2-	exp F2+ R3-	exp F2+ R2-	none	none	none	none	none	none	none	none	none	none	none	none	none	none	none	none	none	none	none	none	none	none	none	none	none	none	none	none	none	none	none	none	none	none	none	none	none	none	none	none	none	none	none	none	none	none	none	none	none	none	none	none	none	none	none	none	none	none	none	none	none	none	none	none	none	none	none	none	none	none	none	none	none	none	none	none	none	none	none
MW305611.1	none	none	none	none	none	none	none	none	none	none	none	none	none	none	none	none	none	none	none	none	none	none	none	none	none	none	none	none	none	none	none	none	exp F3+ R1-	exp F3+ R2-	exp F3+ R0-	exp F3+ R1-	exp F3+ R2-	exp F3+ R3-	exp F3+ R1-	exp F3+ R2-	none	none	none	none	none	none	none	none	none	none	none	none	none	none	none	none	none	none	none	none	none	none	none	none	none	none	none	none	none	none	none	none	none	none	none	none	none	none	none	none	none	none	none	none	none	none	none
MW305612.1	exp F3+ R3-	exp F3+ R2-	exp F3+ R2-	exp F3+ R1-	exp F3+ R3-	exp F3+ R2-	exp F3+ R2-	exp F3+ R1-	none	none	none	none	none	none	none	none	none	none	none	none	none	none	none	none	none	none	none	none	none	none	none	none	none	none	none	none	none	none	none	none	none	none	none	none	none	none	none	none	none	none	none	none	none	none	none	none	none	none	none	none	none	none	none	none	none	none	none	none	none	none	none	none	none	none	none	none	none	none	none	none	none	none	none	none	none	none	none
MW305613.1	none	none	none	none	none	none	none	none	none	none	none	none	none	none	none	none	none	none	none	none	none	none	none	none	none	none	none	none	none	none	none	none	exp F3+ R1-	exp F3+ R2-	exp F3+ R0-	exp F3+ R1-	exp F3+ R2-	exp F3+ R3-	exp F3+ R1-	exp F3+ R2-	none	none	none	none	none	none	none	none	none	none	none	none	none	none	none	none	none	none	none	none	none	none	none	none	none	none	none	none	none	none	none	none	none	none	none	none	none	none	none	none	none	none	none	none	none	none	none
MW305614.1	none	none	none	none	none	none	none	none	none	none	none	none	none	none	none	none	none	none	none	none	none	none	none	none	none	none	none	none	none	none	none	none	exp F3+ R1-	exp F3+ R2-	exp F3+ R0-	exp F3+ R1-	exp F3+ R2-	exp F3+ R3-	exp F3+ R1-	exp F3+ R2-	none	none	none	none	none	none	none	none	none	none	none	none	none	none	none	none	none	none	none	none	none	none	none	none	none	none	none	none	none	none	none	none	none	none	none	none	none	none	none	none	none	none	none	none	none	none	none
MW305615.1	none	none	none	none	none	none	none	none	none	none	none	none	none	none	none	none	none	none	none	none	none	none	none	none	none	none	none	none	none	none	none	none	exp F3+ R1-	exp F3+ R2-	exp F3+ R0-	exp F3+ R1-	exp F3+ R2-	exp F3+ R3-	exp F3+ R1-	exp F3+ R2-	none	none	none	none	none	none	none	none	none	none	none	none	none	none	none	none	none	none	none	none	none	none	none	none	none	none	none	none	none	none	none	none	none	none	none	none	none	none	none	none	none	none	none	none	none	none	none
MW305617.1	none	none	none	none	none	none	none	none	none	none	none	none	none	none	none	none	none	none	none	none	none	none	none	none	none	none	none	none	none	none	none	none	exp F3+ R3-	exp F3+ R2-	exp F3+ R3-	exp F3+ R2-	exp F3+ R3-	exp F3+ R2-	exp F3+ R3-	exp F3+ R2-	none	none	none	none	none	none	none	none	none	none	none	none	none	none	none	none	none	none	none	none	none	none	none	none	none	none	none	none	none	none	none	none	none	none	none	none	none	none	none	none	none	none	none	none	none	none	none
MW305618.1	exp F2+ R1-	exp F2+ R2-	exp F2+ R0-	exp F2+ R1-	exp F2+ R2-	exp F2+ R3-	exp F2+ R1-	exp F2+ R2-	none	none	none	none	none	none	none	none	none	none	none	none	none	none	none	none	none	none	none	none	none	none	none	none	none	none	none	none	none	none	none	none	none	none	none	none	none	none	none	none	none	none	none	none	none	none	none	none	none	none	none	none	none	none	none	none	none	none	none	none	none	none	none	none	none	none	none	none	none	none	none	none	none	none	none	none	none	none	none
MW305621.1	exp F3+ R3-	exp F3+ R2-	exp F3+ R3-	exp F3+ R2-	exp F3+ R3-	exp F3+ R2-	exp F3+ R3-	exp F3+ R2-	none	none	none	none	none	none	none	none	none	none	none	none	none	none	none	none	none	none	none	none	none	none	none	none	none	none	none	none	none	none	none	none	none	none	none	none	none	none	none	none	none	none	none	none	none	none	none	none	none	none	none	none	none	none	none	none	none	none	none	none	none	none	none	none	none	none	none	none	none	none	none	none	none	none	none	none	none	none	none
MW305622.1	exp F2+ R2-	exp F2+ R3-	exp F2+ R1-	exp F2+ R2-	exp F2+ R1-	exp F2+ R2-	exp F2+ R0-	exp F2+ R1-	none	none	none	none	none	none	none	none	none	none	none	none	none	none	none	none	none	none	none	none	none	none	none	none	none	none	none	none	none	none	none	none	none	none	none	none	none	none	none	none	none	none	none	none	none	none	none	none	none	none	none	none	none	none	none	none	none	none	none	none	none	none	none	none	none	none	none	none	none	none	none	none	none	none	none	none	none	none	none
MW305623.1	exp F3+ R3-	exp F3+ R2-	exp F3+ R3-	exp F3+ R2-	exp F3+ R3-	exp F3+ R2-	exp F3+ R3-	exp F3+ R2-	none	none	none	none	none	none	none	none	none	none	none	none	none	none	none	none	none	none	none	none	none	none	none	none	none	none	none	none	none	none	none	none	none	none	none	none	none	none	none	none	none	none	none	none	none	none	none	none	none	none	none	none	none	none	none	none	none	none	none	none	none	none	none	none	none	none	none	none	none	none	none	none	none	none	none	none	none	none	none
MW305625.1	exp F3+ R1-	exp F3+ R2-	exp F3+ R1-	exp F3+ R2-	exp F3+ R2-	exp F3+ R3-	exp F3+ R2-	exp F3+ R3-	none	none	none	none	none	none	none	none	none	none	none	none	none	none	none	none	none	none	none	none	none	none	none	none	none	none	none	none	none	none	none	none	none	none	none	none	none	none	none	none	none	none	none	none	none	none	none	none	none	none	none	none	none	none	none	none	none	none	none	none	none	none	none	none	none	none	none	none	none	none	none	none	none	none	none	none	none	none	none
MW305626.1	exp F3+ R2-	exp F3+ R1-	exp F3+ R2-	exp F3+ R1-	exp F3+ R3-	exp F3+ R2-	exp F3+ R3-	exp F3+ R2-	none	none	none	none	none	none	none	none	none	none	none	none	none	none	none	none	none	none	none	none	none	none	none	none	none	none	none	none	none	none	none	none	none	none	none	none	none	none	none	none	none	none	none	none	none	none	none	none	none	none	none	none	none	none	none	none	none	none	none	none	none	none	none	none	none	none	none	none	none	none	none	none	none	none	none	none	none	none	none
MW305627.1	exp F3+ R3-	exp F3+ R2-	exp F3+ R2-	exp F3+ R1-	exp F3+ R3-	exp F3+ R2-	exp F3+ R2-	exp F3+ R1-	none	none	none	none	none	none	none	none	none	none	none	none	none	none	none	none	none	none	none	none	none	none	none	none	none	none	none	none	none	none	none	none	none	none	none	none	none	none	none	none	none	none	none	none	none	none	none	none	none	none	none	none	none	none	none	none	none	none	none	none	none	none	none	none	none	none	none	none	none	none	none	none	none	none	none	none	none	none	none
MW305628.1	exp F2+ R2-	exp F2+ R3-	exp F2+ R1-	exp F2+ R2-	exp F2+ R1-	exp F2+ R2-	exp F2+ R0-	exp F2+ R1-	none	none	none	none	none	none	none	none	none	none	none	none	none	none	none	none	none	none	none	none	none	none	none	none	none	none	none	none	none	none	none	none	none	none	none	none	none	none	none	none	none	none	none	none	none	none	none	none	none	none	none	none	none	none	none	none	none	none	none	none	none	none	none	none	none	none	none	none	none	none	none	none	none	none	none	none	none	none	none
MW305629.1	exp F2+ R2-	exp F2+ R3-	exp F2+ R1-	exp F2+ R2-	exp F2+ R1-	exp F2+ R2-	exp F2+ R0-	exp F2+ R1-	none	none	none	none	none	none	none	none	none	none	none	none	none	none	none	none	none	none	none	none	none	none	none	none	none	none	none	none	none	none	none	none	none	none	none	none	none	none	none	none	none	none	none	none	none	none	none	none	none	none	none	none	none	none	none	none	none	none	none	none	none	none	none	none	none	none	none	none	none	none	none	none	none	none	none	none	none	none	none
MW305631.1	none	none	exp F2+ R3-	none	exp F2+ R3-	none	exp F2+ R2-	exp F2+ R3-	none	none	none	none	none	none	none	none	none	none	none	none	none	none	none	none	none	none	none	none	none	none	none	none	none	none	none	none	none	none	none	none	none	none	none	none	none	none	none	none	none	none	none	none	none	none	none	none	none	none	none	none	none	none	none	none	none	none	none	none	none	none	none	none	none	none	none	none	none	none	none	none	none	none	none	none	none	none	none
MW305632.1	exp F3+ R3-	exp F3+ R2-	exp F3+ R3-	exp F3+ R2-	exp F3+ R3-	exp F3+ R2-	exp F3+ R3-	exp F3+ R2-	none	none	none	none	none	none	none	none	none	none	none	none	none	none	none	none	none	none	none	none	none	none	none	none	none	none	none	none	none	none	none	none	none	none	none	none	none	none	none	none	none	none	none	none	none	none	none	none	none	none	none	none	none	none	none	none	none	none	none	none	none	none	none	none	none	none	none	none	none	none	none	none	none	none	none	none	none	none	none
MW305633.1	exp F3+ R3-	exp F3+ R2-	exp F3+ R3-	exp F3+ R2-	exp F3+ R3-	exp F3+ R2-	exp F3+ R3-	exp F3+ R2-	none	none	none	none	none	none	none	none	none	none	none	none	none	none	none	none	none	none	none	none	none	none	none	none	none	none	none	none	none	none	none	none	none	none	none	none	none	none	none	none	none	none	none	none	none	none	none	none	none	none	none	none	none	none	none	none	none	none	none	none	none	none	none	none	none	none	none	none	none	none	none	none	none	none	none	none	none	none	none
MW305634.1	exp F3+ R3-	exp F3+ R2-	exp F3+ R3-	exp F3+ R2-	exp F3+ R3-	exp F3+ R2-	exp F3+ R3-	exp F3+ R2-	none	none	none	none	none	none	none	none	none	none	none	none	none	none	none	none	none	none	none	none	none	none	none	none	none	none	none	none	none	none	none	none	none	none	none	none	none	none	none	none	none	none	none	none	none	none	none	none	none	none	none	none	none	none	none	none	none	none	none	none	none	none	none	none	none	none	none	none	none	none	none	none	none	none	none	none	none	none	none
MW305635.1	exp F2+ R1-	exp F2+ R2-	exp F2+ R0-	exp F2+ R1-	exp F2+ R2-	exp F2+ R3-	exp F2+ R1-	exp F2+ R2-	none	none	none	none	none	none	none	none	none	none	none	none	none	none	none	none	none	none	none	none	none	none	none	none	none	none	none	none	none	none	none	none	none	none	none	none	none	none	none	none	none	none	none	none	none	none	none	none	none	none	none	none	none	none	none	none	none	none	none	none	none	none	none	none	none	none	none	none	none	none	none	none	none	none	none	none	none	none	none
MW305636.1	exp F3+ R3-	exp F3+ R2-	exp F3+ R3-	exp F3+ R2-	exp F3+ R3-	exp F3+ R2-	exp F3+ R3-	exp F3+ R2-	none	none	none	none	none	none	none	none	none	none	none	none	none	none	none	none	none	none	none	none	none	none	none	none	none	none	none	none	none	none	none	none	none	none	none	none	none	none	none	none	none	none	none	none	none	none	none	none	none	none	none	none	none	none	none	none	none	none	none	none	none	none	none	none	none	none	none	none	none	none	none	none	none	none	none	none	none	none	none
MW305637.1	exp F3+ R3-	exp F3+ R2-	exp F3+ R3-	exp F3+ R2-	exp F3+ R3-	exp F3+ R2-	exp F3+ R3-	exp F3+ R2-	none	none	none	none	none	none	none	none	none	none	none	none	none	none	none	none	none	none	none	none	none	none	none	none	none	none	none	none	none	none	none	none	none	none	none	none	none	none	none	none	none	none	none	none	none	none	none	none	none	none	none	none	none	none	none	none	none	none	none	none	none	none	none	none	none	none	none	none	none	none	none	none	none	none	none	none	none	none	none
MW305638.1	exp F1+ R1-	exp F1+ R2-	exp F1+ R0-	exp F1+ R1-	exp F1+ R2-	exp F1+ R3-	exp F1+ R1-	exp F1+ R2-	none	none	none	none	none	none	none	none	none	none	none	none	none	none	none	none	none	none	none	none	none	none	none	none	none	none	none	none	none	none	none	none	none	none	none	none	none	none	none	none	none	none	none	none	none	none	none	none	none	none	none	none	none	none	none	none	none	none	none	none	none	none	none	none	none	none	none	none	none	none	none	none	none	none	none	none	none	none	none
MW305639.1	exp F3+ R3-	exp F3+ R2-	exp F3+ R3-	exp F3+ R2-	exp F3+ R3-	exp F3+ R2-	exp F3+ R3-	exp F3+ R2-	none	none	none	none	none	none	none	none	none	none	none	none	none	none	none	none	none	none	none	none	none	none	none	none	none	none	none	none	none	none	none	none	none	none	none	none	none	none	none	none	none	none	none	none	none	none	none	none	none	none	none	none	none	none	none	none	none	none	none	none	none	none	none	none	none	none	none	none	none	none	none	none	none	none	none	none	none	none	none
MW305640.1	none	none	none	none	none	none	none	none	exp F3+ R3-	exp F3+ R2-	exp F3+ R2-	exp F3+ R1-	exp F3+ R3-	exp F3+ R2-	exp F3+ R2-	exp F3+ R1-	none	none	none	none	none	none	none	none	none	none	none	none	none	none	none	none	none	none	none	none	none	none	none	none	none	none	none	none	none	none	none	none	none	none	none	none	none	none	none	none	none	none	none	none	none	none	none	none	none	none	none	none	none	none	none	none	none	none	none	none	none	none	none	none	none	none	none	none	none	none	none
MW305641.1	none	none	none	none	none	none	none	none	exp F3+ R3-	exp F3+ R2-	exp F3+ R2-	exp F3+ R1-	exp F3+ R3-	exp F3+ R2-	exp F3+ R2-	exp F3+ R1-	none	none	none	none	none	none	none	none	none	none	none	none	none	none	none	none	none	none	none	none	none	none	none	none	none	none	none	none	none	none	none	none	none	none	none	none	none	none	none	none	none	none	none	none	none	none	none	none	none	none	none	none	none	none	none	none	none	none	none	none	none	none	none	none	none	none	none	none	none	none	none
MW305642.1	exp F3+ R3-	exp F3+ R2-	exp F3+ R2-	exp F3+ R1-	exp F3+ R3-	exp F3+ R2-	exp F3+ R2-	exp F3+ R1-	none	none	none	none	none	none	none	none	none	none	none	none	none	none	none	none	none	none	none	none	none	none	none	none	none	none	none	none	none	none	none	none	none	none	none	none	none	none	none	none	none	none	none	none	none	none	none	none	none	none	none	none	none	none	none	none	none	none	none	none	none	none	none	none	none	none	none	none	none	none	none	none	none	none	none	none	none	none	none
MW305643.1	none	none	none	none	none	none	none	none	none	none	none	none	none	none	none	none	exp F3+ R3-	exp F3+ R2-	exp F3+ R2-	exp F3+ R1-	exp F3+ R3-	exp F3+ R2-	exp F3+ R2-	exp F3+ R1-	none	none	none	none	none	none	none	none	none	none	none	none	none	none	none	none	none	none	none	none	none	none	none	none	none	none	none	none	none	none	none	none	none	none	none	none	none	none	none	none	none	none	none	none	none	none	none	none	none	none	none	none	none	none	none	none	none	none	none	none	none	none	none
MW305644.1	exp F3+ R3-	exp F3+ R2-	exp F3+ R2-	exp F3+ R1-	exp F3+ R3-	exp F3+ R2-	exp F3+ R2-	exp F3+ R1-	none	none	none	none	none	none	none	none	none	none	none	none	none	none	none	none	none	none	none	none	none	none	none	none	none	none	none	none	none	none	none	none	none	none	none	none	none	none	none	none	none	none	none	none	none	none	none	none	none	none	none	none	none	none	none	none	none	none	none	none	none	none	none	none	none	none	none	none	none	none	none	none	none	none	none	none	none	none	none
MW305645.1	exp F3+ R3-	exp F3+ R2-	exp F3+ R2-	exp F3+ R1-	exp F3+ R3-	exp F3+ R2-	exp F3+ R2-	exp F3+ R1-	none	none	none	none	none	none	none	none	none	none	none	none	none	none	none	none	none	none	none	none	none	none	none	none	none	none	none	none	none	none	none	none	none	none	none	none	none	none	none	none	none	none	none	none	none	none	none	none	none	none	none	none	none	none	none	none	none	none	none	none	none	none	none	none	none	none	none	none	none	none	none	none	none	none	none	none	none	none	none
MW305646.1	exp F3+ R3-	exp F3+ R2-	exp F3+ R2-	exp F3+ R1-	exp F3+ R3-	exp F3+ R2-	exp F3+ R2-	exp F3+ R1-	none	none	none	none	none	none	none	none	none	none	none	none	none	none	none	none	none	none	none	none	none	none	none	none	none	none	none	none	none	none	none	none	none	none	none	none	none	none	none	none	none	none	none	none	none	none	none	none	none	none	none	none	none	none	none	none	none	none	none	none	none	none	none	none	none	none	none	none	none	none	none	none	none	none	none	none	none	none	none
MW305647.1	exp F3+ R3-	exp F3+ R2-	exp F3+ R3-	exp F3+ R2-	exp F3+ R3-	exp F3+ R2-	exp F3+ R3-	exp F3+ R2-	none	none	none	none	none	none	none	none	none	none	none	none	none	none	none	none	none	none	none	none	none	none	none	none	none	none	none	none	none	none	none	none	none	none	none	none	none	none	none	none	none	none	none	none	none	none	none	none	none	none	none	none	none	none	none	none	none	none	none	none	none	none	none	none	none	none	none	none	none	none	none	none	none	none	none	none	none	none	none
MW305648.1	none	none	none	none	lin R2-	none	none	none	none	none	none	none	none	none	none	none	none	none	none	none	none	none	none	none	none	none	none	none	none	none	none	none	none	none	none	none	none	none	none	none	lin R1-	none	none	lin R1-	none	none	lin R1-	lin R2-	none	none	none	none	none	none	none	none	none	none	none	none	none	none	none	none	none	none	none	none	lin R2-	none	none	none	none	lin R0-	none	none	none	none	none	none	none	none	none	none	none	none	none
MW305649.1	exp F3+ R3-	exp F3+ R2-	exp F3+ R2-	exp F3+ R1-	exp F3+ R3-	exp F3+ R2-	exp F3+ R2-	exp F3+ R1-	none	none	none	none	none	none	none	none	none	none	none	none	none	none	none	none	none	none	none	none	none	none	none	none	none	none	none	none	none	none	none	none	none	none	none	none	none	none	none	none	none	none	none	none	none	none	none	none	none	none	none	none	none	none	none	none	none	none	none	none	none	none	none	none	none	none	none	none	none	none	none	none	none	none	none	none	none	none	none
MW305650.1	none	none	exp F3+ R3-	none	exp F3+ R3-	none	exp F3+ R2-	exp F3+ R3-	none	none	none	none	none	none	none	none	none	none	none	none	none	none	none	none	none	none	none	none	none	none	none	none	none	none	none	none	none	none	none	none	none	none	none	none	none	none	none	none	none	none	none	none	none	none	none	none	none	none	none	none	none	none	none	none	none	none	none	none	none	none	none	none	none	none	none	none	none	none	none	none	none	none	none	none	none	none	none
MW305651.1	exp F2+ R3-	exp F2+ R2-	exp F2+ R3-	exp F2+ R2-	exp F2+ R3-	exp F2+ R2-	exp F2+ R3-	exp F2+ R2-	none	none	none	none	none	none	none	none	none	none	none	none	none	none	none	none	none	none	none	none	none	none	none	none	none	none	none	none	none	none	none	none	none	none	none	none	none	none	none	none	none	none	none	none	none	none	none	none	none	none	none	none	none	none	none	none	none	none	none	none	none	none	none	none	none	none	none	none	none	none	none	none	none	none	none	none	none	none	none
MW305652.1	exp F2+ R3-	exp F2+ R2-	exp F2+ R3-	exp F2+ R2-	exp F2+ R3-	exp F2+ R2-	exp F2+ R3-	exp F2+ R2-	none	none	none	none	none	none	none	none	none	none	none	none	none	none	none	none	none	none	none	none	none	none	none	none	none	none	none	none	none	none	none	none	none	none	none	none	none	none	none	none	none	none	none	none	none	none	none	none	none	none	none	none	none	none	none	none	none	none	none	none	none	none	none	none	none	none	none	none	none	none	none	none	none	none	none	none	none	none	none
MW305653.1	exp F2+ R3-	exp F2+ R2-	exp F2+ R3-	exp F2+ R2-	exp F2+ R3-	exp F2+ R2-	exp F2+ R3-	exp F2+ R2-	none	none	none	none	none	none	none	none	none	none	none	none	none	none	none	none	none	none	none	none	none	none	none	none	none	none	none	none	none	none	none	none	none	none	none	none	none	none	none	none	none	none	none	none	none	none	none	none	none	none	none	none	none	none	none	none	none	none	none	none	none	none	none	none	none	none	none	none	none	none	none	none	none	none	none	none	none	none	none
MW305655.1	none	none	none	none	none	none	none	none	none	none	none	none	none	none	none	none	exp F3+ R3-	exp F3+ R2-	exp F3+ R3-	exp F3+ R2-	exp F3+ R3-	exp F3+ R2-	exp F3+ R3-	exp F3+ R2-	none	none	none	none	none	none	none	none	none	none	none	none	none	none	none	none	none	none	none	none	none	none	none	none	none	none	none	none	none	none	none	none	none	none	none	none	none	none	none	none	none	none	none	none	none	none	none	none	none	none	none	none	none	none	none	none	none	none	none	none	none	none	none
MW305656.1	none	none	none	none	none	none	none	none	none	none	none	none	none	none	none	none	exp F3+ R3-	exp F3+ R2-	exp F3+ R3-	exp F3+ R2-	exp F3+ R3-	exp F3+ R2-	exp F3+ R3-	exp F3+ R2-	none	none	none	none	none	none	none	none	none	none	none	none	none	none	none	none	none	none	none	none	none	none	none	none	none	none	none	none	none	none	none	none	none	none	none	none	none	none	none	none	none	none	none	none	none	none	none	none	none	none	none	none	none	none	none	none	none	none	none	none	none	none	none
MW305657.1	exp F2+ R3-	exp F2+ R2-	exp F2+ R2-	exp F2+ R1-	exp F2+ R3-	exp F2+ R2-	exp F2+ R2-	exp F2+ R1-	none	none	none	none	none	none	none	none	none	none	none	none	none	none	none	none	none	none	none	none	none	none	none	none	none	none	none	none	none	none	none	none	none	none	none	none	none	none	none	none	none	none	none	none	none	none	none	none	none	none	none	none	none	none	none	none	none	none	none	none	none	none	none	none	none	none	none	none	none	none	none	none	none	none	none	none	none	none	none
MW305658.1	none	none	none	none	none	none	none	none	none	none	none	none	none	none	none	none	none	none	none	none	none	none	none	none	none	none	none	none	none	none	none	none	exp F3+ R1-	exp F3+ R0-	exp F3+ R2-	exp F3+ R1-	exp F3+ R2-	exp F3+ R1-	exp F3+ R3-	exp F3+ R2-	none	none	none	none	none	none	none	none	none	none	none	none	none	none	none	none	none	none	none	none	none	none	none	none	none	none	none	none	none	none	none	none	none	none	none	none	none	none	none	none	none	none	none	none	none	none	none
MW305659.1	exp F3+ R1-	exp F3+ R2-	exp F3+ R2-	exp F3+ R3-	exp F3+ R0-	exp F3+ R1-	exp F3+ R1-	exp F3+ R2-	none	none	none	none	none	none	none	none	none	none	none	none	none	none	none	none	none	none	none	none	none	none	none	none	none	none	none	none	none	none	none	none	none	none	none	none	none	none	none	none	none	none	none	none	none	none	none	none	none	none	none	none	none	none	none	none	none	none	none	none	none	none	none	none	none	none	none	none	none	none	none	none	none	none	none	none	none	none	none
MW305660.1	exp F2+ R2-	exp F2+ R1-	exp F2+ R2-	exp F2+ R1-	exp F2+ R3-	exp F2+ R2-	exp F2+ R3-	exp F2+ R2-	none	none	none	none	none	none	none	none	none	none	none	none	none	none	none	none	none	none	none	none	none	none	none	none	none	none	none	none	none	none	none	none	none	none	none	none	none	none	none	none	none	none	none	none	none	none	none	none	none	none	none	none	none	none	none	exp F3+ R2-	exp F3+ R1-	exp F3+ R2-	exp F3+ R1-	exp F3+ R3-	exp F3+ R2-	exp F3+ R3-	exp F3+ R2-	none	none	none	none	none	none	none	none	none	none	none	none	none	none	none	none
MW305661.1	none	none	none	none	none	none	none	none	none	none	none	none	none	none	none	none	exp F3+ R3-	exp F3+ R2-	exp F3+ R3-	exp F3+ R2-	exp F3+ R3-	exp F3+ R2-	exp F3+ R3-	exp F3+ R2-	none	none	none	none	none	none	none	none	none	none	none	none	none	none	none	none	none	none	none	none	none	none	none	none	none	none	none	none	none	none	none	none	none	none	none	none	none	none	none	none	none	none	none	none	none	none	none	none	none	none	none	none	none	none	none	none	none	none	none	none	none	none	none
MW305662.1	exp F3+ R3-	exp F3+ R2-	exp F3+ R3-	exp F3+ R2-	exp F3+ R3-	exp F3+ R2-	exp F3+ R3-	exp F3+ R2-	none	none	none	none	none	none	none	none	none	none	none	none	none	none	none	none	none	none	none	none	none	none	none	none	none	none	none	none	none	none	none	none	none	none	none	none	none	none	none	none	none	none	none	none	none	none	none	none	none	none	none	none	none	none	none	none	none	none	none	none	none	none	none	none	none	none	none	none	none	none	none	none	none	none	none	none	none	none	none
MW305663.1	none	none	none	none	none	none	none	none	none	none	none	none	none	none	none	none	none	none	none	none	none	none	none	none	none	none	none	none	none	none	none	none	exp F3+ R1-	exp F3+ R2-	exp F3+ R0-	exp F3+ R1-	exp F3+ R2-	exp F3+ R3-	exp F3+ R1-	exp F3+ R2-	none	none	none	none	none	none	none	none	none	none	none	none	none	none	none	none	none	none	none	none	none	none	none	none	none	none	none	none	none	none	none	none	none	none	none	none	none	none	none	none	none	none	none	none	none	none	none
MW305664.1	none	none	none	none	none	none	none	none	none	none	none	none	none	none	none	none	none	none	none	none	none	none	none	none	none	none	none	none	none	none	none	none	exp F3+ R1-	exp F3+ R2-	exp F3+ R0-	exp F3+ R1-	exp F3+ R2-	exp F3+ R3-	exp F3+ R1-	exp F3+ R2-	none	none	none	none	none	none	none	none	none	none	none	none	none	none	none	none	none	none	none	none	none	none	none	none	none	none	none	none	none	none	none	none	none	none	none	none	none	none	none	none	none	none	none	none	none	none	none
MW305665.1	none	none	none	none	none	none	none	none	none	none	none	none	none	none	none	none	none	none	none	none	none	none	none	none	none	none	none	none	none	none	none	none	exp F3+ R1-	exp F3+ R2-	exp F3+ R0-	exp F3+ R1-	exp F3+ R2-	exp F3+ R3-	exp F3+ R1-	exp F3+ R2-	none	none	none	none	none	none	none	none	none	none	none	none	none	none	none	none	none	none	none	none	none	none	none	none	none	none	none	none	none	none	none	none	none	none	none	none	none	none	none	none	none	none	none	none	none	none	none
MW305667.1	none	none	none	none	none	none	none	none	none	none	none	none	none	none	none	none	none	none	none	none	none	none	none	none	none	none	none	none	none	none	none	none	exp F3+ R1-	exp F3+ R2-	exp F3+ R0-	exp F3+ R1-	exp F3+ R2-	exp F3+ R3-	exp F3+ R1-	exp F3+ R2-	none	none	none	none	none	none	none	none	none	none	none	none	none	none	none	none	none	none	none	none	none	none	none	none	none	none	none	none	none	none	none	none	none	none	none	none	none	none	none	none	none	none	none	none	none	none	none
MW305668.1	none	none	none	none	none	none	none	none	none	none	none	none	none	none	none	none	none	none	none	none	none	none	none	none	none	none	none	none	none	none	none	none	exp F3+ R1-	exp F3+ R2-	exp F3+ R0-	exp F3+ R1-	exp F3+ R2-	exp F3+ R3-	exp F3+ R1-	exp F3+ R2-	none	none	none	none	none	none	none	none	none	none	none	none	none	none	none	none	none	none	none	none	none	none	none	none	none	none	none	none	none	none	none	none	none	none	none	none	none	none	none	none	none	none	none	none	none	none	none
MW305671.1	none	none	none	none	none	none	none	none	none	none	none	none	none	none	none	none	none	none	none	none	none	none	none	none	none	none	none	none	none	none	none	none	exp F3+ R1-	exp F3+ R2-	exp F3+ R0-	exp F3+ R1-	exp F3+ R2-	exp F3+ R3-	exp F3+ R1-	exp F3+ R2-	none	none	none	none	none	none	none	none	none	none	none	none	none	none	none	none	none	none	none	none	none	none	none	none	none	none	none	none	none	none	none	none	none	none	none	none	none	none	none	none	none	none	none	none	none	none	none
MW305672.1	none	none	none	none	none	none	none	none	none	none	none	none	none	none	none	none	none	none	none	none	none	none	none	none	none	none	none	none	none	none	none	none	exp F3+ R1-	exp F3+ R2-	exp F3+ R0-	exp F3+ R1-	exp F3+ R2-	exp F3+ R3-	exp F3+ R1-	exp F3+ R2-	none	none	none	none	none	none	none	none	none	none	none	none	none	none	none	none	none	none	none	none	none	none	none	none	none	none	none	none	none	none	none	none	none	none	none	none	none	none	none	none	none	none	none	none	none	none	none
MW305673.1	none	none	none	none	none	none	none	none	none	none	none	none	none	none	none	none	none	none	none	none	none	none	none	none	none	none	none	none	none	none	none	none	exp F3+ R1-	exp F3+ R2-	exp F3+ R0-	exp F3+ R1-	exp F3+ R2-	exp F3+ R3-	exp F3+ R1-	exp F3+ R2-	none	none	none	none	none	none	none	none	none	none	none	none	none	none	none	none	none	none	none	none	none	none	none	none	none	none	none	none	none	none	none	none	none	none	none	none	none	none	none	none	none	none	none	none	none	none	none
MW305675.1	none	none	none	none	none	none	none	none	none	none	none	none	none	none	none	none	none	none	none	none	none	none	none	none	none	none	none	none	none	none	none	none	none	none	none	none	none	none	none	none	exp F3+ R2-	exp F3+ R1-	exp F3+ R1-	exp F3+ R0-	exp F3+ R3-	exp F3+ R2-	exp F3+ R2-	exp F3+ R1-	none	none	none	none	none	none	none	none	none	none	none	none	none	none	none	none	none	none	none	none	none	none	none	exp F3+ R2-	exp F3+ R1-	exp F3+ R1-	exp F3+ R0-	exp F3+ R3-	exp F3+ R2-	exp F3+ R2-	exp F3+ R1-	none	none	none	none	none	none	none	none
MW305676.1	exp F3+ R2-	exp F3+ R1-	exp F3+ R2-	exp F3+ R1-	exp F3+ R3-	exp F3+ R2-	exp F3+ R3-	exp F3+ R2-	none	none	none	none	none	none	none	none	none	none	none	none	none	none	none	none	none	none	none	none	none	none	none	none	none	none	none	none	none	none	none	none	none	none	none	none	none	none	none	none	none	none	none	none	none	none	none	none	none	none	none	none	none	none	none	none	none	none	none	none	none	none	none	none	none	none	none	none	none	none	none	none	none	none	none	none	none	none	none
MW305677.1	none	none	none	none	none	none	none	none	none	none	none	none	none	none	none	none	none	none	none	none	none	none	none	none	none	none	none	none	none	none	none	none	none	none	none	none	none	none	none	none	exp F3+ R2-	exp F3+ R1-	exp F3+ R1-	exp F3+ R0-	exp F3+ R3-	exp F3+ R2-	exp F3+ R2-	exp F3+ R1-	none	none	none	none	none	none	none	none	none	none	none	none	none	none	none	none	none	none	none	none	none	none	none	exp F3+ R2-	exp F3+ R1-	exp F3+ R1-	exp F3+ R0-	exp F3+ R3-	exp F3+ R2-	exp F3+ R2-	exp F3+ R1-	none	none	none	none	none	none	none	none
MW305678.1	exp F3+ R3-	exp F3+ R2-	exp F3+ R2-	exp F3+ R1-	exp F3+ R2-	exp F3+ R1-	exp F3+ R1-	exp F3+ R0-	none	none	none	none	none	none	none	none	none	none	none	none	none	none	none	none	none	none	none	none	none	none	none	none	none	none	none	none	none	none	none	none	none	none	none	none	none	none	none	none	none	none	none	none	none	none	none	none	none	none	none	none	none	none	none	none	none	none	none	none	none	none	none	none	none	none	none	none	none	none	none	exp F3+ R3-	exp F3+ R2-	exp F3+ R2-	exp F3+ R1-	exp F3+ R2-	exp F3+ R1-	exp F3+ R1-	exp F3+ R0-
MW305679.1	none	none	none	none	none	none	none	none	none	none	none	none	none	none	none	none	none	none	none	none	none	none	none	none	none	none	none	none	none	none	none	none	exp F3+ R1-	exp F3+ R2-	exp F3+ R0-	exp F3+ R1-	exp F3+ R2-	exp F3+ R3-	exp F3+ R1-	exp F3+ R2-	none	none	none	none	none	none	none	none	none	none	none	none	none	none	none	none	none	none	none	none	none	none	none	none	none	none	none	none	none	none	none	none	none	none	none	none	none	none	none	none	none	none	none	none	none	none	none
MW305681.1	none	none	none	none	none	none	none	none	none	none	none	none	none	none	none	none	none	none	none	none	none	none	none	none	none	none	none	none	none	none	none	none	exp F3+ R1-	exp F3+ R2-	exp F3+ R0-	exp F3+ R1-	exp F3+ R2-	exp F3+ R3-	exp F3+ R1-	exp F3+ R2-	none	none	none	none	none	none	none	none	none	none	none	none	none	none	none	none	none	none	none	none	none	none	none	none	none	none	none	none	none	none	none	none	none	none	none	none	none	none	none	none	none	none	none	none	none	none	none
MW305682.1	exp F3+ R3-	exp F3+ R2-	exp F3+ R3-	exp F3+ R2-	exp F3+ R3-	exp F3+ R2-	exp F3+ R3-	exp F3+ R2-	none	none	none	none	none	none	none	none	none	none	none	none	none	none	none	none	none	none	none	none	none	none	none	none	none	none	none	none	none	none	none	none	none	none	none	none	none	none	none	none	none	none	none	none	none	none	none	none	none	none	none	none	none	none	none	none	none	none	none	none	none	none	none	none	none	none	none	none	none	none	none	none	none	none	none	none	none	none	none
MW305683.1	none	none	none	none	none	none	none	none	none	none	none	none	none	none	none	none	none	none	none	none	none	none	none	none	none	none	none	none	none	none	none	none	exp F3+ R1-	exp F3+ R2-	exp F3+ R0-	exp F3+ R1-	exp F3+ R2-	exp F3+ R3-	exp F3+ R1-	exp F3+ R2-	none	none	none	none	none	none	none	none	none	none	none	none	none	none	none	none	none	none	none	none	none	none	none	none	none	none	none	none	none	none	none	none	none	none	none	none	none	none	none	none	none	none	none	none	none	none	none
MW305684.1	none	none	none	none	none	none	none	none	none	none	none	none	none	none	none	none	none	none	none	none	none	none	none	none	none	none	none	none	none	none	none	none	exp F3+ R1-	exp F3+ R2-	exp F3+ R0-	exp F3+ R1-	exp F3+ R2-	exp F3+ R3-	exp F3+ R1-	exp F3+ R2-	none	none	none	none	none	none	none	none	none	none	none	none	none	none	none	none	none	none	none	none	none	none	none	none	none	none	none	none	none	none	none	none	none	none	none	none	none	none	none	none	none	none	none	none	none	none	none
MW305685.1	none	none	none	none	none	none	none	none	none	none	none	none	none	none	none	none	none	none	none	none	none	none	none	none	none	none	none	none	none	none	none	none	exp F3+ R1-	exp F3+ R2-	exp F3+ R0-	exp F3+ R1-	exp F3+ R2-	exp F3+ R3-	exp F3+ R1-	exp F3+ R2-	none	none	none	none	none	none	none	none	none	none	none	none	none	none	none	none	none	none	none	none	none	none	none	none	none	none	none	none	none	none	none	none	none	none	none	none	none	none	none	none	none	none	none	none	none	none	none
MW305686.1	none	none	none	none	none	none	none	none	none	none	none	none	none	none	none	none	none	none	none	none	none	none	none	none	none	none	none	none	none	none	none	none	exp F3+ R1-	exp F3+ R2-	exp F3+ R0-	exp F3+ R1-	exp F3+ R2-	exp F3+ R3-	exp F3+ R1-	exp F3+ R2-	none	none	none	none	none	none	none	none	none	none	none	none	none	none	none	none	none	none	none	none	none	none	none	none	none	none	none	none	none	none	none	none	none	none	none	none	none	none	none	none	none	none	none	none	none	none	none
MW305687.1	none	none	none	none	none	none	none	none	none	none	none	none	none	none	none	none	none	none	none	none	none	none	none	none	none	none	none	none	none	none	none	none	exp F3+ R1-	exp F3+ R2-	exp F3+ R0-	exp F3+ R1-	exp F3+ R2-	exp F3+ R3-	exp F3+ R1-	exp F3+ R2-	none	none	none	none	none	none	none	none	none	none	none	none	none	none	none	none	none	none	none	none	none	none	none	none	none	none	none	none	none	none	none	none	none	none	none	none	none	none	none	none	none	none	none	none	none	none	none
MW305688.1	none	none	none	none	none	none	none	none	none	none	none	none	none	none	none	none	none	none	none	none	none	none	none	none	none	none	none	none	none	none	none	none	exp F3+ R1-	exp F3+ R2-	exp F3+ R0-	exp F3+ R1-	exp F3+ R2-	exp F3+ R3-	exp F3+ R1-	exp F3+ R2-	none	none	none	none	none	none	none	none	none	none	none	none	none	none	none	none	none	none	none	none	none	none	none	none	none	none	none	none	none	none	none	none	none	none	none	none	none	none	none	none	none	none	none	none	none	none	none
MW305689.1	none	none	none	none	none	none	none	none	none	none	none	none	none	none	none	none	none	none	none	none	none	none	none	none	none	none	none	none	none	none	none	none	exp F3+ R1-	exp F3+ R2-	exp F3+ R0-	exp F3+ R1-	exp F3+ R2-	exp F3+ R3-	exp F3+ R1-	exp F3+ R2-	none	none	none	none	none	none	none	none	none	none	none	none	none	none	none	none	none	none	none	none	none	none	none	none	none	none	none	none	none	none	none	none	none	none	none	none	none	none	none	none	none	none	none	none	none	none	none
MW305690.1	none	none	none	none	none	none	none	none	none	none	none	none	none	none	none	none	none	none	none	none	none	none	none	none	none	none	none	none	none	none	none	none	exp F3+ R1-	exp F3+ R2-	exp F3+ R0-	exp F3+ R1-	exp F3+ R2-	exp F3+ R3-	exp F3+ R1-	exp F3+ R2-	none	none	none	none	none	none	none	none	none	none	none	none	none	none	none	none	none	none	none	none	none	none	none	none	none	none	none	none	none	none	none	none	none	none	none	none	none	none	none	none	none	none	none	none	none	none	none
MW305691.1	none	none	none	none	none	none	none	none	none	none	none	none	none	none	none	none	none	none	none	none	none	none	none	none	none	none	none	none	none	none	none	none	exp F3+ R1-	exp F3+ R2-	exp F3+ R0-	exp F3+ R1-	exp F3+ R2-	exp F3+ R3-	exp F3+ R1-	exp F3+ R2-	none	none	none	none	none	none	none	none	none	none	none	none	none	none	none	none	none	none	none	none	none	none	none	none	none	none	none	none	none	none	none	none	none	none	none	none	none	none	none	none	none	none	none	none	none	none	none
MW305692.1	none	none	none	none	none	none	none	none	none	none	none	none	none	none	none	none	none	none	none	none	none	none	none	none	none	none	none	none	none	none	none	none	exp F3+ R1-	exp F3+ R2-	exp F3+ R0-	exp F3+ R1-	exp F3+ R2-	exp F3+ R3-	exp F3+ R1-	exp F3+ R2-	none	none	none	none	none	none	none	none	none	none	none	none	none	none	none	none	none	none	none	none	none	none	none	none	none	none	none	none	none	none	none	none	none	none	none	none	none	none	none	none	none	none	none	none	none	none	none
MW305693.1	none	none	none	none	none	none	none	none	none	none	none	none	none	none	none	none	none	none	none	none	none	none	none	none	none	none	none	none	none	none	none	none	exp F3+ R1-	exp F3+ R2-	exp F3+ R0-	exp F3+ R1-	exp F3+ R2-	exp F3+ R3-	exp F3+ R1-	exp F3+ R2-	none	none	none	none	none	none	none	none	none	none	none	none	none	none	none	none	none	none	none	none	none	none	none	none	none	none	none	none	none	none	none	none	none	none	none	none	none	none	none	none	none	none	none	none	none	none	none
MW305694.1	none	none	none	none	none	none	none	none	none	none	none	none	none	none	none	none	none	none	none	none	none	none	none	none	none	none	none	none	none	none	none	none	exp F3+ R1-	exp F3+ R2-	exp F3+ R0-	exp F3+ R1-	exp F3+ R2-	exp F3+ R3-	exp F3+ R1-	exp F3+ R2-	none	none	none	none	none	none	none	none	none	none	none	none	none	none	none	none	none	none	none	none	none	none	none	none	none	none	none	none	none	none	none	none	none	none	none	none	none	none	none	none	none	none	none	none	none	none	none
MW305695.1	exp F2+ R1-	exp F2+ R0-	exp F2+ R2-	exp F2+ R1-	exp F2+ R2-	exp F2+ R1-	exp F2+ R3-	exp F2+ R2-	none	none	none	none	none	none	none	none	none	none	none	none	none	none	none	none	none	none	none	none	none	none	none	none	none	none	none	none	none	none	none	none	none	none	none	none	none	none	none	none	none	none	none	none	none	none	none	none	none	none	none	none	none	none	none	none	none	none	none	none	none	none	none	none	none	none	none	none	none	none	none	none	none	none	none	none	none	none	none
MW305696.1	exp F3+ R3-	exp F3+ R2-	exp F3+ R3-	exp F3+ R2-	exp F3+ R3-	exp F3+ R2-	exp F3+ R3-	exp F3+ R2-	none	none	none	none	none	none	none	none	none	none	none	none	none	none	none	none	none	none	none	none	none	none	none	none	none	none	none	none	none	none	none	none	none	none	none	none	none	none	none	none	none	none	none	none	none	none	none	none	none	none	none	none	none	none	none	none	none	none	none	none	none	none	none	none	none	none	none	none	none	none	none	none	none	none	none	none	none	none	none
MW305697.1	exp F3+ R3-	exp F3+ R2-	exp F3+ R3-	exp F3+ R2-	exp F3+ R3-	exp F3+ R2-	exp F3+ R3-	exp F3+ R2-	none	none	none	none	none	none	none	none	none	none	none	none	none	none	none	none	none	none	none	none	none	none	none	none	none	none	none	none	none	none	none	none	none	none	none	none	none	none	none	none	none	none	none	none	none	none	none	none	none	none	none	none	none	none	none	none	none	none	none	none	none	none	none	none	none	none	none	none	none	none	none	none	none	none	none	none	none	none	none
MW305698.1	none	none	none	none	none	none	none	none	none	none	none	none	none	none	none	none	none	none	none	none	none	none	none	none	none	none	none	none	none	none	none	none	exp F3+ R1-	exp F3+ R2-	exp F3+ R0-	exp F3+ R1-	exp F3+ R2-	exp F3+ R3-	exp F3+ R1-	exp F3+ R2-	none	none	none	none	none	none	none	none	none	none	none	none	none	none	none	none	none	none	none	none	none	none	none	none	none	none	none	none	none	none	none	none	none	none	none	none	none	none	none	none	none	none	none	none	none	none	none
MW305699.1	none	none	exp F3+ R3-	none	exp F3+ R3-	none	exp F3+ R2-	exp F3+ R3-	none	none	none	none	none	none	none	none	none	none	none	none	none	none	none	none	none	none	none	none	none	none	none	none	none	none	none	none	none	none	none	none	none	none	none	none	none	none	none	none	none	none	none	none	none	none	none	none	none	none	none	none	none	none	none	none	none	none	none	none	none	none	none	none	none	none	none	none	none	none	none	none	none	none	none	none	none	none	none
MW305700.1	none	none	none	none	none	none	none	none	none	none	none	none	none	none	none	none	none	none	none	none	none	none	none	none	none	none	none	none	none	none	none	none	exp F3+ R1-	exp F3+ R2-	exp F3+ R0-	exp F3+ R1-	exp F3+ R2-	exp F3+ R3-	exp F3+ R1-	exp F3+ R2-	none	none	none	none	none	none	none	none	none	none	none	none	none	none	none	none	none	none	none	none	none	none	none	none	none	none	none	none	none	none	none	none	none	none	none	none	none	none	none	none	none	none	none	none	none	none	none
MW305701.1	exp F2+ R2-	exp F2+ R1-	exp F2+ R1-	exp F2+ R0-	exp F2+ R3-	exp F2+ R2-	exp F2+ R2-	exp F2+ R1-	none	none	none	none	none	none	none	none	none	none	none	none	none	none	none	none	none	none	none	none	none	none	none	none	none	none	none	none	none	none	none	none	none	none	none	none	none	none	none	none	none	none	none	none	none	none	none	none	none	none	none	none	none	none	none	none	none	none	none	none	none	none	none	none	none	none	none	none	none	none	none	none	none	none	none	none	none	none	none
MW305702.1	exp F3+ R2-	exp F3+ R1-	exp F3+ R2-	exp F3+ R1-	exp F3+ R3-	exp F3+ R2-	exp F3+ R3-	exp F3+ R2-	none	none	none	none	none	none	none	none	none	none	none	none	none	none	none	none	none	none	none	none	none	none	none	none	none	none	none	none	none	none	none	none	none	none	none	none	none	none	none	none	none	none	none	none	none	none	none	none	none	none	none	none	none	none	none	none	none	none	none	none	none	none	none	none	none	none	none	none	none	none	none	none	none	none	none	none	none	none	none
MW305703.1	exp F3+ R2-	exp F3+ R1-	exp F3+ R2-	exp F3+ R1-	exp F3+ R3-	exp F3+ R2-	exp F3+ R3-	exp F3+ R2-	none	none	none	none	none	none	none	none	none	none	none	none	none	none	none	none	none	none	none	none	none	none	none	none	none	none	none	none	none	none	none	none	none	none	none	none	none	none	none	none	none	none	none	none	none	none	none	none	none	none	none	none	none	none	none	none	none	none	none	none	none	none	none	none	none	none	none	none	none	none	none	none	none	none	none	none	none	none	none
MW305705.1	exp F2+ R2-	exp F2+ R3-	exp F2+ R1-	exp F2+ R2-	exp F2+ R1-	exp F2+ R2-	exp F2+ R0-	exp F2+ R1-	none	none	none	none	none	none	none	none	none	none	none	none	none	none	none	none	none	none	none	none	none	none	none	none	none	none	none	none	none	none	none	none	none	none	none	none	none	none	none	none	none	none	none	none	none	none	none	none	none	none	none	none	none	none	none	none	none	none	none	none	none	none	none	none	none	none	none	none	none	none	none	none	none	none	none	none	none	none	none
MW305706.1	exp F1+ R2-	exp F1+ R3-	exp F1+ R2-	exp F1+ R3-	exp F1+ R1-	exp F1+ R2-	exp F1+ R1-	exp F1+ R2-	none	none	none	none	none	none	none	none	none	none	none	none	none	none	none	none	none	none	none	none	none	none	none	none	none	none	none	none	none	none	none	none	none	none	none	none	none	none	none	none	none	none	none	none	none	none	none	none	none	none	none	none	none	none	none	none	none	none	none	none	none	none	none	none	none	none	none	none	none	none	none	none	none	none	none	none	none	none	none
MW305707.1	none	none	none	none	none	none	none	none	none	none	none	none	none	none	none	none	none	none	none	none	none	none	none	none	none	none	none	none	none	none	none	none	exp F3+ R1-	exp F3+ R2-	exp F3+ R1-	exp F3+ R2-	exp F3+ R2-	exp F3+ R3-	exp F3+ R2-	exp F3+ R3-	none	none	none	none	none	none	none	none	none	none	none	none	none	none	none	none	none	none	none	none	none	none	none	none	none	none	none	none	none	none	none	none	none	none	none	none	none	none	none	none	none	none	none	none	none	none	none
MW305708.1	exp F3+ R3-	exp F3+ R2-	exp F3+ R3-	exp F3+ R2-	exp F3+ R3-	exp F3+ R2-	exp F3+ R3-	exp F3+ R2-	none	none	none	none	none	none	none	none	none	none	none	none	none	none	none	none	none	none	none	none	none	none	none	none	none	none	none	none	none	none	none	none	none	none	none	none	none	none	none	none	none	none	none	none	none	none	none	none	none	none	none	none	none	none	none	none	none	none	none	none	none	none	none	none	none	none	none	none	none	none	none	none	none	none	none	none	none	none	none
MW305709.1	none	none	none	none	lin R3-	none	none	none	none	none	none	none	none	none	none	none	none	none	none	none	none	none	none	none	none	none	none	none	none	none	none	none	none	none	none	none	none	none	none	none	lin R2-	none	none	lin R0-	none	none	lin R2-	lin R1-	none	none	none	none	none	none	none	none	none	none	none	none	none	none	none	none	none	none	none	none	lin R1-	none	none	none	none	lin R1-	none	none	none	none	none	none	none	none	none	none	none	none	none
MW305710.1	none	none	none	none	none	none	none	none	none	none	none	none	none	none	none	none	none	none	none	none	none	none	none	none	none	none	none	none	none	none	none	none	exp F3+ R2-	exp F3+ R1-	exp F3+ R1-	exp F3+ R0-	exp F3+ R3-	exp F3+ R2-	exp F3+ R2-	exp F3+ R1-	none	none	none	none	none	none	none	none	none	none	none	none	none	none	none	none	none	none	none	none	none	none	none	none	none	none	none	none	none	none	none	none	none	none	none	none	none	none	none	none	none	none	none	none	none	none	none
MW305711.1	exp F1+ R2-	exp F1+ R3-	exp F1+ R2-	exp F1+ R3-	exp F1+ R1-	exp F1+ R2-	exp F1+ R1-	exp F1+ R2-	none	none	none	none	none	none	none	none	none	none	none	none	none	none	none	none	none	none	none	none	none	none	none	none	none	none	none	none	none	none	none	none	none	none	none	none	none	none	none	none	none	none	none	none	none	none	none	none	none	none	none	none	none	none	none	none	none	none	none	none	none	none	none	none	none	none	none	none	none	none	none	none	none	none	none	none	none	none	none
MW305712.1	exp F1+ R2-	exp F1+ R3-	exp F1+ R2-	exp F1+ R3-	exp F1+ R1-	exp F1+ R2-	exp F1+ R1-	exp F1+ R2-	none	none	none	none	none	none	none	none	none	none	none	none	none	none	none	none	none	none	none	none	none	none	none	none	none	none	none	none	none	none	none	none	none	none	none	none	none	none	none	none	none	none	none	none	none	none	none	none	none	none	none	none	none	none	none	none	none	none	none	none	none	none	none	none	none	none	none	none	none	none	none	none	none	none	none	none	none	none	none
MW305713.1	none	none	none	none	lin R2-	none	none	none	none	none	none	none	none	none	none	none	none	none	none	none	none	none	none	none	none	none	none	none	none	none	none	none	none	none	none	none	none	none	none	none	lin R1-	none	none	lin R1-	none	none	lin R1-	lin R2-	none	none	none	none	none	none	none	none	none	none	none	none	none	none	none	none	none	none	none	none	lin R2-	none	none	none	none	lin R0-	none	none	none	none	none	none	none	none	none	none	none	none	none
MW305714.1	exp F3+ R3-	exp F3+ R2-	exp F3+ R2-	exp F3+ R1-	exp F3+ R2-	exp F3+ R1-	exp F3+ R1-	exp F3+ R0-	none	none	none	none	none	none	none	none	none	none	none	none	none	none	none	none	none	none	none	none	none	none	none	none	none	none	none	none	none	none	none	none	none	none	none	none	none	none	none	none	none	none	none	none	none	none	none	none	none	none	none	none	none	none	none	none	none	none	none	none	none	none	none	none	none	none	none	none	none	none	none	exp F3+ R3-	exp F3+ R2-	exp F3+ R2-	exp F3+ R1-	exp F3+ R2-	exp F3+ R1-	exp F3+ R1-	exp F3+ R0-
MW305715.1	none	none	none	none	none	none	none	none	none	none	none	none	none	none	none	none	exp F3+ R3-	exp F3+ R2-	exp F3+ R2-	exp F3+ R1-	exp F3+ R3-	exp F3+ R2-	exp F3+ R2-	exp F3+ R1-	none	none	none	none	none	none	none	none	none	none	none	none	none	none	none	none	none	none	none	none	none	none	none	none	none	none	none	none	none	none	none	none	none	none	none	none	none	none	none	none	none	none	none	none	none	none	none	none	none	none	none	none	none	none	none	none	none	none	none	none	none	none	none
MW305717.1	exp F3+ R3-	exp F3+ R2-	exp F3+ R2-	exp F3+ R1-	exp F3+ R3-	exp F3+ R2-	exp F3+ R2-	exp F3+ R1-	none	none	none	none	none	none	none	none	none	none	none	none	none	none	none	none	none	none	none	none	none	none	none	none	none	none	none	none	none	none	none	none	none	none	none	none	none	none	none	none	none	none	none	none	none	none	none	none	none	none	none	none	none	none	none	none	none	none	none	none	none	none	none	none	none	none	none	none	none	none	none	none	none	none	none	none	none	none	none
MW305718.1	none	none	none	none	lin R3-	none	none	none	none	none	none	none	none	none	none	none	none	none	none	none	none	none	none	none	none	none	none	none	none	none	none	none	none	none	none	none	none	none	none	none	lin R2-	none	none	lin R0-	none	none	lin R2-	lin R1-	none	none	none	none	none	none	none	none	none	none	none	none	none	none	none	none	none	none	none	none	lin R1-	none	none	none	none	lin R1-	none	none	none	none	none	none	none	none	none	none	none	none	none
MW305721.1	none	none	none	none	lin R2-	none	none	none	none	none	none	none	none	none	none	none	none	none	none	none	none	none	none	none	none	none	none	none	none	none	none	none	none	none	none	none	none	none	none	none	lin R1-	none	none	lin R1-	none	none	lin R1-	lin R2-	none	none	none	none	none	none	none	none	none	none	none	none	none	none	none	none	none	none	none	none	lin R2-	none	none	none	none	lin R0-	none	none	none	none	none	none	none	none	none	none	none	none	none
MW305722.1	none	none	none	none	lin R2-	none	none	none	none	none	none	none	none	none	none	none	none	none	none	none	none	none	none	none	none	none	none	none	none	none	none	none	none	none	none	none	none	none	none	none	lin R1-	none	none	lin R1-	none	none	lin R1-	lin R2-	none	none	none	none	none	none	none	none	none	none	none	none	none	none	none	none	none	none	none	none	lin R2-	none	none	none	none	lin R0-	none	none	none	none	none	none	none	none	none	none	none	none	none
MW305723.1	exp F3+ R3-	exp F3+ R2-	exp F3+ R3-	exp F3+ R2-	exp F3+ R3-	exp F3+ R2-	exp F3+ R3-	exp F3+ R2-	none	none	none	none	none	none	none	none	none	none	none	none	none	none	none	none	none	none	none	none	none	none	none	none	none	none	none	none	none	none	none	none	none	none	none	none	none	none	none	none	none	none	none	none	none	none	none	none	none	none	none	none	none	none	none	none	none	none	none	none	none	none	none	none	none	none	none	none	none	none	none	none	none	none	none	none	none	none	none
MW305725.1	none	none	exp F3+ R3-	none	exp F3+ R3-	none	exp F3+ R2-	exp F3+ R3-	none	none	none	none	none	none	none	none	none	none	none	none	none	none	none	none	none	none	none	none	none	none	none	none	none	none	none	none	none	none	none	none	none	none	none	none	none	none	none	none	none	none	none	none	none	none	none	none	none	none	none	none	none	none	none	none	none	none	none	none	none	none	none	none	none	none	none	none	none	none	none	none	none	none	none	none	none	none	none
MW305726.1	none	none	exp F3+ R3-	none	exp F3+ R3-	none	exp F3+ R2-	exp F3+ R3-	none	none	none	none	none	none	none	none	none	none	none	none	none	none	none	none	none	none	none	none	none	none	none	none	none	none	none	none	none	none	none	none	none	none	none	none	none	none	none	none	none	none	none	none	none	none	none	none	none	none	none	none	none	none	none	none	none	none	none	none	none	none	none	none	none	none	none	none	none	none	none	none	none	none	none	none	none	none	none
MW305727.1	none	none	exp F3+ R3-	none	exp F3+ R3-	none	exp F3+ R2-	exp F3+ R3-	none	none	none	none	none	none	none	none	none	none	none	none	none	none	none	none	none	none	none	none	none	none	none	none	none	none	none	none	none	none	none	none	none	none	none	none	none	none	none	none	none	none	none	none	none	none	none	none	none	none	none	none	none	none	none	none	none	none	none	none	none	none	none	none	none	none	none	none	none	none	none	none	none	none	none	none	none	none	none
MW305728.1	none	none	exp F3+ R3-	none	exp F3+ R3-	none	exp F3+ R2-	exp F3+ R3-	none	none	none	none	none	none	none	none	none	none	none	none	none	none	none	none	none	none	none	none	none	none	none	none	none	none	none	none	none	none	none	none	none	none	none	none	none	none	none	none	none	none	none	none	none	none	none	none	none	none	none	none	none	none	none	none	none	none	none	none	none	none	none	none	none	none	none	none	none	none	none	none	none	none	none	none	none	none	none
MW305729.1	exp F3+ R1-	exp F3+ R2-	exp F3+ R2-	exp F3+ R3-	exp F3+ R1-	exp F3+ R2-	exp F3+ R2-	exp F3+ R3-	none	none	none	none	none	none	none	none	none	none	none	none	none	none	none	none	none	none	none	none	none	none	none	none	none	none	none	none	none	none	none	none	none	none	none	none	none	none	none	none	none	none	none	none	none	none	none	none	none	none	none	none	none	none	none	none	none	none	none	none	none	none	none	none	none	none	none	none	none	none	none	none	none	none	none	none	none	none	none
MW305731.1	none	none	exp F3+ R3-	none	exp F3+ R3-	none	exp F3+ R2-	exp F3+ R3-	none	none	none	none	none	none	none	none	none	none	none	none	none	none	none	none	none	none	none	none	none	none	none	none	none	none	none	none	none	none	none	none	none	none	none	none	none	none	none	none	none	none	none	none	none	none	none	none	none	none	none	none	none	none	none	none	none	none	none	none	none	none	none	none	none	none	none	none	none	none	none	none	none	none	none	none	none	none	none
MW305732.1	none	none	exp F3+ R3-	none	exp F3+ R3-	none	exp F3+ R2-	exp F3+ R3-	none	none	none	none	none	none	none	none	none	none	none	none	none	none	none	none	none	none	none	none	none	none	none	none	none	none	none	none	none	none	none	none	none	none	none	none	none	none	none	none	none	none	none	none	none	none	none	none	none	none	none	none	none	none	none	none	none	none	none	none	none	none	none	none	none	none	none	none	none	none	none	none	none	none	none	none	none	none	none
MW305733.1	none	none	exp F3+ R3-	none	exp F3+ R3-	none	exp F3+ R2-	exp F3+ R3-	none	none	none	none	none	none	none	none	none	none	none	none	none	none	none	none	none	none	none	none	none	none	none	none	none	none	none	none	none	none	none	none	none	none	none	none	none	none	none	none	none	none	none	none	none	none	none	none	none	none	none	none	none	none	none	none	none	none	none	none	none	none	none	none	none	none	none	none	none	none	none	none	none	none	none	none	none	none	none
MW305734.1	exp F3+ R1-	exp F3+ R0-	exp F3+ R2-	exp F3+ R1-	exp F3+ R2-	exp F3+ R1-	exp F3+ R3-	exp F3+ R2-	none	none	none	none	none	none	none	none	none	none	none	none	none	none	none	none	none	none	none	none	none	none	none	none	none	none	none	none	none	none	none	none	none	none	none	none	none	none	none	none	none	none	none	none	none	none	none	none	none	none	none	none	none	none	none	none	none	none	none	none	none	none	none	none	none	none	none	none	none	none	none	none	none	none	none	none	none	none	none
MW305735.1	exp F2+ R1-	exp F2+ R2-	exp F2+ R0-	exp F2+ R1-	exp F2+ R2-	exp F2+ R3-	exp F2+ R1-	exp F2+ R2-	none	none	none	none	none	none	none	none	none	none	none	none	none	none	none	none	none	none	none	none	none	none	none	none	none	none	none	none	none	none	none	none	none	none	none	none	none	none	none	none	none	none	none	none	none	none	none	none	none	none	none	none	none	none	none	none	none	none	none	none	none	none	none	none	none	none	none	none	none	none	none	none	none	none	none	none	none	none	none
MW305736.1	none	none	none	none	none	none	none	none	none	none	none	none	none	none	none	none	none	none	none	none	none	none	none	none	none	none	none	none	none	none	none	none	exp F3+ R1-	exp F3+ R2-	exp F3+ R0-	exp F3+ R1-	exp F3+ R2-	exp F3+ R3-	exp F3+ R1-	exp F3+ R2-	none	none	none	none	none	none	none	none	none	none	none	none	none	none	none	none	none	none	none	none	none	none	none	none	none	none	none	none	none	none	none	none	none	none	none	none	none	none	none	none	none	none	none	none	none	none	none
MW305738.1	exp F3+ R3-	exp F3+ R2-	exp F3+ R3-	exp F3+ R2-	exp F3+ R3-	exp F3+ R2-	exp F3+ R3-	exp F3+ R2-	none	none	none	none	none	none	none	none	none	none	none	none	none	none	none	none	none	none	none	none	none	none	none	none	none	none	none	none	none	none	none	none	none	none	none	none	none	none	none	none	none	none	none	none	none	none	none	none	none	none	none	none	none	none	none	none	none	none	none	none	none	none	none	none	none	none	none	none	none	none	none	none	none	none	none	none	none	none	none
MW305739.1	exp F3+ R1-	exp F3+ R2-	exp F3+ R0-	exp F3+ R1-	exp F3+ R2-	exp F3+ R3-	exp F3+ R1-	exp F3+ R2-	none	none	none	none	none	none	none	none	none	none	none	none	none	none	none	none	none	none	none	none	none	none	none	none	none	none	none	none	none	none	none	none	none	none	none	none	none	none	none	none	none	none	none	none	none	none	none	none	none	none	none	none	none	none	none	none	none	none	none	none	none	none	none	none	none	none	none	none	none	none	none	none	none	none	none	none	none	none	none
MT929247.1	exp F2+ R3-	exp F2+ R2-	exp F2+ R3-	exp F2+ R2-	exp F2+ R3-	exp F2+ R2-	exp F2+ R3-	exp F2+ R2-	none	none	none	none	none	none	none	none	none	none	none	none	none	none	none	none	none	none	none	none	none	none	none	none	none	none	none	none	none	none	none	none	none	none	none	none	none	none	none	none	none	none	none	none	none	none	none	none	none	none	none	none	none	none	none	none	none	none	none	none	none	none	none	none	none	none	none	none	none	none	none	none	none	none	none	none	none	none	none
MT362915.1	exp F3+ R3-	exp F3+ R2-	exp F3+ R2-	exp F3+ R1-	exp F3+ R3-	exp F3+ R2-	exp F3+ R2-	exp F3+ R1-	none	none	none	none	none	none	none	none	none	none	none	none	none	none	none	none	none	none	none	none	none	none	none	none	none	none	none	none	none	none	none	none	none	none	none	none	none	none	none	none	none	none	none	none	none	none	none	none	none	none	none	none	none	none	none	none	none	none	none	none	none	none	none	none	none	none	none	none	none	none	none	none	none	none	none	none	none	none	none
MT362916.1	exp F3+ R3-	exp F3+ R2-	exp F3+ R2-	exp F3+ R1-	exp F3+ R3-	exp F3+ R2-	exp F3+ R2-	exp F3+ R1-	none	none	none	none	none	none	none	none	none	none	none	none	none	none	none	none	none	none	none	none	none	none	none	none	none	none	none	none	none	none	none	none	none	none	none	none	none	none	none	none	none	none	none	none	none	none	none	none	none	none	none	none	none	none	none	none	none	none	none	none	none	none	none	none	none	none	none	none	none	none	none	none	none	none	none	none	none	none	none
MT362917.1	exp F2+ R2-	exp F2+ R3-	exp F2+ R2-	exp F2+ R3-	exp F2+ R2-	exp F2+ R3-	exp F2+ R2-	exp F2+ R3-	none	none	none	none	none	none	none	none	none	none	none	none	none	none	none	none	none	none	none	none	none	none	none	none	none	none	none	none	none	none	none	none	none	none	none	none	none	none	none	none	none	none	none	none	none	none	none	none	none	none	none	none	none	none	none	none	none	none	none	none	none	none	none	none	none	none	none	none	none	none	none	none	none	none	none	none	none	none	none
MT364242.1	exp F2+ R1-	exp F2+ R2-	exp F2+ R0-	exp F2+ R1-	exp F2+ R2-	exp F2+ R3-	exp F2+ R1-	exp F2+ R2-	none	none	none	none	none	none	none	none	none	none	none	none	none	none	none	none	none	none	none	none	none	none	none	none	none	none	none	none	none	none	none	none	none	none	none	none	none	none	none	none	none	none	none	none	none	none	none	none	none	none	none	none	none	none	none	none	none	none	none	none	none	none	none	none	none	none	none	none	none	none	none	none	none	none	none	none	none	none	none
MT367328.1	exp F3+ R3-	exp F3+ R2-	exp F3+ R3-	exp F3+ R2-	exp F3+ R3-	exp F3+ R2-	exp F3+ R3-	exp F3+ R2-	none	none	none	none	none	none	none	none	none	none	none	none	none	none	none	none	none	none	none	none	none	none	none	none	none	none	none	none	none	none	none	none	none	none	none	none	none	none	none	none	none	none	none	none	none	none	none	none	none	none	none	none	none	none	none	none	none	none	none	none	none	none	none	none	none	none	none	none	none	none	none	none	none	none	none	none	none	none	none
MT371769.1	exp F3+ R2-	exp F3+ R1-	exp F3+ R3-	exp F3+ R2-	exp F3+ R2-	exp F3+ R1-	exp F3+ R3-	exp F3+ R2-	none	none	none	none	none	none	none	none	none	none	none	none	none	none	none	none	none	none	none	none	none	none	none	none	none	none	none	none	none	none	none	none	none	none	none	none	none	none	none	none	none	none	none	none	none	none	none	none	none	none	none	none	none	none	none	none	none	none	none	none	none	none	none	none	none	none	none	none	none	none	none	none	none	none	none	none	none	none	none
MT409885.1	none	none	exp F3+ R3-	none	exp F3+ R3-	none	exp F3+ R2-	exp F3+ R3-	none	none	none	none	none	none	none	none	none	none	none	none	none	none	none	none	none	none	none	none	none	none	none	none	none	none	none	none	none	none	none	none	none	none	none	none	none	none	none	none	none	none	none	none	none	none	none	none	none	none	none	none	none	none	none	none	none	none	none	none	none	none	none	none	none	none	none	none	none	none	none	none	none	none	none	none	none	none	none
MT409886.1	none	none	exp F3+ R3-	none	exp F3+ R3-	none	exp F3+ R2-	exp F3+ R3-	none	none	none	none	none	none	none	none	none	none	none	none	none	none	none	none	none	none	none	none	none	none	none	none	none	none	none	none	none	none	none	none	none	none	none	none	none	none	none	none	none	none	none	none	none	none	none	none	none	none	none	none	none	none	none	none	none	none	none	none	none	none	none	none	none	none	none	none	none	none	none	none	none	none	none	none	none	none	none
MT409887.1	exp F2+ R1-	exp F2+ R2-	exp F2+ R0-	exp F2+ R1-	exp F2+ R2-	exp F2+ R3-	exp F2+ R1-	exp F2+ R2-	none	none	none	none	none	none	none	none	none	none	none	none	none	none	none	none	none	none	none	none	none	none	none	none	none	none	none	none	none	none	none	none	none	none	none	none	none	none	none	none	none	none	none	none	none	none	none	none	none	none	none	none	none	none	none	none	none	none	none	none	none	none	none	none	none	none	none	none	none	none	none	none	none	none	none	none	none	none	none
MT416724.1	exp F2+ R1-	exp F2+ R2-	exp F2+ R0-	exp F2+ R1-	exp F2+ R2-	exp F2+ R3-	exp F2+ R1-	exp F2+ R2-	none	none	none	none	none	none	none	none	none	none	none	none	none	none	none	none	none	none	none	none	none	none	none	none	none	none	none	none	none	none	none	none	none	none	none	none	none	none	none	none	none	none	none	none	none	none	none	none	none	none	none	none	none	none	none	none	none	none	none	none	none	none	none	none	none	none	none	none	none	none	none	none	none	none	none	none	none	none	none
MT439866.1	exp F3+ R3-	exp F3+ R2-	exp F3+ R3-	exp F3+ R2-	exp F3+ R3-	exp F3+ R2-	exp F3+ R3-	exp F3+ R2-	none	none	none	none	none	none	none	none	none	none	none	none	none	none	none	none	none	none	none	none	none	none	none	none	none	none	none	none	none	none	none	none	none	none	none	none	none	none	none	none	none	none	none	none	none	none	none	none	none	none	none	none	none	none	none	none	none	none	none	none	none	none	none	none	none	none	none	none	none	none	none	none	none	none	none	none	none	none	none
MT448670.1	exp F2+ R2-	exp F2+ R3-	exp F2+ R2-	exp F2+ R3-	exp F2+ R2-	exp F2+ R3-	exp F2+ R2-	exp F2+ R3-	none	none	none	none	none	none	none	none	none	none	none	none	none	none	none	none	none	none	none	none	none	none	none	none	none	none	none	none	none	none	none	none	none	none	none	none	none	none	none	none	none	none	none	none	none	none	none	none	none	none	none	none	none	none	none	none	none	none	none	none	none	none	none	none	none	none	none	none	none	none	none	none	none	none	none	none	none	none	none
MT474034.1	exp F3+ R3-	exp F3+ R2-	exp F3+ R3-	exp F3+ R2-	exp F3+ R3-	exp F3+ R2-	exp F3+ R3-	exp F3+ R2-	none	none	none	none	none	none	none	none	none	none	none	none	none	none	none	none	none	none	none	none	none	none	none	none	none	none	none	none	none	none	none	none	none	none	none	none	none	none	none	none	none	none	none	none	none	none	none	none	none	none	none	none	none	none	none	none	none	none	none	none	none	none	none	none	none	none	none	none	none	none	none	none	none	none	none	none	none	none	none
MT474035.1	none	none	none	lin F3+	none	none	none	none	none	none	none	none	none	none	none	none	none	none	none	none	none	none	none	none	none	none	none	none	none	none	none	none	none	none	none	none	none	none	none	none	none	none	none	none	none	none	none	none	none	none	none	none	none	none	none	none	none	none	none	none	none	none	none	none	none	none	none	none	none	none	none	none	none	none	none	none	none	none	none	none	none	none	none	none	none	none	none
MT474039.1	exp F3+ R3-	exp F3+ R2-	exp F3+ R3-	exp F3+ R2-	exp F3+ R3-	exp F3+ R2-	exp F3+ R3-	exp F3+ R2-	none	none	none	none	none	none	none	none	none	none	none	none	none	none	none	none	none	none	none	none	none	none	none	none	none	none	none	none	none	none	none	none	none	none	none	none	none	none	none	none	none	none	none	none	none	none	none	none	none	none	none	none	none	none	none	none	none	none	none	none	none	none	none	none	none	none	none	none	none	none	none	none	none	none	none	none	none	none	none
MT474040.1	exp F3+ R2-	exp F3+ R3-	exp F3+ R2-	exp F3+ R3-	exp F3+ R2-	exp F3+ R3-	exp F3+ R2-	exp F3+ R3-	none	none	none	none	none	none	none	none	none	none	none	none	none	none	none	none	none	none	none	none	none	none	none	none	none	none	none	none	none	none	none	none	none	none	none	none	none	none	none	none	none	none	none	none	none	none	none	none	none	none	none	none	none	none	none	none	none	none	none	none	none	none	none	none	none	none	none	none	none	none	none	none	none	none	none	none	none	none	none
MT474041.1	exp F3+ R3-	exp F3+ R2-	exp F3+ R3-	exp F3+ R2-	exp F3+ R3-	exp F3+ R2-	exp F3+ R3-	exp F3+ R2-	none	none	none	none	none	none	none	none	none	none	none	none	none	none	none	none	none	none	none	none	none	none	none	none	none	none	none	none	none	none	none	none	none	none	none	none	none	none	none	none	none	none	none	none	none	none	none	none	none	none	none	none	none	none	none	none	none	none	none	none	none	none	none	none	none	none	none	none	none	none	none	none	none	none	none	none	none	none	none
MT474042.1	exp F3+ R3-	exp F3+ R2-	exp F3+ R3-	exp F3+ R2-	exp F3+ R3-	exp F3+ R2-	exp F3+ R3-	exp F3+ R2-	none	none	none	none	none	none	none	none	none	none	none	none	none	none	none	none	none	none	none	none	none	none	none	none	none	none	none	none	none	none	none	none	none	none	none	none	none	none	none	none	none	none	none	none	none	none	none	none	none	none	none	none	none	none	none	none	none	none	none	none	none	none	none	none	none	none	none	none	none	none	none	none	none	none	none	none	none	none	none
MT474043.1	exp F3+ R3-	exp F3+ R2-	exp F3+ R3-	exp F3+ R2-	exp F3+ R3-	exp F3+ R2-	exp F3+ R3-	exp F3+ R2-	none	none	none	none	none	none	none	none	none	none	none	none	none	none	none	none	none	none	none	none	none	none	none	none	none	none	none	none	none	none	none	none	none	none	none	none	none	none	none	none	none	none	none	none	none	none	none	none	none	none	none	none	none	none	none	none	none	none	none	none	none	none	none	none	none	none	none	none	none	none	none	none	none	none	none	none	none	none	none
MT474047.1	exp F3+ R2-	exp F3+ R3-	exp F3+ R2-	exp F3+ R3-	exp F3+ R2-	exp F3+ R3-	exp F3+ R2-	exp F3+ R3-	none	none	none	none	none	none	none	none	none	none	none	none	none	none	none	none	none	none	none	none	none	none	none	none	none	none	none	none	none	none	none	none	none	none	none	none	none	none	none	none	none	none	none	none	none	none	none	none	none	none	none	none	none	none	none	none	none	none	none	none	none	none	none	none	none	none	none	none	none	none	none	none	none	none	none	none	none	none	none
MT474048.1	exp F3+ R3-	exp F3+ R2-	exp F3+ R3-	exp F3+ R2-	exp F3+ R3-	exp F3+ R2-	exp F3+ R3-	exp F3+ R2-	none	none	none	none	none	none	none	none	none	none	none	none	none	none	none	none	none	none	none	none	none	none	none	none	none	none	none	none	none	none	none	none	none	none	none	none	none	none	none	none	none	none	none	none	none	none	none	none	none	none	none	none	none	none	none	none	none	none	none	none	none	none	none	none	none	none	none	none	none	none	none	none	none	none	none	none	none	none	none
MT474049.1	exp F3+ R3-	exp F3+ R2-	exp F3+ R3-	exp F3+ R2-	exp F3+ R3-	exp F3+ R2-	exp F3+ R3-	exp F3+ R2-	none	none	none	none	none	none	none	none	none	none	none	none	none	none	none	none	none	none	none	none	none	none	none	none	none	none	none	none	none	none	none	none	none	none	none	none	none	none	none	none	none	none	none	none	none	none	none	none	none	none	none	none	none	none	none	none	none	none	none	none	none	none	none	none	none	none	none	none	none	none	none	none	none	none	none	none	none	none	none
MT474050.1	exp F3+ R3-	exp F3+ R2-	exp F3+ R3-	exp F3+ R2-	exp F3+ R3-	exp F3+ R2-	exp F3+ R3-	exp F3+ R2-	none	none	none	none	none	none	none	none	none	none	none	none	none	none	none	none	none	none	none	none	none	none	none	none	none	none	none	none	none	none	none	none	none	none	none	none	none	none	none	none	none	none	none	none	none	none	none	none	none	none	none	none	none	none	none	none	none	none	none	none	none	none	none	none	none	none	none	none	none	none	none	none	none	none	none	none	none	none	none
MT474051.1	none	exp F3+ R3-	none	exp F3+ R3-	none	exp F3+ R3-	none	exp F3+ R3-	none	none	none	none	none	none	none	none	none	none	none	none	none	none	none	none	none	none	none	none	none	none	none	none	none	none	none	none	none	none	none	none	none	none	none	none	none	none	none	none	none	none	none	none	none	none	none	none	none	none	none	none	none	none	none	none	none	none	none	none	none	none	none	none	none	none	none	none	none	none	none	none	none	none	none	none	none	none	none
MT474052.1	none	exp F3+ R3-	none	exp F3+ R3-	none	exp F3+ R3-	none	exp F3+ R3-	none	none	none	none	none	none	none	none	none	none	none	none	none	none	none	none	none	none	none	none	none	none	none	none	none	none	none	none	none	none	none	none	none	none	none	none	none	none	none	none	none	none	none	none	none	none	none	none	none	none	none	none	none	none	none	none	none	none	none	none	none	none	none	none	none	none	none	none	none	none	none	none	none	none	none	none	none	none	none
MT526278.1	exp F3+ R3-	exp F3+ R2-	exp F3+ R2-	exp F3+ R1-	exp F3+ R2-	exp F3+ R1-	exp F3+ R1-	exp F3+ R0-	none	none	none	none	none	none	none	none	none	none	none	none	none	none	none	none	none	none	none	none	none	none	none	none	none	none	none	none	none	none	none	none	none	none	none	none	none	none	none	none	none	none	none	none	none	none	none	none	none	none	none	none	none	none	none	none	none	none	none	none	none	none	none	none	none	none	none	none	none	none	none	exp F3+ R3-	exp F3+ R2-	exp F3+ R2-	exp F3+ R1-	exp F3+ R2-	exp F3+ R1-	exp F3+ R1-	exp F3+ R0-
MT537605.1	exp F3+ R3-	exp F3+ R2-	exp F3+ R3-	exp F3+ R2-	exp F3+ R3-	exp F3+ R2-	exp F3+ R3-	exp F3+ R2-	none	none	none	none	none	none	none	none	none	none	none	none	none	none	none	none	none	none	none	none	none	none	none	none	none	none	none	none	none	none	none	none	none	none	none	none	none	none	none	none	none	none	none	none	none	none	none	none	none	none	none	none	none	none	none	none	none	none	none	none	none	none	none	none	none	none	none	none	none	none	none	none	none	none	none	none	none	none	none
MT537633.1	exp F3+ R3-	exp F3+ R2-	exp F3+ R3-	exp F3+ R2-	exp F3+ R3-	exp F3+ R2-	exp F3+ R3-	exp F3+ R2-	none	none	none	none	none	none	none	none	none	none	none	none	none	none	none	none	none	none	none	none	none	none	none	none	none	none	none	none	none	none	none	none	none	none	none	none	none	none	none	none	none	none	none	none	none	none	none	none	none	none	none	none	none	none	none	none	none	none	none	none	none	none	none	none	none	none	none	none	none	none	none	none	none	none	none	none	none	none	none
MT537634.1	exp F3+ R3-	exp F3+ R2-	exp F3+ R3-	exp F3+ R2-	exp F3+ R3-	exp F3+ R2-	exp F3+ R3-	exp F3+ R2-	none	none	none	none	none	none	none	none	none	none	none	none	none	none	none	none	none	none	none	none	none	none	none	none	none	none	none	none	none	none	none	none	none	none	none	none	none	none	none	none	none	none	none	none	none	none	none	none	none	none	none	none	none	none	none	none	none	none	none	none	none	none	none	none	none	none	none	none	none	none	none	none	none	none	none	none	none	none	none
MT537941.1	exp F3+ R3-	exp F3+ R2-	exp F3+ R3-	exp F3+ R2-	exp F3+ R3-	exp F3+ R2-	exp F3+ R3-	exp F3+ R2-	none	none	none	none	none	none	none	none	none	none	none	none	none	none	none	none	none	none	none	none	none	none	none	none	none	none	none	none	none	none	none	none	none	none	none	none	none	none	none	none	none	none	none	none	none	none	none	none	none	none	none	none	none	none	none	none	none	none	none	none	none	none	none	none	none	none	none	none	none	none	none	none	none	none	none	none	none	none	none
MT707683.1	exp F2+ R2-	exp F2+ R3-	exp F2+ R2-	exp F2+ R3-	exp F2+ R2-	exp F2+ R3-	exp F2+ R2-	exp F2+ R3-	none	none	none	none	none	none	none	none	none	none	none	none	none	none	none	none	none	none	none	none	none	none	none	none	none	none	none	none	none	none	none	none	none	none	none	none	none	none	none	none	none	none	none	none	none	none	none	none	none	none	none	none	none	none	none	none	none	none	none	none	none	none	none	none	none	none	none	none	none	none	none	none	none	none	none	none	none	none	none
MT742777.1	exp F3+ R3-	exp F3+ R2-	exp F3+ R3-	exp F3+ R2-	exp F3+ R3-	exp F3+ R2-	exp F3+ R3-	exp F3+ R2-	none	none	none	none	none	none	none	none	none	none	none	none	none	none	none	none	none	none	none	none	none	none	none	none	none	none	none	none	none	none	none	none	none	none	none	none	none	none	none	none	none	none	none	none	none	none	none	none	none	none	none	none	none	none	none	none	none	none	none	none	none	none	none	none	none	none	none	none	none	none	none	none	none	none	none	none	none	none	none
MN703761.1	exp F3+ R3-	exp F3+ R2-	exp F3+ R3-	exp F3+ R2-	exp F3+ R3-	exp F3+ R2-	exp F3+ R3-	exp F3+ R2-	none	none	none	none	none	none	none	none	none	none	none	none	none	none	none	none	none	none	none	none	none	none	none	none	none	none	none	none	none	none	none	none	none	none	none	none	none	none	none	none	none	none	none	none	none	none	none	none	none	none	none	none	none	none	none	none	none	none	none	none	none	none	none	none	none	none	none	none	none	none	none	none	none	none	none	none	none	none	none
MN960578.1	exp F3+ R2-	exp F3+ R1-	exp F3+ R3-	exp F3+ R2-	exp F3+ R2-	exp F3+ R1-	exp F3+ R3-	exp F3+ R2-	none	none	none	none	none	none	none	none	none	none	none	none	none	none	none	none	none	none	none	none	none	none	none	none	none	none	none	none	none	none	none	none	none	none	none	none	none	none	none	none	none	none	none	none	none	none	none	none	none	none	none	none	none	none	none	none	none	none	none	none	none	none	none	none	none	none	none	none	none	none	none	none	none	none	none	none	none	none	none
MN996296.1	exp F3+ R2-	exp F3+ R1-	exp F3+ R3-	exp F3+ R2-	exp F3+ R2-	exp F3+ R1-	exp F3+ R3-	exp F3+ R2-	none	none	none	none	none	none	none	none	none	none	none	none	none	none	none	none	none	none	none	none	none	none	none	none	none	none	none	none	none	none	none	none	none	none	none	none	none	none	none	none	none	none	none	none	none	none	none	none	none	none	none	none	none	none	none	none	none	none	none	none	none	none	none	none	none	none	none	none	none	none	none	none	none	none	none	none	none	none	none
MN996297.1	exp F3+ R2-	exp F3+ R1-	exp F3+ R3-	exp F3+ R2-	exp F3+ R2-	exp F3+ R1-	exp F3+ R3-	exp F3+ R2-	none	none	none	none	none	none	none	none	none	none	none	none	none	none	none	none	none	none	none	none	none	none	none	none	none	none	none	none	none	none	none	none	none	none	none	none	none	none	none	none	none	none	none	none	none	none	none	none	none	none	none	none	none	none	none	none	none	none	none	none	none	none	none	none	none	none	none	none	none	none	none	none	none	none	none	none	none	none	none
MN996298.1	exp F2+ R2-	exp F2+ R3-	exp F2+ R1-	exp F2+ R2-	exp F2+ R2-	exp F2+ R3-	exp F2+ R1-	exp F2+ R2-	none	none	none	none	none	none	none	none	none	none	none	none	none	none	none	none	none	none	none	none	none	none	none	none	none	none	none	none	none	none	none	none	none	none	none	none	none	none	none	none	none	none	none	none	none	none	none	none	none	none	none	none	none	none	none	none	none	none	none	none	none	none	none	none	none	none	none	none	none	none	none	none	none	none	none	none	none	none	none
MN996299.1	exp F3+ R2-	exp F3+ R1-	exp F3+ R3-	exp F3+ R2-	exp F3+ R2-	exp F3+ R1-	exp F3+ R3-	exp F3+ R2-	none	none	none	none	none	none	none	none	none	none	none	none	none	none	none	none	none	none	none	none	none	none	none	none	none	none	none	none	none	none	none	none	none	none	none	none	none	none	none	none	none	none	none	none	none	none	none	none	none	none	none	none	none	none	none	none	none	none	none	none	none	none	none	none	none	none	none	none	none	none	none	none	none	none	none	none	none	none	none
MN996300.1	exp F3+ R2-	exp F3+ R1-	exp F3+ R3-	exp F3+ R2-	exp F3+ R2-	exp F3+ R1-	exp F3+ R3-	exp F3+ R2-	none	none	none	none	none	none	none	none	none	none	none	none	none	none	none	none	none	none	none	none	none	none	none	none	none	none	none	none	none	none	none	none	none	none	none	none	none	none	none	none	none	none	none	none	none	none	none	none	none	none	none	none	none	none	none	none	none	none	none	none	none	none	none	none	none	none	none	none	none	none	none	none	none	none	none	none	none	none	none
MT218322.1	exp F3+ R3-	exp F3+ R2-	exp F3+ R2-	exp F3+ R1-	exp F3+ R3-	exp F3+ R2-	exp F3+ R2-	exp F3+ R1-	none	none	none	none	none	none	none	none	none	none	none	none	none	none	none	none	none	none	none	none	none	none	none	none	none	none	none	none	none	none	none	none	none	none	none	none	none	none	none	none	none	none	none	none	none	none	none	none	none	none	none	none	none	none	none	none	none	none	none	none	none	none	none	none	none	none	none	none	none	none	none	none	none	none	none	none	none	none	none
MT221253.1	exp F2+ R1-	exp F2+ R2-	exp F2+ R0-	exp F2+ R1-	exp F2+ R2-	exp F2+ R3-	exp F2+ R1-	exp F2+ R2-	none	none	none	none	none	none	none	none	none	none	none	none	none	none	none	none	none	none	none	none	none	none	none	none	none	none	none	none	none	none	none	none	none	none	none	none	none	none	none	none	none	none	none	none	none	none	none	none	none	none	none	none	none	none	none	none	none	none	none	none	none	none	none	none	none	none	none	none	none	none	none	none	none	none	none	none	none	none	none
MT221254.1	exp F2+ R1-	exp F2+ R2-	exp F2+ R0-	exp F2+ R1-	exp F2+ R2-	exp F2+ R3-	exp F2+ R1-	exp F2+ R2-	none	none	none	none	none	none	none	none	none	none	none	none	none	none	none	none	none	none	none	none	none	none	none	none	none	none	none	none	none	none	none	none	none	none	none	none	none	none	none	none	none	none	none	none	none	none	none	none	none	none	none	none	none	none	none	none	none	none	none	none	none	none	none	none	none	none	none	none	none	none	none	none	none	none	none	none	none	none	none
MT221255.1	exp F2+ R1-	exp F2+ R2-	exp F2+ R0-	exp F2+ R1-	exp F2+ R2-	exp F2+ R3-	exp F2+ R1-	exp F2+ R2-	none	none	none	none	none	none	none	none	none	none	none	none	none	none	none	none	none	none	none	none	none	none	none	none	none	none	none	none	none	none	none	none	none	none	none	none	none	none	none	none	none	none	none	none	none	none	none	none	none	none	none	none	none	none	none	none	none	none	none	none	none	none	none	none	none	none	none	none	none	none	none	none	none	none	none	none	none	none	none
MT227816.1	none	none	none	none	none	none	none	none	none	none	none	none	none	none	none	none	none	none	none	none	none	none	none	none	none	none	none	none	none	none	none	none	exp F3+ R1-	exp F3+ R2-	exp F3+ R0-	exp F3+ R1-	exp F3+ R2-	exp F3+ R3-	exp F3+ R1-	exp F3+ R2-	none	none	none	none	none	none	none	none	none	none	none	none	none	none	none	none	none	none	none	none	none	none	none	none	none	none	none	none	none	none	none	none	none	none	none	none	none	none	none	none	none	none	none	none	none	none	none
MT227824.1	none	none	none	none	none	none	none	none	none	none	none	none	none	none	none	none	none	none	none	none	none	none	none	none	none	none	none	none	none	none	none	none	exp F3+ R1-	exp F3+ R2-	exp F3+ R0-	exp F3+ R1-	exp F3+ R2-	exp F3+ R3-	exp F3+ R1-	exp F3+ R2-	none	none	none	none	none	none	none	none	none	none	none	none	none	none	none	none	none	none	none	none	none	none	none	none	none	none	none	none	none	none	none	none	none	none	none	none	none	none	none	none	none	none	none	none	none	none	none
MT228630.1	exp F2+ R3-	exp F2+ R2-	exp F2+ R3-	exp F2+ R2-	exp F2+ R3-	exp F2+ R2-	exp F2+ R3-	exp F2+ R2-	none	none	none	none	none	none	none	none	none	none	none	none	none	none	none	none	none	none	none	none	none	none	none	none	none	none	none	none	none	none	none	none	none	none	none	none	none	none	none	none	none	none	none	none	none	none	none	none	none	none	none	none	none	none	none	none	none	none	none	none	none	none	none	none	none	none	none	none	none	none	none	none	none	none	none	none	none	none	none
MT229168.1	none	none	none	none	none	none	none	none	none	none	none	none	none	none	none	none	none	none	none	none	none	none	none	none	none	none	none	none	none	none	none	none	exp F3+ R1-	exp F3+ R2-	exp F3+ R0-	exp F3+ R1-	exp F3+ R2-	exp F3+ R3-	exp F3+ R1-	exp F3+ R2-	none	none	none	none	none	none	none	none	none	none	none	none	none	none	none	none	none	none	none	none	none	none	none	none	none	none	none	none	none	none	none	none	none	none	none	none	none	none	none	none	none	none	none	none	none	none	none
MT233102.1	exp F3+ R2-	exp F3+ R1-	exp F3+ R3-	exp F3+ R2-	exp F3+ R2-	exp F3+ R1-	exp F3+ R3-	exp F3+ R2-	none	none	none	none	none	none	none	none	none	none	none	none	none	none	none	none	none	none	none	none	none	none	none	none	none	none	none	none	none	none	none	none	none	none	none	none	none	none	none	none	none	none	none	none	none	none	none	none	none	none	none	none	none	none	none	none	none	none	none	none	none	none	none	none	none	none	none	none	none	none	none	none	none	none	none	none	none	none	none
MT233270.1	exp F3+ R2-	exp F3+ R3-	exp F3+ R1-	exp F3+ R2-	exp F3+ R2-	exp F3+ R3-	exp F3+ R1-	exp F3+ R2-	none	none	none	none	none	none	none	none	none	none	none	none	none	none	none	none	none	none	none	none	none	none	none	none	none	none	none	none	none	none	none	none	none	none	none	none	none	none	none	none	none	none	none	none	none	none	none	none	none	none	none	none	none	none	none	none	none	none	none	none	none	none	none	none	none	none	none	none	none	none	none	none	none	none	none	none	none	none	none
MT238663.1	exp F3+ R2-	exp F3+ R1-	exp F3+ R3-	exp F3+ R2-	exp F3+ R2-	exp F3+ R1-	exp F3+ R3-	exp F3+ R2-	none	none	none	none	none	none	none	none	none	none	none	none	none	none	none	none	none	none	none	none	none	none	none	none	none	none	none	none	none	none	none	none	none	none	none	none	none	none	none	none	none	none	none	none	none	none	none	none	none	none	none	none	none	none	none	none	none	none	none	none	none	none	none	none	none	none	none	none	none	none	none	none	none	none	none	none	none	none	none
MT238664.1	exp F3+ R2-	exp F3+ R1-	exp F3+ R3-	exp F3+ R2-	exp F3+ R2-	exp F3+ R1-	exp F3+ R3-	exp F3+ R2-	none	none	none	none	none	none	none	none	none	none	none	none	none	none	none	none	none	none	none	none	none	none	none	none	none	none	none	none	none	none	none	none	none	none	none	none	none	none	none	none	none	none	none	none	none	none	none	none	none	none	none	none	none	none	none	none	none	none	none	none	none	none	none	none	none	none	none	none	none	none	none	none	none	none	none	none	none	none	none
MT238666.1	exp F3+ R3-	exp F3+ R2-	exp F3+ R3-	exp F3+ R2-	exp F3+ R3-	exp F3+ R2-	exp F3+ R3-	exp F3+ R2-	none	none	none	none	none	none	none	none	none	none	none	none	none	none	none	none	none	none	none	none	none	none	none	none	none	none	none	none	none	none	none	none	none	none	none	none	none	none	none	none	none	none	none	none	none	none	none	none	none	none	none	none	none	none	none	none	none	none	none	none	none	none	none	none	none	none	none	none	none	none	none	none	none	none	none	none	none	none	none
MT238667.1	exp F3+ R3-	exp F3+ R2-	exp F3+ R3-	exp F3+ R2-	exp F3+ R3-	exp F3+ R2-	exp F3+ R3-	exp F3+ R2-	none	none	none	none	none	none	none	none	none	none	none	none	none	none	none	none	none	none	none	none	none	none	none	none	none	none	none	none	none	none	none	none	none	none	none	none	none	none	none	none	none	none	none	none	none	none	none	none	none	none	none	none	none	none	none	none	none	none	none	none	none	none	none	none	none	none	none	none	none	none	none	none	none	none	none	none	none	none	none
MT238668.1	exp F3+ R3-	exp F3+ R2-	exp F3+ R3-	exp F3+ R2-	exp F3+ R3-	exp F3+ R2-	exp F3+ R3-	exp F3+ R2-	none	none	none	none	none	none	none	none	none	none	none	none	none	none	none	none	none	none	none	none	none	none	none	none	none	none	none	none	none	none	none	none	none	none	none	none	none	none	none	none	none	none	none	none	none	none	none	none	none	none	none	none	none	none	none	none	none	none	none	none	none	none	none	none	none	none	none	none	none	none	none	none	none	none	none	none	none	none	none
MT238669.1	exp F3+ R2-	exp F3+ R1-	exp F3+ R3-	exp F3+ R2-	exp F3+ R2-	exp F3+ R1-	exp F3+ R3-	exp F3+ R2-	none	none	none	none	none	none	none	none	none	none	none	none	none	none	none	none	none	none	none	none	none	none	none	none	none	none	none	none	none	none	none	none	none	none	none	none	none	none	none	none	none	none	none	none	none	none	none	none	none	none	none	none	none	none	none	none	none	none	none	none	none	none	none	none	none	none	none	none	none	none	none	none	none	none	none	none	none	none	none
MT238670.1	exp F3+ R3-	exp F3+ R2-	exp F3+ R3-	exp F3+ R2-	exp F3+ R3-	exp F3+ R2-	exp F3+ R3-	exp F3+ R2-	none	none	none	none	none	none	none	none	none	none	none	none	none	none	none	none	none	none	none	none	none	none	none	none	none	none	none	none	none	none	none	none	none	none	none	none	none	none	none	none	none	none	none	none	none	none	none	none	none	none	none	none	none	none	none	none	none	none	none	none	none	none	none	none	none	none	none	none	none	none	none	none	none	none	none	none	none	none	none
MT242487.1	exp F2+ R2-	exp F2+ R3-	exp F2+ R1-	exp F2+ R2-	exp F2+ R1-	exp F2+ R2-	exp F2+ R0-	exp F2+ R1-	none	none	none	none	none	none	none	none	none	none	none	none	none	none	none	none	none	none	none	none	none	none	none	none	none	none	none	none	none	none	none	none	none	none	none	none	none	none	none	none	none	none	none	none	none	none	none	none	none	none	none	none	none	none	none	none	none	none	none	none	none	none	none	none	none	none	none	none	none	none	none	none	none	none	none	none	none	none	none
MT242490.1	exp F2+ R2-	exp F2+ R3-	exp F2+ R1-	exp F2+ R2-	exp F2+ R1-	exp F2+ R2-	exp F2+ R0-	exp F2+ R1-	none	none	none	none	none	none	none	none	none	none	none	none	none	none	none	none	none	none	none	none	none	none	none	none	none	none	none	none	none	none	none	none	none	none	none	none	none	none	none	none	none	none	none	none	none	none	none	none	none	none	none	none	none	none	none	none	none	none	none	none	none	none	none	none	none	none	none	none	none	none	none	none	none	none	none	none	none	none	none
MT256116.1	none	none	exp F3+ R3-	none	exp F3+ R3-	none	exp F3+ R2-	exp F3+ R3-	none	none	none	none	none	none	none	none	none	none	none	none	none	none	none	none	none	none	none	none	none	none	none	none	none	none	none	none	none	none	none	none	none	none	none	none	none	none	none	none	none	none	none	none	none	none	none	none	none	none	none	none	none	none	none	none	none	none	none	none	none	none	none	none	none	none	none	none	none	none	none	none	none	none	none	none	none	none	none
MT256120.1	none	none	exp F3+ R3-	none	exp F3+ R3-	none	exp F3+ R2-	exp F3+ R3-	none	none	none	none	none	none	none	none	none	none	none	none	none	none	none	none	none	none	none	none	none	none	none	none	none	none	none	none	none	none	none	none	none	none	none	none	none	none	none	none	none	none	none	none	none	none	none	none	none	none	none	none	none	none	none	none	none	none	none	none	none	none	none	none	none	none	none	none	none	none	none	none	none	none	none	none	none	none	none
MT316113.1	none	none	exp F3+ R3-	none	exp F3+ R3-	none	exp F3+ R2-	exp F3+ R3-	none	none	none	none	none	none	none	none	none	none	none	none	none	none	none	none	none	none	none	none	none	none	none	none	none	none	none	none	none	none	none	none	none	none	none	none	none	none	none	none	none	none	none	none	none	none	none	none	none	none	none	none	none	none	none	none	none	none	none	none	none	none	none	none	none	none	none	none	none	none	none	none	none	none	none	none	none	none	none
MT344179.1	exp F3+ R3-	exp F3+ R2-	exp F3+ R3-	exp F3+ R2-	exp F3+ R3-	exp F3+ R2-	exp F3+ R3-	exp F3+ R2-	none	none	none	none	none	none	none	none	none	none	none	none	none	none	none	none	none	none	none	none	none	none	none	none	none	none	none	none	none	none	none	none	none	none	none	none	none	none	none	none	none	none	none	none	none	none	none	none	none	none	none	none	none	none	none	none	none	none	none	none	none	none	none	none	none	none	none	none	none	none	none	none	none	none	none	none	none	none	none
MT344180.1	exp F3+ R3-	exp F3+ R2-	exp F3+ R3-	exp F3+ R2-	exp F3+ R3-	exp F3+ R2-	exp F3+ R3-	exp F3+ R2-	none	none	none	none	none	none	none	none	none	none	none	none	none	none	none	none	none	none	none	none	none	none	none	none	none	none	none	none	none	none	none	none	none	none	none	none	none	none	none	none	none	none	none	none	none	none	none	none	none	none	none	none	none	none	none	none	none	none	none	none	none	none	none	none	none	none	none	none	none	none	none	none	none	none	none	none	none	none	none
MT344181.1	exp F3+ R2-	exp F3+ R1-	exp F3+ R3-	exp F3+ R2-	exp F3+ R2-	exp F3+ R1-	exp F3+ R3-	exp F3+ R2-	none	none	none	none	none	none	none	none	none	none	none	none	none	none	none	none	none	none	none	none	none	none	none	none	none	none	none	none	none	none	none	none	none	none	none	none	none	none	none	none	none	none	none	none	none	none	none	none	none	none	none	none	none	none	none	none	none	none	none	none	none	none	none	none	none	none	none	none	none	none	none	none	none	none	none	none	none	none	none
MT344182.1	exp F3+ R2-	exp F3+ R1-	exp F3+ R3-	exp F3+ R2-	exp F3+ R2-	exp F3+ R1-	exp F3+ R3-	exp F3+ R2-	none	none	none	none	none	none	none	none	none	none	none	none	none	none	none	none	none	none	none	none	none	none	none	none	none	none	none	none	none	none	none	none	none	none	none	none	none	none	none	none	none	none	none	none	none	none	none	none	none	none	none	none	none	none	none	none	none	none	none	none	none	none	none	none	none	none	none	none	none	none	none	none	none	none	none	none	none	none	none
MT362913.1	exp F2+ R3-	exp F2+ R2-	exp F2+ R3-	exp F2+ R2-	exp F2+ R3-	exp F2+ R2-	exp F2+ R3-	exp F2+ R2-	none	none	none	none	none	none	none	none	none	none	none	none	none	none	none	none	none	none	none	none	none	none	none	none	none	none	none	none	none	none	none	none	none	none	none	none	none	none	none	none	none	none	none	none	none	none	none	none	none	none	none	none	none	none	none	none	none	none	none	none	none	none	none	none	none	none	none	none	none	none	none	none	none	none	none	none	none	none	none
MN248513.1	none	exp F2+ R3-	none	exp F2+ R3-	none	exp F2+ R3-	none	exp F2+ R3-	none	none	none	none	none	none	none	none	none	none	none	none	none	none	none	none	none	none	none	none	none	none	none	none	none	none	none	none	none	none	none	none	none	none	none	none	none	none	none	none	none	none	none	none	none	none	none	none	none	none	none	none	none	none	none	none	none	none	none	none	none	none	none	none	none	none	none	none	none	none	none	none	none	none	none	none	none	none	none
MN248514.1	exp F2+ R1-	exp F2+ R2-	exp F2+ R0-	exp F2+ R1-	exp F2+ R2-	exp F2+ R3-	exp F2+ R1-	exp F2+ R2-	none	none	none	none	none	none	none	none	none	none	none	none	none	none	none	none	none	none	none	none	none	none	none	none	none	none	none	none	none	none	none	none	none	none	none	none	none	none	none	none	none	none	none	none	none	none	none	none	none	none	none	none	none	none	none	none	none	none	none	none	none	none	none	none	none	none	none	none	none	none	none	none	none	none	none	none	none	none	none
MN248517.1	exp F2+ R1-	exp F2+ R2-	exp F2+ R0-	exp F2+ R1-	exp F2+ R2-	exp F2+ R3-	exp F2+ R1-	exp F2+ R2-	none	none	none	none	none	none	none	none	none	none	none	none	none	none	none	none	none	none	none	none	none	none	none	none	none	none	none	none	none	none	none	none	none	none	none	none	none	none	none	none	none	none	none	none	none	none	none	none	none	none	none	none	none	none	none	none	none	none	none	none	none	none	none	none	none	none	none	none	none	none	none	none	none	none	none	none	none	none	none
MN248518.1	exp F2+ R3-	exp F2+ R2-	exp F2+ R3-	exp F2+ R2-	exp F2+ R3-	exp F2+ R2-	exp F2+ R3-	exp F2+ R2-	none	none	none	none	none	none	none	none	none	none	none	none	none	none	none	none	none	none	none	none	none	none	none	none	none	none	none	none	none	none	none	none	none	none	none	none	none	none	none	none	none	none	none	none	none	none	none	none	none	none	none	none	none	none	none	none	none	none	none	none	none	none	none	none	none	none	none	none	none	none	none	none	none	none	none	none	none	none	none
MN307994.1	exp F3+ R3-	exp F3+ R2-	exp F3+ R3-	exp F3+ R2-	exp F3+ R3-	exp F3+ R2-	exp F3+ R3-	exp F3+ R2-	none	none	none	none	none	none	none	none	none	none	none	none	none	none	none	none	none	none	none	none	none	none	none	none	none	none	none	none	none	none	none	none	none	none	none	none	none	none	none	none	none	none	none	none	none	none	none	none	none	none	none	none	none	none	none	none	none	none	none	none	none	none	none	none	none	none	none	none	none	none	none	none	none	none	none	none	none	none	none
MN308000.1	exp F2+ R3-	exp F2+ R2-	exp F2+ R3-	exp F2+ R2-	exp F2+ R3-	exp F2+ R2-	exp F2+ R3-	exp F2+ R2-	none	none	none	none	none	none	none	none	none	none	none	none	none	none	none	none	none	none	none	none	none	none	none	none	none	none	none	none	none	none	none	none	none	none	none	none	none	none	none	none	none	none	none	none	none	none	none	none	none	none	none	none	none	none	none	none	none	none	none	none	none	none	none	none	none	none	none	none	none	none	none	none	none	none	none	none	none	none	none
MN308005.1	exp F3+ R3-	exp F3+ R2-	exp F3+ R3-	exp F3+ R2-	exp F3+ R3-	exp F3+ R2-	exp F3+ R3-	exp F3+ R2-	none	none	none	none	none	none	none	none	none	none	none	none	none	none	none	none	none	none	none	none	none	none	none	none	none	none	none	none	none	none	none	none	none	none	none	none	none	none	none	none	none	none	none	none	none	none	none	none	none	none	none	none	none	none	none	none	none	none	none	none	none	none	none	none	none	none	none	none	none	none	none	none	none	none	none	none	none	none	none
MN308006.1	exp F3+ R3-	exp F3+ R2-	exp F3+ R3-	exp F3+ R2-	exp F3+ R3-	exp F3+ R2-	exp F3+ R3-	exp F3+ R2-	none	none	none	none	none	none	none	none	none	none	none	none	none	none	none	none	none	none	none	none	none	none	none	none	none	none	none	none	none	none	none	none	none	none	none	none	none	none	none	none	none	none	none	none	none	none	none	none	none	none	none	none	none	none	none	none	none	none	none	none	none	none	none	none	none	none	none	none	none	none	none	none	none	none	none	none	none	none	none
MN308009.1	exp F3+ R3-	exp F3+ R2-	exp F3+ R3-	exp F3+ R2-	exp F3+ R3-	exp F3+ R2-	exp F3+ R3-	exp F3+ R2-	none	none	none	none	none	none	none	none	none	none	none	none	none	none	none	none	none	none	none	none	none	none	none	none	none	none	none	none	none	none	none	none	none	none	none	none	none	none	none	none	none	none	none	none	none	none	none	none	none	none	none	none	none	none	none	none	none	none	none	none	none	none	none	none	none	none	none	none	none	none	none	none	none	none	none	none	none	none	none
MN308011.1	exp F3+ R3-	exp F3+ R2-	exp F3+ R3-	exp F3+ R2-	exp F3+ R3-	exp F3+ R2-	exp F3+ R3-	exp F3+ R2-	none	none	none	none	none	none	none	none	none	none	none	none	none	none	none	none	none	none	none	none	none	none	none	none	none	none	none	none	none	none	none	none	none	none	none	none	none	none	none	none	none	none	none	none	none	none	none	none	none	none	none	none	none	none	none	none	none	none	none	none	none	none	none	none	none	none	none	none	none	none	none	none	none	none	none	none	none	none	none
MN308013.1	exp F3+ R3-	exp F3+ R2-	exp F3+ R3-	exp F3+ R2-	exp F3+ R3-	exp F3+ R2-	exp F3+ R3-	exp F3+ R2-	none	none	none	none	none	none	none	none	none	none	none	none	none	none	none	none	none	none	none	none	none	none	none	none	none	none	none	none	none	none	none	none	none	none	none	none	none	none	none	none	none	none	none	none	none	none	none	none	none	none	none	none	none	none	none	none	none	none	none	none	none	none	none	none	none	none	none	none	none	none	none	none	none	none	none	none	none	none	none
MN308016.1	exp F3+ R3-	exp F3+ R2-	exp F3+ R3-	exp F3+ R2-	exp F3+ R3-	exp F3+ R2-	exp F3+ R3-	exp F3+ R2-	none	none	none	none	none	none	none	none	none	none	none	none	none	none	none	none	none	none	none	none	none	none	none	none	none	none	none	none	none	none	none	none	none	none	none	none	none	none	none	none	none	none	none	none	none	none	none	none	none	none	none	none	none	none	none	none	none	none	none	none	none	none	none	none	none	none	none	none	none	none	none	none	none	none	none	none	none	none	none
MN308021.1	exp F3+ R3-	exp F3+ R2-	exp F3+ R3-	exp F3+ R2-	exp F3+ R3-	exp F3+ R2-	exp F3+ R3-	exp F3+ R2-	none	none	none	none	none	none	none	none	none	none	none	none	none	none	none	none	none	none	none	none	none	none	none	none	none	none	none	none	none	none	none	none	none	none	none	none	none	none	none	none	none	none	none	none	none	none	none	none	none	none	none	none	none	none	none	none	none	none	none	none	none	none	none	none	none	none	none	none	none	none	none	none	none	none	none	none	none	none	none
MN308022.1	exp F3+ R3-	exp F3+ R2-	exp F3+ R3-	exp F3+ R2-	exp F3+ R3-	exp F3+ R2-	exp F3+ R3-	exp F3+ R2-	none	none	none	none	none	none	none	none	none	none	none	none	none	none	none	none	none	none	none	none	none	none	none	none	none	none	none	none	none	none	none	none	none	none	none	none	none	none	none	none	none	none	none	none	none	none	none	none	none	none	none	none	none	none	none	none	none	none	none	none	none	none	none	none	none	none	none	none	none	none	none	none	none	none	none	none	none	none	none
MN308023.1	exp F3+ R3-	exp F3+ R2-	exp F3+ R3-	exp F3+ R2-	exp F3+ R3-	exp F3+ R2-	exp F3+ R3-	exp F3+ R2-	none	none	none	none	none	none	none	none	none	none	none	none	none	none	none	none	none	none	none	none	none	none	none	none	none	none	none	none	none	none	none	none	none	none	none	none	none	none	none	none	none	none	none	none	none	none	none	none	none	none	none	none	none	none	none	none	none	none	none	none	none	none	none	none	none	none	none	none	none	none	none	none	none	none	none	none	none	none	none
MN394543.1	exp F1+ R3-	exp F1+ R2-	exp F1+ R2-	exp F1+ R1-	exp F1+ R2-	exp F1+ R1-	exp F1+ R1-	exp F1+ R0-	none	none	none	none	none	none	none	none	none	none	none	none	none	none	none	none	none	none	none	none	none	none	none	none	none	none	none	none	none	none	none	none	none	none	none	none	none	none	none	none	none	none	none	none	none	none	none	none	none	none	none	none	none	none	none	none	none	none	none	none	none	none	none	none	none	none	none	none	none	none	none	exp F3+ R3-	exp F3+ R2-	exp F3+ R2-	exp F3+ R1-	exp F3+ R2-	exp F3+ R1-	exp F3+ R1-	exp F3+ R0-
MN394544.1	none	none	none	none	none	none	none	none	none	none	none	none	none	none	none	none	exp F3+ R3-	exp F3+ R2-	exp F3+ R2-	exp F3+ R1-	exp F3+ R3-	exp F3+ R2-	exp F3+ R2-	exp F3+ R1-	none	none	none	none	none	none	none	none	none	none	none	none	none	none	none	none	none	none	none	none	none	none	none	none	none	none	none	none	none	none	none	none	none	none	none	none	none	none	none	none	none	none	none	none	none	none	none	none	none	none	none	none	none	none	none	none	none	none	none	none	none	none	none
MN394545.1	exp F1+ R3-	exp F1+ R2-	exp F1+ R2-	exp F1+ R1-	exp F1+ R2-	exp F1+ R1-	exp F1+ R1-	exp F1+ R0-	none	none	none	none	none	none	none	none	none	none	none	none	none	none	none	none	none	none	none	none	none	none	none	none	none	none	none	none	none	none	none	none	none	none	none	none	none	none	none	none	none	none	none	none	none	none	none	none	none	none	none	none	none	none	none	none	none	none	none	none	none	none	none	none	none	none	none	none	none	none	none	exp F3+ R3-	exp F3+ R2-	exp F3+ R2-	exp F3+ R1-	exp F3+ R2-	exp F3+ R1-	exp F3+ R1-	exp F3+ R0-
MN394546.1	exp F3+ R2-	exp F3+ R1-	exp F3+ R3-	exp F3+ R2-	exp F3+ R2-	exp F3+ R1-	exp F3+ R3-	exp F3+ R2-	none	none	none	none	none	none	none	none	none	none	none	none	none	none	none	none	none	none	none	none	none	none	none	none	none	none	none	none	none	none	none	none	none	none	none	none	none	none	none	none	none	none	none	none	none	none	none	none	none	none	none	none	none	none	none	none	none	none	none	none	none	none	none	none	none	none	none	none	none	none	none	none	none	none	none	none	none	none	none
MK733201.1	none	none	none	none	none	none	none	none	none	none	none	none	none	none	none	none	none	none	none	none	none	none	none	none	none	none	none	none	none	none	none	none	exp F3+ R2-	exp F3+ R1-	exp F3+ R1-	exp F3+ R0-	exp F3+ R3-	exp F3+ R2-	exp F3+ R2-	exp F3+ R1-	none	none	none	none	none	none	none	none	none	none	none	none	none	none	none	none	none	none	none	none	none	none	none	none	none	none	none	none	none	none	none	none	none	none	none	none	none	none	none	none	none	none	none	none	none	none	none
MK733202.1	none	none	none	none	none	none	none	none	none	none	none	none	none	none	none	none	none	none	none	none	none	none	none	none	none	none	none	none	none	none	none	none	none	none	none	lin F3+	none	none	none	none	none	none	none	none	none	none	none	none	none	none	none	none	none	none	none	none	none	none	none	none	none	none	none	none	none	none	none	none	none	none	none	none	none	none	none	none	none	none	none	none	none	none	none	none	none	none	none
MK733203.1	none	none	none	none	none	none	none	none	none	none	none	none	none	none	none	none	none	none	none	none	none	none	none	none	none	none	none	none	none	none	none	none	none	none	none	lin F3+	none	none	none	none	none	none	none	none	none	none	none	none	none	none	none	none	none	none	none	none	none	none	none	none	none	none	none	none	none	none	none	none	none	none	none	none	none	none	none	none	none	none	none	none	none	none	none	none	none	none	none
MK733204.1	none	none	none	none	none	none	none	none	none	none	none	none	none	none	none	none	none	none	none	none	none	none	none	none	none	none	none	none	none	none	none	none	none	none	none	lin F3+	none	none	none	none	none	none	none	none	none	none	none	none	none	none	none	none	none	none	none	none	none	none	none	none	none	none	none	none	none	none	none	none	none	none	none	none	none	none	none	none	none	none	none	none	none	none	none	none	none	none	none
MK733205.1	none	none	none	none	none	none	none	none	none	none	none	none	none	none	none	none	none	none	none	none	none	none	none	none	none	none	none	none	none	none	none	none	none	none	none	lin F3+	none	none	none	none	none	none	none	none	none	none	none	none	none	none	none	none	none	none	none	none	none	none	none	none	none	none	none	none	none	none	none	none	none	none	none	none	none	none	none	none	none	none	none	none	none	none	none	none	none	none	none
MK733206.1	none	exp F2+ R3-	none	none	none	exp F2+ R3-	none	none	none	none	none	none	none	none	none	none	none	none	none	none	none	none	none	none	none	none	none	none	none	none	none	none	none	none	none	none	none	none	none	none	none	none	none	none	none	none	none	none	none	none	none	none	none	none	none	none	none	none	none	none	none	none	none	none	none	none	none	none	none	none	none	none	none	none	none	none	none	none	none	none	none	none	none	none	none	none	none
MK733207.1	none	exp F2+ R3-	none	none	none	exp F2+ R3-	none	none	none	none	none	none	none	none	none	none	none	none	none	none	none	none	none	none	none	none	none	none	none	none	none	none	none	none	none	none	none	none	none	none	none	none	none	none	none	none	none	none	none	none	none	none	none	none	none	none	none	none	none	none	none	none	none	none	none	none	none	none	none	none	none	none	none	none	none	none	none	none	none	none	none	none	none	none	none	none	none
MK752933.1	exp F3+ R3-	exp F3+ R2-	exp F3+ R3-	exp F3+ R2-	exp F3+ R3-	exp F3+ R2-	exp F3+ R3-	exp F3+ R2-	none	none	none	none	none	none	none	none	none	none	none	none	none	none	none	none	none	none	none	none	none	none	none	none	none	none	none	none	none	none	none	none	none	none	none	none	none	none	none	none	none	none	none	none	none	none	none	none	none	none	none	none	none	none	none	none	none	none	none	none	none	none	none	none	none	none	none	none	none	none	none	none	none	none	none	none	none	none	none
MK752940.1	exp F3+ R3-	exp F3+ R2-	exp F3+ R2-	exp F3+ R1-	exp F3+ R3-	exp F3+ R2-	exp F3+ R2-	exp F3+ R1-	none	none	none	none	none	none	none	none	none	none	none	none	none	none	none	none	none	none	none	none	none	none	none	none	none	none	none	none	none	none	none	none	none	none	none	none	none	none	none	none	none	none	none	none	none	none	none	none	none	none	none	none	none	none	none	none	none	none	none	none	none	none	none	none	none	none	none	none	none	none	none	none	none	none	none	none	none	none	none
MK752944.1	exp F3+ R3-	exp F3+ R2-	exp F3+ R2-	exp F3+ R1-	exp F3+ R3-	exp F3+ R2-	exp F3+ R2-	exp F3+ R1-	none	none	none	none	none	none	none	none	none	none	none	none	none	none	none	none	none	none	none	none	none	none	none	none	none	none	none	none	none	none	none	none	none	none	none	none	none	none	none	none	none	none	none	none	none	none	none	none	none	none	none	none	none	none	none	none	none	none	none	none	none	none	none	none	none	none	none	none	none	none	none	none	none	none	none	none	none	none	none
MK752945.1	exp F3+ R3-	exp F3+ R2-	exp F3+ R2-	exp F3+ R1-	exp F3+ R3-	exp F3+ R2-	exp F3+ R2-	exp F3+ R1-	none	none	none	none	none	none	none	none	none	none	none	none	none	none	none	none	none	none	none	none	none	none	none	none	none	none	none	none	none	none	none	none	none	none	none	none	none	none	none	none	none	none	none	none	none	none	none	none	none	none	none	none	none	none	none	none	none	none	none	none	none	none	none	none	none	none	none	none	none	none	none	none	none	none	none	none	none	none	none
MK752948.1	exp F3+ R3-	exp F3+ R2-	exp F3+ R3-	exp F3+ R2-	exp F3+ R3-	exp F3+ R2-	exp F3+ R3-	exp F3+ R2-	none	none	none	none	none	none	none	none	none	none	none	none	none	none	none	none	none	none	none	none	none	none	none	none	none	none	none	none	none	none	none	none	none	none	none	none	none	none	none	none	none	none	none	none	none	none	none	none	none	none	none	none	none	none	none	none	none	none	none	none	none	none	none	none	none	none	none	none	none	none	none	none	none	none	none	none	none	none	none
MK753011.1	exp F3+ R3-	exp F3+ R2-	exp F3+ R2-	exp F3+ R1-	exp F3+ R3-	exp F3+ R2-	exp F3+ R2-	exp F3+ R1-	none	none	none	none	none	none	none	none	none	none	none	none	none	none	none	none	none	none	none	none	none	none	none	none	none	none	none	none	none	none	none	none	none	none	none	none	none	none	none	none	none	none	none	none	none	none	none	none	none	none	none	none	none	none	none	none	none	none	none	none	none	none	none	none	none	none	none	none	none	none	none	none	none	none	none	none	none	none	none
MK753013.1	exp F3+ R3-	exp F3+ R2-	exp F3+ R2-	exp F3+ R1-	exp F3+ R3-	exp F3+ R2-	exp F3+ R2-	exp F3+ R1-	none	none	none	none	none	none	none	none	none	none	none	none	none	none	none	none	none	none	none	none	none	none	none	none	none	none	none	none	none	none	none	none	none	none	none	none	none	none	none	none	none	none	none	none	none	none	none	none	none	none	none	none	none	none	none	none	none	none	none	none	none	none	none	none	none	none	none	none	none	none	none	none	none	none	none	none	none	none	none
MK753014.1	exp F3+ R3-	exp F3+ R2-	exp F3+ R2-	exp F3+ R1-	exp F3+ R3-	exp F3+ R2-	exp F3+ R2-	exp F3+ R1-	none	none	none	none	none	none	none	none	none	none	none	none	none	none	none	none	none	none	none	none	none	none	none	none	none	none	none	none	none	none	none	none	none	none	none	none	none	none	none	none	none	none	none	none	none	none	none	none	none	none	none	none	none	none	none	none	none	none	none	none	none	none	none	none	none	none	none	none	none	none	none	none	none	none	none	none	none	none	none
MK753017.1	exp F3+ R3-	exp F3+ R2-	exp F3+ R3-	exp F3+ R2-	exp F3+ R3-	exp F3+ R2-	exp F3+ R3-	exp F3+ R2-	none	none	none	none	none	none	none	none	none	none	none	none	none	none	none	none	none	none	none	none	none	none	none	none	none	none	none	none	none	none	none	none	none	none	none	none	none	none	none	none	none	none	none	none	none	none	none	none	none	none	none	none	none	none	none	none	none	none	none	none	none	none	none	none	none	none	none	none	none	none	none	none	none	none	none	none	none	none	none
MK753018.1	exp F3+ R3-	exp F3+ R2-	exp F3+ R3-	exp F3+ R2-	exp F3+ R3-	exp F3+ R2-	exp F3+ R3-	exp F3+ R2-	none	none	none	none	none	none	none	none	none	none	none	none	none	none	none	none	none	none	none	none	none	none	none	none	none	none	none	none	none	none	none	none	none	none	none	none	none	none	none	none	none	none	none	none	none	none	none	none	none	none	none	none	none	none	none	none	none	none	none	none	none	none	none	none	none	none	none	none	none	none	none	none	none	none	none	none	none	none	none
MK753019.1	exp F3+ R3-	exp F3+ R2-	exp F3+ R3-	exp F3+ R2-	exp F3+ R3-	exp F3+ R2-	exp F3+ R3-	exp F3+ R2-	none	none	none	none	none	none	none	none	none	none	none	none	none	none	none	none	none	none	none	none	none	none	none	none	none	none	none	none	none	none	none	none	none	none	none	none	none	none	none	none	none	none	none	none	none	none	none	none	none	none	none	none	none	none	none	none	none	none	none	none	none	none	none	none	none	none	none	none	none	none	none	none	none	none	none	none	none	none	none
MK753020.1	exp F3+ R3-	exp F3+ R2-	exp F3+ R2-	exp F3+ R1-	exp F3+ R2-	exp F3+ R1-	exp F3+ R1-	exp F3+ R0-	none	none	none	none	none	none	none	none	none	none	none	none	none	none	none	none	none	none	none	none	none	none	none	none	none	none	none	none	none	none	none	none	none	none	none	none	none	none	none	none	none	none	none	none	none	none	none	none	none	none	none	none	none	none	none	none	none	none	none	none	none	none	none	none	none	none	none	none	none	none	none	exp F3+ R3-	exp F3+ R2-	exp F3+ R2-	exp F3+ R1-	exp F3+ R2-	exp F3+ R1-	exp F3+ R1-	exp F3+ R0-
MK753021.1	exp F3+ R3-	exp F3+ R2-	exp F3+ R2-	exp F3+ R1-	exp F3+ R3-	exp F3+ R2-	exp F3+ R2-	exp F3+ R1-	none	none	none	none	none	none	none	none	none	none	none	none	none	none	none	none	none	none	none	none	none	none	none	none	none	none	none	none	none	none	none	none	none	none	none	none	none	none	none	none	none	none	none	none	none	none	none	none	none	none	none	none	none	none	none	none	none	none	none	none	none	none	none	none	none	none	none	none	none	none	none	none	none	none	none	none	none	none	none
MK753028.1	exp F3+ R3-	exp F3+ R2-	exp F3+ R3-	exp F3+ R2-	exp F3+ R3-	exp F3+ R2-	exp F3+ R3-	exp F3+ R2-	none	none	none	none	none	none	none	none	none	none	none	none	none	none	none	none	none	none	none	none	none	none	none	none	none	none	none	none	none	none	none	none	none	none	none	none	none	none	none	none	none	none	none	none	none	none	none	none	none	none	none	none	none	none	none	none	none	none	none	none	none	none	none	none	none	none	none	none	none	none	none	none	none	none	none	none	none	none	none
MK753029.1	exp F3+ R3-	exp F3+ R2-	exp F3+ R3-	exp F3+ R2-	exp F3+ R3-	exp F3+ R2-	exp F3+ R3-	exp F3+ R2-	none	none	none	none	none	none	none	none	none	none	none	none	none	none	none	none	none	none	none	none	none	none	none	none	none	none	none	none	none	none	none	none	none	none	none	none	none	none	none	none	none	none	none	none	none	none	none	none	none	none	none	none	none	none	none	none	none	none	none	none	none	none	none	none	none	none	none	none	none	none	none	none	none	none	none	none	none	none	none
MK753030.1	exp F3+ R2-	exp F3+ R3-	exp F3+ R2-	exp F3+ R3-	exp F3+ R2-	exp F3+ R3-	exp F3+ R2-	exp F3+ R3-	none	none	none	none	none	none	none	none	none	none	none	none	none	none	none	none	none	none	none	none	none	none	none	none	none	none	none	none	none	none	none	none	none	none	none	none	none	none	none	none	none	none	none	none	none	none	none	none	none	none	none	none	none	none	none	none	none	none	none	none	none	none	none	none	none	none	none	none	none	none	none	none	none	none	none	none	none	none	none
MK753031.1	exp F3+ R3-	exp F3+ R2-	exp F3+ R2-	exp F3+ R1-	exp F3+ R3-	exp F3+ R2-	exp F3+ R2-	exp F3+ R1-	none	none	none	none	none	none	none	none	none	none	none	none	none	none	none	none	none	none	none	none	none	none	none	none	none	none	none	none	none	none	none	none	none	none	none	none	none	none	none	none	none	none	none	none	none	none	none	none	none	none	none	none	none	none	none	none	none	none	none	none	none	none	none	none	none	none	none	none	none	none	none	none	none	none	none	none	none	none	none
MK754444.1	exp F3+ R3-	exp F3+ R2-	exp F3+ R3-	exp F3+ R2-	exp F3+ R3-	exp F3+ R2-	exp F3+ R3-	exp F3+ R2-	none	none	none	none	none	none	none	none	none	none	none	none	none	none	none	none	none	none	none	none	none	none	none	none	none	none	none	none	none	none	none	none	none	none	none	none	none	none	none	none	none	none	none	none	none	none	none	none	none	none	none	none	none	none	none	none	none	none	none	none	none	none	none	none	none	none	none	none	none	none	none	none	none	none	none	none	none	none	none
MK754446.1	exp F3+ R3-	exp F3+ R2-	exp F3+ R3-	exp F3+ R2-	exp F3+ R3-	exp F3+ R2-	exp F3+ R3-	exp F3+ R2-	none	none	none	none	none	none	none	none	none	none	none	none	none	none	none	none	none	none	none	none	none	none	none	none	none	none	none	none	none	none	none	none	none	none	none	none	none	none	none	none	none	none	none	none	none	none	none	none	none	none	none	none	none	none	none	none	none	none	none	none	none	none	none	none	none	none	none	none	none	none	none	none	none	none	none	none	none	none	none
MK756033.1	exp F3+ R3-	exp F3+ R2-	exp F3+ R3-	exp F3+ R2-	exp F3+ R3-	exp F3+ R2-	exp F3+ R3-	exp F3+ R2-	none	none	none	none	none	none	none	none	none	none	none	none	none	none	none	none	none	none	none	none	none	none	none	none	none	none	none	none	none	none	none	none	none	none	none	none	none	none	none	none	none	none	none	none	none	none	none	none	none	none	none	none	none	none	none	none	none	none	none	none	none	none	none	none	none	none	none	none	none	none	none	none	none	none	none	none	none	none	none
MK756036.1	exp F3+ R3-	exp F3+ R2-	exp F3+ R3-	exp F3+ R2-	exp F3+ R3-	exp F3+ R2-	exp F3+ R3-	exp F3+ R2-	none	none	none	none	none	none	none	none	none	none	none	none	none	none	none	none	none	none	none	none	none	none	none	none	none	none	none	none	none	none	none	none	none	none	none	none	none	none	none	none	none	none	none	none	none	none	none	none	none	none	none	none	none	none	none	none	none	none	none	none	none	none	none	none	none	none	none	none	none	none	none	none	none	none	none	none	none	none	none
MK756037.1	exp F3+ R3-	exp F3+ R2-	exp F3+ R3-	exp F3+ R2-	exp F3+ R3-	exp F3+ R2-	exp F3+ R3-	exp F3+ R2-	none	none	none	none	none	none	none	none	none	none	none	none	none	none	none	none	none	none	none	none	none	none	none	none	none	none	none	none	none	none	none	none	none	none	none	none	none	none	none	none	none	none	none	none	none	none	none	none	none	none	none	none	none	none	none	none	none	none	none	none	none	none	none	none	none	none	none	none	none	none	none	none	none	none	none	none	none	none	none
MK756038.1	exp F3+ R3-	exp F3+ R2-	exp F3+ R3-	exp F3+ R2-	exp F3+ R3-	exp F3+ R2-	exp F3+ R3-	exp F3+ R2-	none	none	none	none	none	none	none	none	none	none	none	none	none	none	none	none	none	none	none	none	none	none	none	none	none	none	none	none	none	none	none	none	none	none	none	none	none	none	none	none	none	none	none	none	none	none	none	none	none	none	none	none	none	none	none	none	none	none	none	none	none	none	none	none	none	none	none	none	none	none	none	none	none	none	none	none	none	none	none
MK762561.1	exp F3+ R3-	exp F3+ R2-	exp F3+ R3-	exp F3+ R2-	exp F3+ R3-	exp F3+ R2-	exp F3+ R3-	exp F3+ R2-	none	none	none	none	none	none	none	none	none	none	none	none	none	none	none	none	none	none	none	none	none	none	none	none	none	none	none	none	none	none	none	none	none	none	none	none	none	none	none	none	none	none	none	none	none	none	none	none	none	none	none	none	none	none	none	none	none	none	none	none	none	none	none	none	none	none	none	none	none	none	none	none	none	none	none	none	none	none	none
MK762565.1	exp F3+ R2-	exp F3+ R3-	exp F3+ R1-	exp F3+ R2-	exp F3+ R1-	exp F3+ R2-	exp F3+ R0-	exp F3+ R1-	none	none	none	none	none	none	none	none	none	none	none	none	none	none	none	none	none	none	none	none	none	none	none	none	none	none	none	none	none	none	none	none	none	none	none	none	none	none	none	none	none	none	none	none	none	none	none	none	none	none	none	none	none	none	none	none	none	none	none	none	none	none	none	none	none	none	none	none	none	none	none	none	none	none	none	none	none	none	none
MK762569.1	exp F3+ R3-	exp F3+ R2-	exp F3+ R3-	exp F3+ R2-	exp F3+ R3-	exp F3+ R2-	exp F3+ R3-	exp F3+ R2-	none	none	none	none	none	none	none	none	none	none	none	none	none	none	none	none	none	none	none	none	none	none	none	none	none	none	none	none	none	none	none	none	none	none	none	none	none	none	none	none	none	none	none	none	none	none	none	none	none	none	none	none	none	none	none	none	none	none	none	none	none	none	none	none	none	none	none	none	none	none	none	none	none	none	none	none	none	none	none
MK762570.1	exp F3+ R3-	exp F3+ R2-	exp F3+ R3-	exp F3+ R2-	exp F3+ R3-	exp F3+ R2-	exp F3+ R3-	exp F3+ R2-	none	none	none	none	none	none	none	none	none	none	none	none	none	none	none	none	none	none	none	none	none	none	none	none	none	none	none	none	none	none	none	none	none	none	none	none	none	none	none	none	none	none	none	none	none	none	none	none	none	none	none	none	none	none	none	none	none	none	none	none	none	none	none	none	none	none	none	none	none	none	none	none	none	none	none	none	none	none	none
MK762622.1	exp F2+ R3-	exp F2+ R2-	exp F2+ R3-	exp F2+ R2-	exp F2+ R3-	exp F2+ R2-	exp F2+ R3-	exp F2+ R2-	none	none	none	none	none	none	none	none	none	none	none	none	none	none	none	none	none	none	none	none	none	none	none	none	none	none	none	none	none	none	none	none	none	none	none	none	none	none	none	none	none	none	none	none	none	none	none	none	none	none	none	none	none	none	none	none	none	none	none	none	none	none	none	none	none	none	none	none	none	none	none	none	none	none	none	none	none	none	none
MK762623.1	exp F2+ R3-	exp F2+ R2-	exp F2+ R3-	exp F2+ R2-	exp F2+ R3-	exp F2+ R2-	exp F2+ R3-	exp F2+ R2-	none	none	none	none	none	none	none	none	none	none	none	none	none	none	none	none	none	none	none	none	none	none	none	none	none	none	none	none	none	none	none	none	none	none	none	none	none	none	none	none	none	none	none	none	none	none	none	none	none	none	none	none	none	none	none	none	none	none	none	none	none	none	none	none	none	none	none	none	none	none	none	none	none	none	none	none	none	none	none
MK762628.1	exp F3+ R3-	exp F3+ R2-	exp F3+ R2-	exp F3+ R1-	exp F3+ R3-	exp F3+ R2-	exp F3+ R2-	exp F3+ R1-	none	none	none	none	none	none	none	none	none	none	none	none	none	none	none	none	none	none	none	none	none	none	none	none	none	none	none	none	none	none	none	none	none	none	none	none	none	none	none	none	none	none	none	none	none	none	none	none	none	none	none	none	none	none	none	none	none	none	none	none	none	none	none	none	none	none	none	none	none	none	none	none	none	none	none	none	none	none	none
MK762630.1	exp F3+ R3-	exp F3+ R2-	exp F3+ R3-	exp F3+ R2-	exp F3+ R3-	exp F3+ R2-	exp F3+ R3-	exp F3+ R2-	none	none	none	none	none	none	none	none	none	none	none	none	none	none	none	none	none	none	none	none	none	none	none	none	none	none	none	none	none	none	none	none	none	none	none	none	none	none	none	none	none	none	none	none	none	none	none	none	none	none	none	none	none	none	none	none	none	none	none	none	none	none	none	none	none	none	none	none	none	none	none	none	none	none	none	none	none	none	none
MK762631.1	exp F3+ R3-	exp F3+ R2-	exp F3+ R2-	exp F3+ R1-	exp F3+ R3-	exp F3+ R2-	exp F3+ R2-	exp F3+ R1-	none	none	none	none	none	none	none	none	none	none	none	none	none	none	none	none	none	none	none	none	none	none	none	none	none	none	none	none	none	none	none	none	none	none	none	none	none	none	none	none	none	none	none	none	none	none	none	none	none	none	none	none	none	none	none	none	none	none	none	none	none	none	none	none	none	none	none	none	none	none	none	none	none	none	none	none	none	none	none
MK762634.1	exp F3+ R3-	exp F3+ R2-	exp F3+ R2-	exp F3+ R1-	exp F3+ R3-	exp F3+ R2-	exp F3+ R2-	exp F3+ R1-	none	none	none	none	none	none	none	none	none	none	none	none	none	none	none	none	none	none	none	none	none	none	none	none	none	none	none	none	none	none	none	none	none	none	none	none	none	none	none	none	none	none	none	none	none	none	none	none	none	none	none	none	none	none	none	none	none	none	none	none	none	none	none	none	none	none	none	none	none	none	none	none	none	none	none	none	none	none	none
MK762639.1	exp F3+ R3-	exp F3+ R2-	exp F3+ R3-	exp F3+ R2-	exp F3+ R3-	exp F3+ R2-	exp F3+ R3-	exp F3+ R2-	none	none	none	none	none	none	none	none	none	none	none	none	none	none	none	none	none	none	none	none	none	none	none	none	none	none	none	none	none	none	none	none	none	none	none	none	none	none	none	none	none	none	none	none	none	none	none	none	none	none	none	none	none	none	none	none	none	none	none	none	none	none	none	none	none	none	none	none	none	none	none	none	none	none	none	none	none	none	none
MK762640.1	none	none	none	exp F3+ R3-	none	exp F3+ R3-	exp F3+ R3-	exp F3+ R2-	none	none	none	none	none	none	none	none	none	none	none	none	none	none	none	none	none	none	none	none	none	none	none	none	none	none	none	none	none	none	none	none	none	none	none	none	none	none	none	none	none	none	none	none	none	none	none	none	none	none	none	none	none	none	none	none	none	none	none	none	none	none	none	none	none	none	none	none	none	none	none	none	none	none	none	none	none	none	none
MK762641.1	exp F3+ R3-	exp F3+ R2-	exp F3+ R2-	exp F3+ R1-	exp F3+ R3-	exp F3+ R2-	exp F3+ R2-	exp F3+ R1-	none	none	none	none	none	none	none	none	none	none	none	none	none	none	none	none	none	none	none	none	none	none	none	none	none	none	none	none	none	none	none	none	none	none	none	none	none	none	none	none	none	none	none	none	none	none	none	none	none	none	none	none	none	none	none	none	none	none	none	none	none	none	none	none	none	none	none	none	none	none	none	none	none	none	none	none	none	none	none
MK762719.1	exp F2+ R3-	exp F2+ R2-	exp F2+ R3-	exp F2+ R2-	exp F2+ R3-	exp F2+ R2-	exp F2+ R3-	exp F2+ R2-	none	none	none	none	none	none	none	none	none	none	none	none	none	none	none	none	none	none	none	none	none	none	none	none	none	none	none	none	none	none	none	none	none	none	none	none	none	none	none	none	none	none	none	none	none	none	none	none	none	none	none	none	none	none	none	none	none	none	none	none	none	none	none	none	none	none	none	none	none	none	none	none	none	none	none	none	none	none	none
MK762720.1	exp F1+ R2-	exp F1+ R3-	exp F1+ R1-	exp F1+ R2-	exp F1+ R1-	exp F1+ R2-	exp F1+ R0-	exp F1+ R1-	none	none	none	none	none	none	none	none	none	none	none	none	none	none	none	none	none	none	none	none	none	none	none	none	none	none	none	none	none	none	none	none	none	none	none	none	none	none	none	none	none	none	none	none	none	none	none	none	none	none	none	none	none	none	none	none	none	none	none	none	none	none	none	none	none	none	none	none	none	none	none	none	none	none	none	none	none	none	none
MK762721.1	none	none	exp F3+ R3-	none	none	none	exp F3+ R3-	none	none	none	none	none	none	none	none	none	none	none	none	none	none	none	none	none	none	none	none	none	none	none	none	none	none	none	none	none	none	none	none	none	none	none	none	none	none	none	none	none	none	none	none	none	none	none	none	none	none	none	none	none	none	none	none	none	none	none	none	none	none	none	none	none	none	none	none	none	none	none	none	none	none	none	none	none	none	none	none
MK762722.1	none	none	none	none	none	none	none	none	none	none	none	none	none	none	none	none	none	none	none	none	none	none	none	none	none	none	none	none	none	none	none	none	exp F3+ R2-	exp F3+ R1-	exp F3+ R1-	exp F3+ R0-	exp F3+ R3-	exp F3+ R2-	exp F3+ R2-	exp F3+ R1-	none	none	none	none	none	none	none	none	none	none	none	none	none	none	none	none	none	none	none	none	none	none	none	none	none	none	none	none	none	none	none	none	none	none	none	none	none	none	none	none	none	none	none	none	none	none	none
MK762723.1	exp F3+ R2-	exp F3+ R3-	exp F3+ R2-	exp F3+ R3-	exp F3+ R2-	exp F3+ R3-	exp F3+ R2-	exp F3+ R3-	none	none	none	none	none	none	none	none	none	none	none	none	none	none	none	none	none	none	none	none	none	none	none	none	none	none	none	none	none	none	none	none	none	none	none	none	none	none	none	none	none	none	none	none	none	none	none	none	none	none	none	none	none	none	none	none	none	none	none	none	none	none	none	none	none	none	none	none	none	none	none	none	none	none	none	none	none	none	none
MK762724.1	exp F3+ R3-	exp F3+ R2-	exp F3+ R3-	exp F3+ R2-	exp F3+ R3-	exp F3+ R2-	exp F3+ R3-	exp F3+ R2-	none	none	none	none	none	none	none	none	none	none	none	none	none	none	none	none	none	none	none	none	none	none	none	none	none	none	none	none	none	none	none	none	none	none	none	none	none	none	none	none	none	none	none	none	none	none	none	none	none	none	none	none	none	none	none	none	none	none	none	none	none	none	none	none	none	none	none	none	none	none	none	none	none	none	none	none	none	none	none
MK764017.1	exp F3+ R3-	exp F3+ R2-	exp F3+ R2-	exp F3+ R1-	exp F3+ R3-	exp F3+ R2-	exp F3+ R2-	exp F3+ R1-	none	none	none	none	none	none	none	none	none	none	none	none	none	none	none	none	none	none	none	none	none	none	none	none	none	none	none	none	none	none	none	none	none	none	none	none	none	none	none	none	none	none	none	none	none	none	none	none	none	none	none	none	none	none	none	none	none	none	none	none	none	none	none	none	none	none	none	none	none	none	none	none	none	none	none	none	none	none	none
MK764018.1	exp F3+ R3-	exp F3+ R2-	exp F3+ R3-	exp F3+ R2-	exp F3+ R3-	exp F3+ R2-	exp F3+ R3-	exp F3+ R2-	none	none	none	none	none	none	none	none	none	none	none	none	none	none	none	none	none	none	none	none	none	none	none	none	none	none	none	none	none	none	none	none	none	none	none	none	none	none	none	none	none	none	none	none	none	none	none	none	none	none	none	none	none	none	none	none	none	none	none	none	none	none	none	none	none	none	none	none	none	none	none	none	none	none	none	none	none	none	none
MK764019.1	exp F3+ R3-	exp F3+ R2-	exp F3+ R3-	exp F3+ R2-	exp F3+ R3-	exp F3+ R2-	exp F3+ R3-	exp F3+ R2-	none	none	none	none	none	none	none	none	none	none	none	none	none	none	none	none	none	none	none	none	none	none	none	none	none	none	none	none	none	none	none	none	none	none	none	none	none	none	none	none	none	none	none	none	none	none	none	none	none	none	none	none	none	none	none	none	none	none	none	none	none	none	none	none	none	none	none	none	none	none	none	none	none	none	none	none	none	none	none
MK764020.1	none	none	none	exp F3+ R3-	none	exp F3+ R3-	exp F3+ R3-	exp F3+ R2-	none	none	none	none	none	none	none	none	none	none	none	none	none	none	none	none	none	none	none	none	none	none	none	none	none	none	none	none	none	none	none	none	none	none	none	none	none	none	none	none	none	none	none	none	none	none	none	none	none	none	none	none	none	none	none	none	none	none	none	none	none	none	none	none	none	none	none	none	none	none	none	none	none	none	none	none	none	none	none
MK764042.1	exp F3+ R3-	exp F3+ R2-	exp F3+ R2-	exp F3+ R1-	exp F3+ R3-	exp F3+ R2-	exp F3+ R2-	exp F3+ R1-	none	none	none	none	none	none	none	none	none	none	none	none	none	none	none	none	none	none	none	none	none	none	none	none	none	none	none	none	none	none	none	none	none	none	none	none	none	none	none	none	none	none	none	none	none	none	none	none	none	none	none	none	none	none	none	none	none	none	none	none	none	none	none	none	none	none	none	none	none	none	none	none	none	none	none	none	none	none	none
MK764043.1	exp F3+ R3-	exp F3+ R2-	exp F3+ R2-	exp F3+ R1-	exp F3+ R3-	exp F3+ R2-	exp F3+ R2-	exp F3+ R1-	none	none	none	none	none	none	none	none	none	none	none	none	none	none	none	none	none	none	none	none	none	none	none	none	none	none	none	none	none	none	none	none	none	none	none	none	none	none	none	none	none	none	none	none	none	none	none	none	none	none	none	none	none	none	none	none	none	none	none	none	none	none	none	none	none	none	none	none	none	none	none	none	none	none	none	none	none	none	none
MK773580.1	exp F3+ R3-	exp F3+ R2-	exp F3+ R2-	exp F3+ R1-	exp F3+ R3-	exp F3+ R2-	exp F3+ R2-	exp F3+ R1-	none	none	none	none	none	none	none	none	none	none	none	none	none	none	none	none	none	none	none	none	none	none	none	none	none	none	none	none	none	none	none	none	none	none	none	none	none	none	none	none	none	none	none	none	none	none	none	none	none	none	none	none	none	none	none	none	none	none	none	none	none	none	none	none	none	none	none	none	none	none	none	none	none	none	none	none	none	none	none
MK773581.1	exp F3+ R3-	exp F3+ R2-	exp F3+ R2-	exp F3+ R1-	exp F3+ R3-	exp F3+ R2-	exp F3+ R2-	exp F3+ R1-	none	none	none	none	none	none	none	none	none	none	none	none	none	none	none	none	none	none	none	none	none	none	none	none	none	none	none	none	none	none	none	none	none	none	none	none	none	none	none	none	none	none	none	none	none	none	none	none	none	none	none	none	none	none	none	none	none	none	none	none	none	none	none	none	none	none	none	none	none	none	none	none	none	none	none	none	none	none	none
MK773586.1	exp F3+ R3-	exp F3+ R2-	exp F3+ R3-	exp F3+ R2-	exp F3+ R3-	exp F3+ R2-	exp F3+ R3-	exp F3+ R2-	none	none	none	none	none	none	none	none	none	none	none	none	none	none	none	none	none	none	none	none	none	none	none	none	none	none	none	none	none	none	none	none	none	none	none	none	none	none	none	none	none	none	none	none	none	none	none	none	none	none	none	none	none	none	none	none	none	none	none	none	none	none	none	none	none	none	none	none	none	none	none	none	none	none	none	none	none	none	none
MK775028.1	exp F3+ R3-	exp F3+ R2-	exp F3+ R2-	exp F3+ R1-	exp F3+ R3-	exp F3+ R2-	exp F3+ R2-	exp F3+ R1-	none	none	none	none	none	none	none	none	none	none	none	none	none	none	none	none	none	none	none	none	none	none	none	none	none	none	none	none	none	none	none	none	none	none	none	none	none	none	none	none	none	none	none	none	none	none	none	none	none	none	none	none	none	none	none	none	none	none	none	none	none	none	none	none	none	none	none	none	none	none	none	none	none	none	none	none	none	none	none
MK775030.1	exp F3+ R3-	exp F3+ R2-	exp F3+ R2-	exp F3+ R1-	exp F3+ R3-	exp F3+ R2-	exp F3+ R2-	exp F3+ R1-	none	none	none	none	none	none	none	none	none	none	none	none	none	none	none	none	none	none	none	none	none	none	none	none	none	none	none	none	none	none	none	none	none	none	none	none	none	none	none	none	none	none	none	none	none	none	none	none	none	none	none	none	none	none	none	none	none	none	none	none	none	none	none	none	none	none	none	none	none	none	none	none	none	none	none	none	none	none	none
MK775031.1	exp F3+ R3-	exp F3+ R2-	exp F3+ R2-	exp F3+ R1-	exp F3+ R3-	exp F3+ R2-	exp F3+ R2-	exp F3+ R1-	none	none	none	none	none	none	none	none	none	none	none	none	none	none	none	none	none	none	none	none	none	none	none	none	none	none	none	none	none	none	none	none	none	none	none	none	none	none	none	none	none	none	none	none	none	none	none	none	none	none	none	none	none	none	none	none	none	none	none	none	none	none	none	none	none	none	none	none	none	none	none	exp F3+ R3-	exp F3+ R2-	exp F3+ R2-	exp F3+ R1-	exp F3+ R3-	exp F3+ R2-	exp F3+ R2-	exp F3+ R1-
MK789430.1	exp F3+ R3-	exp F3+ R2-	exp F3+ R2-	exp F3+ R1-	exp F3+ R3-	exp F3+ R2-	exp F3+ R2-	exp F3+ R1-	none	none	none	none	none	none	none	none	none	none	none	none	none	none	none	none	none	none	none	none	none	none	none	none	none	none	none	none	none	none	none	none	none	none	none	none	none	none	none	none	none	none	none	none	none	none	none	none	none	none	none	none	none	none	none	none	none	none	none	none	none	none	none	none	none	none	none	none	none	none	none	none	none	none	none	none	none	none	none
MK789431.1	none	none	none	none	none	none	none	none	exp F3+ R2-	exp F3+ R1-	exp F3+ R3-	exp F3+ R2-	exp F3+ R2-	exp F3+ R1-	exp F3+ R3-	exp F3+ R2-	none	none	none	none	none	none	none	none	none	none	none	none	none	none	none	none	none	none	none	none	none	none	none	none	none	none	none	none	none	none	none	none	none	none	none	none	none	none	none	none	none	none	none	none	none	none	none	none	none	none	none	none	none	none	none	none	none	none	none	none	none	none	none	none	none	none	none	none	none	none	none
MK789433.1	exp F3+ R2-	exp F3+ R1-	exp F3+ R3-	exp F3+ R2-	exp F3+ R2-	exp F3+ R1-	exp F3+ R3-	exp F3+ R2-	none	none	none	none	none	none	none	none	none	none	none	none	none	none	none	none	none	none	none	none	none	none	none	none	none	none	none	none	none	none	none	none	none	none	none	none	none	none	none	none	none	none	none	none	none	none	none	none	none	none	none	none	none	none	none	none	none	none	none	none	none	none	none	none	none	none	none	none	none	none	none	none	none	none	none	none	none	none	none
MK789434.1	exp F2+ R3-	exp F2+ R2-	exp F2+ R3-	exp F2+ R2-	exp F2+ R3-	exp F2+ R2-	exp F2+ R3-	exp F2+ R2-	none	none	none	none	none	none	none	none	none	none	none	none	none	none	none	none	none	none	none	none	none	none	none	none	none	none	none	none	none	none	none	none	none	none	none	none	none	none	none	none	none	none	none	none	none	none	none	none	none	none	none	none	none	none	none	none	none	none	none	none	none	none	none	none	none	none	none	none	none	none	none	none	none	none	none	none	none	none	none
MK789436.1	exp F2+ R3-	exp F2+ R2-	exp F2+ R3-	exp F2+ R2-	exp F2+ R3-	exp F2+ R2-	exp F2+ R3-	exp F2+ R2-	none	none	none	none	none	none	none	none	none	none	none	none	none	none	none	none	none	none	none	none	none	none	none	none	none	none	none	none	none	none	none	none	none	none	none	none	none	none	none	none	none	none	none	none	none	none	none	none	none	none	none	none	none	none	none	none	none	none	none	none	none	none	none	none	none	none	none	none	none	none	none	none	none	none	none	none	none	none	none
MK907797.1	exp F3+ R3-	exp F3+ R2-	exp F3+ R3-	exp F3+ R2-	exp F3+ R3-	exp F3+ R2-	exp F3+ R3-	exp F3+ R2-	none	none	none	none	none	none	none	none	none	none	none	none	none	none	none	none	none	none	none	none	none	none	none	none	none	none	none	none	none	none	none	none	none	none	none	none	none	none	none	none	none	none	none	none	none	none	none	none	none	none	none	none	none	none	none	none	none	none	none	none	none	none	none	none	none	none	none	none	none	none	none	none	none	none	none	none	none	none	none
MK907798.1	none	none	exp F1+ R3-	none	exp F1+ R3-	none	exp F1+ R2-	exp F1+ R3-	none	none	none	none	none	none	none	none	none	none	none	none	none	none	none	none	none	none	none	none	none	none	none	none	none	none	none	none	none	none	none	none	none	none	none	none	none	none	none	none	none	none	none	none	none	none	none	none	none	none	none	none	none	none	none	none	none	none	none	none	none	none	none	none	none	none	none	none	none	none	none	none	none	none	none	none	none	none	none
MK907799.1	exp F2+ R3-	exp F2+ R2-	exp F2+ R3-	exp F2+ R2-	exp F2+ R3-	exp F2+ R2-	exp F2+ R3-	exp F2+ R2-	none	none	none	none	none	none	none	none	none	none	none	none	none	none	none	none	none	none	none	none	none	none	none	none	none	none	none	none	none	none	none	none	none	none	none	none	none	none	none	none	none	none	none	none	none	none	none	none	none	none	none	none	none	none	none	none	none	none	none	none	none	none	none	none	none	none	none	none	none	none	none	none	none	none	none	none	none	none	none
MK907801.1	exp F3+ R2-	exp F3+ R1-	exp F3+ R3-	exp F3+ R2-	exp F3+ R2-	exp F3+ R1-	exp F3+ R3-	exp F3+ R2-	none	none	none	none	none	none	none	none	none	none	none	none	none	none	none	none	none	none	none	none	none	none	none	none	none	none	none	none	none	none	none	none	none	none	none	none	none	none	none	none	none	none	none	none	none	none	none	none	none	none	none	none	none	none	none	none	none	none	none	none	none	none	none	none	none	none	none	none	none	none	none	none	none	none	none	none	none	none	none
MN038126.1	none	none	none	none	lin R2-	none	none	none	none	none	none	none	none	none	none	none	none	none	none	none	none	none	none	none	none	none	none	none	none	none	none	none	none	none	none	none	none	none	none	none	lin R1-	none	none	lin R1-	none	none	lin R1-	lin R2-	none	none	none	none	none	none	none	none	none	none	none	none	none	none	none	none	none	none	none	none	lin R2-	none	none	none	none	lin R0-	none	none	none	none	none	none	none	none	none	none	none	none	none
MN045192.1	exp F3+ R2-	exp F3+ R1-	exp F3+ R3-	exp F3+ R2-	exp F3+ R2-	exp F3+ R1-	exp F3+ R3-	exp F3+ R2-	none	none	none	none	none	none	none	none	none	none	none	none	none	none	none	none	none	none	none	none	none	none	none	none	none	none	none	none	none	none	none	none	none	none	none	none	none	none	none	none	none	none	none	none	none	none	none	none	none	none	none	none	none	none	none	none	none	none	none	none	none	none	none	none	none	none	none	none	none	none	none	none	none	none	none	none	none	none	none
MN045193.1	exp F3+ R2-	exp F3+ R1-	exp F3+ R3-	exp F3+ R2-	exp F3+ R2-	exp F3+ R1-	exp F3+ R3-	exp F3+ R2-	none	none	none	none	none	none	none	none	none	none	none	none	none	none	none	none	none	none	none	none	none	none	none	none	none	none	none	none	none	none	none	none	none	none	none	none	none	none	none	none	none	none	none	none	none	none	none	none	none	none	none	none	none	none	none	none	none	none	none	none	none	none	none	none	none	none	none	none	none	none	none	none	none	none	none	none	none	none	none
MN045194.1	exp F3+ R2-	exp F3+ R1-	exp F3+ R3-	exp F3+ R2-	exp F3+ R2-	exp F3+ R1-	exp F3+ R3-	exp F3+ R2-	none	none	none	none	none	none	none	none	none	none	none	none	none	none	none	none	none	none	none	none	none	none	none	none	none	none	none	none	none	none	none	none	none	none	none	none	none	none	none	none	none	none	none	none	none	none	none	none	none	none	none	none	none	none	none	none	none	none	none	none	none	none	none	none	none	none	none	none	none	none	none	none	none	none	none	none	none	none	none
MN045195.1	exp F3+ R2-	exp F3+ R1-	exp F3+ R3-	exp F3+ R2-	exp F3+ R2-	exp F3+ R1-	exp F3+ R3-	exp F3+ R2-	none	none	none	none	none	none	none	none	none	none	none	none	none	none	none	none	none	none	none	none	none	none	none	none	none	none	none	none	none	none	none	none	none	none	none	none	none	none	none	none	none	none	none	none	none	none	none	none	none	none	none	none	none	none	none	none	none	none	none	none	none	none	none	none	none	none	none	none	none	none	none	none	none	none	none	none	none	none	none
MN045196.1	exp F3+ R2-	exp F3+ R1-	exp F3+ R3-	exp F3+ R2-	exp F3+ R2-	exp F3+ R1-	exp F3+ R3-	exp F3+ R2-	none	none	none	none	none	none	none	none	none	none	none	none	none	none	none	none	none	none	none	none	none	none	none	none	none	none	none	none	none	none	none	none	none	none	none	none	none	none	none	none	none	none	none	none	none	none	none	none	none	none	none	none	none	none	none	none	none	none	none	none	none	none	none	none	none	none	none	none	none	none	none	none	none	none	none	none	none	none	none
MK590972.1	exp F3+ R3-	exp F3+ R2-	exp F3+ R2-	exp F3+ R1-	exp F3+ R3-	exp F3+ R2-	exp F3+ R2-	exp F3+ R1-	none	none	none	none	none	none	none	none	none	none	none	none	none	none	none	none	none	none	none	none	none	none	none	none	none	none	none	none	none	none	none	none	none	none	none	none	none	none	none	none	none	none	none	none	none	none	none	none	none	none	none	none	none	none	none	none	none	none	none	none	none	none	none	none	none	none	none	none	none	none	none	none	none	none	none	none	none	none	none
MK590973.1	exp F3+ R3-	exp F3+ R2-	exp F3+ R2-	exp F3+ R1-	exp F3+ R3-	exp F3+ R2-	exp F3+ R2-	exp F3+ R1-	none	none	none	none	none	none	none	none	none	none	none	none	none	none	none	none	none	none	none	none	none	none	none	none	none	none	none	none	none	none	none	none	none	none	none	none	none	none	none	none	none	none	none	none	none	none	none	none	none	none	none	none	none	none	none	none	none	none	none	none	none	none	none	exp F3+ R3-	exp F3+ R2-	exp F3+ R2-	exp F3+ R1-	exp F3+ R3-	exp F3+ R2-	exp F3+ R2-	exp F3+ R1-	none	none	none	none	none	none	none	none
MK616559.1	exp F3+ R2-	exp F3+ R1-	exp F3+ R2-	exp F3+ R1-	exp F3+ R3-	exp F3+ R2-	exp F3+ R3-	exp F3+ R2-	none	none	none	none	none	none	none	none	none	none	none	none	none	none	none	none	none	none	none	none	none	none	none	none	none	none	none	none	none	none	none	none	none	none	none	none	none	none	none	none	none	none	none	none	none	none	none	none	none	none	none	none	none	none	none	none	none	none	none	none	none	none	none	none	none	none	none	none	none	none	none	none	none	none	none	none	none	none	none
MK616560.1	exp F3+ R2-	exp F3+ R1-	exp F3+ R2-	exp F3+ R1-	exp F3+ R3-	exp F3+ R2-	exp F3+ R3-	exp F3+ R2-	none	none	none	none	none	none	none	none	none	none	none	none	none	none	none	none	none	none	none	none	none	none	none	none	none	none	none	none	none	none	none	none	none	none	none	none	none	none	none	none	none	none	none	none	none	none	none	none	none	none	none	none	none	none	none	none	none	none	none	none	none	none	none	none	none	none	none	none	none	none	none	none	none	none	none	none	none	none	none
MK616561.1	exp F3+ R2-	exp F3+ R1-	exp F3+ R2-	exp F3+ R1-	exp F3+ R3-	exp F3+ R2-	exp F3+ R3-	exp F3+ R2-	none	none	none	none	none	none	none	none	none	none	none	none	none	none	none	none	none	none	none	none	none	none	none	none	none	none	none	none	none	none	none	none	none	none	none	none	none	none	none	none	none	none	none	none	none	none	none	none	none	none	none	none	none	none	none	none	none	none	none	none	none	none	none	none	none	none	none	none	none	none	none	none	none	none	none	none	none	none	none
MK616585.1	exp F2+ R2-	exp F2+ R3-	exp F2+ R1-	exp F2+ R2-	exp F2+ R1-	exp F2+ R2-	exp F2+ R0-	exp F2+ R1-	none	none	none	none	none	none	none	none	none	none	none	none	none	none	none	none	none	none	none	none	none	none	none	none	none	none	none	none	none	none	none	none	none	none	none	none	none	none	none	none	none	none	none	none	none	none	none	none	none	none	none	none	none	none	none	none	none	none	none	none	none	none	none	none	none	none	none	none	none	none	none	none	none	none	none	none	none	none	none
MK648237.1	exp F3+ R3-	exp F3+ R2-	exp F3+ R2-	exp F3+ R1-	exp F3+ R3-	exp F3+ R2-	exp F3+ R2-	exp F3+ R1-	none	none	none	none	none	none	none	none	none	none	none	none	none	none	none	none	none	none	none	none	none	none	none	none	none	none	none	none	none	none	none	none	none	none	none	none	none	none	none	none	none	none	none	none	none	none	none	none	none	none	none	none	none	none	none	none	none	none	none	none	none	none	none	none	none	none	none	none	none	none	none	none	none	none	none	none	none	none	none
MK648238.1	exp F3+ R3-	exp F3+ R2-	exp F3+ R2-	exp F3+ R1-	exp F3+ R3-	exp F3+ R2-	exp F3+ R2-	exp F3+ R1-	none	none	none	none	none	none	none	none	none	none	none	none	none	none	none	none	none	none	none	none	none	none	none	none	none	none	none	none	none	none	none	none	none	none	none	none	none	none	none	none	none	none	none	none	none	none	none	none	none	none	none	none	none	none	none	none	none	none	none	none	none	none	none	none	none	none	none	none	none	none	none	none	none	none	none	none	none	none	none
MK648239.1	exp F3+ R3-	exp F3+ R2-	exp F3+ R2-	exp F3+ R1-	exp F3+ R3-	exp F3+ R2-	exp F3+ R2-	exp F3+ R1-	none	none	none	none	none	none	none	none	none	none	none	none	none	none	none	none	none	none	none	none	none	none	none	none	none	none	none	none	none	none	none	none	none	none	none	none	none	none	none	none	none	none	none	none	none	none	none	none	none	none	none	none	none	none	none	none	none	none	none	none	none	none	none	none	none	none	none	none	none	none	none	none	none	none	none	none	none	none	none
MK648241.1	exp F3+ R2-	exp F3+ R1-	exp F3+ R3-	exp F3+ R2-	exp F3+ R2-	exp F3+ R1-	exp F3+ R3-	exp F3+ R2-	none	none	none	none	none	none	none	none	none	none	none	none	none	none	none	none	none	none	none	none	none	none	none	none	none	none	none	none	none	none	none	none	none	none	none	none	none	none	none	none	none	none	none	none	none	none	none	none	none	none	none	none	none	none	none	none	none	none	none	none	none	none	none	none	none	none	none	none	none	none	none	none	none	none	none	none	none	none	none
MK648242.1	exp F3+ R2-	exp F3+ R1-	exp F3+ R3-	exp F3+ R2-	exp F3+ R2-	exp F3+ R1-	exp F3+ R3-	exp F3+ R2-	none	none	none	none	none	none	none	none	none	none	none	none	none	none	none	none	none	none	none	none	none	none	none	none	none	none	none	none	none	none	none	none	none	none	none	none	none	none	none	none	none	none	none	none	none	none	none	none	none	none	none	none	none	none	none	none	none	none	none	none	none	none	none	none	none	none	none	none	none	none	none	none	none	none	none	none	none	none	none
MK396777.1	none	none	exp F3+ R3-	none	none	none	exp F3+ R3-	none	none	none	none	none	none	none	none	none	none	none	none	none	none	none	none	none	none	none	none	none	none	none	none	none	none	none	none	none	none	none	none	none	none	none	none	none	none	none	none	none	none	none	none	none	none	none	none	none	none	none	none	none	none	none	none	none	none	none	none	none	none	none	none	none	none	none	none	none	none	none	none	none	none	none	none	none	none	none	none
MK396778.1	exp F3+ R3-	exp F3+ R2-	exp F3+ R2-	exp F3+ R1-	exp F3+ R2-	exp F3+ R1-	exp F3+ R1-	exp F3+ R0-	none	none	none	none	none	none	none	none	none	none	none	none	none	none	none	none	none	none	none	none	none	none	none	none	none	none	none	none	none	none	none	none	none	none	none	none	none	none	none	none	none	none	none	none	none	none	none	none	none	none	none	none	none	none	none	none	none	none	none	none	none	none	none	none	none	none	none	none	none	none	none	exp F3+ R3-	exp F3+ R2-	exp F3+ R2-	exp F3+ R1-	exp F3+ R2-	exp F3+ R1-	exp F3+ R1-	exp F3+ R0-
MK340748.1	exp F3+ R3-	exp F3+ R2-	exp F3+ R2-	exp F3+ R1-	exp F3+ R3-	exp F3+ R2-	exp F3+ R2-	exp F3+ R1-	none	none	none	none	none	none	none	none	none	none	none	none	none	none	none	none	none	none	none	none	none	none	none	none	none	none	none	none	none	none	none	none	none	none	none	none	none	none	none	none	none	none	none	none	none	none	none	none	none	none	none	none	none	none	none	none	none	none	none	none	none	none	none	none	none	none	none	none	none	none	none	none	none	none	none	none	none	none	none
MK355712.1	exp F3+ R2-	exp F3+ R1-	exp F3+ R2-	exp F3+ R1-	exp F3+ R3-	exp F3+ R2-	exp F3+ R3-	exp F3+ R2-	none	none	none	none	none	none	none	none	none	none	none	none	none	none	none	none	none	none	none	none	none	none	none	none	none	none	none	none	none	none	none	none	none	none	none	none	none	none	none	none	none	none	none	none	none	none	none	none	none	none	none	none	none	none	none	none	none	none	none	none	none	none	none	none	none	none	none	none	none	none	none	none	none	none	none	none	none	none	none
MK396771.1	exp F1+ R2-	exp F1+ R3-	exp F1+ R2-	exp F1+ R3-	exp F1+ R1-	exp F1+ R2-	exp F1+ R1-	exp F1+ R2-	none	none	none	none	none	none	none	none	none	none	none	none	none	none	none	none	none	none	none	none	none	none	none	none	none	none	none	none	none	none	none	none	none	none	none	none	none	none	none	none	none	none	none	none	none	none	none	none	none	none	none	none	none	none	none	none	none	none	none	none	none	none	none	none	none	none	none	none	none	none	none	none	none	none	none	none	none	none	none
MK396772.1	none	none	exp F3+ R3-	none	exp F3+ R3-	none	exp F3+ R2-	exp F3+ R3-	none	none	none	none	none	none	none	none	none	none	none	none	none	none	none	none	none	none	none	none	none	none	none	none	none	none	none	none	none	none	none	none	none	none	none	none	none	none	none	none	none	none	none	none	none	none	none	none	none	none	none	none	none	none	none	none	none	none	none	none	none	none	none	none	none	none	none	none	none	none	none	none	none	none	none	none	none	none	none
MK396773.1	exp F1+ R2-	exp F1+ R3-	exp F1+ R1-	exp F1+ R2-	exp F1+ R2-	exp F1+ R3-	exp F1+ R1-	exp F1+ R2-	none	none	none	none	none	none	none	none	none	none	none	none	none	none	none	none	none	none	none	none	none	none	none	none	none	none	none	none	none	none	none	none	none	none	none	none	none	none	none	none	none	none	none	none	none	none	none	none	none	none	none	none	none	none	none	none	none	none	none	none	none	none	none	none	none	none	none	none	none	none	none	none	none	none	none	none	none	none	none
MK396775.1	none	exp F3+ R3-	none	none	none	exp F3+ R3-	none	none	none	none	none	none	none	none	none	none	none	none	none	none	none	none	none	none	none	none	none	none	none	none	none	none	none	none	none	none	none	none	none	none	none	none	none	none	none	none	none	none	none	none	none	none	none	none	none	none	none	none	none	none	none	none	none	none	none	none	none	none	none	none	none	none	none	none	none	none	none	none	none	none	none	none	none	none	none	none	none
MK396776.1	exp F1+ R2-	exp F1+ R3-	exp F1+ R2-	exp F1+ R3-	exp F1+ R1-	exp F1+ R2-	exp F1+ R1-	exp F1+ R2-	none	none	none	none	none	none	none	none	none	none	none	none	none	none	none	none	none	none	none	none	none	none	none	none	none	none	none	none	none	none	none	none	none	none	none	none	none	none	none	none	none	none	none	none	none	none	none	none	none	none	none	none	none	none	none	none	none	none	none	none	none	none	none	none	none	none	none	none	none	none	none	none	none	none	none	none	none	none	none
MH997861.1	exp F3+ R2-	exp F3+ R1-	exp F3+ R3-	exp F3+ R2-	exp F3+ R2-	exp F3+ R1-	exp F3+ R3-	exp F3+ R2-	none	none	none	none	none	none	none	none	none	none	none	none	none	none	none	none	none	none	none	none	none	none	none	none	none	none	none	none	none	none	none	none	none	none	none	none	none	none	none	none	none	none	none	none	none	none	none	none	none	none	none	none	none	none	none	none	none	none	none	none	none	none	none	none	none	none	none	none	none	none	none	none	none	none	none	none	none	none	none
MK213549.1	exp F2+ R2-	exp F2+ R3-	exp F2+ R1-	exp F2+ R2-	exp F2+ R2-	exp F2+ R3-	exp F2+ R1-	exp F2+ R2-	none	none	none	none	none	none	none	none	none	none	none	none	none	none	none	none	none	none	none	none	none	none	none	none	none	none	none	none	none	none	none	none	none	none	none	none	none	none	none	none	none	none	none	none	none	none	none	none	none	none	none	none	none	none	none	none	none	none	none	none	none	none	none	none	none	none	none	none	none	none	none	none	none	none	none	none	none	none	none
MK301293.1	exp F2+ R2-	exp F2+ R1-	exp F2+ R1-	exp F2+ R0-	exp F2+ R3-	exp F2+ R2-	exp F2+ R2-	exp F2+ R1-	none	none	none	none	none	none	none	none	none	none	none	none	none	none	none	none	none	none	none	none	none	none	none	none	none	none	none	none	none	none	none	none	none	none	none	none	none	none	none	none	none	none	none	none	none	none	none	none	none	none	none	none	none	none	none	none	none	none	none	none	none	none	none	exp F3+ R2-	exp F3+ R1-	exp F3+ R1-	exp F3+ R0-	exp F3+ R3-	exp F3+ R2-	exp F3+ R2-	exp F3+ R1-	none	none	none	none	none	none	none	none
MH608287.1	exp F3+ R2-	exp F3+ R3-	exp F3+ R1-	exp F3+ R2-	exp F3+ R1-	exp F3+ R2-	exp F3+ R0-	exp F3+ R1-	none	none	none	none	none	none	none	none	none	none	none	none	none	none	none	none	none	none	none	none	none	none	none	none	none	none	none	none	none	none	none	none	none	none	none	none	none	none	none	none	none	none	none	none	none	none	none	none	none	none	none	none	none	none	none	none	none	none	none	none	none	none	none	none	none	none	none	none	none	none	none	none	none	none	none	none	none	none	none
MH608288.1	exp F3+ R2-	exp F3+ R1-	exp F3+ R3-	exp F3+ R2-	exp F3+ R2-	exp F3+ R1-	exp F3+ R3-	exp F3+ R2-	none	none	none	none	none	none	none	none	none	none	none	none	none	none	none	none	none	none	none	none	none	none	none	none	none	none	none	none	none	none	none	none	none	none	none	none	none	none	none	none	none	none	none	none	none	none	none	none	none	none	none	none	none	none	none	none	none	none	none	none	none	none	none	none	none	none	none	none	none	none	none	none	none	none	none	none	none	none	none
MH638230.1	exp F3+ R2-	exp F3+ R1-	exp F3+ R3-	exp F3+ R2-	exp F3+ R2-	exp F3+ R1-	exp F3+ R3-	exp F3+ R2-	none	none	none	none	none	none	none	none	none	none	none	none	none	none	none	none	none	none	none	none	none	none	none	none	none	none	none	none	none	none	none	none	none	none	none	none	none	none	none	none	none	none	none	none	none	none	none	none	none	none	none	none	none	none	none	none	none	none	none	none	none	none	none	none	none	none	none	none	none	none	none	none	none	none	none	none	none	none	none
MH702256.1	exp F3+ R2-	exp F3+ R3-	exp F3+ R2-	exp F3+ R3-	exp F3+ R2-	exp F3+ R3-	exp F3+ R2-	exp F3+ R3-	none	none	none	none	none	none	none	none	none	none	none	none	none	none	none	none	none	none	none	none	none	none	none	none	none	none	none	none	none	none	none	none	none	none	none	none	none	none	none	none	none	none	none	none	none	none	none	none	none	none	none	none	none	none	none	none	none	none	none	none	none	none	none	none	none	none	none	none	none	none	none	none	none	none	none	none	none	none	none
MH702257.1	exp F1+ R2-	exp F1+ R3-	exp F1+ R2-	exp F1+ R3-	exp F1+ R1-	exp F1+ R2-	exp F1+ R1-	exp F1+ R2-	none	none	none	none	none	none	none	none	none	none	none	none	none	none	none	none	none	none	none	none	none	none	none	none	none	none	none	none	none	none	none	none	none	none	none	none	none	none	none	none	none	none	none	none	none	none	none	none	none	none	none	none	none	none	none	none	none	none	none	none	none	none	none	none	none	none	none	none	none	none	none	none	none	none	none	none	none	none	none
MH702258.1	exp F3+ R3-	exp F3+ R2-	exp F3+ R3-	exp F3+ R2-	exp F3+ R3-	exp F3+ R2-	exp F3+ R3-	exp F3+ R2-	none	none	none	none	none	none	none	none	none	none	none	none	none	none	none	none	none	none	none	none	none	none	none	none	none	none	none	none	none	none	none	none	none	none	none	none	none	none	none	none	none	none	none	none	none	none	none	none	none	none	none	none	none	none	none	none	none	none	none	none	none	none	none	none	none	none	none	none	none	none	none	none	none	none	none	none	none	none	none
MH702260.1	exp F3+ R3-	exp F3+ R2-	exp F3+ R2-	exp F3+ R1-	exp F3+ R3-	exp F3+ R2-	exp F3+ R2-	exp F3+ R1-	none	none	none	none	none	none	none	none	none	none	none	none	none	none	none	none	none	none	none	none	none	none	none	none	none	none	none	none	none	none	none	none	none	none	none	none	none	none	none	none	none	none	none	none	none	none	none	none	none	none	none	none	none	none	none	none	none	none	none	none	none	none	none	none	none	none	none	none	none	none	none	none	none	none	none	none	none	none	none
MH702261.1	exp F3+ R3-	exp F3+ R2-	exp F3+ R2-	exp F3+ R1-	exp F3+ R3-	exp F3+ R2-	exp F3+ R2-	exp F3+ R1-	none	none	none	none	none	none	none	none	none	none	none	none	none	none	none	none	none	none	none	none	none	none	none	none	none	none	none	none	none	none	none	none	none	none	none	none	none	none	none	none	none	none	none	none	none	none	none	none	none	none	none	none	none	none	none	none	none	none	none	none	none	none	none	none	none	none	none	none	none	none	none	none	none	none	none	none	none	none	none
MH702263.1	exp F1+ R3-	exp F1+ R2-	exp F1+ R2-	exp F1+ R1-	exp F1+ R2-	exp F1+ R1-	exp F1+ R1-	exp F1+ R0-	none	none	none	none	none	none	none	none	none	none	none	none	none	none	none	none	none	none	none	none	none	none	none	none	none	none	none	none	none	none	none	none	none	none	none	none	none	none	none	none	none	none	none	none	none	none	none	none	none	none	none	none	none	none	none	none	none	none	none	none	none	none	none	none	none	none	none	none	none	none	none	exp F3+ R3-	exp F3+ R2-	exp F3+ R2-	exp F3+ R1-	exp F3+ R2-	exp F3+ R1-	exp F3+ R1-	exp F3+ R0-
MH702264.1	exp F1+ R2-	exp F1+ R3-	exp F1+ R2-	exp F1+ R3-	exp F1+ R1-	exp F1+ R2-	exp F1+ R1-	exp F1+ R2-	none	none	none	none	none	none	none	none	none	none	none	none	none	none	none	none	none	none	none	none	none	none	none	none	none	none	none	none	none	none	none	none	none	none	none	none	none	none	none	none	none	none	none	none	none	none	none	none	none	none	none	none	none	none	none	none	none	none	none	none	none	none	none	none	none	none	none	none	none	none	none	none	none	none	none	none	none	none	none
MH702265.1	exp F3+ R3-	exp F3+ R2-	exp F3+ R2-	exp F3+ R1-	exp F3+ R3-	exp F3+ R2-	exp F3+ R2-	exp F3+ R1-	none	none	none	none	none	none	none	none	none	none	none	none	none	none	none	none	none	none	none	none	none	none	none	none	none	none	none	none	none	none	none	none	none	none	none	none	none	none	none	none	none	none	none	none	none	none	none	none	none	none	none	none	none	none	none	none	none	none	none	none	none	none	none	none	none	none	none	none	none	none	none	none	none	none	none	none	none	none	none
MH702266.1	exp F2+ R3-	exp F2+ R2-	exp F2+ R3-	exp F2+ R2-	exp F2+ R3-	exp F2+ R2-	exp F2+ R3-	exp F2+ R2-	none	none	none	none	none	none	none	none	none	none	none	none	none	none	none	none	none	none	none	none	none	none	none	none	none	none	none	none	none	none	none	none	none	none	none	none	none	none	none	none	none	none	none	none	none	none	none	none	none	none	none	none	none	none	none	none	none	none	none	none	none	none	none	none	none	none	none	none	none	none	none	none	none	none	none	none	none	none	none
MH702267.1	none	none	exp F3+ R3-	none	none	none	exp F3+ R3-	none	none	none	none	none	none	none	none	none	none	none	none	none	none	none	none	none	none	none	none	none	none	none	none	none	none	none	none	none	none	none	none	none	none	none	none	none	none	none	none	none	none	none	none	none	none	none	none	none	none	none	none	none	none	none	none	none	none	none	none	none	none	none	none	none	none	none	none	none	none	none	none	none	none	none	none	none	none	none	none
MH702268.1	exp F1+ R2-	exp F1+ R3-	exp F1+ R2-	exp F1+ R3-	exp F1+ R1-	exp F1+ R2-	exp F1+ R1-	exp F1+ R2-	none	none	none	none	none	none	none	none	none	none	none	none	none	none	none	none	none	none	none	none	none	none	none	none	none	none	none	none	none	none	none	none	none	none	none	none	none	none	none	none	none	none	none	none	none	none	none	none	none	none	none	none	none	none	none	none	none	none	none	none	none	none	none	none	none	none	none	none	none	none	none	none	none	none	none	none	none	none	none
MH702269.1	exp F3+ R3-	exp F3+ R2-	exp F3+ R3-	exp F3+ R2-	exp F3+ R3-	exp F3+ R2-	exp F3+ R3-	exp F3+ R2-	none	none	none	none	none	none	none	none	none	none	none	none	none	none	none	none	none	none	none	none	none	none	none	none	none	none	none	none	none	none	none	none	none	none	none	none	none	none	none	none	none	none	none	none	none	none	none	none	none	none	none	none	none	none	none	none	none	none	none	none	none	none	none	none	none	none	none	none	none	none	none	none	none	none	none	none	none	none	none
MH702270.1	exp F3+ R3-	exp F3+ R2-	exp F3+ R3-	exp F3+ R2-	exp F3+ R3-	exp F3+ R2-	exp F3+ R3-	exp F3+ R2-	none	none	none	none	none	none	none	none	none	none	none	none	none	none	none	none	none	none	none	none	none	none	none	none	none	none	none	none	none	none	none	none	none	none	none	none	none	none	none	none	none	none	none	none	none	none	none	none	none	none	none	none	none	none	none	none	none	none	none	none	none	none	none	none	none	none	none	none	none	none	none	none	none	none	none	none	none	none	none
MH702271.1	exp F3+ R3-	exp F3+ R2-	exp F3+ R3-	exp F3+ R2-	exp F3+ R3-	exp F3+ R2-	exp F3+ R3-	exp F3+ R2-	none	none	none	none	none	none	none	none	none	none	none	none	none	none	none	none	none	none	none	none	none	none	none	none	none	none	none	none	none	none	none	none	none	none	none	none	none	none	none	none	none	none	none	none	none	none	none	none	none	none	none	none	none	none	none	none	none	none	none	none	none	none	none	none	none	none	none	none	none	none	none	none	none	none	none	none	none	none	none
MH702272.1	exp F3+ R3-	exp F3+ R2-	exp F3+ R3-	exp F3+ R2-	exp F3+ R3-	exp F3+ R2-	exp F3+ R3-	exp F3+ R2-	none	none	none	none	none	none	none	none	none	none	none	none	none	none	none	none	none	none	none	none	none	none	none	none	none	none	none	none	none	none	none	none	none	none	none	none	none	none	none	none	none	none	none	none	none	none	none	none	none	none	none	none	none	none	none	none	none	none	none	none	none	none	none	none	none	none	none	none	none	none	none	none	none	none	none	none	none	none	none
MH702273.1	exp F3+ R3-	exp F3+ R2-	exp F3+ R3-	exp F3+ R2-	exp F3+ R3-	exp F3+ R2-	exp F3+ R3-	exp F3+ R2-	none	none	none	none	none	none	none	none	none	none	none	none	none	none	none	none	none	none	none	none	none	none	none	none	none	none	none	none	none	none	none	none	none	none	none	none	none	none	none	none	none	none	none	none	none	none	none	none	none	none	none	none	none	none	none	none	none	none	none	none	none	none	none	none	none	none	none	none	none	none	none	none	none	none	none	none	none	none	none
MH702274.1	exp F3+ R3-	exp F3+ R2-	exp F3+ R3-	exp F3+ R2-	exp F3+ R3-	exp F3+ R2-	exp F3+ R3-	exp F3+ R2-	none	none	none	none	none	none	none	none	none	none	none	none	none	none	none	none	none	none	none	none	none	none	none	none	none	none	none	none	none	none	none	none	none	none	none	none	none	none	none	none	none	none	none	none	none	none	none	none	none	none	none	none	none	none	none	none	none	none	none	none	none	none	none	none	none	none	none	none	none	none	none	none	none	none	none	none	none	none	none
MH702275.1	exp F3+ R3-	exp F3+ R2-	exp F3+ R3-	exp F3+ R2-	exp F3+ R3-	exp F3+ R2-	exp F3+ R3-	exp F3+ R2-	none	none	none	none	none	none	none	none	none	none	none	none	none	none	none	none	none	none	none	none	none	none	none	none	none	none	none	none	none	none	none	none	none	none	none	none	none	none	none	none	none	none	none	none	none	none	none	none	none	none	none	none	none	none	none	none	none	none	none	none	none	none	none	none	none	none	none	none	none	none	none	none	none	none	none	none	none	none	none
MH702276.1	exp F3+ R3-	exp F3+ R2-	exp F3+ R2-	exp F3+ R1-	exp F3+ R3-	exp F3+ R2-	exp F3+ R2-	exp F3+ R1-	none	none	none	none	none	none	none	none	none	none	none	none	none	none	none	none	none	none	none	none	none	none	none	none	none	none	none	none	none	none	none	none	none	none	none	none	none	none	none	none	none	none	none	none	none	none	none	none	none	none	none	none	none	none	none	none	none	none	none	none	none	none	none	none	none	none	none	none	none	none	none	exp F3+ R3-	exp F3+ R2-	exp F3+ R2-	exp F3+ R1-	exp F3+ R3-	exp F3+ R2-	exp F3+ R2-	exp F3+ R1-
MH702277.1	exp F3+ R3-	exp F3+ R2-	exp F3+ R2-	exp F3+ R1-	exp F3+ R3-	exp F3+ R2-	exp F3+ R2-	exp F3+ R1-	none	none	none	none	none	none	none	none	none	none	none	none	none	none	none	none	none	none	none	none	none	none	none	none	none	none	none	none	none	none	none	none	none	none	none	none	none	none	none	none	none	none	none	none	none	none	none	none	none	none	none	none	none	none	none	none	none	none	none	none	none	none	none	none	none	none	none	none	none	none	none	exp F3+ R3-	exp F3+ R2-	exp F3+ R2-	exp F3+ R1-	exp F3+ R3-	exp F3+ R2-	exp F3+ R2-	exp F3+ R1-
MH702278.1	exp F1+ R2-	exp F1+ R3-	exp F1+ R2-	exp F1+ R3-	exp F1+ R1-	exp F1+ R2-	exp F1+ R1-	exp F1+ R2-	none	none	none	none	none	none	none	none	none	none	none	none	none	none	none	none	none	none	none	none	none	none	none	none	none	none	none	none	none	none	none	none	none	none	none	none	none	none	none	none	none	none	none	none	none	none	none	none	none	none	none	none	none	none	none	none	none	none	none	none	none	none	none	none	none	none	none	none	none	none	none	none	none	none	none	none	none	none	none
MH702279.1	exp F2+ R2-	exp F2+ R3-	exp F2+ R2-	exp F2+ R3-	exp F2+ R1-	exp F2+ R2-	exp F2+ R1-	exp F2+ R2-	none	none	none	none	none	none	none	none	none	none	none	none	none	none	none	none	none	none	none	none	none	none	none	none	none	none	none	none	none	none	none	none	none	none	none	none	none	none	none	none	none	none	none	none	none	none	none	none	none	none	none	none	none	none	none	none	none	none	none	none	none	none	none	none	none	none	none	none	none	none	none	none	none	none	none	none	none	none	none
MH702280.1	exp F1+ R2-	exp F1+ R3-	exp F1+ R2-	exp F1+ R3-	exp F1+ R1-	exp F1+ R2-	exp F1+ R1-	exp F1+ R2-	none	none	none	none	none	none	none	none	none	none	none	none	none	none	none	none	none	none	none	none	none	none	none	none	none	none	none	none	none	none	none	none	none	none	none	none	none	none	none	none	none	none	none	none	none	none	none	none	none	none	none	none	none	none	none	none	none	none	none	none	none	none	none	none	none	none	none	none	none	none	none	none	none	none	none	none	none	none	none
MH702281.1	exp F1+ R2-	exp F1+ R3-	exp F1+ R2-	exp F1+ R3-	exp F1+ R1-	exp F1+ R2-	exp F1+ R1-	exp F1+ R2-	none	none	none	none	none	none	none	none	none	none	none	none	none	none	none	none	none	none	none	none	none	none	none	none	none	none	none	none	none	none	none	none	none	none	none	none	none	none	none	none	none	none	none	none	none	none	none	none	none	none	none	none	none	none	none	none	none	none	none	none	none	none	none	none	none	none	none	none	none	none	none	none	none	none	none	none	none	none	none
MH702282.1	exp F1+ R2-	exp F1+ R3-	exp F1+ R2-	exp F1+ R3-	exp F1+ R1-	exp F1+ R2-	exp F1+ R1-	exp F1+ R2-	none	none	none	none	none	none	none	none	none	none	none	none	none	none	none	none	none	none	none	none	none	none	none	none	none	none	none	none	none	none	none	none	none	none	none	none	none	none	none	none	none	none	none	none	none	none	none	none	none	none	none	none	none	none	none	none	none	none	none	none	none	none	none	none	none	none	none	none	none	none	none	none	none	none	none	none	none	none	none
MH702283.1	exp F3+ R3-	exp F3+ R2-	exp F3+ R2-	exp F3+ R1-	exp F3+ R2-	exp F3+ R1-	exp F3+ R1-	exp F3+ R0-	none	none	none	none	none	none	none	none	none	none	none	none	none	none	none	none	none	none	none	none	none	none	none	none	none	none	none	none	none	none	none	none	none	none	none	none	none	none	none	none	none	none	none	none	none	none	none	none	none	none	none	none	none	none	none	none	none	none	none	none	none	none	none	none	none	none	none	none	none	none	none	exp F3+ R3-	exp F3+ R2-	exp F3+ R2-	exp F3+ R1-	exp F3+ R2-	exp F3+ R1-	exp F3+ R1-	exp F3+ R0-
MH702285.1	exp F1+ R2-	exp F1+ R3-	exp F1+ R2-	exp F1+ R3-	exp F1+ R1-	exp F1+ R2-	exp F1+ R1-	exp F1+ R2-	none	none	none	none	none	none	none	none	none	none	none	none	none	none	none	none	none	none	none	none	none	none	none	none	none	none	none	none	none	none	none	none	none	none	none	none	none	none	none	none	none	none	none	none	none	none	none	none	none	none	none	none	none	none	none	none	none	none	none	none	none	none	none	none	none	none	none	none	none	none	none	none	none	none	none	none	none	none	none
MH702286.1	exp F2+ R1-	exp F2+ R2-	exp F2+ R0-	exp F2+ R1-	exp F2+ R2-	exp F2+ R3-	exp F2+ R1-	exp F2+ R2-	none	none	none	none	none	none	none	none	none	none	none	none	none	none	none	none	none	none	none	none	none	none	none	none	none	none	none	none	none	none	none	none	none	none	none	none	none	none	none	none	none	none	none	none	none	none	none	none	none	none	none	none	none	none	none	none	none	none	none	none	none	none	none	none	none	none	none	none	none	none	none	none	none	none	none	none	none	none	none
MH702287.1	none	none	exp F3+ R3-	none	none	none	exp F3+ R3-	none	none	none	none	none	none	none	none	none	none	none	none	none	none	none	none	none	none	none	none	none	none	none	none	none	none	none	none	none	none	none	none	none	none	none	none	none	none	none	none	none	none	none	none	none	none	none	none	none	none	none	none	none	none	none	none	none	none	none	none	none	none	none	none	none	none	none	none	none	none	none	none	none	none	none	none	none	none	none	none
MH702288.1	exp F2+ R1-	exp F2+ R2-	exp F2+ R0-	exp F2+ R1-	exp F2+ R2-	exp F2+ R3-	exp F2+ R1-	exp F2+ R2-	none	none	none	none	none	none	none	none	none	none	none	none	none	none	none	none	none	none	none	none	none	none	none	none	none	none	none	none	none	none	none	none	none	none	none	none	none	none	none	none	none	none	none	none	none	none	none	none	none	none	none	none	none	none	none	none	none	none	none	none	none	none	none	none	none	none	none	none	none	none	none	none	none	none	none	none	none	none	none
MH746922.1	exp F3+ R2-	exp F3+ R1-	exp F3+ R3-	exp F3+ R2-	exp F3+ R2-	exp F3+ R1-	exp F3+ R3-	exp F3+ R2-	none	none	none	none	none	none	none	none	none	none	none	none	none	none	none	none	none	none	none	none	none	none	none	none	none	none	none	none	none	none	none	none	none	none	none	none	none	none	none	none	none	none	none	none	none	none	none	none	none	none	none	none	none	none	none	none	none	none	none	none	none	none	none	none	none	none	none	none	none	none	none	none	none	none	none	none	none	none	none
MH746923.1	exp F3+ R2-	exp F3+ R1-	exp F3+ R3-	exp F3+ R2-	exp F3+ R2-	exp F3+ R1-	exp F3+ R3-	exp F3+ R2-	none	none	none	none	none	none	none	none	none	none	none	none	none	none	none	none	none	none	none	none	none	none	none	none	none	none	none	none	none	none	none	none	none	none	none	none	none	none	none	none	none	none	none	none	none	none	none	none	none	none	none	none	none	none	none	none	none	none	none	none	none	none	none	none	none	none	none	none	none	none	none	none	none	none	none	none	none	none	none
MH746924.1	exp F3+ R2-	exp F3+ R1-	exp F3+ R3-	exp F3+ R2-	exp F3+ R2-	exp F3+ R1-	exp F3+ R3-	exp F3+ R2-	none	none	none	none	none	none	none	none	none	none	none	none	none	none	none	none	none	none	none	none	none	none	none	none	none	none	none	none	none	none	none	none	none	none	none	none	none	none	none	none	none	none	none	none	none	none	none	none	none	none	none	none	none	none	none	none	none	none	none	none	none	none	none	none	none	none	none	none	none	none	none	none	none	none	none	none	none	none	none
MH746925.1	exp F3+ R2-	exp F3+ R1-	exp F3+ R3-	exp F3+ R2-	exp F3+ R2-	exp F3+ R1-	exp F3+ R3-	exp F3+ R2-	none	none	none	none	none	none	none	none	none	none	none	none	none	none	none	none	none	none	none	none	none	none	none	none	none	none	none	none	none	none	none	none	none	none	none	none	none	none	none	none	none	none	none	none	none	none	none	none	none	none	none	none	none	none	none	none	none	none	none	none	none	none	none	none	none	none	none	none	none	none	none	none	none	none	none	none	none	none	none
MH747479.1	exp F3+ R2-	exp F3+ R1-	exp F3+ R3-	exp F3+ R2-	exp F3+ R2-	exp F3+ R1-	exp F3+ R3-	exp F3+ R2-	none	none	none	none	none	none	none	none	none	none	none	none	none	none	none	none	none	none	none	none	none	none	none	none	none	none	none	none	none	none	none	none	none	none	none	none	none	none	none	none	none	none	none	none	none	none	none	none	none	none	none	none	none	none	none	none	none	none	none	none	none	none	none	none	none	none	none	none	none	none	none	none	none	none	none	none	none	none	none
MH747481.1	exp F3+ R2-	exp F3+ R1-	exp F3+ R3-	exp F3+ R2-	exp F3+ R2-	exp F3+ R1-	exp F3+ R3-	exp F3+ R2-	none	none	none	none	none	none	none	none	none	none	none	none	none	none	none	none	none	none	none	none	none	none	none	none	none	none	none	none	none	none	none	none	none	none	none	none	none	none	none	none	none	none	none	none	none	none	none	none	none	none	none	none	none	none	none	none	none	none	none	none	none	none	none	none	none	none	none	none	none	none	none	none	none	none	none	none	none	none	none
MH747482.1	exp F3+ R2-	exp F3+ R1-	exp F3+ R3-	exp F3+ R2-	exp F3+ R2-	exp F3+ R1-	exp F3+ R3-	exp F3+ R2-	none	none	none	none	none	none	none	none	none	none	none	none	none	none	none	none	none	none	none	none	none	none	none	none	none	none	none	none	none	none	none	none	none	none	none	none	none	none	none	none	none	none	none	none	none	none	none	none	none	none	none	none	none	none	none	none	none	none	none	none	none	none	none	none	none	none	none	none	none	none	none	none	none	none	none	none	none	none	none
MH791993.1	exp F2+ R1-	exp F2+ R2-	exp F2+ R0-	exp F2+ R1-	exp F2+ R2-	exp F2+ R3-	exp F2+ R1-	exp F2+ R2-	none	none	none	none	none	none	none	none	none	none	none	none	none	none	none	none	none	none	none	none	none	none	none	none	none	none	none	none	none	none	none	none	none	none	none	none	none	none	none	none	none	none	none	none	none	none	none	none	none	none	none	none	none	none	none	none	none	none	none	none	none	none	none	none	none	none	none	none	none	none	none	none	none	none	none	none	none	none	none
MH791994.1	exp F3+ R3-	exp F3+ R2-	exp F3+ R3-	exp F3+ R2-	exp F3+ R3-	exp F3+ R2-	exp F3+ R3-	exp F3+ R2-	none	none	none	none	none	none	none	none	none	none	none	none	none	none	none	none	none	none	none	none	none	none	none	none	none	none	none	none	none	none	none	none	none	none	none	none	none	none	none	none	none	none	none	none	none	none	none	none	none	none	none	none	none	none	none	none	none	none	none	none	none	none	none	none	none	none	none	none	none	none	none	none	none	none	none	none	none	none	none
MH890538.1	exp F3+ R2-	exp F3+ R1-	exp F3+ R3-	exp F3+ R2-	exp F3+ R2-	exp F3+ R1-	exp F3+ R3-	exp F3+ R2-	none	none	none	none	none	none	none	none	none	none	none	none	none	none	none	none	none	none	none	none	none	none	none	none	none	none	none	none	none	none	none	none	none	none	none	none	none	none	none	none	none	none	none	none	none	none	none	none	none	none	none	none	none	none	none	none	none	none	none	none	none	none	none	none	none	none	none	none	none	none	none	none	none	none	none	none	none	none	none
MH890539.1	exp F3+ R2-	exp F3+ R1-	exp F3+ R3-	exp F3+ R2-	exp F3+ R2-	exp F3+ R1-	exp F3+ R3-	exp F3+ R2-	none	none	none	none	none	none	none	none	none	none	none	none	none	none	none	none	none	none	none	none	none	none	none	none	none	none	none	none	none	none	none	none	none	none	none	none	none	none	none	none	none	none	none	none	none	none	none	none	none	none	none	none	none	none	none	none	none	none	none	none	none	none	none	none	none	none	none	none	none	none	none	none	none	none	none	none	none	none	none
MH218648.1	none	exp F3+ R3-	none	exp F3+ R2-	none	exp F3+ R3-	none	exp F3+ R2-	none	none	none	none	none	none	none	none	none	none	none	none	none	none	none	none	none	none	none	none	none	none	none	none	none	none	none	none	none	none	none	none	none	none	none	none	none	none	none	none	none	none	none	none	none	none	none	none	none	none	none	none	none	none	none	none	none	none	none	none	none	none	none	none	none	none	none	none	none	none	none	none	none	none	none	none	none	none	none
MH260478.1	exp F3+ R3-	exp F3+ R2-	exp F3+ R2-	exp F3+ R1-	exp F3+ R3-	exp F3+ R2-	exp F3+ R2-	exp F3+ R1-	none	none	none	none	none	none	none	none	none	none	none	none	none	none	none	none	none	none	none	none	none	none	none	none	none	none	none	none	none	none	none	none	none	none	none	none	none	none	none	none	none	none	none	none	none	none	none	none	none	none	none	none	none	none	none	none	none	none	none	none	none	none	none	none	none	none	none	none	none	none	none	none	none	none	none	none	none	none	none
MH260479.1	exp F3+ R3-	exp F3+ R2-	exp F3+ R3-	exp F3+ R2-	exp F3+ R3-	exp F3+ R2-	exp F3+ R3-	exp F3+ R2-	none	none	none	none	none	none	none	none	none	none	none	none	none	none	none	none	none	none	none	none	none	none	none	none	none	none	none	none	none	none	none	none	none	none	none	none	none	none	none	none	none	none	none	none	none	none	none	none	none	none	none	none	none	none	none	none	none	none	none	none	none	none	none	none	none	none	none	none	none	none	none	none	none	none	none	none	none	none	none
MH260480.1	exp F3+ R3-	exp F3+ R2-	exp F3+ R3-	exp F3+ R2-	exp F3+ R3-	exp F3+ R2-	exp F3+ R3-	exp F3+ R2-	none	none	none	none	none	none	none	none	none	none	none	none	none	none	none	none	none	none	none	none	none	none	none	none	none	none	none	none	none	none	none	none	none	none	none	none	none	none	none	none	none	none	none	none	none	none	none	none	none	none	none	none	none	none	none	none	none	none	none	none	none	none	none	none	none	none	none	none	none	none	none	none	none	none	none	none	none	none	none
MH260481.1	exp F3+ R3-	exp F3+ R2-	exp F3+ R3-	exp F3+ R2-	exp F3+ R3-	exp F3+ R2-	exp F3+ R3-	exp F3+ R2-	none	none	none	none	none	none	none	none	none	none	none	none	none	none	none	none	none	none	none	none	none	none	none	none	none	none	none	none	none	none	none	none	none	none	none	none	none	none	none	none	none	none	none	none	none	none	none	none	none	none	none	none	none	none	none	none	none	none	none	none	none	none	none	none	none	none	none	none	none	none	none	none	none	none	none	none	none	none	none
MH260482.1	exp F3+ R3-	exp F3+ R2-	exp F3+ R3-	exp F3+ R2-	exp F3+ R3-	exp F3+ R2-	exp F3+ R3-	exp F3+ R2-	none	none	none	none	none	none	none	none	none	none	none	none	none	none	none	none	none	none	none	none	none	none	none	none	none	none	none	none	none	none	none	none	none	none	none	none	none	none	none	none	none	none	none	none	none	none	none	none	none	none	none	none	none	none	none	none	none	none	none	none	none	none	none	none	none	none	none	none	none	none	none	none	none	none	none	none	none	none	none
MH260486.1	exp F3+ R3-	exp F3+ R2-	exp F3+ R3-	exp F3+ R2-	exp F3+ R3-	exp F3+ R2-	exp F3+ R3-	exp F3+ R2-	none	none	none	none	none	none	none	none	none	none	none	none	none	none	none	none	none	none	none	none	none	none	none	none	none	none	none	none	none	none	none	none	none	none	none	none	none	none	none	none	none	none	none	none	none	none	none	none	none	none	none	none	none	none	none	none	none	none	none	none	none	none	none	none	none	none	none	none	none	none	none	none	none	none	none	none	none	none	none
MH260487.1	exp F2+ R1-	exp F2+ R2-	exp F2+ R0-	exp F2+ R1-	exp F2+ R2-	exp F2+ R3-	exp F2+ R1-	exp F2+ R2-	none	none	none	none	none	none	none	none	none	none	none	none	none	none	none	none	none	none	none	none	none	none	none	none	none	none	none	none	none	none	none	none	none	none	none	none	none	none	none	none	none	none	none	none	none	none	none	none	none	none	none	none	none	none	none	none	none	none	none	none	none	none	none	none	none	none	none	none	none	none	none	none	none	none	none	none	none	none	none
MH260489.1	exp F3+ R3-	exp F3+ R2-	exp F3+ R3-	exp F3+ R2-	exp F3+ R3-	exp F3+ R2-	exp F3+ R3-	exp F3+ R2-	none	none	none	none	none	none	none	none	none	none	none	none	none	none	none	none	none	none	none	none	none	none	none	none	none	none	none	none	none	none	none	none	none	none	none	none	none	none	none	none	none	none	none	none	none	none	none	none	none	none	none	none	none	none	none	none	none	none	none	none	none	none	none	none	none	none	none	none	none	none	none	none	none	none	none	none	none	none	none
MH260493.1	exp F3+ R3-	exp F3+ R2-	exp F3+ R2-	exp F3+ R1-	exp F3+ R3-	exp F3+ R2-	exp F3+ R2-	exp F3+ R1-	none	none	none	none	none	none	none	none	none	none	none	none	none	none	none	none	none	none	none	none	none	none	none	none	none	none	none	none	none	none	none	none	none	none	none	none	none	none	none	none	none	none	none	none	none	none	none	none	none	none	none	none	none	none	none	none	none	none	none	none	none	none	none	none	none	none	none	none	none	none	none	none	none	none	none	none	none	none	none
MH260494.1	none	none	exp F3+ R3-	none	exp F3+ R3-	none	exp F3+ R2-	exp F3+ R3-	none	none	none	none	none	none	none	none	none	none	none	none	none	none	none	none	none	none	none	none	none	none	none	none	none	none	none	none	none	none	none	none	none	none	none	none	none	none	none	none	none	none	none	none	none	none	none	none	none	none	none	none	none	none	none	none	none	none	none	none	none	none	none	none	none	none	none	none	none	none	none	none	none	none	none	none	none	none	none
MH260495.1	exp F3+ R3-	exp F3+ R2-	exp F3+ R3-	exp F3+ R2-	exp F3+ R3-	exp F3+ R2-	exp F3+ R3-	exp F3+ R2-	none	none	none	none	none	none	none	none	none	none	none	none	none	none	none	none	none	none	none	none	none	none	none	none	none	none	none	none	none	none	none	none	none	none	none	none	none	none	none	none	none	none	none	none	none	none	none	none	none	none	none	none	none	none	none	none	none	none	none	none	none	none	none	none	none	none	none	none	none	none	none	none	none	none	none	none	none	none	none
MH260497.1	exp F3+ R3-	exp F3+ R2-	exp F3+ R3-	exp F3+ R2-	exp F3+ R3-	exp F3+ R2-	exp F3+ R3-	exp F3+ R2-	none	none	none	none	none	none	none	none	none	none	none	none	none	none	none	none	none	none	none	none	none	none	none	none	none	none	none	none	none	none	none	none	none	none	none	none	none	none	none	none	none	none	none	none	none	none	none	none	none	none	none	none	none	none	none	none	none	none	none	none	none	none	none	none	none	none	none	none	none	none	none	none	none	none	none	none	none	none	none
MH260498.1	exp F3+ R3-	exp F3+ R2-	exp F3+ R3-	exp F3+ R2-	exp F3+ R3-	exp F3+ R2-	exp F3+ R3-	exp F3+ R2-	none	none	none	none	none	none	none	none	none	none	none	none	none	none	none	none	none	none	none	none	none	none	none	none	none	none	none	none	none	none	none	none	none	none	none	none	none	none	none	none	none	none	none	none	none	none	none	none	none	none	none	none	none	none	none	none	none	none	none	none	none	none	none	none	none	none	none	none	none	none	none	none	none	none	none	none	none	none	none
MH260499.1	exp F3+ R3-	exp F3+ R2-	exp F3+ R3-	exp F3+ R2-	exp F3+ R3-	exp F3+ R2-	exp F3+ R3-	exp F3+ R2-	none	none	none	none	none	none	none	none	none	none	none	none	none	none	none	none	none	none	none	none	none	none	none	none	none	none	none	none	none	none	none	none	none	none	none	none	none	none	none	none	none	none	none	none	none	none	none	none	none	none	none	none	none	none	none	none	none	none	none	none	none	none	none	none	none	none	none	none	none	none	none	none	none	none	none	none	none	none	none
MH260500.1	none	none	none	none	none	none	none	none	none	none	none	none	none	none	none	none	exp F3+ R3-	exp F3+ R2-	exp F3+ R2-	exp F3+ R1-	exp F3+ R3-	exp F3+ R2-	exp F3+ R2-	exp F3+ R1-	none	none	none	none	none	none	none	none	none	none	none	none	none	none	none	none	none	none	none	none	none	none	none	none	none	none	none	none	none	none	none	none	none	none	none	none	none	none	none	none	none	none	none	none	none	none	none	none	none	none	none	none	none	none	none	none	none	none	none	none	none	none	none
MH260501.1	none	none	none	none	none	none	none	none	none	none	none	none	none	none	none	none	exp F3+ R3-	exp F3+ R2-	exp F3+ R2-	exp F3+ R1-	exp F3+ R3-	exp F3+ R2-	exp F3+ R2-	exp F3+ R1-	none	none	none	none	none	none	none	none	none	none	none	none	none	none	none	none	none	none	none	none	none	none	none	none	none	none	none	none	none	none	none	none	none	none	none	none	none	none	none	none	none	none	none	none	none	none	none	none	none	none	none	none	none	none	none	none	none	none	none	none	none	none	none
MH260503.1	exp F3+ R3-	exp F3+ R2-	exp F3+ R3-	exp F3+ R2-	exp F3+ R3-	exp F3+ R2-	exp F3+ R3-	exp F3+ R2-	none	none	none	none	none	none	none	none	none	none	none	none	none	none	none	none	none	none	none	none	none	none	none	none	none	none	none	none	none	none	none	none	none	none	none	none	none	none	none	none	none	none	none	none	none	none	none	none	none	none	none	none	none	none	none	none	none	none	none	none	none	none	none	none	none	none	none	none	none	none	none	none	none	none	none	none	none	none	none
MH260505.1	exp F3+ R3-	exp F3+ R2-	exp F3+ R3-	exp F3+ R2-	exp F3+ R3-	exp F3+ R2-	exp F3+ R3-	exp F3+ R2-	none	none	none	none	none	none	none	none	none	none	none	none	none	none	none	none	none	none	none	none	none	none	none	none	none	none	none	none	none	none	none	none	none	none	none	none	none	none	none	none	none	none	none	none	none	none	none	none	none	none	none	none	none	none	none	none	none	none	none	none	none	none	none	none	none	none	none	none	none	none	none	none	none	none	none	none	none	none	none
MH260506.1	exp F3+ R3-	exp F3+ R2-	exp F3+ R3-	exp F3+ R2-	exp F3+ R3-	exp F3+ R2-	exp F3+ R3-	exp F3+ R2-	none	none	none	none	none	none	none	none	none	none	none	none	none	none	none	none	none	none	none	none	none	none	none	none	none	none	none	none	none	none	none	none	none	none	none	none	none	none	none	none	none	none	none	none	none	none	none	none	none	none	none	none	none	none	none	none	none	none	none	none	none	none	none	none	none	none	none	none	none	none	none	none	none	none	none	none	none	none	none
MH260507.1	exp F3+ R3-	exp F3+ R2-	exp F3+ R3-	exp F3+ R2-	exp F3+ R3-	exp F3+ R2-	exp F3+ R3-	exp F3+ R2-	none	none	none	none	none	none	none	none	none	none	none	none	none	none	none	none	none	none	none	none	none	none	none	none	none	none	none	none	none	none	none	none	none	none	none	none	none	none	none	none	none	none	none	none	none	none	none	none	none	none	none	none	none	none	none	none	none	none	none	none	none	none	none	none	none	none	none	none	none	none	none	none	none	none	none	none	none	none	none
MH260508.1	exp F3+ R3-	exp F3+ R2-	exp F3+ R3-	exp F3+ R2-	exp F3+ R3-	exp F3+ R2-	exp F3+ R3-	exp F3+ R2-	none	none	none	none	none	none	none	none	none	none	none	none	none	none	none	none	none	none	none	none	none	none	none	none	none	none	none	none	none	none	none	none	none	none	none	none	none	none	none	none	none	none	none	none	none	none	none	none	none	none	none	none	none	none	none	none	none	none	none	none	none	none	none	none	none	none	none	none	none	none	none	none	none	none	none	none	none	none	none
MH260509.1	exp F3+ R3-	exp F3+ R2-	exp F3+ R2-	exp F3+ R1-	exp F3+ R3-	exp F3+ R2-	exp F3+ R2-	exp F3+ R1-	none	none	none	none	none	none	none	none	none	none	none	none	none	none	none	none	none	none	none	none	none	none	none	none	none	none	none	none	none	none	none	none	none	none	none	none	none	none	none	none	none	none	none	none	none	none	none	none	none	none	none	none	none	none	none	none	none	none	none	none	none	none	none	none	none	none	none	none	none	none	none	none	none	none	none	none	none	none	none
MH260510.1	exp F2+ R1-	exp F2+ R2-	exp F2+ R0-	exp F2+ R1-	exp F2+ R2-	exp F2+ R3-	exp F2+ R1-	exp F2+ R2-	none	none	none	none	none	none	none	none	none	none	none	none	none	none	none	none	none	none	none	none	none	none	none	none	none	none	none	none	none	none	none	none	none	none	none	none	none	none	none	none	none	none	none	none	none	none	none	none	none	none	none	none	none	none	none	none	none	none	none	none	none	none	none	none	none	none	none	none	none	none	none	none	none	none	none	none	none	none	none
MH260512.1	exp F3+ R3-	exp F3+ R2-	exp F3+ R3-	exp F3+ R2-	exp F3+ R3-	exp F3+ R2-	exp F3+ R3-	exp F3+ R2-	none	none	none	none	none	none	none	none	none	none	none	none	none	none	none	none	none	none	none	none	none	none	none	none	none	none	none	none	none	none	none	none	none	none	none	none	none	none	none	none	none	none	none	none	none	none	none	none	none	none	none	none	none	none	none	none	none	none	none	none	none	none	none	none	none	none	none	none	none	none	none	none	none	none	none	none	none	none	none
MH279823.1	exp F3+ R3-	exp F3+ R2-	exp F3+ R3-	exp F3+ R2-	exp F3+ R3-	exp F3+ R2-	exp F3+ R3-	exp F3+ R2-	none	none	none	none	none	none	none	none	none	none	none	none	none	none	none	none	none	none	none	none	none	none	none	none	none	none	none	none	none	none	none	none	none	none	none	none	none	none	none	none	none	none	none	none	none	none	none	none	none	none	none	none	none	none	none	none	none	none	none	none	none	none	none	none	none	none	none	none	none	none	none	none	none	none	none	none	none	none	none
MH279824.1	exp F2+ R1-	exp F2+ R2-	exp F2+ R0-	exp F2+ R1-	exp F2+ R2-	exp F2+ R3-	exp F2+ R1-	exp F2+ R2-	none	none	none	none	none	none	none	none	none	none	none	none	none	none	none	none	none	none	none	none	none	none	none	none	none	none	none	none	none	none	none	none	none	none	none	none	none	none	none	none	none	none	none	none	none	none	none	none	none	none	none	none	none	none	none	none	none	none	none	none	none	none	none	none	none	none	none	none	none	none	none	none	none	none	none	none	none	none	none
MH279825.1	exp F3+ R3-	exp F3+ R2-	exp F3+ R3-	exp F3+ R2-	exp F3+ R3-	exp F3+ R2-	exp F3+ R3-	exp F3+ R2-	none	none	none	none	none	none	none	none	none	none	none	none	none	none	none	none	none	none	none	none	none	none	none	none	none	none	none	none	none	none	none	none	none	none	none	none	none	none	none	none	none	none	none	none	none	none	none	none	none	none	none	none	none	none	none	none	none	none	none	none	none	none	none	none	none	none	none	none	none	none	none	none	none	none	none	none	none	none	none
MG892947.2	none	none	exp F3+ R3-	none	exp F3+ R3-	none	exp F3+ R2-	exp F3+ R3-	none	none	none	none	none	none	none	none	none	none	none	none	none	none	none	none	none	none	none	none	none	none	none	none	none	none	none	none	none	none	none	none	none	none	none	none	none	none	none	none	none	none	none	none	none	none	none	none	none	none	none	none	none	none	none	none	none	none	none	none	none	none	none	none	none	none	none	none	none	none	none	none	none	none	none	none	none	none	none
MG892951.2	none	none	exp F3+ R3-	none	exp F3+ R3-	none	exp F3+ R2-	exp F3+ R3-	none	none	none	none	none	none	none	none	none	none	none	none	none	none	none	none	none	none	none	none	none	none	none	none	none	none	none	none	none	none	none	none	none	none	none	none	none	none	none	none	none	none	none	none	none	none	none	none	none	none	none	none	none	none	none	none	none	none	none	none	none	none	none	none	none	none	none	none	none	none	none	none	none	none	none	none	none	none	none
MG892952.3	none	none	exp F3+ R3-	none	exp F3+ R3-	none	exp F3+ R2-	exp F3+ R3-	none	none	none	none	none	none	none	none	none	none	none	none	none	none	none	none	none	none	none	none	none	none	none	none	none	none	none	none	none	none	none	none	none	none	none	none	none	none	none	none	none	none	none	none	none	none	none	none	none	none	none	none	none	none	none	none	none	none	none	none	none	none	none	none	none	none	none	none	none	none	none	none	none	none	none	none	none	none	none
MG892954.3	none	none	exp F1+ R3-	none	exp F1+ R3-	none	exp F1+ R2-	exp F1+ R3-	none	none	none	none	none	none	none	none	none	none	none	none	none	none	none	none	none	none	none	none	none	none	none	none	none	none	none	none	none	none	none	none	none	none	none	none	none	none	none	none	none	none	none	none	none	none	none	none	none	none	none	none	none	none	none	none	none	none	none	none	none	none	none	none	none	none	none	none	none	none	none	none	none	none	none	none	none	none	none
MG674720.2	exp F2+ R1-	exp F2+ R2-	exp F2+ R0-	exp F2+ R1-	exp F2+ R2-	exp F2+ R3-	exp F2+ R1-	exp F2+ R2-	none	none	none	none	none	none	none	none	none	none	none	none	none	none	none	none	none	none	none	none	none	none	none	none	none	none	none	none	none	none	none	none	none	none	none	none	none	none	none	none	none	none	none	none	none	none	none	none	none	none	none	none	none	none	none	none	none	none	none	none	none	none	none	none	none	none	none	none	none	none	none	none	none	none	none	none	none	none	none
MG733285.1	exp F3+ R3-	exp F3+ R2-	exp F3+ R3-	exp F3+ R2-	exp F3+ R3-	exp F3+ R2-	exp F3+ R3-	exp F3+ R2-	none	none	none	none	none	none	none	none	none	none	none	none	none	none	none	none	none	none	none	none	none	none	none	none	none	none	none	none	none	none	none	none	none	none	none	none	none	none	none	none	none	none	none	none	none	none	none	none	none	none	none	none	none	none	none	none	none	none	none	none	none	none	none	none	none	none	none	none	none	none	none	none	none	none	none	none	none	none	none
MG733286.1	exp F3+ R3-	exp F3+ R2-	exp F3+ R3-	exp F3+ R2-	exp F3+ R3-	exp F3+ R2-	exp F3+ R3-	exp F3+ R2-	none	none	none	none	none	none	none	none	none	none	none	none	none	none	none	none	none	none	none	none	none	none	none	none	none	none	none	none	none	none	none	none	none	none	none	none	none	none	none	none	none	none	none	none	none	none	none	none	none	none	none	none	none	none	none	none	none	none	none	none	none	none	none	none	none	none	none	none	none	none	none	none	none	none	none	none	none	none	none
MG733287.1	exp F3+ R3-	exp F3+ R2-	exp F3+ R3-	exp F3+ R2-	exp F3+ R3-	exp F3+ R2-	exp F3+ R3-	exp F3+ R2-	none	none	none	none	none	none	none	none	none	none	none	none	none	none	none	none	none	none	none	none	none	none	none	none	none	none	none	none	none	none	none	none	none	none	none	none	none	none	none	none	none	none	none	none	none	none	none	none	none	none	none	none	none	none	none	none	none	none	none	none	none	none	none	none	none	none	none	none	none	none	none	none	none	none	none	none	none	none	none
MG002630.1	exp F3+ R3-	exp F3+ R2-	exp F3+ R3-	exp F3+ R2-	exp F3+ R3-	exp F3+ R2-	exp F3+ R3-	exp F3+ R2-	none	none	none	none	none	none	none	none	none	none	none	none	none	none	none	none	none	none	none	none	none	none	none	none	none	none	none	none	none	none	none	none	none	none	none	none	none	none	none	none	none	none	none	none	none	none	none	none	none	none	none	none	none	none	none	none	none	none	none	none	none	none	none	none	none	none	none	none	none	none	none	none	none	none	none	none	none	none	none
MG002631.1	exp F3+ R3-	exp F3+ R2-	exp F3+ R3-	exp F3+ R2-	exp F3+ R3-	exp F3+ R2-	exp F3+ R3-	exp F3+ R2-	none	none	none	none	none	none	none	none	none	none	none	none	none	none	none	none	none	none	none	none	none	none	none	none	none	none	none	none	none	none	none	none	none	none	none	none	none	none	none	none	none	none	none	none	none	none	none	none	none	none	none	none	none	none	none	none	none	none	none	none	none	none	none	none	none	none	none	none	none	none	none	none	none	none	none	none	none	none	none
MG002633.1	exp F3+ R3-	exp F3+ R2-	exp F3+ R3-	exp F3+ R2-	exp F3+ R3-	exp F3+ R2-	exp F3+ R3-	exp F3+ R2-	none	none	none	none	none	none	none	none	none	none	none	none	none	none	none	none	none	none	none	none	none	none	none	none	none	none	none	none	none	none	none	none	none	none	none	none	none	none	none	none	none	none	none	none	none	none	none	none	none	none	none	none	none	none	none	none	none	none	none	none	none	none	none	none	none	none	none	none	none	none	none	none	none	none	none	none	none	none	none
MG495077.1	none	none	none	lin F3+	none	none	none	none	none	none	none	none	none	none	none	none	none	none	none	none	none	none	none	none	none	none	none	none	none	none	none	none	none	none	none	none	none	none	none	none	none	none	none	none	none	none	none	none	none	none	none	none	none	none	none	none	none	none	none	none	none	none	none	none	none	none	none	none	none	none	none	none	none	none	none	none	none	none	none	none	none	none	none	none	none	none	none
MG495078.1	none	none	none	lin F3+	none	none	none	none	none	none	none	none	none	none	none	none	none	none	none	none	none	none	none	none	none	none	none	none	none	none	none	none	none	none	none	none	none	none	none	none	none	none	none	none	none	none	none	none	none	none	none	none	none	none	none	none	none	none	none	none	none	none	none	none	none	none	none	none	none	none	none	none	none	none	none	none	none	none	none	none	none	none	none	none	none	none	none
MG495080.1	none	none	none	lin F1+	none	none	none	none	none	none	none	none	none	none	none	none	none	none	none	none	none	none	none	none	none	none	none	none	none	none	none	none	none	none	none	none	none	none	none	none	none	none	none	none	none	none	none	none	none	none	none	none	none	none	none	none	none	none	none	none	none	none	none	none	none	none	none	none	none	none	none	none	none	none	none	none	none	none	none	none	none	none	none	none	none	none	none
MG495081.1	none	none	none	lin F3+	none	none	none	none	none	none	none	none	none	none	none	none	none	none	none	none	none	none	none	none	none	none	none	none	none	none	none	none	none	none	none	none	none	none	none	none	none	none	none	none	none	none	none	none	none	none	none	none	none	none	none	none	none	none	none	none	none	none	none	none	none	none	none	none	none	none	none	none	none	none	none	none	none	none	none	none	none	none	none	none	none	none	none
MG495082.1	none	exp F3+ R2-	none	exp F3+ R2-	none	exp F3+ R3-	none	exp F3+ R3-	none	none	none	none	none	none	none	none	none	none	none	none	none	none	none	none	none	none	none	none	none	none	none	none	none	none	none	none	none	none	none	none	none	none	none	none	none	none	none	none	none	none	none	none	none	none	none	none	none	none	none	none	none	none	none	none	none	none	none	none	none	none	none	none	none	none	none	none	none	none	none	none	none	none	none	none	none	none	none
MG495083.1	none	none	none	lin F2+	none	none	none	none	none	none	none	none	none	none	none	none	none	none	none	none	none	none	none	none	none	none	none	none	none	none	none	none	none	none	none	none	none	none	none	none	none	none	none	none	none	none	none	none	none	none	none	none	none	none	none	none	none	none	none	none	none	none	none	none	none	none	none	none	none	none	none	none	none	none	none	none	none	none	none	none	none	none	none	none	none	none	none
MG495084.1	none	none	none	none	none	none	none	none	none	none	none	none	none	none	none	none	none	none	none	none	none	none	none	none	none	none	none	none	none	none	none	none	none	none	none	lin F3+	none	none	none	none	none	none	none	none	none	none	none	none	none	none	none	none	none	none	none	none	none	none	none	none	none	none	none	none	none	none	none	none	none	none	none	none	none	none	none	none	none	none	none	none	none	none	none	none	none	none	none
MG495085.1	none	none	none	none	none	none	none	none	none	none	none	none	none	none	none	none	none	none	none	none	none	none	none	none	none	none	none	none	none	none	none	none	none	none	none	lin F3+	none	none	none	none	none	none	none	none	none	none	none	none	none	none	none	none	none	none	none	none	none	none	none	none	none	none	none	none	none	none	none	none	none	none	none	none	none	none	none	none	none	none	none	none	none	none	none	none	none	none	none
MG557654.1	exp F2+ R1-	exp F2+ R2-	exp F2+ R0-	exp F2+ R1-	exp F2+ R2-	exp F2+ R3-	exp F2+ R1-	exp F2+ R2-	none	none	none	none	none	none	none	none	none	none	none	none	none	none	none	none	none	none	none	none	none	none	none	none	none	none	none	none	none	none	none	none	none	none	none	none	none	none	none	none	none	none	none	none	none	none	none	none	none	none	none	none	none	none	none	none	none	none	none	none	none	none	none	none	none	none	none	none	none	none	none	none	none	none	none	none	none	none	none
MG557655.1	exp F3+ R2-	exp F3+ R1-	exp F3+ R2-	exp F3+ R1-	exp F3+ R3-	exp F3+ R2-	exp F3+ R3-	exp F3+ R2-	none	none	none	none	none	none	none	none	none	none	none	none	none	none	none	none	none	none	none	none	none	none	none	none	none	none	none	none	none	none	none	none	none	none	none	none	none	none	none	none	none	none	none	none	none	none	none	none	none	none	none	none	none	none	none	none	none	none	none	none	none	none	none	exp F3+ R2-	exp F3+ R1-	exp F3+ R2-	exp F3+ R1-	exp F3+ R3-	exp F3+ R2-	exp F3+ R3-	exp F3+ R2-	none	none	none	none	none	none	none	none
MF668937.1	exp F2+ R2-	exp F2+ R3-	exp F2+ R1-	exp F2+ R2-	exp F2+ R1-	exp F2+ R2-	exp F2+ R0-	exp F2+ R1-	none	none	none	none	none	none	none	none	none	none	none	none	none	none	none	none	none	none	none	none	none	none	none	none	none	none	none	none	none	none	none	none	none	none	none	none	none	none	none	none	none	none	none	none	none	none	none	none	none	none	none	none	none	none	none	none	none	none	none	none	none	none	none	none	none	none	none	none	none	none	none	none	none	none	none	none	none	none	none
LC923386.1	exp F2+ R3-	exp F2+ R2-	exp F2+ R2-	exp F2+ R1-	exp F2+ R3-	exp F2+ R2-	exp F2+ R2-	exp F2+ R1-	none	none	none	none	none	none	none	none	none	none	none	none	none	none	none	none	none	none	none	none	none	none	none	none	none	none	none	none	none	none	none	none	none	none	none	none	none	none	none	none	none	none	none	none	none	none	none	none	none	none	none	none	none	none	none	none	none	none	none	none	none	none	none	none	none	none	none	none	none	none	none	exp F3+ R3-	exp F3+ R2-	exp F3+ R2-	exp F3+ R1-	exp F3+ R3-	exp F3+ R2-	exp F3+ R2-	exp F3+ R1-
LC597119.1	exp F3+ R3-	exp F3+ R2-	exp F3+ R2-	exp F3+ R1-	exp F3+ R2-	exp F3+ R1-	exp F3+ R1-	exp F3+ R0-	none	none	none	none	none	none	none	none	none	none	none	none	none	none	none	none	none	none	none	none	none	none	none	none	none	none	none	none	none	none	none	none	none	none	none	none	none	none	none	none	none	none	none	none	none	none	none	none	none	none	none	none	none	none	none	none	none	none	none	none	none	none	none	none	none	none	none	none	none	none	none	exp F3+ R3-	exp F3+ R2-	exp F3+ R2-	exp F3+ R1-	exp F3+ R2-	exp F3+ R1-	exp F3+ R1-	exp F3+ R0-
LC597122.1	exp F3+ R3-	exp F3+ R2-	exp F3+ R2-	exp F3+ R1-	exp F3+ R2-	exp F3+ R1-	exp F3+ R1-	exp F3+ R0-	none	none	none	none	none	none	none	none	none	none	none	none	none	none	none	none	none	none	none	none	none	none	none	none	none	none	none	none	none	none	none	none	none	none	none	none	none	none	none	none	none	none	none	none	none	none	none	none	none	none	none	none	none	none	none	none	none	none	none	none	none	none	none	none	none	none	none	none	none	none	none	exp F3+ R3-	exp F3+ R2-	exp F3+ R2-	exp F3+ R1-	exp F3+ R2-	exp F3+ R1-	exp F3+ R1-	exp F3+ R0-
LC597123.1	exp F2+ R1-	exp F2+ R2-	exp F2+ R0-	exp F2+ R1-	exp F2+ R2-	exp F2+ R3-	exp F2+ R1-	exp F2+ R2-	none	none	none	none	none	none	none	none	none	none	none	none	none	none	none	none	none	none	none	none	none	none	none	none	none	none	none	none	none	none	none	none	none	none	none	none	none	none	none	none	none	none	none	none	none	none	none	none	none	none	none	none	none	none	none	none	none	none	none	none	none	none	none	none	none	none	none	none	none	none	none	none	none	none	none	none	none	none	none
LC597125.1	none	none	exp F3+ R3-	none	exp F3+ R3-	none	exp F3+ R2-	exp F3+ R3-	none	none	none	none	none	none	none	none	none	none	none	none	none	none	none	none	none	none	none	none	none	none	none	none	none	none	none	none	none	none	none	none	none	none	none	none	none	none	none	none	none	none	none	none	none	none	none	none	none	none	none	none	none	none	none	none	none	none	none	none	none	none	none	none	none	none	none	none	none	none	none	none	none	none	none	none	none	none	none
LC597128.1	exp F3+ R2-	exp F3+ R3-	exp F3+ R2-	exp F3+ R3-	exp F3+ R2-	exp F3+ R3-	exp F3+ R2-	exp F3+ R3-	none	none	none	none	none	none	none	none	none	none	none	none	none	none	none	none	none	none	none	none	none	none	none	none	none	none	none	none	none	none	none	none	none	none	none	none	none	none	none	none	none	none	none	none	none	none	none	none	none	none	none	none	none	none	none	none	none	none	none	none	none	none	none	none	none	none	none	none	none	none	none	none	none	none	none	none	none	none	none
LC597130.1	exp F3+ R2-	exp F3+ R3-	exp F3+ R2-	exp F3+ R3-	exp F3+ R2-	exp F3+ R3-	exp F3+ R2-	exp F3+ R3-	none	none	none	none	none	none	none	none	none	none	none	none	none	none	none	none	none	none	none	none	none	none	none	none	none	none	none	none	none	none	none	none	none	none	none	none	none	none	none	none	none	none	none	none	none	none	none	none	none	none	none	none	none	none	none	none	none	none	none	none	none	none	none	none	none	none	none	none	none	none	none	none	none	none	none	none	none	none	none
LC597131.1	exp F2+ R1-	exp F2+ R2-	exp F2+ R0-	exp F2+ R1-	exp F2+ R2-	exp F2+ R3-	exp F2+ R1-	exp F2+ R2-	none	none	none	none	none	none	none	none	none	none	none	none	none	none	none	none	none	none	none	none	none	none	none	none	none	none	none	none	none	none	none	none	none	none	none	none	none	none	none	none	none	none	none	none	none	none	none	none	none	none	none	none	none	none	none	none	none	none	none	none	none	none	none	none	none	none	none	none	none	none	none	none	none	none	none	none	none	none	none
LC597134.1	none	none	exp F3+ R3-	none	none	none	exp F3+ R3-	none	none	none	none	none	none	none	none	none	none	none	none	none	none	none	none	none	none	none	none	none	none	none	none	none	none	none	none	none	none	none	none	none	none	none	none	none	none	none	none	none	none	none	none	none	none	none	none	none	none	none	none	none	none	none	none	none	none	none	none	none	none	none	none	none	none	none	none	none	none	none	none	none	none	none	none	none	none	none	none
LC597114.1	exp F3+ R2-	exp F3+ R3-	exp F3+ R2-	exp F3+ R3-	exp F3+ R2-	exp F3+ R3-	exp F3+ R2-	exp F3+ R3-	none	none	none	none	none	none	none	none	none	none	none	none	none	none	none	none	none	none	none	none	none	none	none	none	none	none	none	none	none	none	none	none	none	none	none	none	none	none	none	none	none	none	none	none	none	none	none	none	none	none	none	none	none	none	none	none	none	none	none	none	none	none	none	none	none	none	none	none	none	none	none	none	none	none	none	none	none	none	none
LC597115.1	exp F3+ R2-	exp F3+ R3-	exp F3+ R2-	exp F3+ R3-	exp F3+ R2-	exp F3+ R3-	exp F3+ R2-	exp F3+ R3-	none	none	none	none	none	none	none	none	none	none	none	none	none	none	none	none	none	none	none	none	none	none	none	none	none	none	none	none	none	none	none	none	none	none	none	none	none	none	none	none	none	none	none	none	none	none	none	none	none	none	none	none	none	none	none	none	none	none	none	none	none	none	none	none	none	none	none	none	none	none	none	none	none	none	none	none	none	none	none
LC597116.1	exp F3+ R2-	exp F3+ R3-	exp F3+ R2-	exp F3+ R3-	exp F3+ R2-	exp F3+ R3-	exp F3+ R2-	exp F3+ R3-	none	none	none	none	none	none	none	none	none	none	none	none	none	none	none	none	none	none	none	none	none	none	none	none	none	none	none	none	none	none	none	none	none	none	none	none	none	none	none	none	none	none	none	none	none	none	none	none	none	none	none	none	none	none	none	none	none	none	none	none	none	none	none	none	none	none	none	none	none	none	none	none	none	none	none	none	none	none	none
LC597117.1	none	none	exp F3+ R3-	none	none	none	exp F3+ R3-	none	none	none	none	none	none	none	none	none	none	none	none	none	none	none	none	none	none	none	none	none	none	none	none	none	none	none	none	none	none	none	none	none	none	none	none	none	none	none	none	none	none	none	none	none	none	none	none	none	none	none	none	none	none	none	none	none	none	none	none	none	none	none	none	none	none	none	none	none	none	none	none	none	none	none	none	none	none	none	none
LC318745.1	exp F3+ R2-	exp F3+ R1-	exp F3+ R3-	exp F3+ R2-	exp F3+ R2-	exp F3+ R1-	exp F3+ R3-	exp F3+ R2-	none	none	none	none	none	none	none	none	none	none	none	none	none	none	none	none	none	none	none	none	none	none	none	none	none	none	none	none	none	none	none	none	none	none	none	none	none	none	none	none	none	none	none	none	none	none	none	none	none	none	none	none	none	none	none	none	none	none	none	none	none	none	none	none	none	none	none	none	none	none	none	none	none	none	none	none	none	none	none
LC318746.1	exp F3+ R2-	exp F3+ R1-	exp F3+ R3-	exp F3+ R2-	exp F3+ R2-	exp F3+ R1-	exp F3+ R3-	exp F3+ R2-	none	none	none	none	none	none	none	none	none	none	none	none	none	none	none	none	none	none	none	none	none	none	none	none	none	none	none	none	none	none	none	none	none	none	none	none	none	none	none	none	none	none	none	none	none	none	none	none	none	none	none	none	none	none	none	none	none	none	none	none	none	none	none	none	none	none	none	none	none	none	none	none	none	none	none	none	none	none	none
LC421227.1	exp F3+ R3-	exp F3+ R2-	exp F3+ R3-	exp F3+ R2-	exp F3+ R3-	exp F3+ R2-	exp F3+ R3-	exp F3+ R2-	none	none	none	none	none	none	none	none	none	none	none	none	none	none	none	none	none	none	none	none	none	none	none	none	none	none	none	none	none	none	none	none	none	none	none	none	none	none	none	none	none	none	none	none	none	none	none	none	none	none	none	none	none	none	none	none	none	none	none	none	none	none	none	none	none	none	none	none	none	none	none	none	none	none	none	none	none	none	none
LC421228.1	exp F3+ R3-	exp F3+ R2-	exp F3+ R3-	exp F3+ R2-	exp F3+ R3-	exp F3+ R2-	exp F3+ R3-	exp F3+ R2-	none	none	none	none	none	none	none	none	none	none	none	none	none	none	none	none	none	none	none	none	none	none	none	none	none	none	none	none	none	none	none	none	none	none	none	none	none	none	none	none	none	none	none	none	none	none	none	none	none	none	none	none	none	none	none	none	none	none	none	none	none	none	none	none	none	none	none	none	none	none	none	none	none	none	none	none	none	none	none
KY887597.1	none	none	none	none	none	none	none	none	none	none	none	none	none	none	none	none	none	none	exp F3+ R3-	none	exp F3+ R3-	none	exp F3+ R2-	exp F3+ R3-	none	none	none	none	none	none	none	none	none	none	none	none	none	none	none	none	none	none	none	none	none	none	none	none	none	none	none	none	none	none	none	none	none	none	none	none	none	none	none	none	none	none	none	none	none	none	none	none	none	none	none	none	none	none	none	none	none	none	none	none	none	none	none
KY887598.1	none	none	none	none	none	none	none	none	none	none	none	none	none	none	none	none	none	none	exp F3+ R3-	none	exp F3+ R3-	none	exp F3+ R2-	exp F3+ R3-	none	none	none	none	none	none	none	none	none	none	none	none	none	none	none	none	none	none	none	none	none	none	none	none	none	none	none	none	none	none	none	none	none	none	none	none	none	none	none	none	none	none	none	none	none	none	none	none	none	none	none	none	none	none	none	none	none	none	none	none	none	none	none
KY887599.1	exp F3+ R3-	exp F3+ R2-	exp F3+ R3-	exp F3+ R2-	exp F3+ R3-	exp F3+ R2-	exp F3+ R3-	exp F3+ R2-	none	none	none	none	none	none	none	none	none	none	none	none	none	none	none	none	none	none	none	none	none	none	none	none	none	none	none	none	none	none	none	none	none	none	none	none	none	none	none	none	none	none	none	none	none	none	none	none	none	none	none	none	none	none	none	none	none	none	none	none	none	none	none	none	none	none	none	none	none	none	none	none	none	none	none	none	none	none	none
KY887600.1	exp F3+ R3-	exp F3+ R2-	exp F3+ R3-	exp F3+ R2-	exp F3+ R3-	exp F3+ R2-	exp F3+ R3-	exp F3+ R2-	none	none	none	none	none	none	none	none	none	none	none	none	none	none	none	none	none	none	none	none	none	none	none	none	none	none	none	none	none	none	none	none	none	none	none	none	none	none	none	none	none	none	none	none	none	none	none	none	none	none	none	none	none	none	none	none	none	none	none	none	none	none	none	none	none	none	none	none	none	none	none	none	none	none	none	none	none	none	none
KY887601.1	exp F3+ R3-	exp F3+ R2-	exp F3+ R3-	exp F3+ R2-	exp F3+ R3-	exp F3+ R2-	exp F3+ R3-	exp F3+ R2-	none	none	none	none	none	none	none	none	none	none	none	none	none	none	none	none	none	none	none	none	none	none	none	none	none	none	none	none	none	none	none	none	none	none	none	none	none	none	none	none	none	none	none	none	none	none	none	none	none	none	none	none	none	none	none	none	none	none	none	none	none	none	none	none	none	none	none	none	none	none	none	none	none	none	none	none	none	none	none
KY887602.1	exp F3+ R3-	exp F3+ R2-	exp F3+ R3-	exp F3+ R2-	exp F3+ R3-	exp F3+ R2-	exp F3+ R3-	exp F3+ R2-	none	none	none	none	none	none	none	none	none	none	none	none	none	none	none	none	none	none	none	none	none	none	none	none	none	none	none	none	none	none	none	none	none	none	none	none	none	none	none	none	none	none	none	none	none	none	none	none	none	none	none	none	none	none	none	none	none	none	none	none	none	none	none	none	none	none	none	none	none	none	none	none	none	none	none	none	none	none	none
KY887603.1	exp F3+ R3-	exp F3+ R2-	exp F3+ R3-	exp F3+ R2-	exp F3+ R3-	exp F3+ R2-	exp F3+ R3-	exp F3+ R2-	none	none	none	none	none	none	none	none	none	none	none	none	none	none	none	none	none	none	none	none	none	none	none	none	none	none	none	none	none	none	none	none	none	none	none	none	none	none	none	none	none	none	none	none	none	none	none	none	none	none	none	none	none	none	none	none	none	none	none	none	none	none	none	none	none	none	none	none	none	none	none	none	none	none	none	none	none	none	none
KY887604.1	exp F3+ R3-	exp F3+ R2-	exp F3+ R3-	exp F3+ R2-	exp F3+ R3-	exp F3+ R2-	exp F3+ R3-	exp F3+ R2-	none	none	none	none	none	none	none	none	none	none	none	none	none	none	none	none	none	none	none	none	none	none	none	none	none	none	none	none	none	none	none	none	none	none	none	none	none	none	none	none	none	none	none	none	none	none	none	none	none	none	none	none	none	none	none	none	none	none	none	none	none	none	none	none	none	none	none	none	none	none	none	none	none	none	none	none	none	none	none
KY887605.1	exp F3+ R3-	exp F3+ R2-	exp F3+ R3-	exp F3+ R2-	exp F3+ R3-	exp F3+ R2-	exp F3+ R3-	exp F3+ R2-	none	none	none	none	none	none	none	none	none	none	none	none	none	none	none	none	none	none	none	none	none	none	none	none	none	none	none	none	none	none	none	none	none	none	none	none	none	none	none	none	none	none	none	none	none	none	none	none	none	none	none	none	none	none	none	none	none	none	none	none	none	none	none	none	none	none	none	none	none	none	none	none	none	none	none	none	none	none	none
KY887606.1	none	none	none	none	none	none	none	none	none	none	none	none	none	none	none	none	none	none	exp F3+ R3-	none	exp F3+ R3-	none	exp F3+ R2-	exp F3+ R3-	none	none	none	none	none	none	none	none	none	none	none	none	none	none	none	none	none	none	none	none	none	none	none	none	none	none	none	none	none	none	none	none	none	none	none	none	none	none	none	none	none	none	none	none	none	none	none	none	none	none	none	none	none	none	none	none	none	none	none	none	none	none	none
KY905332.1	none	none	none	none	none	none	none	none	exp F3+ R2-	exp F3+ R1-	exp F3+ R3-	exp F3+ R2-	exp F3+ R2-	exp F3+ R1-	exp F3+ R3-	exp F3+ R2-	none	none	none	none	none	none	none	none	none	none	none	none	none	none	none	none	none	none	none	none	none	none	none	none	none	none	none	none	none	none	none	none	none	none	none	none	none	none	none	none	none	none	none	none	none	none	none	none	none	none	none	none	none	none	none	none	none	none	none	none	none	none	none	none	none	none	none	none	none	none	none
KY905333.1	exp F3+ R3-	exp F3+ R2-	exp F3+ R3-	exp F3+ R2-	exp F3+ R3-	exp F3+ R2-	exp F3+ R3-	exp F3+ R2-	none	none	none	none	none	none	none	none	none	none	none	none	none	none	none	none	none	none	none	none	none	none	none	none	none	none	none	none	none	none	none	none	none	none	none	none	none	none	none	none	none	none	none	none	none	none	none	none	none	none	none	none	none	none	none	none	none	none	none	none	none	none	none	none	none	none	none	none	none	none	none	none	none	none	none	none	none	none	none
KY905334.1	none	none	exp F3+ R3-	none	exp F3+ R3-	none	exp F3+ R2-	exp F3+ R3-	none	none	none	none	none	none	none	none	none	none	none	none	none	none	none	none	none	none	none	none	none	none	none	none	none	none	none	none	none	none	none	none	none	none	none	none	none	none	none	none	none	none	none	none	none	none	none	none	none	none	none	none	none	none	none	none	none	none	none	none	none	none	none	none	none	none	none	none	none	none	none	none	none	none	none	none	none	none	none
KY905335.1	exp F3+ R3-	exp F3+ R2-	exp F3+ R3-	exp F3+ R2-	exp F3+ R3-	exp F3+ R2-	exp F3+ R3-	exp F3+ R2-	none	none	none	none	none	none	none	none	none	none	none	none	none	none	none	none	none	none	none	none	none	none	none	none	none	none	none	none	none	none	none	none	none	none	none	none	none	none	none	none	none	none	none	none	none	none	none	none	none	none	none	none	none	none	none	none	none	none	none	none	none	none	none	none	none	none	none	none	none	none	none	none	none	none	none	none	none	none	none
KY905336.1	exp F3+ R3-	exp F3+ R2-	exp F3+ R2-	exp F3+ R1-	exp F3+ R3-	exp F3+ R2-	exp F3+ R2-	exp F3+ R1-	none	none	none	none	none	none	none	none	none	none	none	none	none	none	none	none	none	none	none	none	none	none	none	none	none	none	none	none	none	none	none	none	none	none	none	none	none	none	none	none	none	none	none	none	none	none	none	none	none	none	none	none	none	none	none	none	none	none	none	none	none	none	none	none	none	none	none	none	none	none	none	none	none	none	none	none	none	none	none
KY905337.1	exp F3+ R3-	exp F3+ R2-	exp F3+ R2-	exp F3+ R1-	exp F3+ R3-	exp F3+ R2-	exp F3+ R2-	exp F3+ R1-	none	none	none	none	none	none	none	none	none	none	none	none	none	none	none	none	none	none	none	none	none	none	none	none	none	none	none	none	none	none	none	none	none	none	none	none	none	none	none	none	none	none	none	none	none	none	none	none	none	none	none	none	none	none	none	none	none	none	none	none	none	none	none	none	none	none	none	none	none	none	none	none	none	none	none	none	none	none	none
KY905338.1	exp F3+ R3-	exp F3+ R2-	exp F3+ R2-	exp F3+ R1-	exp F3+ R3-	exp F3+ R2-	exp F3+ R2-	exp F3+ R1-	none	none	none	none	none	none	none	none	none	none	none	none	none	none	none	none	none	none	none	none	none	none	none	none	none	none	none	none	none	none	none	none	none	none	none	none	none	none	none	none	none	none	none	none	none	none	none	none	none	none	none	none	none	none	none	none	none	none	none	none	none	none	none	none	none	none	none	none	none	none	none	none	none	none	none	none	none	none	none
KY421039.1	none	none	none	none	none	none	none	none	exp F3+ R3-	exp F3+ R2-	exp F3+ R3-	exp F3+ R2-	exp F3+ R3-	exp F3+ R2-	exp F3+ R3-	exp F3+ R2-	none	none	none	none	none	none	none	none	none	none	none	none	none	none	none	none	none	none	none	none	none	none	none	none	none	none	none	none	none	none	none	none	none	none	none	none	none	none	none	none	none	none	none	none	none	none	none	none	none	none	none	none	none	none	none	none	none	none	none	none	none	none	none	none	none	none	none	none	none	none	none
KY210918.3	none	none	exp F1+ R3-	none	exp F1+ R3-	none	exp F1+ R2-	exp F1+ R3-	none	none	none	none	none	none	none	none	none	none	none	none	none	none	none	none	none	none	none	none	none	none	none	none	none	none	none	none	none	none	none	none	none	none	none	none	none	none	none	none	none	none	none	none	none	none	none	none	none	none	none	none	none	none	none	none	none	none	none	none	none	none	none	none	none	none	none	none	none	none	none	none	none	none	none	none	none	none	none
KY225989.1	none	none	none	lin F3+	none	none	none	none	none	none	none	none	none	none	none	none	none	none	none	none	none	none	none	none	none	none	none	none	none	none	none	none	none	none	none	none	none	none	none	none	none	none	none	none	none	none	none	none	none	none	none	none	none	none	none	none	none	none	none	none	none	none	none	none	none	none	none	none	none	none	none	none	none	none	none	none	none	none	none	none	none	none	none	none	none	none	none
KU306738.1	exp F3+ R3-	none	none	none	exp F3+ R3-	none	none	none	none	none	none	none	none	none	none	none	none	none	none	none	none	none	none	none	none	none	none	none	none	none	none	none	none	none	none	none	none	none	none	none	none	none	none	none	none	none	none	none	none	none	none	none	none	none	none	none	none	none	none	none	none	none	none	none	none	none	none	none	none	none	none	none	none	none	none	none	none	none	none	none	none	none	none	none	none	none	none
KR232647.2	none	none	none	lin F1+	none	none	none	none	none	none	none	none	none	none	none	none	none	none	none	none	none	none	none	none	none	none	none	none	none	none	none	none	none	none	none	none	none	none	none	none	none	none	none	none	none	none	none	none	none	none	none	none	none	none	none	none	none	none	none	none	none	none	none	none	none	none	none	none	none	none	none	none	none	none	none	none	none	none	none	none	none	none	none	none	none	none	none
KM267740.1	exp F2+ R1-	exp F2+ R2-	exp F2+ R0-	exp F2+ R1-	exp F2+ R2-	exp F2+ R3-	exp F2+ R1-	exp F2+ R2-	none	none	none	none	none	none	none	none	none	none	none	none	none	none	none	none	none	none	none	none	none	none	none	none	none	none	none	none	none	none	none	none	none	none	none	none	none	none	none	none	none	none	none	none	none	none	none	none	none	none	none	none	none	none	none	none	none	none	none	none	none	none	none	none	none	none	none	none	none	none	none	none	none	none	none	none	none	none	none
KM267742.1	exp F2+ R1-	exp F2+ R2-	exp F2+ R0-	exp F2+ R1-	exp F2+ R2-	exp F2+ R3-	exp F2+ R1-	exp F2+ R2-	none	none	none	none	none	none	none	none	none	none	none	none	none	none	none	none	none	none	none	none	none	none	none	none	none	none	none	none	none	none	none	none	none	none	none	none	none	none	none	none	none	none	none	none	none	none	none	none	none	none	none	none	none	none	none	none	none	none	none	none	none	none	none	none	none	none	none	none	none	none	none	none	none	none	none	none	none	none	none
KJ184256.3	none	none	exp F1+ R3-	none	exp F1+ R3-	none	exp F1+ R2-	exp F1+ R3-	none	none	none	none	none	none	none	none	none	none	none	none	none	none	none	none	none	none	none	none	none	none	none	none	none	none	none	none	none	none	none	none	none	none	none	none	none	none	none	none	none	none	none	none	none	none	none	none	none	none	none	none	none	none	none	none	none	none	none	none	none	none	none	none	none	none	none	none	none	none	none	none	none	none	none	none	none	none	none
HM590541.3	exp F1+ R2-	exp F1+ R3-	exp F1+ R2-	exp F1+ R3-	exp F1+ R1-	exp F1+ R2-	exp F1+ R1-	exp F1+ R2-	none	none	none	none	none	none	none	none	none	none	none	none	none	none	none	none	none	none	none	none	none	none	none	none	none	none	none	none	none	none	none	none	none	none	none	none	none	none	none	none	none	none	none	none	none	none	none	none	none	none	none	none	none	none	none	none	none	none	none	none	none	none	none	none	none	none	none	none	none	none	none	none	none	none	none	none	none	none	none
GU138162.3	exp F1+ R2-	exp F1+ R3-	exp F1+ R2-	exp F1+ R3-	exp F1+ R1-	exp F1+ R2-	exp F1+ R1-	exp F1+ R2-	none	none	none	none	none	none	none	none	none	none	none	none	none	none	none	none	none	none	none	none	none	none	none	none	none	none	none	none	none	none	none	none	none	none	none	none	none	none	none	none	none	none	none	none	none	none	none	none	none	none	none	none	none	none	none	none	none	none	none	none	none	none	none	none	none	none	none	none	none	none	none	none	none	none	none	none	none	none	none
GU138176.3	exp F1+ R2-	exp F1+ R3-	exp F1+ R2-	exp F1+ R3-	exp F1+ R1-	exp F1+ R2-	exp F1+ R1-	exp F1+ R2-	none	none	none	none	none	none	none	none	none	none	none	none	none	none	none	none	none	none	none	none	none	none	none	none	none	none	none	none	none	none	none	none	none	none	none	none	none	none	none	none	none	none	none	none	none	none	none	none	none	none	none	none	none	none	none	none	none	none	none	none	none	none	none	none	none	none	none	none	none	none	none	none	none	none	none	none	none	none	none
GU138177.3	exp F1+ R2-	exp F1+ R3-	exp F1+ R2-	exp F1+ R3-	exp F1+ R1-	exp F1+ R2-	exp F1+ R1-	exp F1+ R2-	none	none	none	none	none	none	none	none	none	none	none	none	none	none	none	none	none	none	none	none	none	none	none	none	none	none	none	none	none	none	none	none	none	none	none	none	none	none	none	none	none	none	none	none	none	none	none	none	none	none	none	none	none	none	none	none	none	none	none	none	none	none	none	none	none	none	none	none	none	none	none	none	none	none	none	none	none	none	none
LC919492.1	exp F3+ R2-	exp F3+ R1-	exp F3+ R3-	exp F3+ R2-	exp F3+ R2-	exp F3+ R1-	exp F3+ R3-	exp F3+ R2-	none	none	none	none	none	none	none	none	none	none	none	none	none	none	none	none	none	none	none	none	none	none	none	none	none	none	none	none	none	none	none	none	none	none	none	none	none	none	none	none	none	none	none	none	none	none	none	none	none	none	none	none	none	none	none	none	none	none	none	none	none	none	none	none	none	none	none	none	none	none	none	none	none	none	none	none	none	none	none
LC373449.1	exp F3+ R3-	exp F3+ R2-	exp F3+ R3-	exp F3+ R2-	exp F3+ R3-	exp F3+ R2-	exp F3+ R3-	exp F3+ R2-	none	none	none	none	none	none	none	none	none	none	none	none	none	none	none	none	none	none	none	none	none	none	none	none	none	none	none	none	none	none	none	none	none	none	none	none	none	none	none	none	none	none	none	none	none	none	none	none	none	none	none	none	none	none	none	none	none	none	none	none	none	none	none	none	none	none	none	none	none	none	none	none	none	none	none	none	none	none	none
LC373450.1	exp F2+ R1-	exp F2+ R2-	exp F2+ R0-	exp F2+ R1-	exp F2+ R2-	exp F2+ R3-	exp F2+ R1-	exp F2+ R2-	none	none	none	none	none	none	none	none	none	none	none	none	none	none	none	none	none	none	none	none	none	none	none	none	none	none	none	none	none	none	none	none	none	none	none	none	none	none	none	none	none	none	none	none	none	none	none	none	none	none	none	none	none	none	none	none	none	none	none	none	none	none	none	none	none	none	none	none	none	none	none	none	none	none	none	none	none	none	none
LC373451.1	exp F3+ R1-	exp F3+ R2-	exp F3+ R0-	exp F3+ R1-	exp F3+ R2-	exp F3+ R3-	exp F3+ R1-	exp F3+ R2-	none	none	none	none	none	none	none	none	none	none	none	none	none	none	none	none	none	none	none	none	none	none	none	none	none	none	none	none	none	none	none	none	none	none	none	none	none	none	none	none	none	none	none	none	none	none	none	none	none	none	none	none	none	none	none	none	none	none	none	none	none	none	none	none	none	none	none	none	none	none	none	none	none	none	none	none	none	none	none
ON706287.1	none	none	none	none	lin R2-	none	none	none	none	none	none	none	none	none	none	none	none	none	none	none	none	none	none	none	none	none	none	none	none	none	none	none	none	none	none	none	none	none	none	none	lin R1-	none	none	lin R1-	none	none	lin R1-	lin R2-	none	none	none	none	none	none	none	none	none	none	none	none	none	none	none	none	none	none	none	none	lin R2-	none	none	none	none	lin R0-	none	none	none	none	none	none	none	none	none	none	none	none	none
ON706288.1	none	none	none	none	lin R2-	none	none	none	none	none	none	none	none	none	none	none	none	none	none	none	none	none	none	none	none	none	none	none	none	none	none	none	none	none	none	none	none	none	none	none	lin R1-	none	none	lin R1-	none	none	lin R1-	lin R2-	none	none	none	none	none	none	none	none	none	none	none	none	none	none	none	none	none	none	none	none	lin R2-	none	none	none	none	lin R0-	none	none	none	none	none	none	none	none	none	none	none	none	none
ON706289.1	none	none	none	none	none	none	none	none	none	none	none	none	none	none	none	none	none	none	none	none	none	none	none	none	none	none	none	none	none	none	none	none	exp F3+ R1-	exp F3+ R2-	exp F3+ R0-	exp F3+ R1-	exp F3+ R2-	exp F3+ R3-	exp F3+ R1-	exp F3+ R2-	none	none	none	none	none	none	none	none	none	none	none	none	none	none	none	none	none	none	none	none	none	none	none	none	none	none	none	none	none	none	none	none	none	none	none	none	none	none	none	none	none	none	none	none	none	none	none
ON706290.1	none	none	none	none	lin R2-	none	none	none	none	none	none	none	none	none	none	none	none	none	none	none	none	none	none	none	none	none	none	none	none	none	none	none	none	none	none	none	none	none	none	none	lin R1-	none	none	lin R1-	none	none	lin R1-	lin R2-	none	none	none	none	none	none	none	none	none	none	none	none	none	none	none	none	none	none	none	none	lin R2-	none	none	none	none	lin R0-	none	none	none	none	none	none	none	none	none	none	none	none	none
LC868426.1	exp F3+ R2-	exp F3+ R1-	exp F3+ R3-	exp F3+ R2-	exp F3+ R2-	exp F3+ R1-	exp F3+ R3-	exp F3+ R2-	none	none	none	none	none	none	none	none	none	none	none	none	none	none	none	none	none	none	none	none	none	none	none	none	none	none	none	none	none	none	none	none	none	none	none	none	none	none	none	none	none	none	none	none	none	none	none	none	none	none	none	none	none	none	none	none	none	none	none	none	none	none	none	none	none	none	none	none	none	none	none	none	none	none	none	none	none	none	none
LC868427.1	exp F3+ R2-	exp F3+ R1-	exp F3+ R3-	exp F3+ R2-	exp F3+ R2-	exp F3+ R1-	exp F3+ R3-	exp F3+ R2-	none	none	none	none	none	none	none	none	none	none	none	none	none	none	none	none	none	none	none	none	none	none	none	none	none	none	none	none	none	none	none	none	none	none	none	none	none	none	none	none	none	none	none	none	none	none	none	none	none	none	none	none	none	none	none	none	none	none	none	none	none	none	none	none	none	none	none	none	none	none	none	none	none	none	none	none	none	none	none
LC868428.1	exp F3+ R2-	exp F3+ R1-	exp F3+ R3-	exp F3+ R2-	exp F3+ R2-	exp F3+ R1-	exp F3+ R3-	exp F3+ R2-	none	none	none	none	none	none	none	none	none	none	none	none	none	none	none	none	none	none	none	none	none	none	none	none	none	none	none	none	none	none	none	none	none	none	none	none	none	none	none	none	none	none	none	none	none	none	none	none	none	none	none	none	none	none	none	none	none	none	none	none	none	none	none	none	none	none	none	none	none	none	none	none	none	none	none	none	none	none	none
LC868429.1	none	none	none	none	none	none	none	none	exp F3+ R2-	exp F3+ R1-	exp F3+ R3-	exp F3+ R2-	exp F3+ R2-	exp F3+ R1-	exp F3+ R3-	exp F3+ R2-	none	none	none	none	none	none	none	none	none	none	none	none	none	none	none	none	none	none	none	none	none	none	none	none	none	none	none	none	none	none	none	none	none	none	none	none	none	none	none	none	none	none	none	none	none	none	none	none	none	none	none	none	none	none	none	none	none	none	none	none	none	none	none	none	none	none	none	none	none	none	none
LC868430.1	exp F3+ R2-	exp F3+ R1-	exp F3+ R3-	exp F3+ R2-	exp F3+ R2-	exp F3+ R1-	exp F3+ R3-	exp F3+ R2-	none	none	none	none	none	none	none	none	none	none	none	none	none	none	none	none	none	none	none	none	none	none	none	none	none	none	none	none	none	none	none	none	none	none	none	none	none	none	none	none	none	none	none	none	none	none	none	none	none	none	none	none	none	none	none	none	none	none	none	none	none	none	none	none	none	none	none	none	none	none	none	none	none	none	none	none	none	none	none
LC868431.1	exp F3+ R2-	exp F3+ R1-	exp F3+ R3-	exp F3+ R2-	exp F3+ R2-	exp F3+ R1-	exp F3+ R3-	exp F3+ R2-	none	none	none	none	none	none	none	none	none	none	none	none	none	none	none	none	none	none	none	none	none	none	none	none	none	none	none	none	none	none	none	none	none	none	none	none	none	none	none	none	none	none	none	none	none	none	none	none	none	none	none	none	none	none	none	none	none	none	none	none	none	none	none	none	none	none	none	none	none	none	none	none	none	none	none	none	none	none	none
LC868432.1	exp F3+ R2-	exp F3+ R1-	exp F3+ R3-	exp F3+ R2-	exp F3+ R2-	exp F3+ R1-	exp F3+ R3-	exp F3+ R2-	none	none	none	none	none	none	none	none	none	none	none	none	none	none	none	none	none	none	none	none	none	none	none	none	none	none	none	none	none	none	none	none	none	none	none	none	none	none	none	none	none	none	none	none	none	none	none	none	none	none	none	none	none	none	none	none	none	none	none	none	none	none	none	none	none	none	none	none	none	none	none	none	none	none	none	none	none	none	none
LC868433.1	exp F3+ R2-	exp F3+ R1-	exp F3+ R3-	exp F3+ R2-	exp F3+ R2-	exp F3+ R1-	exp F3+ R3-	exp F3+ R2-	none	none	none	none	none	none	none	none	none	none	none	none	none	none	none	none	none	none	none	none	none	none	none	none	none	none	none	none	none	none	none	none	none	none	none	none	none	none	none	none	none	none	none	none	none	none	none	none	none	none	none	none	none	none	none	none	none	none	none	none	none	none	none	none	none	none	none	none	none	none	none	none	none	none	none	none	none	none	none
LC868434.1	exp F3+ R2-	exp F3+ R1-	exp F3+ R3-	exp F3+ R2-	exp F3+ R2-	exp F3+ R1-	exp F3+ R3-	exp F3+ R2-	none	none	none	none	none	none	none	none	none	none	none	none	none	none	none	none	none	none	none	none	none	none	none	none	none	none	none	none	none	none	none	none	none	none	none	none	none	none	none	none	none	none	none	none	none	none	none	none	none	none	none	none	none	none	none	none	none	none	none	none	none	none	none	none	none	none	none	none	none	none	none	none	none	none	none	none	none	none	none
LC868435.1	exp F3+ R2-	exp F3+ R1-	exp F3+ R3-	exp F3+ R2-	exp F3+ R2-	exp F3+ R1-	exp F3+ R3-	exp F3+ R2-	none	none	none	none	none	none	none	none	none	none	none	none	none	none	none	none	none	none	none	none	none	none	none	none	none	none	none	none	none	none	none	none	none	none	none	none	none	none	none	none	none	none	none	none	none	none	none	none	none	none	none	none	none	none	none	none	none	none	none	none	none	none	none	none	none	none	none	none	none	none	none	none	none	none	none	none	none	none	none
LC868436.1	exp F3+ R2-	exp F3+ R1-	exp F3+ R3-	exp F3+ R2-	exp F3+ R2-	exp F3+ R1-	exp F3+ R3-	exp F3+ R2-	none	none	none	none	none	none	none	none	none	none	none	none	none	none	none	none	none	none	none	none	none	none	none	none	none	none	none	none	none	none	none	none	none	none	none	none	none	none	none	none	none	none	none	none	none	none	none	none	none	none	none	none	none	none	none	none	none	none	none	none	none	none	none	none	none	none	none	none	none	none	none	none	none	none	none	none	none	none	none
LC868437.1	exp F3+ R2-	exp F3+ R1-	exp F3+ R3-	exp F3+ R2-	exp F3+ R2-	exp F3+ R1-	exp F3+ R3-	exp F3+ R2-	none	none	none	none	none	none	none	none	none	none	none	none	none	none	none	none	none	none	none	none	none	none	none	none	none	none	none	none	none	none	none	none	none	none	none	none	none	none	none	none	none	none	none	none	none	none	none	none	none	none	none	none	none	none	none	none	none	none	none	none	none	none	none	none	none	none	none	none	none	none	none	none	none	none	none	none	none	none	none
LC868438.1	exp F3+ R2-	exp F3+ R1-	exp F3+ R3-	exp F3+ R2-	exp F3+ R2-	exp F3+ R1-	exp F3+ R3-	exp F3+ R2-	none	none	none	none	none	none	none	none	none	none	none	none	none	none	none	none	none	none	none	none	none	none	none	none	none	none	none	none	none	none	none	none	none	none	none	none	none	none	none	none	none	none	none	none	none	none	none	none	none	none	none	none	none	none	none	none	none	none	none	none	none	none	none	none	none	none	none	none	none	none	none	none	none	none	none	none	none	none	none
LC769681.1	none	none	none	none	none	none	none	none	exp F3+ R2-	exp F3+ R3-	exp F3+ R2-	exp F3+ R3-	exp F3+ R2-	exp F3+ R3-	exp F3+ R2-	exp F3+ R3-	none	none	none	none	none	none	none	none	none	none	none	none	none	none	none	none	none	none	none	none	none	none	none	none	none	none	none	none	none	none	none	none	none	none	none	none	none	none	none	none	none	none	none	none	none	none	none	none	none	none	none	none	none	none	none	none	none	none	none	none	none	none	none	none	none	none	none	none	none	none	none
LC769683.1	exp F3+ R2-	exp F3+ R1-	exp F3+ R2-	exp F3+ R1-	exp F3+ R3-	exp F3+ R2-	exp F3+ R3-	exp F3+ R2-	none	none	none	none	none	none	none	none	none	none	none	none	none	none	none	none	none	none	none	none	none	none	none	none	none	none	none	none	none	none	none	none	none	none	none	none	none	none	none	none	none	none	none	none	none	none	none	none	none	none	none	none	none	none	none	none	none	none	none	none	none	none	none	none	none	none	none	none	none	none	none	none	none	none	none	none	none	none	none
LC769684.1	exp F3+ R2-	exp F3+ R1-	exp F3+ R2-	exp F3+ R1-	exp F3+ R3-	exp F3+ R2-	exp F3+ R3-	exp F3+ R2-	none	none	none	none	none	none	none	none	none	none	none	none	none	none	none	none	none	none	none	none	none	none	none	none	none	none	none	none	none	none	none	none	none	none	none	none	none	none	none	none	none	none	none	none	none	none	none	none	none	none	none	none	none	none	none	none	none	none	none	none	none	none	none	none	none	none	none	none	none	none	none	none	none	none	none	none	none	none	none
LC769688.1	exp F3+ R3-	exp F3+ R2-	exp F3+ R3-	exp F3+ R2-	exp F3+ R3-	exp F3+ R2-	exp F3+ R3-	exp F3+ R2-	none	none	none	none	none	none	none	none	none	none	none	none	none	none	none	none	none	none	none	none	none	none	none	none	none	none	none	none	none	none	none	none	none	none	none	none	none	none	none	none	none	none	none	none	none	none	none	none	none	none	none	none	none	none	none	none	none	none	none	none	none	none	none	none	none	none	none	none	none	none	none	none	none	none	none	none	none	none	none
LC769689.1	none	none	exp F3+ R3-	none	exp F3+ R3-	none	exp F3+ R2-	exp F3+ R3-	none	none	none	none	none	none	none	none	none	none	none	none	none	none	none	none	none	none	none	none	none	none	none	none	none	none	none	none	none	none	none	none	none	none	none	none	none	none	none	none	none	none	none	none	none	none	none	none	none	none	none	none	none	none	none	none	none	none	none	none	none	none	none	none	none	none	none	none	none	none	none	none	none	none	none	none	none	none	none
LC769691.1	exp F3+ R3-	exp F3+ R2-	exp F3+ R3-	exp F3+ R2-	exp F3+ R3-	exp F3+ R2-	exp F3+ R3-	exp F3+ R2-	none	none	none	none	none	none	none	none	none	none	none	none	none	none	none	none	none	none	none	none	none	none	none	none	none	none	none	none	none	none	none	none	none	none	none	none	none	none	none	none	none	none	none	none	none	none	none	none	none	none	none	none	none	none	none	none	none	none	none	none	none	none	none	none	none	none	none	none	none	none	none	none	none	none	none	none	none	none	none
LC769692.1	exp F3+ R2-	exp F3+ R1-	exp F3+ R2-	exp F3+ R1-	exp F3+ R3-	exp F3+ R2-	exp F3+ R3-	exp F3+ R2-	none	none	none	none	none	none	none	none	none	none	none	none	none	none	none	none	none	none	none	none	none	none	none	none	none	none	none	none	none	none	none	none	none	none	none	none	none	none	none	none	none	none	none	none	none	none	none	none	none	none	none	none	none	none	none	none	none	none	none	none	none	none	none	none	none	none	none	none	none	none	none	none	none	none	none	none	none	none	none
LC769693.1	exp F3+ R3-	exp F3+ R2-	exp F3+ R3-	exp F3+ R2-	exp F3+ R3-	exp F3+ R2-	exp F3+ R3-	exp F3+ R2-	none	none	none	none	none	none	none	none	none	none	none	none	none	none	none	none	none	none	none	none	none	none	none	none	none	none	none	none	none	none	none	none	none	none	none	none	none	none	none	none	none	none	none	none	none	none	none	none	none	none	none	none	none	none	none	none	none	none	none	none	none	none	none	none	none	none	none	none	none	none	none	none	none	none	none	none	none	none	none
LC769695.1	exp F3+ R3-	exp F3+ R2-	exp F3+ R3-	exp F3+ R2-	exp F3+ R3-	exp F3+ R2-	exp F3+ R3-	exp F3+ R2-	none	none	none	none	none	none	none	none	none	none	none	none	none	none	none	none	none	none	none	none	none	none	none	none	none	none	none	none	none	none	none	none	none	none	none	none	none	none	none	none	none	none	none	none	none	none	none	none	none	none	none	none	none	none	none	none	none	none	none	none	none	none	none	none	none	none	none	none	none	none	none	none	none	none	none	none	none	none	none
LC769696.1	exp F3+ R3-	exp F3+ R2-	exp F3+ R3-	exp F3+ R2-	exp F3+ R3-	exp F3+ R2-	exp F3+ R3-	exp F3+ R2-	none	none	none	none	none	none	none	none	none	none	none	none	none	none	none	none	none	none	none	none	none	none	none	none	none	none	none	none	none	none	none	none	none	none	none	none	none	none	none	none	none	none	none	none	none	none	none	none	none	none	none	none	none	none	none	none	none	none	none	none	none	none	none	none	none	none	none	none	none	none	none	none	none	none	none	none	none	none	none
LC769698.1	exp F3+ R3-	exp F3+ R2-	exp F3+ R3-	exp F3+ R2-	exp F3+ R3-	exp F3+ R2-	exp F3+ R3-	exp F3+ R2-	none	none	none	none	none	none	none	none	none	none	none	none	none	none	none	none	none	none	none	none	none	none	none	none	none	none	none	none	none	none	none	none	none	none	none	none	none	none	none	none	none	none	none	none	none	none	none	none	none	none	none	none	none	none	none	none	none	none	none	none	none	none	none	none	none	none	none	none	none	none	none	none	none	none	none	none	none	none	none
LC769699.1	exp F3+ R3-	exp F3+ R2-	exp F3+ R3-	exp F3+ R2-	exp F3+ R3-	exp F3+ R2-	exp F3+ R3-	exp F3+ R2-	none	none	none	none	none	none	none	none	none	none	none	none	none	none	none	none	none	none	none	none	none	none	none	none	none	none	none	none	none	none	none	none	none	none	none	none	none	none	none	none	none	none	none	none	none	none	none	none	none	none	none	none	none	none	none	none	none	none	none	none	none	none	none	none	none	none	none	none	none	none	none	none	none	none	none	none	none	none	none
LC769701.1	exp F3+ R2-	exp F3+ R3-	exp F3+ R2-	exp F3+ R3-	exp F3+ R2-	exp F3+ R3-	exp F3+ R2-	exp F3+ R3-	none	none	none	none	none	none	none	none	none	none	none	none	none	none	none	none	none	none	none	none	none	none	none	none	none	none	none	none	none	none	none	none	none	none	none	none	none	none	none	none	none	none	none	none	none	none	none	none	none	none	none	none	none	none	none	none	none	none	none	none	none	none	none	none	none	none	none	none	none	none	none	none	none	none	none	none	none	none	none
LC769702.1	none	none	exp F3+ R3-	none	exp F3+ R3-	none	exp F3+ R2-	exp F3+ R3-	none	none	none	none	none	none	none	none	none	none	none	none	none	none	none	none	none	none	none	none	none	none	none	none	none	none	none	none	none	none	none	none	none	none	none	none	none	none	none	none	none	none	none	none	none	none	none	none	none	none	none	none	none	none	none	none	none	none	none	none	none	none	none	none	none	none	none	none	none	none	none	none	none	none	none	none	none	none	none
LC769703.1	exp F3+ R3-	exp F3+ R2-	exp F3+ R2-	exp F3+ R1-	exp F3+ R2-	exp F3+ R1-	exp F3+ R1-	exp F3+ R0-	none	none	none	none	none	none	none	none	none	none	none	none	none	none	none	none	none	none	none	none	none	none	none	none	none	none	none	none	none	none	none	none	none	none	none	none	none	none	none	none	none	none	none	none	none	none	none	none	none	none	none	none	none	none	none	none	none	none	none	none	none	none	none	none	none	none	none	none	none	none	none	exp F3+ R3-	exp F3+ R2-	exp F3+ R2-	exp F3+ R1-	exp F3+ R2-	exp F3+ R1-	exp F3+ R1-	exp F3+ R0-
LC769705.1	exp F3+ R3-	exp F3+ R2-	exp F3+ R3-	exp F3+ R2-	exp F3+ R3-	exp F3+ R2-	exp F3+ R3-	exp F3+ R2-	none	none	none	none	none	none	none	none	none	none	none	none	none	none	none	none	none	none	none	none	none	none	none	none	none	none	none	none	none	none	none	none	none	none	none	none	none	none	none	none	none	none	none	none	none	none	none	none	none	none	none	none	none	none	none	none	none	none	none	none	none	none	none	none	none	none	none	none	none	none	none	none	none	none	none	none	none	none	none
LC769706.1	none	none	exp F3+ R3-	none	exp F3+ R3-	none	exp F3+ R2-	exp F3+ R3-	none	none	none	none	none	none	none	none	none	none	none	none	none	none	none	none	none	none	none	none	none	none	none	none	none	none	none	none	none	none	none	none	none	none	none	none	none	none	none	none	none	none	none	none	none	none	none	none	none	none	none	none	none	none	none	none	none	none	none	none	none	none	none	none	none	none	none	none	none	none	none	none	none	none	none	none	none	none	none
LC769707.1	exp F3+ R3-	exp F3+ R2-	exp F3+ R3-	exp F3+ R2-	exp F3+ R3-	exp F3+ R2-	exp F3+ R3-	exp F3+ R2-	none	none	none	none	none	none	none	none	none	none	none	none	none	none	none	none	none	none	none	none	none	none	none	none	none	none	none	none	none	none	none	none	none	none	none	none	none	none	none	none	none	none	none	none	none	none	none	none	none	none	none	none	none	none	none	none	none	none	none	none	none	none	none	none	none	none	none	none	none	none	none	none	none	none	none	none	none	none	none
LC769709.1	none	none	exp F3+ R3-	none	exp F3+ R3-	none	exp F3+ R2-	exp F3+ R3-	none	none	none	none	none	none	none	none	none	none	none	none	none	none	none	none	none	none	none	none	none	none	none	none	none	none	none	none	none	none	none	none	none	none	none	none	none	none	none	none	none	none	none	none	none	none	none	none	none	none	none	none	none	none	none	none	none	none	none	none	none	none	none	none	none	none	none	none	none	none	none	none	none	none	none	none	none	none	none
LC769712.1	none	none	exp F3+ R3-	none	exp F3+ R3-	none	exp F3+ R2-	exp F3+ R3-	none	none	none	none	none	none	none	none	none	none	none	none	none	none	none	none	none	none	none	none	none	none	none	none	none	none	none	none	none	none	none	none	none	none	none	none	none	none	none	none	none	none	none	none	none	none	none	none	none	none	none	none	none	none	none	none	none	none	none	none	none	none	none	none	none	none	none	none	none	none	none	none	none	none	none	none	none	none	none
LC769713.1	none	none	exp F3+ R3-	none	exp F3+ R3-	none	exp F3+ R2-	exp F3+ R3-	none	none	none	none	none	none	none	none	none	none	none	none	none	none	none	none	none	none	none	none	none	none	none	none	none	none	none	none	none	none	none	none	none	none	none	none	none	none	none	none	none	none	none	none	none	none	none	none	none	none	none	none	none	none	none	none	none	none	none	none	none	none	none	none	none	none	none	none	none	none	none	none	none	none	none	none	none	none	none
LC769714.1	exp F3+ R2-	exp F3+ R1-	exp F3+ R2-	exp F3+ R1-	exp F3+ R3-	exp F3+ R2-	exp F3+ R3-	exp F3+ R2-	none	none	none	none	none	none	none	none	none	none	none	none	none	none	none	none	none	none	none	none	none	none	none	none	none	none	none	none	none	none	none	none	none	none	none	none	none	none	none	none	none	none	none	none	none	none	none	none	none	none	none	none	none	none	none	none	none	none	none	none	none	none	none	none	none	none	none	none	none	none	none	none	none	none	none	none	none	none	none
LC769715.1	none	none	exp F3+ R3-	none	exp F3+ R3-	none	exp F3+ R2-	exp F3+ R3-	none	none	none	none	none	none	none	none	none	none	none	none	none	none	none	none	none	none	none	none	none	none	none	none	none	none	none	none	none	none	none	none	none	none	none	none	none	none	none	none	none	none	none	none	none	none	none	none	none	none	none	none	none	none	none	none	none	none	none	none	none	none	none	none	none	none	none	none	none	none	none	none	none	none	none	none	none	none	none
KY496328.1	none	none	none	lin F1+	none	none	none	none	none	none	none	none	none	none	none	none	none	none	none	none	none	none	none	none	none	none	none	none	none	none	none	none	none	none	none	none	none	none	none	none	none	none	none	none	none	none	none	none	none	none	none	none	none	none	none	none	none	none	none	none	none	none	none	none	none	none	none	none	none	none	none	none	none	none	none	none	none	none	none	none	none	none	none	none	none	none	none
PP587395.1	none	none	exp F2+ R3-	none	exp F2+ R3-	none	exp F2+ R2-	exp F2+ R3-	none	none	none	none	none	none	none	none	none	none	none	none	none	none	none	none	none	none	none	none	none	none	none	none	none	none	none	none	none	none	none	none	none	none	none	none	none	none	none	none	none	none	none	none	none	none	none	none	none	none	none	none	none	none	none	none	none	none	none	none	none	none	none	none	none	none	none	none	none	none	none	none	none	none	none	none	none	none	none
OL468714.1	exp F2+ R1-	exp F2+ R2-	exp F2+ R0-	exp F2+ R1-	exp F2+ R2-	exp F2+ R3-	exp F2+ R1-	exp F2+ R2-	none	none	none	none	none	none	none	none	none	none	none	none	none	none	none	none	none	none	none	none	none	none	none	none	none	none	none	none	none	none	none	none	none	none	none	none	none	none	none	none	none	none	none	none	none	none	none	none	none	none	none	none	none	none	none	none	none	none	none	none	none	none	none	none	none	none	none	none	none	none	none	none	none	none	none	none	none	none	none
MN567957.1	exp F3+ R2-	none	exp F3+ R2-	none	exp F3+ R3-	none	exp F3+ R3-	none	none	none	none	none	none	none	none	none	none	none	none	none	none	none	none	none	none	none	none	none	none	none	none	none	none	none	none	none	none	none	none	none	none	none	none	none	none	none	none	none	none	none	none	none	none	none	none	none	none	none	none	none	none	none	none	none	none	none	none	none	none	none	none	none	none	none	none	none	none	none	none	none	none	none	none	none	none	none	none
MN416944.1	exp F2+ R1-	exp F2+ R2-	exp F2+ R0-	exp F2+ R1-	exp F2+ R2-	exp F2+ R3-	exp F2+ R1-	exp F2+ R2-	none	none	none	none	none	none	none	none	none	none	none	none	none	none	none	none	none	none	none	none	none	none	none	none	none	none	none	none	none	none	none	none	none	none	none	none	none	none	none	none	none	none	none	none	none	none	none	none	none	none	none	none	none	none	none	none	none	none	none	none	none	none	none	none	none	none	none	none	none	none	none	none	none	none	none	none	none	none	none
MN416945.1	none	none	exp F3+ R3-	none	exp F3+ R3-	none	exp F3+ R2-	exp F3+ R3-	none	none	none	none	none	none	none	none	none	none	none	none	none	none	none	none	none	none	none	none	none	none	none	none	none	none	none	none	none	none	none	none	none	none	none	none	none	none	none	none	none	none	none	none	none	none	none	none	none	none	none	none	none	none	none	none	none	none	none	none	none	none	none	none	none	none	none	none	none	none	none	none	none	none	none	none	none	none	none
MN416946.1	exp F2+ R1-	exp F2+ R2-	exp F2+ R0-	exp F2+ R1-	exp F2+ R2-	exp F2+ R3-	exp F2+ R1-	exp F2+ R2-	none	none	none	none	none	none	none	none	none	none	none	none	none	none	none	none	none	none	none	none	none	none	none	none	none	none	none	none	none	none	none	none	none	none	none	none	none	none	none	none	none	none	none	none	none	none	none	none	none	none	none	none	none	none	none	none	none	none	none	none	none	none	none	none	none	none	none	none	none	none	none	none	none	none	none	none	none	none	none
MK956197.1	exp F2+ R1-	exp F2+ R2-	exp F2+ R0-	exp F2+ R1-	exp F2+ R2-	exp F2+ R3-	exp F2+ R1-	exp F2+ R2-	none	none	none	none	none	none	none	none	none	none	none	none	none	none	none	none	none	none	none	none	none	none	none	none	none	none	none	none	none	none	none	none	none	none	none	none	none	none	none	none	none	none	none	none	none	none	none	none	none	none	none	none	none	none	none	none	none	none	none	none	none	none	none	none	none	none	none	none	none	none	none	none	none	none	none	none	none	none	none
MK956198.1	exp F2+ R1-	exp F2+ R2-	exp F2+ R0-	exp F2+ R1-	exp F2+ R2-	exp F2+ R3-	exp F2+ R1-	exp F2+ R2-	none	none	none	none	none	none	none	none	none	none	none	none	none	none	none	none	none	none	none	none	none	none	none	none	none	none	none	none	none	none	none	none	none	none	none	none	none	none	none	none	none	none	none	none	none	none	none	none	none	none	none	none	none	none	none	none	none	none	none	none	none	none	none	none	none	none	none	none	none	none	none	none	none	none	none	none	none	none	none
MK956199.1	exp F2+ R1-	exp F2+ R2-	exp F2+ R0-	exp F2+ R1-	exp F2+ R2-	exp F2+ R3-	exp F2+ R1-	exp F2+ R2-	none	none	none	none	none	none	none	none	none	none	none	none	none	none	none	none	none	none	none	none	none	none	none	none	none	none	none	none	none	none	none	none	none	none	none	none	none	none	none	none	none	none	none	none	none	none	none	none	none	none	none	none	none	none	none	none	none	none	none	none	none	none	none	none	none	none	none	none	none	none	none	none	none	none	none	none	none	none	none
MK907785.1	exp F3+ R3-	exp F3+ R2-	exp F3+ R3-	exp F3+ R2-	exp F3+ R3-	exp F3+ R2-	exp F3+ R3-	exp F3+ R2-	none	none	none	none	none	none	none	none	none	none	none	none	none	none	none	none	none	none	none	none	none	none	none	none	none	none	none	none	none	none	none	none	none	none	none	none	none	none	none	none	none	none	none	none	none	none	none	none	none	none	none	none	none	none	none	none	none	none	none	none	none	none	none	none	none	none	none	none	none	none	none	none	none	none	none	none	none	none	none
MK907786.1	exp F2+ R1-	exp F2+ R2-	exp F2+ R0-	exp F2+ R1-	exp F2+ R2-	exp F2+ R3-	exp F2+ R1-	exp F2+ R2-	none	none	none	none	none	none	none	none	none	none	none	none	none	none	none	none	none	none	none	none	none	none	none	none	none	none	none	none	none	none	none	none	none	none	none	none	none	none	none	none	none	none	none	none	none	none	none	none	none	none	none	none	none	none	none	none	none	none	none	none	none	none	none	none	none	none	none	none	none	none	none	none	none	none	none	none	none	none	none
MK907787.1	none	none	exp F2+ R3-	none	exp F2+ R3-	none	exp F2+ R2-	exp F2+ R3-	none	none	none	none	none	none	none	none	none	none	none	none	none	none	none	none	none	none	none	none	none	none	none	none	none	none	none	none	none	none	none	none	none	none	none	none	none	none	none	none	none	none	none	none	none	none	none	none	none	none	none	none	none	none	none	none	none	none	none	none	none	none	none	none	none	none	none	none	none	none	none	none	none	none	none	none	none	none	none
MK907788.1	exp F3+ R3-	exp F3+ R2-	exp F3+ R3-	exp F3+ R2-	exp F3+ R3-	exp F3+ R2-	exp F3+ R3-	exp F3+ R2-	none	none	none	none	none	none	none	none	none	none	none	none	none	none	none	none	none	none	none	none	none	none	none	none	none	none	none	none	none	none	none	none	none	none	none	none	none	none	none	none	none	none	none	none	none	none	none	none	none	none	none	none	none	none	none	none	none	none	none	none	none	none	none	none	none	none	none	none	none	none	none	none	none	none	none	none	none	none	none
MK907789.1	exp F2+ R1-	exp F2+ R2-	exp F2+ R0-	exp F2+ R1-	exp F2+ R2-	exp F2+ R3-	exp F2+ R1-	exp F2+ R2-	none	none	none	none	none	none	none	none	none	none	none	none	none	none	none	none	none	none	none	none	none	none	none	none	none	none	none	none	none	none	none	none	none	none	none	none	none	none	none	none	none	none	none	none	none	none	none	none	none	none	none	none	none	none	none	none	none	none	none	none	none	none	none	none	none	none	none	none	none	none	none	none	none	none	none	none	none	none	none
MK907790.1	exp F3+ R2-	exp F3+ R1-	exp F3+ R3-	exp F3+ R2-	exp F3+ R2-	exp F3+ R1-	exp F3+ R3-	exp F3+ R2-	none	none	none	none	none	none	none	none	none	none	none	none	none	none	none	none	none	none	none	none	none	none	none	none	none	none	none	none	none	none	none	none	none	none	none	none	none	none	none	none	none	none	none	none	none	none	none	none	none	none	none	none	none	none	none	none	none	none	none	none	none	none	none	none	none	none	none	none	none	none	none	none	none	none	none	none	none	none	none
MK907791.1	exp F3+ R2-	exp F3+ R1-	exp F3+ R3-	exp F3+ R2-	exp F3+ R2-	exp F3+ R1-	exp F3+ R3-	exp F3+ R2-	none	none	none	none	none	none	none	none	none	none	none	none	none	none	none	none	none	none	none	none	none	none	none	none	none	none	none	none	none	none	none	none	none	none	none	none	none	none	none	none	none	none	none	none	none	none	none	none	none	none	none	none	none	none	none	none	none	none	none	none	none	none	none	none	none	none	none	none	none	none	none	none	none	none	none	none	none	none	none
MK907802.1	exp F3+ R3-	exp F3+ R2-	exp F3+ R2-	exp F3+ R1-	exp F3+ R3-	exp F3+ R2-	exp F3+ R2-	exp F3+ R1-	none	none	none	none	none	none	none	none	none	none	none	none	none	none	none	none	none	none	none	none	none	none	none	none	none	none	none	none	none	none	none	none	none	none	none	none	none	none	none	none	none	none	none	none	none	none	none	none	none	none	none	none	none	none	none	none	none	none	none	none	none	none	none	none	none	none	none	none	none	none	none	none	none	none	none	none	none	none	none
LC369215.1	exp F3+ R2-	exp F3+ R1-	exp F3+ R3-	exp F3+ R2-	exp F3+ R2-	exp F3+ R1-	exp F3+ R3-	exp F3+ R2-	none	none	none	none	none	none	none	none	none	none	none	none	none	none	none	none	none	none	none	none	none	none	none	none	none	none	none	none	none	none	none	none	none	none	none	none	none	none	none	none	none	none	none	none	none	none	none	none	none	none	none	none	none	none	none	none	none	none	none	none	none	none	none	none	none	none	none	none	none	none	none	none	none	none	none	none	none	none	none
LC369216.1	exp F3+ R2-	exp F3+ R1-	exp F3+ R3-	exp F3+ R2-	exp F3+ R2-	exp F3+ R1-	exp F3+ R3-	exp F3+ R2-	none	none	none	none	none	none	none	none	none	none	none	none	none	none	none	none	none	none	none	none	none	none	none	none	none	none	none	none	none	none	none	none	none	none	none	none	none	none	none	none	none	none	none	none	none	none	none	none	none	none	none	none	none	none	none	none	none	none	none	none	none	none	none	none	none	none	none	none	none	none	none	none	none	none	none	none	none	none	none
LC369217.1	exp F3+ R2-	exp F3+ R1-	exp F3+ R3-	exp F3+ R2-	exp F3+ R2-	exp F3+ R1-	exp F3+ R3-	exp F3+ R2-	none	none	none	none	none	none	none	none	none	none	none	none	none	none	none	none	none	none	none	none	none	none	none	none	none	none	none	none	none	none	none	none	none	none	none	none	none	none	none	none	none	none	none	none	none	none	none	none	none	none	none	none	none	none	none	none	none	none	none	none	none	none	none	none	none	none	none	none	none	none	none	none	none	none	none	none	none	none	none
LC369218.1	exp F3+ R2-	exp F3+ R1-	exp F3+ R3-	exp F3+ R2-	exp F3+ R2-	exp F3+ R1-	exp F3+ R3-	exp F3+ R2-	none	none	none	none	none	none	none	none	none	none	none	none	none	none	none	none	none	none	none	none	none	none	none	none	none	none	none	none	none	none	none	none	none	none	none	none	none	none	none	none	none	none	none	none	none	none	none	none	none	none	none	none	none	none	none	none	none	none	none	none	none	none	none	none	none	none	none	none	none	none	none	none	none	none	none	none	none	none	none
LC369220.1	exp F3+ R2-	exp F3+ R1-	exp F3+ R3-	exp F3+ R2-	exp F3+ R2-	exp F3+ R1-	exp F3+ R3-	exp F3+ R2-	none	none	none	none	none	none	none	none	none	none	none	none	none	none	none	none	none	none	none	none	none	none	none	none	none	none	none	none	none	none	none	none	none	none	none	none	none	none	none	none	none	none	none	none	none	none	none	none	none	none	none	none	none	none	none	none	none	none	none	none	none	none	none	none	none	none	none	none	none	none	none	none	none	none	none	none	none	none	none
LC369221.1	exp F3+ R2-	exp F3+ R1-	exp F3+ R3-	exp F3+ R2-	exp F3+ R2-	exp F3+ R1-	exp F3+ R3-	exp F3+ R2-	none	none	none	none	none	none	none	none	none	none	none	none	none	none	none	none	none	none	none	none	none	none	none	none	none	none	none	none	none	none	none	none	none	none	none	none	none	none	none	none	none	none	none	none	none	none	none	none	none	none	none	none	none	none	none	none	none	none	none	none	none	none	none	none	none	none	none	none	none	none	none	none	none	none	none	none	none	none	none
LC369222.1	exp F3+ R2-	exp F3+ R1-	exp F3+ R3-	exp F3+ R2-	exp F3+ R2-	exp F3+ R1-	exp F3+ R3-	exp F3+ R2-	none	none	none	none	none	none	none	none	none	none	none	none	none	none	none	none	none	none	none	none	none	none	none	none	none	none	none	none	none	none	none	none	none	none	none	none	none	none	none	none	none	none	none	none	none	none	none	none	none	none	none	none	none	none	none	none	none	none	none	none	none	none	none	none	none	none	none	none	none	none	none	none	none	none	none	none	none	none	none
LC369224.1	exp F3+ R2-	exp F3+ R1-	exp F3+ R3-	exp F3+ R2-	exp F3+ R2-	exp F3+ R1-	exp F3+ R3-	exp F3+ R2-	none	none	none	none	none	none	none	none	none	none	none	none	none	none	none	none	none	none	none	none	none	none	none	none	none	none	none	none	none	none	none	none	none	none	none	none	none	none	none	none	none	none	none	none	none	none	none	none	none	none	none	none	none	none	none	none	none	none	none	none	none	none	none	none	none	none	none	none	none	none	none	none	none	none	none	none	none	none	none
LC369225.1	exp F3+ R2-	exp F3+ R1-	exp F3+ R3-	exp F3+ R2-	exp F3+ R2-	exp F3+ R1-	exp F3+ R3-	exp F3+ R2-	none	none	none	none	none	none	none	none	none	none	none	none	none	none	none	none	none	none	none	none	none	none	none	none	none	none	none	none	none	none	none	none	none	none	none	none	none	none	none	none	none	none	none	none	none	none	none	none	none	none	none	none	none	none	none	none	none	none	none	none	none	none	none	none	none	none	none	none	none	none	none	none	none	none	none	none	none	none	none
LC369227.1	exp F3+ R2-	exp F3+ R1-	exp F3+ R3-	exp F3+ R2-	exp F3+ R2-	exp F3+ R1-	exp F3+ R3-	exp F3+ R2-	none	none	none	none	none	none	none	none	none	none	none	none	none	none	none	none	none	none	none	none	none	none	none	none	none	none	none	none	none	none	none	none	none	none	none	none	none	none	none	none	none	none	none	none	none	none	none	none	none	none	none	none	none	none	none	none	none	none	none	none	none	none	none	none	none	none	none	none	none	none	none	none	none	none	none	none	none	none	none
LC369228.1	exp F3+ R2-	exp F3+ R1-	exp F3+ R3-	exp F3+ R2-	exp F3+ R2-	exp F3+ R1-	exp F3+ R3-	exp F3+ R2-	none	none	none	none	none	none	none	none	none	none	none	none	none	none	none	none	none	none	none	none	none	none	none	none	none	none	none	none	none	none	none	none	none	none	none	none	none	none	none	none	none	none	none	none	none	none	none	none	none	none	none	none	none	none	none	none	none	none	none	none	none	none	none	none	none	none	none	none	none	none	none	none	none	none	none	none	none	none	none
LC369229.1	exp F3+ R2-	exp F3+ R1-	exp F3+ R3-	exp F3+ R2-	exp F3+ R2-	exp F3+ R1-	exp F3+ R3-	exp F3+ R2-	none	none	none	none	none	none	none	none	none	none	none	none	none	none	none	none	none	none	none	none	none	none	none	none	none	none	none	none	none	none	none	none	none	none	none	none	none	none	none	none	none	none	none	none	none	none	none	none	none	none	none	none	none	none	none	none	none	none	none	none	none	none	none	none	none	none	none	none	none	none	none	none	none	none	none	none	none	none	none
LC369230.1	exp F3+ R2-	exp F3+ R1-	exp F3+ R3-	exp F3+ R2-	exp F3+ R2-	exp F3+ R1-	exp F3+ R3-	exp F3+ R2-	none	none	none	none	none	none	none	none	none	none	none	none	none	none	none	none	none	none	none	none	none	none	none	none	none	none	none	none	none	none	none	none	none	none	none	none	none	none	none	none	none	none	none	none	none	none	none	none	none	none	none	none	none	none	none	none	none	none	none	none	none	none	none	none	none	none	none	none	none	none	none	none	none	none	none	none	none	none	none
LC369231.1	exp F2+ R2-	exp F2+ R1-	exp F2+ R3-	exp F2+ R2-	exp F2+ R2-	exp F2+ R1-	exp F2+ R3-	exp F2+ R2-	none	none	none	none	none	none	none	none	none	none	none	none	none	none	none	none	none	none	none	none	none	none	none	none	none	none	none	none	none	none	none	none	none	none	none	none	none	none	none	none	none	none	none	none	none	none	none	none	none	none	none	none	none	none	none	none	none	none	none	none	none	none	none	none	none	none	none	none	none	none	none	none	none	none	none	none	none	none	none
LC369232.1	exp F3+ R2-	exp F3+ R1-	exp F3+ R3-	exp F3+ R2-	exp F3+ R2-	exp F3+ R1-	exp F3+ R3-	exp F3+ R2-	none	none	none	none	none	none	none	none	none	none	none	none	none	none	none	none	none	none	none	none	none	none	none	none	none	none	none	none	none	none	none	none	none	none	none	none	none	none	none	none	none	none	none	none	none	none	none	none	none	none	none	none	none	none	none	none	none	none	none	none	none	none	none	none	none	none	none	none	none	none	none	none	none	none	none	none	none	none	none
LC369233.1	exp F3+ R2-	exp F3+ R1-	exp F3+ R3-	exp F3+ R2-	exp F3+ R2-	exp F3+ R1-	exp F3+ R3-	exp F3+ R2-	none	none	none	none	none	none	none	none	none	none	none	none	none	none	none	none	none	none	none	none	none	none	none	none	none	none	none	none	none	none	none	none	none	none	none	none	none	none	none	none	none	none	none	none	none	none	none	none	none	none	none	none	none	none	none	none	none	none	none	none	none	none	none	none	none	none	none	none	none	none	none	none	none	none	none	none	none	none	none
LC369234.1	exp F3+ R2-	exp F3+ R1-	exp F3+ R3-	exp F3+ R2-	exp F3+ R2-	exp F3+ R1-	exp F3+ R3-	exp F3+ R2-	none	none	none	none	none	none	none	none	none	none	none	none	none	none	none	none	none	none	none	none	none	none	none	none	none	none	none	none	none	none	none	none	none	none	none	none	none	none	none	none	none	none	none	none	none	none	none	none	none	none	none	none	none	none	none	none	none	none	none	none	none	none	none	none	none	none	none	none	none	none	none	none	none	none	none	none	none	none	none
LC369235.1	exp F3+ R2-	exp F3+ R1-	exp F3+ R3-	exp F3+ R2-	exp F3+ R2-	exp F3+ R1-	exp F3+ R3-	exp F3+ R2-	none	none	none	none	none	none	none	none	none	none	none	none	none	none	none	none	none	none	none	none	none	none	none	none	none	none	none	none	none	none	none	none	none	none	none	none	none	none	none	none	none	none	none	none	none	none	none	none	none	none	none	none	none	none	none	none	none	none	none	none	none	none	none	none	none	none	none	none	none	none	none	none	none	none	none	none	none	none	none
LC369237.1	exp F3+ R2-	exp F3+ R1-	exp F3+ R3-	exp F3+ R2-	exp F3+ R2-	exp F3+ R1-	exp F3+ R3-	exp F3+ R2-	none	none	none	none	none	none	none	none	none	none	none	none	none	none	none	none	none	none	none	none	none	none	none	none	none	none	none	none	none	none	none	none	none	none	none	none	none	none	none	none	none	none	none	none	none	none	none	none	none	none	none	none	none	none	none	none	none	none	none	none	none	none	none	none	none	none	none	none	none	none	none	none	none	none	none	none	none	none	none
LC369238.1	exp F3+ R2-	exp F3+ R1-	exp F3+ R3-	exp F3+ R2-	exp F3+ R2-	exp F3+ R1-	exp F3+ R3-	exp F3+ R2-	none	none	none	none	none	none	none	none	none	none	none	none	none	none	none	none	none	none	none	none	none	none	none	none	none	none	none	none	none	none	none	none	none	none	none	none	none	none	none	none	none	none	none	none	none	none	none	none	none	none	none	none	none	none	none	none	none	none	none	none	none	none	none	none	none	none	none	none	none	none	none	none	none	none	none	none	none	none	none
LC369239.1	exp F3+ R2-	exp F3+ R1-	exp F3+ R3-	exp F3+ R2-	exp F3+ R2-	exp F3+ R1-	exp F3+ R3-	exp F3+ R2-	none	none	none	none	none	none	none	none	none	none	none	none	none	none	none	none	none	none	none	none	none	none	none	none	none	none	none	none	none	none	none	none	none	none	none	none	none	none	none	none	none	none	none	none	none	none	none	none	none	none	none	none	none	none	none	none	none	none	none	none	none	none	none	none	none	none	none	none	none	none	none	none	none	none	none	none	none	none	none
LC369240.1	exp F3+ R2-	exp F3+ R1-	exp F3+ R3-	exp F3+ R2-	exp F3+ R2-	exp F3+ R1-	exp F3+ R3-	exp F3+ R2-	none	none	none	none	none	none	none	none	none	none	none	none	none	none	none	none	none	none	none	none	none	none	none	none	none	none	none	none	none	none	none	none	none	none	none	none	none	none	none	none	none	none	none	none	none	none	none	none	none	none	none	none	none	none	none	none	none	none	none	none	none	none	none	none	none	none	none	none	none	none	none	none	none	none	none	none	none	none	none
LC369242.1	exp F3+ R2-	exp F3+ R1-	exp F3+ R3-	exp F3+ R2-	exp F3+ R2-	exp F3+ R1-	exp F3+ R3-	exp F3+ R2-	none	none	none	none	none	none	none	none	none	none	none	none	none	none	none	none	none	none	none	none	none	none	none	none	none	none	none	none	none	none	none	none	none	none	none	none	none	none	none	none	none	none	none	none	none	none	none	none	none	none	none	none	none	none	none	none	none	none	none	none	none	none	none	none	none	none	none	none	none	none	none	none	none	none	none	none	none	none	none
LC369243.1	exp F3+ R2-	exp F3+ R1-	exp F3+ R3-	exp F3+ R2-	exp F3+ R2-	exp F3+ R1-	exp F3+ R3-	exp F3+ R2-	none	none	none	none	none	none	none	none	none	none	none	none	none	none	none	none	none	none	none	none	none	none	none	none	none	none	none	none	none	none	none	none	none	none	none	none	none	none	none	none	none	none	none	none	none	none	none	none	none	none	none	none	none	none	none	none	none	none	none	none	none	none	none	none	none	none	none	none	none	none	none	none	none	none	none	none	none	none	none
LC369245.1	exp F3+ R2-	exp F3+ R1-	exp F3+ R3-	exp F3+ R2-	exp F3+ R2-	exp F3+ R1-	exp F3+ R3-	exp F3+ R2-	none	none	none	none	none	none	none	none	none	none	none	none	none	none	none	none	none	none	none	none	none	none	none	none	none	none	none	none	none	none	none	none	none	none	none	none	none	none	none	none	none	none	none	none	none	none	none	none	none	none	none	none	none	none	none	none	none	none	none	none	none	none	none	none	none	none	none	none	none	none	none	none	none	none	none	none	none	none	none
LC369246.1	exp F3+ R2-	exp F3+ R1-	exp F3+ R3-	exp F3+ R2-	exp F3+ R2-	exp F3+ R1-	exp F3+ R3-	exp F3+ R2-	none	none	none	none	none	none	none	none	none	none	none	none	none	none	none	none	none	none	none	none	none	none	none	none	none	none	none	none	none	none	none	none	none	none	none	none	none	none	none	none	none	none	none	none	none	none	none	none	none	none	none	none	none	none	none	none	none	none	none	none	none	none	none	none	none	none	none	none	none	none	none	none	none	none	none	none	none	none	none
LC369247.1	exp F3+ R2-	exp F3+ R1-	exp F3+ R3-	exp F3+ R2-	exp F3+ R2-	exp F3+ R1-	exp F3+ R3-	exp F3+ R2-	none	none	none	none	none	none	none	none	none	none	none	none	none	none	none	none	none	none	none	none	none	none	none	none	none	none	none	none	none	none	none	none	none	none	none	none	none	none	none	none	none	none	none	none	none	none	none	none	none	none	none	none	none	none	none	none	none	none	none	none	none	none	none	none	none	none	none	none	none	none	none	none	none	none	none	none	none	none	none
LC369248.1	exp F3+ R2-	exp F3+ R1-	exp F3+ R3-	exp F3+ R2-	exp F3+ R2-	exp F3+ R1-	exp F3+ R3-	exp F3+ R2-	none	none	none	none	none	none	none	none	none	none	none	none	none	none	none	none	none	none	none	none	none	none	none	none	none	none	none	none	none	none	none	none	none	none	none	none	none	none	none	none	none	none	none	none	none	none	none	none	none	none	none	none	none	none	none	none	none	none	none	none	none	none	none	none	none	none	none	none	none	none	none	none	none	none	none	none	none	none	none
LC369249.1	exp F3+ R2-	exp F3+ R1-	exp F3+ R3-	exp F3+ R2-	exp F3+ R2-	exp F3+ R1-	exp F3+ R3-	exp F3+ R2-	none	none	none	none	none	none	none	none	none	none	none	none	none	none	none	none	none	none	none	none	none	none	none	none	none	none	none	none	none	none	none	none	none	none	none	none	none	none	none	none	none	none	none	none	none	none	none	none	none	none	none	none	none	none	none	none	none	none	none	none	none	none	none	none	none	none	none	none	none	none	none	none	none	none	none	none	none	none	none
LC369251.1	exp F3+ R2-	exp F3+ R1-	exp F3+ R3-	exp F3+ R2-	exp F3+ R2-	exp F3+ R1-	exp F3+ R3-	exp F3+ R2-	none	none	none	none	none	none	none	none	none	none	none	none	none	none	none	none	none	none	none	none	none	none	none	none	none	none	none	none	none	none	none	none	none	none	none	none	none	none	none	none	none	none	none	none	none	none	none	none	none	none	none	none	none	none	none	none	none	none	none	none	none	none	none	none	none	none	none	none	none	none	none	none	none	none	none	none	none	none	none
LC369252.1	exp F3+ R2-	exp F3+ R1-	exp F3+ R3-	exp F3+ R2-	exp F3+ R2-	exp F3+ R1-	exp F3+ R3-	exp F3+ R2-	none	none	none	none	none	none	none	none	none	none	none	none	none	none	none	none	none	none	none	none	none	none	none	none	none	none	none	none	none	none	none	none	none	none	none	none	none	none	none	none	none	none	none	none	none	none	none	none	none	none	none	none	none	none	none	none	none	none	none	none	none	none	none	none	none	none	none	none	none	none	none	none	none	none	none	none	none	none	none
LC369253.1	exp F3+ R2-	exp F3+ R1-	exp F3+ R3-	exp F3+ R2-	exp F3+ R2-	exp F3+ R1-	exp F3+ R3-	exp F3+ R2-	none	none	none	none	none	none	none	none	none	none	none	none	none	none	none	none	none	none	none	none	none	none	none	none	none	none	none	none	none	none	none	none	none	none	none	none	none	none	none	none	none	none	none	none	none	none	none	none	none	none	none	none	none	none	none	none	none	none	none	none	none	none	none	none	none	none	none	none	none	none	none	none	none	none	none	none	none	none	none
LC369255.1	exp F3+ R2-	exp F3+ R1-	exp F3+ R3-	exp F3+ R2-	exp F3+ R2-	exp F3+ R1-	exp F3+ R3-	exp F3+ R2-	none	none	none	none	none	none	none	none	none	none	none	none	none	none	none	none	none	none	none	none	none	none	none	none	none	none	none	none	none	none	none	none	none	none	none	none	none	none	none	none	none	none	none	none	none	none	none	none	none	none	none	none	none	none	none	none	none	none	none	none	none	none	none	none	none	none	none	none	none	none	none	none	none	none	none	none	none	none	none
LC369256.1	exp F3+ R2-	exp F3+ R1-	exp F3+ R3-	exp F3+ R2-	exp F3+ R2-	exp F3+ R1-	exp F3+ R3-	exp F3+ R2-	none	none	none	none	none	none	none	none	none	none	none	none	none	none	none	none	none	none	none	none	none	none	none	none	none	none	none	none	none	none	none	none	none	none	none	none	none	none	none	none	none	none	none	none	none	none	none	none	none	none	none	none	none	none	none	none	none	none	none	none	none	none	none	none	none	none	none	none	none	none	none	none	none	none	none	none	none	none	none
LC369257.1	exp F3+ R2-	exp F3+ R1-	exp F3+ R3-	exp F3+ R2-	exp F3+ R2-	exp F3+ R1-	exp F3+ R3-	exp F3+ R2-	none	none	none	none	none	none	none	none	none	none	none	none	none	none	none	none	none	none	none	none	none	none	none	none	none	none	none	none	none	none	none	none	none	none	none	none	none	none	none	none	none	none	none	none	none	none	none	none	none	none	none	none	none	none	none	none	none	none	none	none	none	none	none	none	none	none	none	none	none	none	none	none	none	none	none	none	none	none	none
LC369258.1	exp F3+ R2-	exp F3+ R1-	exp F3+ R3-	exp F3+ R2-	exp F3+ R2-	exp F3+ R1-	exp F3+ R3-	exp F3+ R2-	none	none	none	none	none	none	none	none	none	none	none	none	none	none	none	none	none	none	none	none	none	none	none	none	none	none	none	none	none	none	none	none	none	none	none	none	none	none	none	none	none	none	none	none	none	none	none	none	none	none	none	none	none	none	none	none	none	none	none	none	none	none	none	none	none	none	none	none	none	none	none	none	none	none	none	none	none	none	none
