accession,BLAST_score,begin,end,length,p_type,p_subtype,rdrp_start,rdrp_end,rdrp_source,genotype,genotype_subtype,vp1_start,vp1_end,has_overlap,overlap
PV784273.1,75.859245,0.0,7549.0,7555.0,GII.P17,,3581.0,5110.0,annotated_rdrp,GII.17,,5094.0,6710.0,True,17.0
PV784272.1,75.94108,0.0,7549.0,7555.0,GII.P17,,3581.0,5110.0,annotated_rdrp,GII.17,,5094.0,6710.0,True,17.0
PX285874.1,75.85586,0.0,7573.0,7567.0,GII.P16,,3572.0,5101.0,annotated_rdrp,GII.4,Sydney_2016,5085.0,6707.0,True,17.0
PX285872.1,76.41185,0.0,7538.0,7538.0,GII.P16,,3572.0,5101.0,annotated_rdrp,GII.2,,5085.0,6713.0,True,17.0
PX631121.1,75.708435,0.0,7576.0,7570.0,GII.P16,,3572.0,5101.0,annotated_rdrp,GII.4,Sydney_2016,5085.0,6707.0,True,17.0
GU292831.4,76.53088,0.0,7550.0,7577.0,GII.P16,,3566.0,5095.0,annotated_rdrp,GII.16,,5079.0,6701.0,True,17.0
HM596590.4,75.44232,0.0,7524.0,7536.0,GII.P16,,3569.0,5098.0,annotated_rdrp,GII.5,,5082.0,6704.0,True,17.0
KF895841.2,76.34897,1.0,7555.0,7551.0,GII.P16,,3500.0,5100.0,polyprotein_fallback,GII.3,,5081.0,6727.0,True,20.0
KT779557.1,76.16807,0.0,7552.0,7549.0,GII.P16,,3500.0,5101.0,polyprotein_fallback,GII.3,,5082.0,6728.0,True,20.0
KX586330.1,85.238335,4.0,7519.0,7509.0,GII.P31,,3500.0,5100.0,polyprotein_fallback,GII.4,Sydney_2012,5081.0,6703.0,True,20.0
KY496327.1,85.28784,0.0,7586.0,7580.0,GII.P31,,3500.0,5104.0,polyprotein_fallback,GII.4,Sydney_2012,5085.0,6707.0,True,20.0
KY905331.1,84.253914,-1.0,7551.0,7546.0,GII.P4,New_Orleans_2009,3500.0,5105.0,polyprotein_fallback,GII.4,Could not assign,5086.0,6708.0,True,20.0
LC369258.1,75.74355,54.0,7535.0,7484.0,GII.P17,,3500.0,5056.0,polyprotein_fallback,GII.17,,5037.0,6659.0,True,20.0
LC369257.1,75.70705,5.0,7589.0,7590.0,GII.P17,,3500.0,5108.0,polyprotein_fallback,GII.17,,5089.0,6711.0,True,20.0
LC369256.1,75.7893,10.0,7559.0,7555.0,GII.P17,,3500.0,5103.0,polyprotein_fallback,GII.17,,5084.0,6706.0,True,20.0
LC369255.1,75.82202,10.0,7592.0,7588.0,GII.P17,,3500.0,5103.0,polyprotein_fallback,GII.17,,5084.0,6706.0,True,20.0
LC369253.1,75.78586,15.0,7555.0,7546.0,GII.P17,,3500.0,5098.0,polyprotein_fallback,GII.17,,5079.0,6701.0,True,20.0
LC369252.1,75.78586,15.0,7554.0,7545.0,GII.P17,,3500.0,5098.0,polyprotein_fallback,GII.17,,5079.0,6701.0,True,20.0
LC369251.1,75.077835,15.0,7536.0,7539.0,GII.P17,,3500.0,5098.0,polyprotein_fallback,GII.17,,5079.0,6695.0,True,20.0
LC369249.1,75.830475,12.0,7555.0,7549.0,GII.P17,,3500.0,5101.0,polyprotein_fallback,GII.17,,5082.0,6704.0,True,20.0
LC369248.1,75.78982,14.0,7555.0,7547.0,GII.P17,,3500.0,5099.0,polyprotein_fallback,GII.17,,5080.0,6702.0,True,20.0
LC369247.1,75.75708,14.0,7555.0,7547.0,GII.P17,,3500.0,5099.0,polyprotein_fallback,GII.17,,5080.0,6702.0,True,20.0
LC369246.1,75.92078,14.0,7555.0,7547.0,GII.P17,,3500.0,5099.0,polyprotein_fallback,GII.17,,5080.0,6702.0,True,20.0
LC369245.1,75.82543,5.0,7554.0,7555.0,GII.P17,,3500.0,5108.0,polyprotein_fallback,GII.17,,5089.0,6711.0,True,20.0
LC369243.1,75.732285,12.0,7557.0,7551.0,GII.P17,,3500.0,5101.0,polyprotein_fallback,GII.17,,5082.0,6704.0,True,20.0
LC369242.1,75.85812,5.0,7588.0,7589.0,GII.P17,,3500.0,5108.0,polyprotein_fallback,GII.17,,5089.0,6711.0,True,20.0
LC369240.1,75.699554,12.0,7560.0,7554.0,GII.P17,,3500.0,5101.0,polyprotein_fallback,GII.17,,5082.0,6704.0,True,20.0
LC369239.1,75.70797,14.0,7557.0,7549.0,GII.P17,,3500.0,5099.0,polyprotein_fallback,GII.17,,5080.0,6702.0,True,20.0
LC369238.1,75.6907,6.0,7556.0,7556.0,GII.P17,,3500.0,5107.0,polyprotein_fallback,GII.17,,5088.0,6710.0,True,20.0
LC369237.1,75.743706,5.0,7607.0,7608.0,GII.P17,,3500.0,5108.0,polyprotein_fallback,GII.17,,5089.0,6711.0,True,20.0
LC369235.1,75.74815,8.0,7589.0,7587.0,GII.P17,,3500.0,5105.0,polyprotein_fallback,GII.17,,5086.0,6708.0,True,20.0
LC369234.1,75.74815,8.0,7615.0,7613.0,GII.P17,,3500.0,5105.0,polyprotein_fallback,GII.17,,5086.0,6708.0,True,20.0
LC369233.1,75.72387,10.0,7599.0,7595.0,GII.P17,,3500.0,5103.0,polyprotein_fallback,GII.17,,5084.0,6706.0,True,20.0
LC369232.1,75.756584,10.0,7560.0,7556.0,GII.P17,,3500.0,5103.0,polyprotein_fallback,GII.17,,5084.0,6706.0,True,20.0
LC369231.1,75.65843,10.0,7555.0,7551.0,GII.P17,,3500.0,5103.0,polyprotein_fallback,GII.17,,5084.0,6706.0,True,20.0
LC369230.1,75.74023,10.0,7555.0,7551.0,GII.P17,,3500.0,5103.0,polyprotein_fallback,GII.17,,5084.0,6706.0,True,20.0
LC369229.1,75.72387,10.0,7555.0,7551.0,GII.P17,,3500.0,5103.0,polyprotein_fallback,GII.17,,5084.0,6706.0,True,20.0
LC369228.1,75.72387,10.0,7622.0,7618.0,GII.P17,,3500.0,5103.0,polyprotein_fallback,GII.17,,5084.0,6706.0,True,20.0
LC369227.1,75.83838,10.0,7569.0,7565.0,GII.P17,,3500.0,5103.0,polyprotein_fallback,GII.17,,5084.0,6706.0,True,20.0
LC369225.1,75.89592,12.0,7555.0,7549.0,GII.P17,,3500.0,5101.0,polyprotein_fallback,GII.17,,5082.0,6704.0,True,20.0
LC369224.1,75.8141,12.0,7560.0,7554.0,GII.P17,,3500.0,5101.0,polyprotein_fallback,GII.17,,5082.0,6704.0,True,20.0
LC369222.1,75.8141,12.0,7583.0,7577.0,GII.P17,,3500.0,5101.0,polyprotein_fallback,GII.17,,5082.0,6704.0,True,20.0
LC369221.1,75.822556,14.0,7535.0,7527.0,GII.P17,,3500.0,5099.0,polyprotein_fallback,GII.17,,5080.0,6702.0,True,20.0
LC369220.1,75.75708,14.0,7568.0,7560.0,GII.P17,,3500.0,5099.0,polyprotein_fallback,GII.17,,5080.0,6702.0,True,20.0
LC369218.1,75.813576,8.0,7535.0,7533.0,GII.P17,,3500.0,5105.0,polyprotein_fallback,GII.17,,5086.0,6708.0,True,20.0
LC369217.1,75.78586,15.0,7533.0,7524.0,GII.P17,,3500.0,5098.0,polyprotein_fallback,GII.17,,5079.0,6701.0,True,20.0
LC369216.1,75.818596,15.0,7533.0,7524.0,GII.P17,,3500.0,5098.0,polyprotein_fallback,GII.17,,5079.0,6701.0,True,20.0
LC369215.1,75.82543,5.0,7575.0,7576.0,GII.P17,,3500.0,5108.0,polyprotein_fallback,GII.17,,5089.0,6711.0,True,20.0
LC369214.1,75.86151,0.0,7585.0,7591.0,GII.P17,,3500.0,5113.0,polyprotein_fallback,GII.17,,5094.0,6716.0,True,20.0
LC342059.1,86.073425,0.0,7557.0,7557.0,GII.PNA7,,3500.0,5104.0,polyprotein_fallback,GII.12,,5085.0,6692.0,True,20.0
LC769715.1,76.42701,15.0,7546.0,7531.0,GII.P16,,3500.0,5089.0,polyprotein_fallback,GII.3,,5070.0,6716.0,True,20.0
LC769714.1,75.66408,12.0,7550.0,7532.0,GII.P16,,3500.0,5092.0,polyprotein_fallback,GII.4,Sydney_2016,5073.0,6695.0,True,20.0
LC769713.1,76.34499,6.0,7558.0,7552.0,GII.P16,,3500.0,5098.0,polyprotein_fallback,GII.3,,5079.0,6725.0,True,20.0
LC769712.1,76.34897,5.0,7541.0,7536.0,GII.P16,,3500.0,5099.0,polyprotein_fallback,GII.3,,5080.0,6726.0,True,20.0
LC769709.1,76.22813,10.0,7553.0,7543.0,GII.P16,,3500.0,5094.0,polyprotein_fallback,GII.3,,5075.0,6721.0,True,20.0
LC769707.1,75.77957,12.0,7571.0,7553.0,GII.P16,,3500.0,5092.0,polyprotein_fallback,GII.4,Sydney_2016,5073.0,6695.0,True,20.0
LC769706.1,76.30204,21.0,7546.0,7525.0,GII.P16,,3500.0,5083.0,polyprotein_fallback,GII.3,,5064.0,6710.0,True,20.0
LC769705.1,75.92715,9.0,7581.0,7566.0,GII.P16,,3500.0,5095.0,polyprotein_fallback,GII.4,Sydney_2016,5076.0,6698.0,True,20.0
LC769704.1,76.46169,1.0,7521.0,7520.0,GII.P16,,3500.0,5103.0,polyprotein_fallback,GII.3,,5084.0,6730.0,True,20.0
LC769703.1,76.71486,10.0,7480.0,7470.0,GII.P16,,3500.0,5094.0,polyprotein_fallback,GII.13,,5075.0,6703.0,True,20.0
LC769702.1,77.13642,12.0,7518.0,7521.0,GII.P16,,3500.0,5092.0,polyprotein_fallback,GII.16,,5073.0,6695.0,True,20.0
LC769701.1,84.42947,17.0,7587.0,7567.0,GII.P31,,3500.0,5087.0,polyprotein_fallback,GII.4,Could not assign,5068.0,6693.0,True,20.0
LC769700.1,68.06236,-36.0,7535.0,7577.0,GII.P38,,3500.0,5140.0,polyprotein_fallback,GII.17,,5121.0,6734.0,True,20.0
LC769699.1,75.62148,37.0,7565.0,7522.0,GII.P16,,3500.0,5067.0,polyprotein_fallback,GII.4,Sydney_2016,5048.0,6670.0,True,20.0
LC769698.1,75.71311,8.0,7561.0,7547.0,GII.P16,,3500.0,5096.0,polyprotein_fallback,GII.4,Sydney_2016,5077.0,6699.0,True,20.0
LC769696.1,75.726074,13.0,7578.0,7559.0,GII.P16,,3500.0,5091.0,polyprotein_fallback,GII.4,Sydney_2016,5072.0,6694.0,True,20.0
LC769695.1,75.746086,8.0,7562.0,7548.0,GII.P16,,3500.0,5096.0,polyprotein_fallback,GII.4,Sydney_2016,5077.0,6699.0,True,20.0
LC769694.1,75.67523,0.0,7571.0,7565.0,GII.P16,,3500.0,5104.0,polyprotein_fallback,GII.4,Sydney_2016,5085.0,6707.0,True,20.0
LC769693.1,75.712166,10.0,7559.0,7543.0,GII.P16,,3500.0,5094.0,polyprotein_fallback,GII.4,Sydney_2016,5075.0,6697.0,True,20.0
LC769692.1,75.693985,21.0,7574.0,7547.0,GII.P16,,3500.0,5083.0,polyprotein_fallback,GII.4,Sydney_2016,5064.0,6686.0,True,20.0
LC769691.1,75.62304,14.0,7578.0,7558.0,GII.P16,,3500.0,5090.0,polyprotein_fallback,GII.4,Sydney_2016,5071.0,6693.0,True,20.0
LC769689.1,76.36272,10.0,7552.0,7542.0,GII.P16,,3500.0,5094.0,polyprotein_fallback,GII.3,,5075.0,6721.0,True,20.0
LC769688.1,75.70983,11.0,7582.0,7565.0,GII.P16,,3500.0,5093.0,polyprotein_fallback,GII.4,Sydney_2016,5074.0,6696.0,True,20.0
LC769684.1,75.65605,14.0,7558.0,7538.0,GII.P16,,3500.0,5090.0,polyprotein_fallback,GII.4,Sydney_2016,5071.0,6693.0,True,20.0
LC769683.1,75.68459,11.0,7575.0,7558.0,GII.P16,,3500.0,5093.0,polyprotein_fallback,GII.4,Sydney_2016,5074.0,6696.0,True,20.0
LC769682.1,76.27375,7.0,7571.0,7564.0,GII.P16,,3500.0,5097.0,polyprotein_fallback,GII.3,,5078.0,6724.0,True,20.0
LC769681.1,84.6798,9.0,7575.0,7563.0,GII.P31,,3500.0,5095.0,polyprotein_fallback,GII.4,Could not assign,5076.0,6701.0,True,20.0
LC919492.1,75.82868,16.0,7534.0,7524.0,GII.P17,,3500.0,5097.0,polyprotein_fallback,GII.17,,5084.0,6694.0,True,14.0
LC918511.1,75.92471,0.0,7576.0,7582.0,GII.P17,,3500.0,5113.0,polyprotein_fallback,GII.17,,5094.0,6710.0,True,20.0
LC918510.1,75.99018,0.0,7534.0,7540.0,GII.P17,,3500.0,5113.0,polyprotein_fallback,GII.17,,5094.0,6710.0,True,20.0
LC868438.1,75.87453,21.0,7499.0,7484.0,GII.P17,,3500.0,5092.0,polyprotein_fallback,GII.17,,5073.0,6689.0,True,20.0
LC868437.1,75.87734,12.0,7505.0,7499.0,GII.P17,,3500.0,5101.0,polyprotein_fallback,GII.17,,5082.0,6698.0,True,20.0
LC868436.1,75.90223,14.0,7505.0,7497.0,GII.P17,,3500.0,5099.0,polyprotein_fallback,GII.17,,5080.0,6696.0,True,20.0
LC868435.1,75.64102,26.0,7511.0,7491.0,GII.P17,,3500.0,5087.0,polyprotein_fallback,GII.17,,5068.0,6684.0,True,20.0
LC868434.1,75.85302,14.0,7501.0,7493.0,GII.P17,,3500.0,5099.0,polyprotein_fallback,GII.17,,5080.0,6696.0,True,20.0
LC868433.1,75.84962,19.0,7501.0,7488.0,GII.P17,,3500.0,5094.0,polyprotein_fallback,GII.17,,5075.0,6691.0,True,20.0
LC868432.1,75.661026,21.0,7501.0,7486.0,GII.P17,,3500.0,5092.0,polyprotein_fallback,GII.17,,5073.0,6689.0,True,20.0
LC868431.1,75.885826,14.0,7501.0,7493.0,GII.P17,,3500.0,5099.0,polyprotein_fallback,GII.17,,5080.0,6696.0,True,20.0
LC868430.1,75.885826,14.0,7501.0,7493.0,GII.P17,,3500.0,5099.0,polyprotein_fallback,GII.17,,5080.0,6696.0,True,20.0
LC868429.1,75.885826,14.0,7496.0,7488.0,GII.P17,,3500.0,5099.0,polyprotein_fallback,GII.17,,5080.0,6696.0,True,20.0
LC868428.1,75.85302,14.0,7504.0,7496.0,GII.P17,,3500.0,5099.0,polyprotein_fallback,GII.17,,5080.0,6696.0,True,20.0
LC868427.1,75.87734,12.0,7501.0,7495.0,GII.P17,,3500.0,5101.0,polyprotein_fallback,GII.17,,5082.0,6698.0,True,20.0
LC868426.1,75.83265,15.0,7504.0,7495.0,GII.P17,,3500.0,5098.0,polyprotein_fallback,GII.17,,5079.0,6695.0,True,20.0
MF352144.1,68.88809,31.0,7525.0,7497.0,GII.P26,,3541.0,5070.0,annotated_rdrp,GII.26,,5054.0,6682.0,True,17.0
MF352143.1,68.71721,31.0,7525.0,7497.0,GII.P26,,3541.0,5070.0,annotated_rdrp,GII.26,,5054.0,6682.0,True,17.0
MF352142.1,69.060974,31.0,7525.0,7497.0,GII.P26,,3541.0,5070.0,annotated_rdrp,GII.26,,5054.0,6682.0,True,17.0
MG572732.1,68.56476,31.0,7525.0,7497.0,GII.P26,,3500.0,5073.0,polyprotein_fallback,GII.26,,5054.0,6682.0,True,20.0
MG572731.1,68.572464,31.0,7525.0,7497.0,GII.P26,,3500.0,5073.0,polyprotein_fallback,GII.26,,5054.0,6682.0,True,20.0
MG572730.1,68.62675,31.0,7525.0,7497.0,GII.P26,,3500.0,5073.0,polyprotein_fallback,GII.26,,5054.0,6682.0,True,20.0
MG572719.1,68.482,31.0,7525.0,7497.0,GII.P26,,3500.0,5073.0,polyprotein_fallback,GII.26,,5054.0,6682.0,True,20.0
MG572182.1,77.578415,0.0,7518.0,7518.0,GII.P16,,3500.0,5104.0,polyprotein_fallback,GII.1,,5085.0,6692.0,True,20.0
MG548737.1,85.19127,0.0,7565.0,7559.0,GII.P4,Den_Haag_2006b,3500.0,5104.0,polyprotein_fallback,GII.4,Den_Haag_2006b,5085.0,6707.0,True,20.0
MG049692.1,83.72464,4.0,7516.0,7509.0,GII.P4,Den_Haag_2006b,3500.0,5100.0,polyprotein_fallback,GII.4,Den_Haag_2006b,5081.0,6703.0,True,20.0
MG706448.1,73.92179,9.0,7531.0,7525.0,GII.PNA2,,3563.0,5092.0,annotated_rdrp,GII.NA2,,5076.0,6704.0,True,17.0
MG892946.3,76.31844,0.0,7569.0,7569.0,GII.P16,,3572.0,5101.0,annotated_rdrp,GII.3,,5085.0,6731.0,True,17.0
MH218731.1,81.75027,0.0,7498.0,7498.0,GII.P33,,3578.0,5107.0,annotated_rdrp,GII.1,,5091.0,6698.0,True,17.0
MH218714.1,84.35296,0.0,7519.0,7513.0,GII.P4,New_Orleans_2009,3572.0,5101.0,annotated_rdrp,GII.4,Could not assign,5085.0,6707.0,True,17.0
MH218692.1,87.38159,6.0,7505.0,7502.0,GII.P7,,3500.0,5098.0,polyprotein_fallback,GII.7,,5079.0,6701.0,True,20.0
MH218689.1,75.646484,0.0,7556.0,7562.0,GII.P17,,3581.0,5110.0,annotated_rdrp,GII.17,,5094.0,6716.0,True,17.0
MH218687.1,87.47838,6.0,7555.0,7546.0,GII.P7,,3500.0,5098.0,polyprotein_fallback,GII.6,,5079.0,6722.0,True,20.0
MH218669.1,84.14053,0.0,7570.0,7564.0,GII.P4,New_Orleans_2009,3572.0,5101.0,annotated_rdrp,GII.4,Could not assign,5085.0,6707.0,True,17.0
MH218667.1,87.54812,6.0,7530.0,7521.0,GII.P7,,3500.0,5098.0,polyprotein_fallback,GII.6,,5079.0,6722.0,True,20.0
MH218660.1,80.91795,0.0,7548.0,7548.0,GII.P21,,3572.0,5101.0,annotated_rdrp,GII.3,,5085.0,6731.0,True,17.0
MH218657.1,85.87811,0.0,7497.0,7497.0,GII.P31,,3572.0,5101.0,annotated_rdrp,GII.2,,5085.0,6713.0,True,17.0
MH218655.1,78.11222,0.0,7537.0,7537.0,GII.P2,,3572.0,5101.0,annotated_rdrp,GII.2,,5085.0,6713.0,True,17.0
MH218654.1,81.2374,0.0,7548.0,7548.0,GII.P21,,3572.0,5101.0,annotated_rdrp,GII.3,,5085.0,6731.0,True,17.0
MH218652.1,84.96721,0.0,7560.0,7560.0,GII.P4,New_Orleans_2009,3572.0,5101.0,annotated_rdrp,GII.4,Could not assign,5085.0,6707.0,True,17.0
MH218651.1,81.04918,0.0,7484.0,7484.0,GII.P21,,3572.0,5101.0,annotated_rdrp,GII.13,,5085.0,6713.0,True,17.0
MH218650.1,87.23885,6.0,7559.0,7550.0,GII.P7,,3500.0,5098.0,polyprotein_fallback,GII.6,,5079.0,6722.0,True,20.0
MH218646.1,81.119705,0.0,7548.0,7548.0,GII.P21,,3572.0,5101.0,annotated_rdrp,GII.3,,5085.0,6731.0,True,17.0
MH218645.1,87.85345,6.0,7530.0,7521.0,GII.P7,,3500.0,5098.0,polyprotein_fallback,GII.6,,5079.0,6722.0,True,20.0
MH218642.1,88.00956,6.0,7533.0,7524.0,GII.P7,,3500.0,5098.0,polyprotein_fallback,GII.6,,5079.0,6722.0,True,20.0
MH218641.1,87.09248,6.0,7559.0,7550.0,GII.P7,,3500.0,5098.0,polyprotein_fallback,GII.6,,5079.0,6722.0,True,20.0
MH218640.1,87.65137,6.0,7559.0,7550.0,GII.P7,,3500.0,5098.0,polyprotein_fallback,GII.6,,5079.0,6722.0,True,20.0
MH218639.1,87.39854,6.0,7559.0,7550.0,GII.P7,,3500.0,5098.0,polyprotein_fallback,GII.6,,5079.0,6722.0,True,20.0
MH218625.1,84.94341,0.0,7566.0,7560.0,GII.P31,,3572.0,5101.0,annotated_rdrp,GII.4,Sydney_2012,5085.0,6707.0,True,17.0
MH218620.1,84.992615,0.0,7566.0,7560.0,GII.P31,,3572.0,5101.0,annotated_rdrp,GII.4,Sydney_2012,5085.0,6707.0,True,17.0
PX925253.1,,,,,,,3572.0,5101.0,annotated_rdrp,,,5085.0,6707.0,True,17.0
PZ234781.1,,,,,,,3577.0,5106.0,annotated_rdrp,,,5090.0,6706.0,True,17.0
PZ234778.1,,,,,,,3577.0,5106.0,annotated_rdrp,,,5090.0,6706.0,True,17.0
PZ234775.1,,,,,,,3581.0,5110.0,annotated_rdrp,,,5094.0,6716.0,True,17.0
PZ234769.1,,,,,,,3581.0,5110.0,annotated_rdrp,,,5094.0,6716.0,True,17.0
PZ234762.1,,,,,,,3581.0,5110.0,annotated_rdrp,,,5094.0,6716.0,True,17.0
PZ240510.1,,,,,,,3572.0,5101.0,annotated_rdrp,,,5085.0,6707.0,True,17.0
PZ240508.1,,,,,,,3572.0,5101.0,annotated_rdrp,,,5085.0,6707.0,True,17.0
PZ240505.1,,,,,,,3571.0,5100.0,annotated_rdrp,,,5084.0,6706.0,True,17.0
PZ240503.1,,,,,,,3572.0,5101.0,annotated_rdrp,,,5085.0,6707.0,True,17.0
PZ240501.1,,,,,,,3568.0,5097.0,annotated_rdrp,,,5081.0,6703.0,True,17.0
PZ240490.1,,,,,,,3572.0,5101.0,annotated_rdrp,,,5085.0,6707.0,True,17.0
PZ240480.1,,,,,,,3569.0,5098.0,annotated_rdrp,,,5082.0,6704.0,True,17.0
PZ240478.1,,,,,,,3569.0,5098.0,annotated_rdrp,,,5082.0,6704.0,True,17.0
PZ240476.1,,,,,,,3569.0,5098.0,annotated_rdrp,,,5082.0,6704.0,True,17.0
PX925260.1,,,,,,,3572.0,5101.0,annotated_rdrp,,,5085.0,6707.0,True,17.0
PX925254.1,,,,,,,3572.0,5101.0,annotated_rdrp,,,5085.0,6707.0,True,17.0
PZ221930.1,,,,,,,3568.0,5097.0,annotated_rdrp,,,5081.0,6727.0,True,17.0
PZ221929.1,,,,,,,3570.0,5099.0,annotated_rdrp,,,5083.0,6729.0,True,17.0
PZ221928.1,,,,,,,3570.0,5099.0,annotated_rdrp,,,5083.0,6729.0,True,17.0
PZ221925.1,,,,,,,3568.0,5097.0,annotated_rdrp,,,5081.0,6727.0,True,17.0
PZ221924.1,,,,,,,3570.0,5099.0,annotated_rdrp,,,5083.0,6729.0,True,17.0
PZ221919.1,,,,,,,3568.0,5097.0,annotated_rdrp,,,5081.0,6727.0,True,17.0
PZ221918.1,,,,,,,3570.0,5099.0,annotated_rdrp,,,5083.0,6729.0,True,17.0
PZ221916.1,,,,,,,3571.0,5100.0,annotated_rdrp,,,5084.0,6730.0,True,17.0
PZ234825.1,,,,,,,3577.0,5106.0,annotated_rdrp,,,5090.0,6706.0,True,17.0
PZ234812.1,,,,,,,3577.0,5106.0,annotated_rdrp,,,5090.0,6706.0,True,17.0
PZ234811.1,,,,,,,3577.0,5106.0,annotated_rdrp,,,5090.0,6706.0,True,17.0
PZ234794.1,,,,,,,3577.0,5106.0,annotated_rdrp,,,5090.0,6706.0,True,17.0
PZ234790.1,,,,,,,3577.0,5106.0,annotated_rdrp,,,5090.0,6706.0,True,17.0
PZ234788.1,,,,,,,3577.0,5106.0,annotated_rdrp,,,5090.0,6706.0,True,17.0
PZ234782.1,,,,,,,3577.0,5106.0,annotated_rdrp,,,5090.0,6706.0,True,17.0
PV843276.1,76.36869,0.0,7536.0,7536.0,GII.P16,,3572.0,5101.0,annotated_rdrp,GII.2,,5085.0,6713.0,True,17.0
OR536445.1,84.50204,7.0,7511.0,7501.0,Could,,3565.0,5094.0,annotated_rdrp,GII.14,,5078.0,6688.0,True,17.0
OR536443.1,84.48509,7.0,7519.0,7515.0,Could,,3565.0,5094.0,annotated_rdrp,GII.14,,5078.0,6688.0,True,17.0
PV553834.1,87.21704,-1.0,7510.0,7508.0,GII.P7,,3573.0,5102.0,annotated_rdrp,GII.6,,5086.0,6729.0,True,17.0
PQ461161.1,88.86649,0.0,7505.0,7505.0,GII.P12,,3572.0,5101.0,annotated_rdrp,GII.3,,5085.0,6731.0,True,17.0
PV636607.1,89.402084,1.0,7524.0,7523.0,GII.P12,,3571.0,5100.0,annotated_rdrp,GII.3,,5084.0,6730.0,True,17.0
OR536497.1,80.83963,0.0,7507.0,7507.0,GII.P21,,3572.0,5101.0,annotated_rdrp,GII.3,,5085.0,6731.0,True,17.0
OR536463.1,84.131836,7.0,7525.0,7515.0,Could,,3565.0,5094.0,annotated_rdrp,GII.14,,5078.0,6688.0,True,17.0
OR536461.1,84.26491,7.0,7525.0,7515.0,Could,,3565.0,5094.0,annotated_rdrp,GII.14,,5078.0,6688.0,True,17.0
OR536456.1,84.112465,7.0,7511.0,7501.0,Could,,3565.0,5094.0,annotated_rdrp,GII.14,,5078.0,6688.0,True,17.0
OR536455.1,84.349594,7.0,7525.0,7515.0,Could,,3565.0,5094.0,annotated_rdrp,GII.14,,5078.0,6688.0,True,17.0
OR536453.1,84.31872,7.0,7525.0,7515.0,Could,,3565.0,5094.0,annotated_rdrp,GII.14,,5078.0,6688.0,True,17.0
OR536452.1,84.19715,7.0,7525.0,7515.0,Could,,3565.0,5094.0,annotated_rdrp,GII.14,,5078.0,6688.0,True,17.0
OR536451.1,84.281845,7.0,7525.0,7515.0,Could,,3565.0,5094.0,annotated_rdrp,GII.14,,5078.0,6688.0,True,17.0
OR536449.1,83.897026,7.0,7525.0,7515.0,Could,,3565.0,5094.0,annotated_rdrp,GII.14,,5078.0,6688.0,True,17.0
OR536448.1,84.31572,7.0,7519.0,7515.0,Could,,3565.0,5094.0,annotated_rdrp,GII.14,,5078.0,6688.0,True,17.0
OR536446.1,84.468155,7.0,7525.0,7515.0,Could,,3565.0,5094.0,annotated_rdrp,GII.14,,5078.0,6688.0,True,17.0
OR546400.1,92.8934,4.0,7487.0,7486.0,GII.P8,,3568.0,5097.0,annotated_rdrp,GII.8,,5081.0,6694.0,True,17.0
OR546399.1,92.93348,4.0,7487.0,7486.0,GII.P8,,3568.0,5097.0,annotated_rdrp,GII.8,,5081.0,6694.0,True,17.0
OR546398.1,92.826614,4.0,7487.0,7486.0,GII.P8,,3568.0,5097.0,annotated_rdrp,GII.8,,5081.0,6694.0,True,17.0
OR546397.1,92.813255,4.0,7487.0,7486.0,GII.P8,,3568.0,5097.0,annotated_rdrp,GII.8,,5081.0,6694.0,True,17.0
OR546396.1,92.813255,4.0,7487.0,7486.0,GII.P8,,3568.0,5097.0,annotated_rdrp,GII.8,,5081.0,6694.0,True,17.0
OR546395.1,93.54796,4.0,7484.0,7486.0,GII.P8,,3568.0,5097.0,annotated_rdrp,GII.8,,5081.0,6694.0,True,17.0
OR546394.1,93.40102,4.0,7484.0,7486.0,GII.P8,,3568.0,5097.0,annotated_rdrp,GII.8,,5081.0,6694.0,True,17.0
OR546393.1,93.34758,4.0,7487.0,7486.0,GII.P8,,3568.0,5097.0,annotated_rdrp,GII.8,,5081.0,6694.0,True,17.0
OR546392.1,93.34758,4.0,7484.0,7486.0,GII.P8,,3568.0,5097.0,annotated_rdrp,GII.8,,5081.0,6694.0,True,17.0
OR546391.1,93.38766,4.0,7484.0,7486.0,GII.P8,,3568.0,5097.0,annotated_rdrp,GII.8,,5081.0,6694.0,True,17.0
OR397781.1,84.6318,0.0,7513.0,7513.0,GII.P1,,3572.0,5101.0,annotated_rdrp,GII.1,,5085.0,6692.0,True,17.0
OR397780.1,84.64515,0.0,7513.0,7513.0,GII.P1,,3572.0,5101.0,annotated_rdrp,GII.1,,5085.0,6692.0,True,17.0
OR397779.1,84.685165,0.0,7513.0,7513.0,GII.P1,,3572.0,5101.0,annotated_rdrp,GII.1,,5085.0,6692.0,True,17.0
OR397778.1,84.67182,0.0,7513.0,7513.0,GII.P1,,3572.0,5101.0,annotated_rdrp,GII.1,,5085.0,6692.0,True,17.0
OR397777.1,84.64515,0.0,7513.0,7513.0,GII.P1,,3572.0,5101.0,annotated_rdrp,GII.1,,5085.0,6692.0,True,17.0
OR397776.1,84.64515,0.0,7513.0,7513.0,GII.P1,,3572.0,5101.0,annotated_rdrp,GII.1,,5085.0,6692.0,True,17.0
OR397775.1,84.6985,0.0,7513.0,7513.0,GII.P1,,3572.0,5101.0,annotated_rdrp,GII.1,,5085.0,6692.0,True,17.0
OR397774.1,84.6318,0.0,7513.0,7513.0,GII.P1,,3572.0,5101.0,annotated_rdrp,GII.1,,5085.0,6692.0,True,17.0
OR397773.1,84.67182,0.0,7513.0,7513.0,GII.P1,,3572.0,5101.0,annotated_rdrp,GII.1,,5085.0,6692.0,True,17.0
OR397772.1,84.658485,0.0,7513.0,7513.0,GII.P1,,3572.0,5101.0,annotated_rdrp,GII.1,,5085.0,6692.0,True,17.0
OR397771.1,84.658485,0.0,7513.0,7513.0,GII.P1,,3572.0,5101.0,annotated_rdrp,GII.1,,5085.0,6692.0,True,17.0
OR397770.1,84.67182,0.0,7513.0,7513.0,GII.P1,,3572.0,5101.0,annotated_rdrp,GII.1,,5085.0,6692.0,True,17.0
OR397769.1,84.67182,0.0,7513.0,7513.0,GII.P1,,3572.0,5101.0,annotated_rdrp,GII.1,,5085.0,6692.0,True,17.0
OR397768.1,84.67182,0.0,7513.0,7513.0,GII.P1,,3572.0,5101.0,annotated_rdrp,GII.1,,5085.0,6692.0,True,17.0
OR397767.1,84.685165,0.0,7513.0,7513.0,GII.P1,,3572.0,5101.0,annotated_rdrp,GII.1,,5085.0,6692.0,True,17.0
OR397766.1,84.64515,0.0,7513.0,7513.0,GII.P1,,3572.0,5101.0,annotated_rdrp,GII.1,,5085.0,6692.0,True,17.0
MW581004.1,84.50566,0.0,7485.0,7479.0,GII.P4,New_Orleans_2009,3572.0,5101.0,annotated_rdrp,GII.4,New_Orleans_2009,5085.0,6707.0,True,17.0
OP609646.1,76.586,0.0,7537.0,7543.0,GII.P16,,3572.0,5101.0,annotated_rdrp,GII.10,,5085.0,6731.0,True,17.0
OR397788.1,84.61846,0.0,7513.0,7513.0,GII.P1,,3572.0,5101.0,annotated_rdrp,GII.1,,5085.0,6692.0,True,17.0
OR397787.1,84.6318,0.0,7513.0,7513.0,GII.P1,,3572.0,5101.0,annotated_rdrp,GII.1,,5085.0,6692.0,True,17.0
OR397786.1,84.61846,0.0,7513.0,7513.0,GII.P1,,3572.0,5101.0,annotated_rdrp,GII.1,,5085.0,6692.0,True,17.0
OR397785.1,84.61846,0.0,7513.0,7513.0,GII.P1,,3572.0,5101.0,annotated_rdrp,GII.1,,5085.0,6692.0,True,17.0
OR397784.1,84.658485,0.0,7513.0,7513.0,GII.P1,,3572.0,5101.0,annotated_rdrp,GII.1,,5085.0,6692.0,True,17.0
OR397783.1,84.658485,0.0,7513.0,7513.0,GII.P1,,3572.0,5101.0,annotated_rdrp,GII.1,,5085.0,6692.0,True,17.0
OR397782.1,84.61846,0.0,7513.0,7513.0,GII.P1,,3572.0,5101.0,annotated_rdrp,GII.1,,5085.0,6692.0,True,17.0
MZ265063.2,81.76722,4.0,7491.0,7487.0,GII.P33,,3574.0,5103.0,annotated_rdrp,GII.1,,5087.0,6694.0,True,17.0
MZ272053.1,88.01016,6.0,7511.0,7505.0,GII.P7,,3566.0,5095.0,annotated_rdrp,GII.14,,5079.0,6689.0,True,17.0
MZ291634.1,83.99616,4.0,7553.0,7546.0,GII.P4,Den_Haag_2006b,3568.0,5097.0,annotated_rdrp,GII.4,Den_Haag_2006b,5081.0,6703.0,True,17.0
MZ292794.1,93.59744,3.0,7491.0,7494.0,GII.P8,,3569.0,5098.0,annotated_rdrp,GII.8,,5082.0,6695.0,True,17.0
MZ292759.1,87.73681,6.0,7493.0,7490.0,GII.P7,,3566.0,5095.0,annotated_rdrp,GII.7,,5079.0,6701.0,True,17.0
MW581008.1,84.00853,0.0,7485.0,7479.0,GII.P4,Could not assign,3572.0,5101.0,annotated_rdrp,GII.4,Could not assign,5085.0,6707.0,True,17.0
MW661262.1,81.0397,4.0,7582.0,7578.0,GII.P21,,3568.0,5097.0,annotated_rdrp,GII.3,,5081.0,6727.0,True,17.0
MW661257.1,93.7392,1.0,7553.0,7558.0,GII.P8,,3571.0,5100.0,annotated_rdrp,GII.8,,5084.0,6697.0,True,17.0
MZ265480.1,87.93034,6.0,7523.0,7514.0,GII.P7,,3566.0,5095.0,annotated_rdrp,GII.6,,5079.0,6722.0,True,17.0
MZ265142.1,70.13889,-36.0,7489.0,7540.0,GII.P40,,3608.0,5137.0,annotated_rdrp,GII.5,,5121.0,6743.0,True,17.0
MT316122.1,76.43794,4.0,7552.0,7545.0,GII.P16,,3565.0,5094.0,annotated_rdrp,GII.3,,5078.0,6724.0,True,17.0
MT242482.1,81.77439,4.0,7471.0,7467.0,GII.P33,,3574.0,5103.0,annotated_rdrp,GII.1,,5087.0,6694.0,True,17.0
MT218311.1,84.72518,4.0,7519.0,7512.0,GII.P31,,3571.0,5100.0,annotated_rdrp,GII.4,Sydney_2012,5084.0,6706.0,True,17.0
MW661265.1,89.45247,1.0,7582.0,7581.0,GII.P12,,3571.0,5100.0,annotated_rdrp,GII.3,,5084.0,6730.0,True,17.0
MN307998.1,85.029434,4.0,7513.0,7512.0,GII.P31,,3571.0,5100.0,annotated_rdrp,GII.4,Sydney_2012,5084.0,6706.0,True,17.0
MN307997.1,85.24091,4.0,7513.0,7512.0,GII.P31,,3571.0,5100.0,annotated_rdrp,GII.4,Sydney_2012,5084.0,6706.0,True,17.0
MK614125.1,76.56582,4.0,7540.0,7536.0,GII.P16,,3568.0,5097.0,annotated_rdrp,GII.2,,5081.0,6709.0,True,17.0
MN199033.1,90.053764,3.0,7568.0,7565.0,GII.P12,,3569.0,5098.0,annotated_rdrp,GII.3,,5082.0,6728.0,True,17.0
MN308019.1,83.46577,4.0,7513.0,7512.0,GII.P31,,3571.0,5100.0,annotated_rdrp,GII.4,Sydney_2012,5084.0,6706.0,True,17.0
MN308015.1,84.962906,4.0,7519.0,7512.0,GII.P31,,3571.0,5100.0,annotated_rdrp,GII.4,Sydney_2012,5084.0,6706.0,True,17.0
MN308002.1,84.501236,4.0,7519.0,7512.0,GII.P31,,3571.0,5100.0,annotated_rdrp,GII.4,Sydney_2012,5084.0,6706.0,True,17.0
MK773587.1,76.548454,0.0,7527.0,7527.0,GII.P16,,3572.0,5101.0,annotated_rdrp,GII.2,,5085.0,6713.0,True,17.0
MK762745.1,76.855896,1.0,7457.0,7453.0,GII.P16,,3568.0,5097.0,annotated_rdrp,GII.13,,5081.0,6709.0,True,17.0
MK752941.1,76.600624,3.0,7512.0,7509.0,GII.P16,,3569.0,5098.0,annotated_rdrp,GII.2,,5082.0,6710.0,True,17.0
MG214988.1,85.623,0.0,7513.0,7513.0,GII.P31,,3500.0,5104.0,polyprotein_fallback,GII.4,Could not assign,5085.0,6707.0,True,20.0
MK729086.1,78.095856,0.0,7496.0,7496.0,GII.P2,,3572.0,5101.0,annotated_rdrp,GII.2,,5085.0,6713.0,True,17.0
MK753012.1,78.108635,1.0,7506.0,7505.0,GII.P2,,3571.0,5100.0,annotated_rdrp,GII.2,,5084.0,6712.0,True,17.0
MG002632.1,84.37295,5.0,7561.0,7550.0,GII.P4,New_Orleans_2009,3500.0,5099.0,polyprotein_fallback,GII.4,Could not assign,5080.0,6702.0,True,20.0
PV174239.1,89.02033,10.0,7533.0,7523.0,GII.P7,,3562.0,5091.0,annotated_rdrp,GII.6,,5075.0,6727.0,True,17.0
PV275065.1,83.364265,-14.0,7573.0,7581.0,GII.P4,New_Orleans_2009,3586.0,5115.0,annotated_rdrp,GII.4,Could not assign,5099.0,6721.0,True,17.0
PV275048.1,83.76826,4.0,7570.0,7563.0,GII.P31,,3568.0,5097.0,annotated_rdrp,GII.4,Could not assign,5081.0,6706.0,True,17.0
OR477993.3,,,,,,,3572.0,5101.0,annotated_rdrp,,,5085.0,6707.0,True,17.0
OR069406.1,86.87744,10.0,7535.0,7525.0,GII.P7,,3562.0,5091.0,annotated_rdrp,GII.14,,5075.0,6685.0,True,17.0
OR069405.1,87.192116,10.0,7559.0,7546.0,GII.P7,,3562.0,5091.0,annotated_rdrp,GII.6,,5075.0,6718.0,True,17.0
OR065090.1,85.081245,4.0,7569.0,7559.0,GII.P31,,3568.0,5097.0,annotated_rdrp,GII.4,Could not assign,5081.0,6703.0,True,17.0
OR065073.1,74.08896,-32.0,7521.0,7553.0,Could,,3604.0,5133.0,annotated_rdrp,GII.2,,5117.0,6745.0,True,17.0
OR051927.1,83.93297,4.0,7519.0,7509.0,GII.P4,Den_Haag_2006b,3568.0,5097.0,annotated_rdrp,GII.4,Den_Haag_2006b,5081.0,6703.0,True,17.0
OR051787.1,84.63811,4.0,7561.0,7551.0,GII.P4,New_Orleans_2009,3568.0,5097.0,annotated_rdrp,GII.4,New_Orleans_2009,5081.0,6700.0,True,17.0
OR069404.1,81.14603,4.0,7547.0,7543.0,GII.P21,,3568.0,5097.0,annotated_rdrp,GII.3,,5081.0,6727.0,True,17.0
OR713748.1,81.351944,4.0,7465.0,7461.0,GII.P21,,3568.0,5097.0,annotated_rdrp,GII.13,,5081.0,6709.0,True,17.0
LC597120.1,81.45783,6.0,7600.0,7588.0,GII.P33,,3500.0,5104.0,polyprotein_fallback,GII.1,,5085.0,6692.0,True,20.0
MW009072.1,68.62063,-35.0,7503.0,7553.0,GII.P40,,3607.0,5136.0,annotated_rdrp,GII.5,,5120.0,6742.0,True,17.0
MW009068.1,68.62063,-35.0,7503.0,7553.0,GII.P40,,3607.0,5136.0,annotated_rdrp,GII.5,,5120.0,6742.0,True,17.0
KY947547.1,84.56365,1.0,7561.0,7554.0,GII.P4,Could not assign,3500.0,5103.0,polyprotein_fallback,GII.4,Could not assign,5084.0,6706.0,True,20.0
KY947546.1,84.30118,1.0,7553.0,7546.0,GII.P4,New_Orleans_2009,3500.0,5103.0,polyprotein_fallback,GII.4,Could not assign,5084.0,6706.0,True,20.0
PQ195894.1,75.82798,4.0,7533.0,7523.0,GII.P16,,3568.0,5097.0,annotated_rdrp,GII.4,Sydney_2016,5081.0,6703.0,True,17.0
PQ273191.1,75.618546,2.0,7618.0,7610.0,GII.P16,,3570.0,5099.0,annotated_rdrp,GII.4,Sydney_2016,5083.0,6705.0,True,17.0
PQ195913.1,84.45137,0.0,7534.0,7528.0,GII.P31,,3572.0,5101.0,annotated_rdrp,GII.4,Could not assign,5085.0,6707.0,True,17.0
PQ195926.1,75.91192,4.0,7528.0,7524.0,GII.P16,,3568.0,5097.0,annotated_rdrp,GII.4,Sydney_2016,5081.0,6703.0,True,17.0
PQ195923.1,83.65337,4.0,7534.0,7524.0,GII.P4,New_Orleans_2009,3568.0,5097.0,annotated_rdrp,GII.4,Sydney_2016,5081.0,6703.0,True,17.0
PQ207947.1,84.40217,0.0,7531.0,7525.0,GII.P31,,3572.0,5101.0,annotated_rdrp,GII.4,Could not assign,5085.0,6704.0,True,17.0
PQ207944.1,83.53454,-11.0,7537.0,7542.0,GII.P4,New_Orleans_2009,3583.0,5112.0,annotated_rdrp,GII.4,Could not assign,5096.0,6718.0,True,17.0
PQ207927.1,84.89421,0.0,7534.0,7528.0,GII.P31,,3572.0,5101.0,annotated_rdrp,GII.4,Sydney_2012,5085.0,6707.0,True,17.0
PQ207926.1,84.85719,0.0,7525.0,7525.0,GII.P4,Could not assign,3572.0,5101.0,annotated_rdrp,GII.4,Could not assign,5085.0,6704.0,True,17.0
PQ214837.1,84.41964,0.0,7534.0,7528.0,GII.P4,New_Orleans_2009,3572.0,5101.0,annotated_rdrp,GII.4,New_Orleans_2009,5085.0,6707.0,True,17.0
PQ373128.1,75.56502,4.0,7505.0,7507.0,GII.P17,,3577.0,5106.0,annotated_rdrp,GII.17,,5090.0,6712.0,True,17.0
PQ373125.1,75.59778,4.0,7511.0,7513.0,GII.P17,,3577.0,5106.0,annotated_rdrp,GII.17,,5090.0,6709.0,True,17.0
PQ373119.1,75.49821,1.0,7545.0,7550.0,GII.P17,,3580.0,5109.0,annotated_rdrp,GII.17,,5093.0,6709.0,True,17.0
PQ442935.1,89.440056,0.0,7503.0,7503.0,GII.P12,,3572.0,5101.0,annotated_rdrp,GII.3,,5085.0,6731.0,True,17.0
PQ641315.1,69.96082,-32.0,7483.0,7530.0,GII.P40,,3604.0,5133.0,annotated_rdrp,GII.5,,5117.0,6739.0,True,17.0
OP205577.1,80.81708,0.0,7495.0,7495.0,GII.P21,,3572.0,5101.0,annotated_rdrp,GII.3,,5085.0,6731.0,True,17.0
PX285873.1,88.93367,0.0,7525.0,7525.0,GII.P12,,3572.0,5101.0,annotated_rdrp,GII.3,,5085.0,6731.0,True,17.0
PV920370.1,75.686386,2.0,7533.0,7546.0,Could,,3579.0,5108.0,annotated_rdrp,GII.17,,5092.0,6705.0,True,17.0
KJ710245.2,84.32016,0.0,7576.0,7570.0,GII.P4,New_Orleans_2009,3500.0,5104.0,polyprotein_fallback,GII.4,Could not assign,5085.0,6707.0,True,20.0
PP645199.1,92.93725,0.0,7487.0,7490.0,GII.P8,,3572.0,5101.0,annotated_rdrp,GII.8,,5085.0,6698.0,True,17.0
PP658555.1,89.127884,4.0,7525.0,7521.0,GII.P12,,3568.0,5097.0,annotated_rdrp,GII.3,,5081.0,6727.0,True,17.0
PQ304632.1,83.42526,-1.0,7492.0,7508.0,GII.P31,,3573.0,5102.0,annotated_rdrp,GII.17,,5086.0,6708.0,True,17.0
KC962462.3,84.32016,0.0,7576.0,7570.0,GII.P4,New_Orleans_2009,3500.0,5104.0,polyprotein_fallback,GII.4,Could not assign,5085.0,6707.0,True,20.0
KC962453.2,84.36936,0.0,7573.0,7567.0,GII.P4,Could not assign,3500.0,5104.0,polyprotein_fallback,GII.4,Could not assign,5085.0,6707.0,True,20.0
MH218591.1,75.16257,0.0,7523.0,7535.0,GII.P16,,3569.0,5098.0,annotated_rdrp,GII.17,,5082.0,6704.0,True,17.0
MH218581.1,80.901146,0.0,7548.0,7548.0,GII.P21,,3572.0,5101.0,annotated_rdrp,GII.3,,5085.0,6731.0,True,17.0
MH218573.1,81.108315,0.0,7548.0,7548.0,GII.P21,,3572.0,5101.0,annotated_rdrp,GII.3,,5085.0,6731.0,True,17.0
MH218571.1,81.035645,0.0,7555.0,7555.0,GII.P21,,3572.0,5101.0,annotated_rdrp,GII.3,,5085.0,6731.0,True,17.0
MH218570.1,81.2374,0.0,7563.0,7563.0,GII.P21,,3572.0,5101.0,annotated_rdrp,GII.3,,5085.0,6731.0,True,17.0
MH413070.1,85.33224,2.0,7566.0,7558.0,GII.P4,Hunter_2004,3570.0,5099.0,annotated_rdrp,GII.4,Hunter_2004,5083.0,6705.0,True,17.0
MK282256.1,75.74718,0.0,7595.0,7601.0,GII.P17,,3581.0,5110.0,annotated_rdrp,GII.17,,5094.0,6710.0,True,17.0
MH979229.1,76.48693,0.0,7546.0,7546.0,GII.P16,,3572.0,5101.0,annotated_rdrp,GII.2,,5085.0,6713.0,True,17.0
MK789435.1,84.97622,0.0,7575.0,7569.0,GII.P31,,3572.0,5101.0,annotated_rdrp,GII.4,Could not assign,5085.0,6707.0,True,17.0
MK753015.1,77.82665,0.0,7536.0,7536.0,GII.P2,,3572.0,5101.0,annotated_rdrp,GII.2,,5085.0,6713.0,True,17.0
MN447470.1,76.397766,0.0,7552.0,7579.0,GII.P16,,3566.0,5095.0,annotated_rdrp,GII.16,,5079.0,6701.0,True,17.0
MN400355.2,85.2966,0.0,7556.0,7556.0,GII.P31,,3500.0,5104.0,polyprotein_fallback,GII.4,Hong_Kong_2019,5085.0,6707.0,True,20.0
MT028542.1,84.730194,0.0,7566.0,7560.0,GII.P31,,3572.0,5101.0,annotated_rdrp,GII.4,Could not assign,5085.0,6707.0,True,17.0
MN897755.1,75.81097,0.0,7586.0,7580.0,GII.P16,,3572.0,5101.0,annotated_rdrp,GII.4,Sydney_2016,5085.0,6707.0,True,17.0
MT731332.1,86.56969,6.0,7556.0,7553.0,GII.P7,,3566.0,5095.0,annotated_rdrp,GII.7,,5079.0,6701.0,True,17.0
MT729788.1,83.94292,0.0,7570.0,7564.0,GII.P4,Could not assign,3572.0,5101.0,annotated_rdrp,GII.4,Yerseke_2006a,5085.0,6707.0,True,17.0
MT724793.1,78.030426,0.0,7536.0,7536.0,GII.P2,,3572.0,5101.0,annotated_rdrp,GII.2,,5085.0,6713.0,True,17.0
MT712147.1,85.63249,0.0,7527.0,7533.0,GII.P33,,3578.0,5107.0,annotated_rdrp,GII.12,,5091.0,6698.0,True,17.0
MT712130.1,85.63249,0.0,7527.0,7533.0,GII.P33,,3578.0,5107.0,annotated_rdrp,GII.12,,5091.0,6698.0,True,17.0
MW305737.1,89.039635,6.0,7565.0,7556.0,GII.P6,,3566.0,5095.0,annotated_rdrp,GII.6,,5079.0,6722.0,True,17.0
MW243610.2,92.599976,6.0,7570.0,7564.0,GII.P7,,3566.0,5095.0,annotated_rdrp,GII.6,,5079.0,6731.0,True,17.0
MW661284.1,92.29338,6.0,7579.0,7570.0,GII.P7,,3566.0,5095.0,annotated_rdrp,GII.6,,5079.0,6731.0,True,17.0
MW661264.1,75.78497,0.0,7624.0,7618.0,GII.P16,,3572.0,5101.0,annotated_rdrp,GII.4,Sydney_2016,5085.0,6707.0,True,17.0
MW661253.1,75.564644,0.0,7583.0,7589.0,GII.P17,,3581.0,5110.0,annotated_rdrp,GII.17,,5094.0,6710.0,True,17.0
MW661246.1,76.47155,0.0,7628.0,7625.0,GII.P16,,3569.0,5098.0,annotated_rdrp,GII.2,,5082.0,6710.0,True,17.0
MZ233536.1,84.85248,0.0,7574.0,7568.0,GII.P4,New_Orleans_2009,3572.0,5101.0,annotated_rdrp,GII.4,New_Orleans_2009,5085.0,6707.0,True,17.0
MZ312111.1,87.24809,6.0,7550.0,7544.0,GII.P7,,3566.0,5095.0,annotated_rdrp,GII.9,,5079.0,6692.0,True,17.0
NC_044932.1,73.92179,9.0,7531.0,7525.0,GII.PNA2,,3563.0,5092.0,annotated_rdrp,GII.NA2,,5076.0,6704.0,True,17.0
OL943802.1,83.7015,0.0,7531.0,7546.0,GII.P31,,3572.0,5101.0,annotated_rdrp,GII.17,,5085.0,6707.0,True,17.0
OL943801.1,76.252106,0.0,7549.0,7546.0,GII.P16,,3569.0,5098.0,annotated_rdrp,GII.3,,5082.0,6728.0,True,17.0
OL943800.1,84.566185,0.0,7565.0,7559.0,GII.P4,Den_Haag_2006b,3572.0,5101.0,annotated_rdrp,GII.4,New_Orleans_2009,5085.0,6707.0,True,17.0
OL943799.1,84.238144,0.0,7564.0,7558.0,GII.P4,Den_Haag_2006b,3572.0,5101.0,annotated_rdrp,GII.4,Could not assign,5085.0,6707.0,True,17.0
OL913975.1,90.2267,0.0,7548.0,7548.0,GII.P12,,3572.0,5101.0,annotated_rdrp,GII.3,,5085.0,6731.0,True,17.0
OL898513.1,87.124176,6.0,7538.0,7529.0,GII.P7,,3566.0,5095.0,annotated_rdrp,GII.14,,5079.0,6689.0,True,17.0
OL898511.1,85.231575,0.0,7566.0,7560.0,GII.P31,,3572.0,5101.0,annotated_rdrp,GII.4,Sydney_2012,5085.0,6707.0,True,17.0
OL898508.1,85.304245,0.0,7566.0,7560.0,GII.P31,,3572.0,5101.0,annotated_rdrp,GII.4,Could not assign,5085.0,6707.0,True,17.0
OL898507.1,76.646515,0.0,7536.0,7536.0,GII.P16,,3572.0,5101.0,annotated_rdrp,GII.2,,5085.0,6713.0,True,17.0
OL898506.1,81.93944,0.0,7520.0,7520.0,GII.P33,,3578.0,5107.0,annotated_rdrp,GII.1,,5091.0,6698.0,True,17.0
OK376253.1,76.67376,0.0,7536.0,7536.0,GII.P16,,3572.0,5101.0,annotated_rdrp,GII.2,,5085.0,6713.0,True,17.0
OP712197.1,89.118385,0.0,7586.0,7586.0,GII.P12,,3572.0,5101.0,annotated_rdrp,GII.3,,5085.0,6731.0,True,17.0
OP690427.1,81.29984,0.0,7527.0,7527.0,GII.P16,,3572.0,5101.0,annotated_rdrp,GII.12,,5085.0,6692.0,True,17.0
OP686904.1,93.28815,0.0,7527.0,7533.0,GII.P8,,3572.0,5101.0,annotated_rdrp,GII.8,,5085.0,6698.0,True,17.0
OP686903.1,76.4552,0.0,7542.0,7548.0,GII.P16,,3572.0,5101.0,annotated_rdrp,GII.10,,5085.0,6731.0,True,17.0
OQ342793.1,69.58319,-36.0,7548.0,7584.0,GII.P25,,3608.0,5137.0,annotated_rdrp,GII.3,,5121.0,6767.0,True,17.0
OP901692.1,87.330315,6.0,7596.0,7587.0,GII.P7,,3566.0,5095.0,annotated_rdrp,GII.6,,5079.0,6722.0,True,17.0
OR536492.1,80.49765,0.0,7540.0,7540.0,GII.P21,,3572.0,5101.0,annotated_rdrp,GII.3,,5085.0,6731.0,True,17.0
OR536491.1,80.76664,0.0,7547.0,7547.0,GII.P21,,3572.0,5101.0,annotated_rdrp,GII.3,,5085.0,6731.0,True,17.0
OR536485.1,80.58774,0.0,7547.0,7547.0,GII.P21,,3572.0,5101.0,annotated_rdrp,GII.3,,5085.0,6731.0,True,17.0
OR536481.1,80.55416,0.0,7547.0,7547.0,GII.P21,,3572.0,5101.0,annotated_rdrp,GII.3,,5085.0,6731.0,True,17.0
OR536477.1,80.78925,0.0,7547.0,7547.0,GII.P21,,3572.0,5101.0,annotated_rdrp,GII.3,,5085.0,6731.0,True,17.0
OR536476.1,80.52057,0.0,7547.0,7547.0,GII.P21,,3572.0,5101.0,annotated_rdrp,GII.3,,5085.0,6731.0,True,17.0
OR536475.1,80.769226,0.0,7543.0,7543.0,GII.P21,,3572.0,5101.0,annotated_rdrp,GII.3,,5085.0,6731.0,True,17.0
OR536469.1,80.570946,0.0,7547.0,7547.0,GII.P21,,3572.0,5101.0,annotated_rdrp,GII.3,,5085.0,6731.0,True,17.0
OR536466.1,80.70529,0.0,7547.0,7547.0,GII.P21,,3572.0,5101.0,annotated_rdrp,GII.3,,5085.0,6731.0,True,17.0
PP381824.1,75.84288,0.0,7547.0,7553.0,GII.P17,,3581.0,5110.0,annotated_rdrp,GII.17,,5094.0,6716.0,True,17.0
PP658553.1,85.07463,0.0,7565.0,7559.0,GII.P31,,3572.0,5101.0,annotated_rdrp,GII.4,Sydney_2012,5085.0,6707.0,True,17.0
PP658552.1,84.43497,0.0,7565.0,7562.0,GII.P31,,3572.0,5101.0,annotated_rdrp,GII.4,Could not assign,5085.0,6710.0,True,17.0
PP549876.1,75.97563,0.0,7561.0,7555.0,GII.P16,,3572.0,5101.0,annotated_rdrp,GII.4,Sydney_2016,5085.0,6707.0,True,17.0
PQ373127.1,75.74718,0.0,7551.0,7557.0,GII.P17,,3581.0,5110.0,annotated_rdrp,GII.17,,5094.0,6716.0,True,17.0
PQ310235.1,75.79378,0.0,7554.0,7560.0,GII.P17,,3581.0,5110.0,annotated_rdrp,GII.17,,5094.0,6710.0,True,17.0
PQ304633.1,75.49485,-1.0,7541.0,7554.0,GII.P17,,3582.0,5111.0,annotated_rdrp,GII.17,,5095.0,6720.0,True,17.0
PQ304611.1,75.740715,0.0,7554.0,7560.0,GII.P17,,3581.0,5110.0,annotated_rdrp,GII.17,,5094.0,6710.0,True,17.0
PQ304610.1,75.70797,0.0,7554.0,7560.0,GII.P17,,3581.0,5110.0,annotated_rdrp,GII.17,,5094.0,6710.0,True,17.0
PQ273187.1,87.65432,6.0,7565.0,7556.0,GII.P7,,3566.0,5095.0,annotated_rdrp,GII.6,,5079.0,6728.0,True,17.0
PQ273182.1,89.118385,0.0,7613.0,7613.0,GII.P12,,3572.0,5101.0,annotated_rdrp,GII.3,,5085.0,6731.0,True,17.0
PQ218468.1,85.173035,0.0,7574.0,7568.0,GII.P31,,3572.0,5101.0,annotated_rdrp,GII.4,Could not assign,5085.0,6707.0,True,17.0
PQ215578.1,84.238144,0.0,7569.0,7563.0,GII.P4,New_Orleans_2009,3572.0,5101.0,annotated_rdrp,GII.4,Could not assign,5085.0,6707.0,True,17.0
PQ215575.1,83.63868,0.0,7570.0,7567.0,GII.P4,New_Orleans_2009,3572.0,5101.0,annotated_rdrp,GII.4,Sydney_2012,5085.0,6707.0,True,17.0
PQ215525.1,75.58178,0.0,7567.0,7561.0,GII.P16,,3572.0,5101.0,annotated_rdrp,GII.4,Sydney_2016,5085.0,6707.0,True,17.0
PQ213436.1,84.68099,0.0,7565.0,7559.0,GII.P4,Den_Haag_2006b,3572.0,5101.0,annotated_rdrp,GII.4,New_Orleans_2009,5085.0,6707.0,True,17.0
PV275062.1,82.22113,-18.0,7570.0,7585.0,GII.P4,New_Orleans_2009,3590.0,5119.0,annotated_rdrp,GII.4,Could not assign,5103.0,6725.0,True,17.0
PV275046.1,83.94292,0.0,7570.0,7567.0,GII.P31,,3572.0,5101.0,annotated_rdrp,GII.4,Could not assign,5085.0,6710.0,True,17.0
PV275040.1,83.76251,0.0,7570.0,7567.0,GII.P31,,3572.0,5101.0,annotated_rdrp,GII.4,Could not assign,5085.0,6710.0,True,17.0
PV635313.1,75.74718,0.0,7545.0,7551.0,GII.P17,,3581.0,5110.0,annotated_rdrp,GII.17,,5094.0,6716.0,True,17.0
PV784303.1,75.99018,0.0,7549.0,7555.0,GII.P17,,3581.0,5110.0,annotated_rdrp,GII.17,,5094.0,6710.0,True,17.0
PZ240487.1,75.630936,0.0,7566.0,7557.0,GII.P16,,3569.0,5098.0,annotated_rdrp,GII.4,Sydney_2016,5082.0,6704.0,True,17.0
PZ234772.1,75.891975,0.0,7550.0,7556.0,GII.P17,,3581.0,5110.0,annotated_rdrp,GII.17,,5094.0,6716.0,True,17.0
PZ221915.1,81.29303,0.0,7542.0,7542.0,GII.P21,,3572.0,5101.0,annotated_rdrp,GII.3,,5085.0,6731.0,True,17.0
PZ208536.1,75.845566,32.0,7550.0,7521.0,GII.P17,,3546.0,5075.0,annotated_rdrp,GII.17,,5059.0,6675.0,True,17.0
PZ208537.1,75.82907,32.0,7550.0,7521.0,GII.P17,,3546.0,5075.0,annotated_rdrp,GII.17,,5059.0,6675.0,True,17.0
PZ208538.1,75.76308,32.0,7549.0,7520.0,GII.P17,,3546.0,5075.0,annotated_rdrp,GII.17,,5059.0,6675.0,True,17.0
PZ208539.1,75.76308,32.0,7511.0,7482.0,GII.P17,,3546.0,5075.0,annotated_rdrp,GII.17,,5059.0,6675.0,True,17.0
PZ208540.1,75.746574,32.0,7508.0,7479.0,GII.P17,,3546.0,5075.0,annotated_rdrp,GII.17,,5059.0,6675.0,True,17.0
PZ208541.1,75.76308,32.0,7511.0,7482.0,GII.P17,,3546.0,5075.0,annotated_rdrp,GII.17,,5059.0,6675.0,True,17.0
PZ208542.1,75.76308,32.0,7511.0,7482.0,GII.P17,,3546.0,5075.0,annotated_rdrp,GII.17,,5059.0,6675.0,True,17.0
PZ208543.1,75.82907,32.0,7550.0,7521.0,GII.P17,,3546.0,5075.0,annotated_rdrp,GII.17,,5059.0,6675.0,True,17.0
PZ208544.1,75.82907,32.0,7550.0,7521.0,GII.P17,,3546.0,5075.0,annotated_rdrp,GII.17,,5059.0,6675.0,True,17.0
PZ208546.1,75.737,35.0,7565.0,7524.0,GII.P16,,3537.0,5066.0,annotated_rdrp,GII.4,Sydney_2016,5050.0,6672.0,True,17.0
PZ208547.1,75.720436,35.0,7567.0,7526.0,GII.P16,,3537.0,5066.0,annotated_rdrp,GII.4,Sydney_2016,5050.0,6672.0,True,17.0
PZ208550.1,75.81257,32.0,7511.0,7482.0,GII.P17,,3546.0,5075.0,annotated_rdrp,GII.17,,5059.0,6675.0,True,17.0
PZ208551.1,75.82907,32.0,7550.0,7521.0,GII.P17,,3546.0,5075.0,annotated_rdrp,GII.17,,5059.0,6675.0,True,17.0
PZ208552.1,75.82907,32.0,7550.0,7521.0,GII.P17,,3546.0,5075.0,annotated_rdrp,GII.17,,5059.0,6675.0,True,17.0
PZ208554.1,75.82907,32.0,7550.0,7521.0,GII.P17,,3546.0,5075.0,annotated_rdrp,GII.17,,5059.0,6675.0,True,17.0
PZ208555.1,75.82907,32.0,7550.0,7521.0,GII.P17,,3546.0,5075.0,annotated_rdrp,GII.17,,5059.0,6675.0,True,17.0
PZ208556.1,75.81257,32.0,7493.0,7464.0,GII.P17,,3546.0,5075.0,annotated_rdrp,GII.17,,5059.0,6675.0,True,17.0
PZ208557.1,75.82907,32.0,7549.0,7520.0,GII.P17,,3546.0,5075.0,annotated_rdrp,GII.17,,5059.0,6675.0,True,17.0
PZ208558.1,75.82907,32.0,7550.0,7521.0,GII.P17,,3546.0,5075.0,annotated_rdrp,GII.17,,5059.0,6675.0,True,17.0
PZ208560.1,75.82907,32.0,7550.0,7521.0,GII.P17,,3546.0,5075.0,annotated_rdrp,GII.17,,5059.0,6675.0,True,17.0
PZ208561.1,75.82907,32.0,7550.0,7521.0,GII.P17,,3546.0,5075.0,annotated_rdrp,GII.17,,5059.0,6675.0,True,17.0
PZ208562.1,75.82907,32.0,7550.0,7521.0,GII.P17,,3546.0,5075.0,annotated_rdrp,GII.17,,5059.0,6675.0,True,17.0
PZ208563.1,75.82907,32.0,7550.0,7521.0,GII.P17,,3546.0,5075.0,annotated_rdrp,GII.17,,5059.0,6675.0,True,17.0
PZ208564.1,75.82907,32.0,7550.0,7521.0,GII.P17,,3546.0,5075.0,annotated_rdrp,GII.17,,5059.0,6675.0,True,17.0
PZ208565.1,75.82907,32.0,7550.0,7521.0,GII.P17,,3546.0,5075.0,annotated_rdrp,GII.17,,5059.0,6675.0,True,17.0
PZ208566.1,75.82907,32.0,7550.0,7521.0,GII.P17,,3546.0,5075.0,annotated_rdrp,GII.17,,5059.0,6675.0,True,17.0
PZ208567.1,75.82907,32.0,7550.0,7521.0,GII.P17,,3546.0,5075.0,annotated_rdrp,GII.17,,5059.0,6675.0,True,17.0
PZ208568.1,75.845566,32.0,7550.0,7521.0,GII.P17,,3546.0,5075.0,annotated_rdrp,GII.17,,5059.0,6675.0,True,17.0
PZ208569.1,75.76308,32.0,7511.0,7482.0,GII.P17,,3546.0,5075.0,annotated_rdrp,GII.17,,5059.0,6675.0,True,17.0
PZ208570.1,75.845566,32.0,7547.0,7518.0,GII.P17,,3546.0,5075.0,annotated_rdrp,GII.17,,5059.0,6675.0,True,17.0
PZ208571.1,75.845566,32.0,7550.0,7521.0,GII.P17,,3546.0,5075.0,annotated_rdrp,GII.17,,5059.0,6675.0,True,17.0
PZ208572.1,75.82907,32.0,7550.0,7521.0,GII.P17,,3546.0,5075.0,annotated_rdrp,GII.17,,5059.0,6675.0,True,17.0
PZ221920.1,81.26472,9.0,7542.0,7533.0,GII.P21,,3563.0,5092.0,annotated_rdrp,GII.3,,5076.0,6722.0,True,17.0
PZ221921.1,81.27416,6.0,7542.0,7536.0,GII.P21,,3566.0,5095.0,annotated_rdrp,GII.3,,5079.0,6725.0,True,17.0
PZ221923.1,81.27102,7.0,7542.0,7535.0,GII.P21,,3565.0,5094.0,annotated_rdrp,GII.3,,5078.0,6724.0,True,17.0
PZ221926.1,81.25841,11.0,7542.0,7531.0,GII.P21,,3561.0,5090.0,annotated_rdrp,GII.3,,5074.0,6720.0,True,17.0
PZ231294.1,89.23546,56.0,7493.0,7437.0,GII.P12,,3516.0,5045.0,annotated_rdrp,GII.3,,5029.0,6675.0,True,17.0
PZ231295.1,89.26468,12.0,7493.0,7481.0,GII.P12,,3560.0,5089.0,annotated_rdrp,GII.3,,5073.0,6719.0,True,17.0
PZ231296.1,89.130066,12.0,7493.0,7481.0,GII.P12,,3560.0,5089.0,annotated_rdrp,GII.3,,5073.0,6719.0,True,17.0
PZ231297.1,89.09679,76.0,7493.0,7417.0,GII.P12,,3496.0,5025.0,annotated_rdrp,GII.3,,5009.0,6655.0,True,17.0
PZ231298.1,89.10506,44.0,7493.0,7449.0,GII.P12,,3528.0,5057.0,annotated_rdrp,GII.3,,5041.0,6687.0,True,17.0
PZ231299.1,89.26468,12.0,7493.0,7481.0,GII.P12,,3560.0,5089.0,annotated_rdrp,GII.3,,5073.0,6719.0,True,17.0
PZ231300.1,89.075775,69.0,7493.0,7424.0,GII.P12,,3503.0,5032.0,annotated_rdrp,GII.3,,5016.0,6662.0,True,17.0
PZ231301.1,89.075775,69.0,7493.0,7424.0,GII.P12,,3503.0,5032.0,annotated_rdrp,GII.3,,5016.0,6662.0,True,17.0
PZ231302.1,89.075775,69.0,7493.0,7424.0,GII.P12,,3503.0,5032.0,annotated_rdrp,GII.3,,5016.0,6662.0,True,17.0
PZ231303.1,89.075775,69.0,7493.0,7424.0,GII.P12,,3503.0,5032.0,annotated_rdrp,GII.3,,5016.0,6662.0,True,17.0
PZ231305.1,89.043655,68.0,7493.0,7425.0,GII.P12,,3504.0,5033.0,annotated_rdrp,GII.3,,5017.0,6663.0,True,17.0
PZ231306.1,88.99796,39.0,7523.0,7484.0,GII.P12,,3533.0,5062.0,annotated_rdrp,GII.3,,5046.0,6692.0,True,17.0
PZ234757.1,75.76105,13.0,7497.0,7490.0,GII.P17,,3568.0,5097.0,annotated_rdrp,GII.17,,5081.0,6703.0,True,17.0
PZ234758.1,75.92137,5.0,7550.0,7551.0,GII.P17,,3576.0,5105.0,annotated_rdrp,GII.17,,5089.0,6711.0,True,17.0
PZ234759.1,75.760056,5.0,7497.0,7498.0,GII.P17,,3576.0,5105.0,annotated_rdrp,GII.17,,5089.0,6711.0,True,17.0
PZ234761.1,75.760056,5.0,7497.0,7498.0,GII.P17,,3576.0,5105.0,annotated_rdrp,GII.17,,5089.0,6711.0,True,17.0
PZ234763.1,75.72736,5.0,7497.0,7498.0,GII.P17,,3576.0,5105.0,annotated_rdrp,GII.17,,5089.0,6711.0,True,17.0
PZ234764.1,75.760056,5.0,7497.0,7498.0,GII.P17,,3576.0,5105.0,annotated_rdrp,GII.17,,5089.0,6711.0,True,17.0
PZ234765.1,75.617386,33.0,7497.0,7467.0,GII.P17,,3545.0,5074.0,annotated_rdrp,GII.17,,5058.0,6680.0,True,17.0
PZ234767.1,75.7764,5.0,7497.0,7498.0,GII.P17,,3576.0,5105.0,annotated_rdrp,GII.17,,5089.0,6711.0,True,17.0
PZ234768.1,75.725296,22.0,7492.0,7476.0,GII.P17,,3559.0,5088.0,annotated_rdrp,GII.17,,5072.0,6694.0,True,17.0
PZ234770.1,75.83948,5.0,7495.0,7496.0,GII.P17,,3576.0,5105.0,annotated_rdrp,GII.17,,5089.0,6711.0,True,17.0
PZ234771.1,75.790855,9.0,7495.0,7492.0,GII.P17,,3572.0,5101.0,annotated_rdrp,GII.17,,5085.0,6707.0,True,17.0
PZ234773.1,75.898865,19.0,7550.0,7537.0,GII.P17,,3562.0,5091.0,annotated_rdrp,GII.17,,5075.0,6697.0,True,17.0
PZ234774.1,75.71358,25.0,7550.0,7528.0,GII.P17,,3553.0,5082.0,annotated_rdrp,GII.17,,5066.0,6688.0,True,17.0
PZ234776.1,75.72273,22.0,7550.0,7534.0,GII.P17,,3559.0,5088.0,annotated_rdrp,GII.17,,5072.0,6694.0,True,17.0
PZ234777.1,75.77957,40.0,7511.0,7474.0,GII.P17,,3538.0,5067.0,annotated_rdrp,GII.17,,5051.0,6667.0,True,17.0
PZ234779.1,75.85414,22.0,7511.0,7495.0,GII.P17,,3559.0,5088.0,annotated_rdrp,GII.17,,5072.0,6688.0,True,17.0
PZ234780.1,75.83948,5.0,7511.0,7512.0,GII.P17,,3576.0,5105.0,annotated_rdrp,GII.17,,5089.0,6705.0,True,17.0
PZ234783.1,75.80672,5.0,7495.0,7496.0,GII.P17,,3576.0,5105.0,annotated_rdrp,GII.17,,5089.0,6711.0,True,17.0
PZ234784.1,75.85586,5.0,7511.0,7512.0,GII.P17,,3576.0,5105.0,annotated_rdrp,GII.17,,5089.0,6705.0,True,17.0
PZ234785.1,75.18487,26.0,7499.0,7488.0,GII.P17,,3552.0,5081.0,annotated_rdrp,GII.17,,5065.0,6681.0,True,17.0
PZ234786.1,75.77957,30.0,7511.0,7484.0,GII.P17,,3548.0,5077.0,annotated_rdrp,GII.17,,5061.0,6677.0,True,17.0
PZ234787.1,75.87224,5.0,7511.0,7512.0,GII.P17,,3576.0,5105.0,annotated_rdrp,GII.17,,5089.0,6705.0,True,17.0
PZ234789.1,75.87224,5.0,7549.0,7550.0,GII.P17,,3576.0,5105.0,annotated_rdrp,GII.17,,5089.0,6705.0,True,17.0
PZ234792.1,75.90341,22.0,7509.0,7493.0,GII.P17,,3559.0,5088.0,annotated_rdrp,GII.17,,5072.0,6688.0,True,17.0
PZ234793.1,75.78048,24.0,7554.0,7536.0,GII.P17,,3557.0,5086.0,annotated_rdrp,GII.17,,5070.0,6686.0,True,17.0
PZ234795.1,75.837715,22.0,7511.0,7495.0,GII.P17,,3559.0,5088.0,annotated_rdrp,GII.17,,5072.0,6688.0,True,17.0
PZ234796.1,75.93775,5.0,7509.0,7510.0,GII.P17,,3576.0,5105.0,annotated_rdrp,GII.17,,5089.0,6705.0,True,17.0
PZ234797.1,75.70631,22.0,7511.0,7495.0,GII.P17,,3559.0,5088.0,annotated_rdrp,GII.17,,5072.0,6688.0,True,17.0
PZ234798.1,75.64758,40.0,7550.0,7513.0,GII.P17,,3538.0,5067.0,annotated_rdrp,GII.17,,5051.0,6673.0,True,17.0
PZ234799.1,75.77957,40.0,7511.0,7474.0,GII.P17,,3538.0,5067.0,annotated_rdrp,GII.17,,5051.0,6667.0,True,17.0
PZ234800.1,75.87856,27.0,7509.0,7485.0,GII.P17,,3551.0,5080.0,annotated_rdrp,GII.17,,5064.0,6680.0,True,17.0
PZ234801.1,75.80486,22.0,7511.0,7495.0,GII.P17,,3559.0,5088.0,annotated_rdrp,GII.17,,5072.0,6688.0,True,17.0
PZ234802.1,75.905,5.0,7541.0,7542.0,GII.P17,,3576.0,5105.0,annotated_rdrp,GII.17,,5089.0,6705.0,True,17.0
PZ234804.1,75.746574,33.0,7511.0,7481.0,GII.P17,,3545.0,5074.0,annotated_rdrp,GII.17,,5058.0,6674.0,True,17.0
PZ234805.1,75.81257,33.0,7554.0,7524.0,GII.P17,,3545.0,5074.0,annotated_rdrp,GII.17,,5058.0,6674.0,True,17.0
PZ234808.1,75.77957,33.0,7498.0,7468.0,GII.P17,,3545.0,5074.0,annotated_rdrp,GII.17,,5058.0,6674.0,True,17.0
PZ234809.1,75.68058,30.0,7554.0,7527.0,GII.P17,,3548.0,5077.0,annotated_rdrp,GII.17,,5061.0,6677.0,True,17.0
PZ234810.1,75.905,5.0,7511.0,7512.0,GII.P17,,3576.0,5105.0,annotated_rdrp,GII.17,,5089.0,6705.0,True,17.0
PZ234813.1,75.85586,5.0,7511.0,7512.0,GII.P17,,3576.0,5105.0,annotated_rdrp,GII.17,,5089.0,6705.0,True,17.0
PZ234814.1,75.81257,25.0,7511.0,7489.0,GII.P17,,3553.0,5082.0,annotated_rdrp,GII.17,,5066.0,6682.0,True,17.0
PZ234815.1,75.95413,5.0,7509.0,7510.0,GII.P17,,3576.0,5105.0,annotated_rdrp,GII.17,,5089.0,6705.0,True,17.0
PZ234816.1,75.87224,5.0,7509.0,7510.0,GII.P17,,3576.0,5105.0,annotated_rdrp,GII.17,,5089.0,6705.0,True,17.0
PZ234818.1,75.82907,26.0,7554.0,7531.0,GII.P17,,3552.0,5081.0,annotated_rdrp,GII.17,,5065.0,6681.0,True,17.0
PZ234819.1,75.71358,25.0,7511.0,7489.0,GII.P17,,3553.0,5082.0,annotated_rdrp,GII.17,,5066.0,6682.0,True,17.0
PZ234820.1,75.87224,5.0,7511.0,7512.0,GII.P17,,3576.0,5105.0,annotated_rdrp,GII.17,,5089.0,6705.0,True,17.0
PZ234821.1,75.12799,25.0,7499.0,7489.0,GII.P17,,3553.0,5082.0,annotated_rdrp,GII.17,,5066.0,6682.0,True,17.0
PZ234822.1,75.91924,18.0,7554.0,7542.0,GII.P17,,3563.0,5092.0,annotated_rdrp,GII.17,,5076.0,6692.0,True,17.0
PZ234823.1,75.87224,5.0,7511.0,7512.0,GII.P17,,3576.0,5105.0,annotated_rdrp,GII.17,,5089.0,6705.0,True,17.0
PZ234824.1,75.8231,5.0,7511.0,7512.0,GII.P17,,3576.0,5105.0,annotated_rdrp,GII.17,,5089.0,6705.0,True,17.0
PZ240463.1,92.588135,28.0,7516.0,7488.0,GII.P7,,3544.0,5073.0,annotated_rdrp,GII.6,,5057.0,6709.0,True,17.0
PZ240464.1,92.63327,50.0,7516.0,7466.0,GII.P7,,3522.0,5051.0,annotated_rdrp,GII.6,,5035.0,6687.0,True,17.0
PZ240465.1,92.5143,14.0,7535.0,7521.0,GII.P7,,3558.0,5087.0,annotated_rdrp,GII.6,,5071.0,6723.0,True,17.0
PZ240466.1,92.34687,72.0,7535.0,7463.0,GII.P7,,3500.0,5029.0,annotated_rdrp,GII.6,,5013.0,6665.0,True,17.0
PZ240467.1,92.44705,28.0,7535.0,7507.0,GII.P7,,3544.0,5073.0,annotated_rdrp,GII.6,,5057.0,6709.0,True,17.0
PZ240469.1,75.708435,0.0,7518.0,7512.0,GII.P16,,3572.0,5101.0,annotated_rdrp,GII.4,Sydney_2016,5085.0,6707.0,True,17.0
PZ240470.1,75.675674,0.0,7518.0,7512.0,GII.P16,,3572.0,5101.0,annotated_rdrp,GII.4,Sydney_2016,5085.0,6707.0,True,17.0
PZ240471.1,75.708435,0.0,7518.0,7512.0,GII.P16,,3572.0,5101.0,annotated_rdrp,GII.4,Sydney_2016,5085.0,6707.0,True,17.0
PZ240472.1,75.724815,0.0,7518.0,7512.0,GII.P16,,3572.0,5101.0,annotated_rdrp,GII.4,Sydney_2016,5085.0,6707.0,True,17.0
PZ240473.1,75.675674,0.0,7518.0,7512.0,GII.P16,,3572.0,5101.0,annotated_rdrp,GII.4,Sydney_2016,5085.0,6707.0,True,17.0
PZ240474.1,75.57739,0.0,7518.0,7512.0,GII.P16,,3572.0,5101.0,annotated_rdrp,GII.4,Sydney_2016,5085.0,6707.0,True,17.0
PZ240475.1,75.62653,0.0,7518.0,7512.0,GII.P16,,3572.0,5101.0,annotated_rdrp,GII.4,Sydney_2016,5085.0,6707.0,True,17.0
PZ240477.1,75.56102,0.0,7518.0,7512.0,GII.P16,,3572.0,5101.0,annotated_rdrp,GII.4,Sydney_2016,5085.0,6707.0,True,17.0
PZ240479.1,75.642914,0.0,7518.0,7512.0,GII.P16,,3572.0,5101.0,annotated_rdrp,GII.4,Sydney_2016,5085.0,6707.0,True,17.0
PZ240481.1,75.52826,0.0,7518.0,7512.0,GII.P16,,3572.0,5101.0,annotated_rdrp,GII.4,Sydney_2016,5085.0,6707.0,True,17.0
PZ240482.1,75.62653,0.0,7518.0,7512.0,GII.P16,,3572.0,5101.0,annotated_rdrp,GII.4,Sydney_2016,5085.0,6707.0,True,17.0
PZ240485.1,75.642914,0.0,7518.0,7512.0,GII.P16,,3572.0,5101.0,annotated_rdrp,GII.4,Sydney_2016,5085.0,6707.0,True,17.0
PZ240486.1,75.60655,5.0,7556.0,7545.0,GII.P16,,3567.0,5096.0,annotated_rdrp,GII.4,Sydney_2016,5080.0,6702.0,True,17.0
PZ240488.1,75.708435,0.0,7518.0,7512.0,GII.P16,,3572.0,5101.0,annotated_rdrp,GII.4,Sydney_2016,5085.0,6707.0,True,17.0
PZ240491.1,75.68852,5.0,7556.0,7545.0,GII.P16,,3567.0,5096.0,annotated_rdrp,GII.4,Sydney_2016,5080.0,6702.0,True,17.0
PZ240492.1,75.642914,0.0,7518.0,7512.0,GII.P16,,3572.0,5101.0,annotated_rdrp,GII.4,Sydney_2016,5085.0,6707.0,True,17.0
PZ240493.1,75.873436,5.0,7556.0,7545.0,GII.P16,,3567.0,5096.0,annotated_rdrp,GII.4,Sydney_2016,5080.0,6702.0,True,17.0
PZ240494.1,75.4844,15.0,7518.0,7497.0,GII.P16,,3557.0,5086.0,annotated_rdrp,GII.4,Sydney_2016,5070.0,6692.0,True,17.0
PZ240496.1,75.56102,0.0,7518.0,7512.0,GII.P16,,3572.0,5101.0,annotated_rdrp,GII.4,Sydney_2016,5085.0,6707.0,True,17.0
PZ240497.1,75.659294,0.0,7518.0,7512.0,GII.P16,,3572.0,5101.0,annotated_rdrp,GII.4,Sydney_2016,5085.0,6707.0,True,17.0
PZ240498.1,75.6677,2.0,7518.0,7510.0,GII.P16,,3570.0,5099.0,annotated_rdrp,GII.4,Sydney_2016,5083.0,6705.0,True,17.0
PZ240499.1,75.57739,0.0,7518.0,7512.0,GII.P16,,3572.0,5101.0,annotated_rdrp,GII.4,Sydney_2016,5085.0,6707.0,True,17.0
PZ240500.1,75.757576,0.0,7518.0,7512.0,GII.P16,,3572.0,5101.0,annotated_rdrp,GII.4,Sydney_2016,5085.0,6707.0,True,17.0
PZ240502.1,75.675674,0.0,7518.0,7512.0,GII.P16,,3572.0,5101.0,annotated_rdrp,GII.4,Sydney_2016,5085.0,6707.0,True,17.0
PZ240504.1,75.86605,11.0,7518.0,7501.0,GII.P16,,3561.0,5090.0,annotated_rdrp,GII.4,Sydney_2016,5074.0,6696.0,True,17.0
PZ240507.1,75.8038,9.0,7530.0,7515.0,GII.P16,,3563.0,5092.0,annotated_rdrp,GII.4,Sydney_2016,5076.0,6698.0,True,17.0
PZ240509.1,75.94853,11.0,7518.0,7501.0,GII.P16,,3561.0,5090.0,annotated_rdrp,GII.4,Sydney_2016,5074.0,6696.0,True,17.0
PZ240511.1,75.94853,11.0,7518.0,7501.0,GII.P16,,3561.0,5090.0,annotated_rdrp,GII.4,Sydney_2016,5074.0,6696.0,True,17.0
PZ240512.1,76.52977,46.0,7485.0,7439.0,GII.P16,,3526.0,5055.0,annotated_rdrp,GII.2,,5039.0,6667.0,True,17.0
PZ240513.1,84.68812,69.0,7552.0,7477.0,GII.P31,,3503.0,5032.0,annotated_rdrp,GII.4,Could not assign,5016.0,6638.0,True,17.0
PZ240514.1,81.64258,85.0,7498.0,7413.0,GII.P33,,3493.0,5022.0,annotated_rdrp,GII.1,,5006.0,6613.0,True,17.0
PZ240515.1,76.4542,6.0,7549.0,7543.0,GII.P16,,3566.0,5095.0,annotated_rdrp,GII.2,,5079.0,6707.0,True,17.0
PZ240516.1,76.4542,6.0,7549.0,7543.0,GII.P16,,3566.0,5095.0,annotated_rdrp,GII.2,,5079.0,6707.0,True,17.0
PZ240517.1,81.151695,8.0,7505.0,7497.0,GII.P16,,3564.0,5093.0,annotated_rdrp,GII.12,,5077.0,6684.0,True,17.0
PZ240518.1,81.07928,5.0,7505.0,7500.0,GII.P16,,3567.0,5096.0,annotated_rdrp,GII.12,,5080.0,6687.0,True,17.0
PZ264142.1,75.755554,118.0,6704.0,6589.0,GII.P17,,3460.0,4989.0,annotated_rdrp,GII.17,,4973.0,6589.0,True,17.0
PZ264143.1,75.80565,118.0,6704.0,6589.0,GII.P17,,3460.0,4989.0,annotated_rdrp,GII.17,,4973.0,6589.0,True,17.0
PZ264146.1,75.77682,121.0,6704.0,6586.0,GII.P17,,3457.0,4986.0,annotated_rdrp,GII.17,,4970.0,6586.0,True,17.0
PZ264147.1,75.77682,121.0,6704.0,6586.0,GII.P17,,3457.0,4986.0,annotated_rdrp,GII.17,,4970.0,6586.0,True,17.0
PZ264162.1,75.755554,118.0,6704.0,6589.0,GII.P17,,3460.0,4989.0,annotated_rdrp,GII.17,,4973.0,6589.0,True,17.0
PZ264163.1,75.859764,118.0,6704.0,6589.0,GII.P17,,3460.0,4989.0,annotated_rdrp,GII.17,,4973.0,6589.0,True,17.0
PZ264164.1,75.792984,118.0,6704.0,6589.0,GII.P17,,3460.0,4989.0,annotated_rdrp,GII.17,,4973.0,6589.0,True,17.0
PZ264165.1,75.79533,136.0,6704.0,6565.0,GII.P17,,3436.0,4965.0,annotated_rdrp,GII.17,,4949.0,6565.0,True,17.0
PZ264166.1,75.73885,118.0,6704.0,6589.0,GII.P17,,3460.0,4989.0,annotated_rdrp,GII.17,,4973.0,6589.0,True,17.0
PZ264187.1,76.106514,543.0,6704.0,6158.0,GII.P17,,3029.0,4558.0,annotated_rdrp,GII.17,,4542.0,6158.0,True,17.0
PZ264188.1,76.163,555.0,6704.0,6146.0,GII.P17,,3017.0,4546.0,annotated_rdrp,GII.17,,4530.0,6146.0,True,17.0
PZ264189.1,76.11321,548.0,6704.0,6153.0,GII.P17,,3024.0,4553.0,annotated_rdrp,GII.17,,4537.0,6153.0,True,17.0
PZ264190.1,76.02862,510.0,6704.0,6191.0,GII.P17,,3062.0,4591.0,annotated_rdrp,GII.17,,4575.0,6191.0,True,17.0
PZ264200.1,76.05936,506.0,6704.0,6195.0,GII.P17,,3066.0,4595.0,annotated_rdrp,GII.17,,4579.0,6195.0,True,17.0
PZ264201.1,75.559265,118.0,6704.0,6589.0,GII.P17,,3460.0,4989.0,annotated_rdrp,GII.17,,4973.0,6589.0,True,17.0
PZ264202.1,75.84307,118.0,6704.0,6589.0,GII.P17,,3460.0,4989.0,annotated_rdrp,GII.17,,4973.0,6589.0,True,17.0
PZ264203.1,75.855736,118.0,6704.0,6589.0,GII.P17,,3460.0,4989.0,annotated_rdrp,GII.17,,4973.0,6589.0,True,17.0
PZ264204.1,76.36646,2878.0,6704.0,3823.0,GII.P17,,694.0,2223.0,annotated_rdrp,GII.17,,2207.0,3823.0,True,17.0
PZ264217.1,75.18321,3110.0,6710.0,3597.0,GII.P17,,462.0,1991.0,annotated_rdrp,GII.17,,1975.0,3597.0,True,17.0
PZ264218.1,75.31645,3111.0,6710.0,3596.0,GII.P17,,461.0,1990.0,annotated_rdrp,GII.17,,1974.0,3596.0,True,17.0
PZ264219.1,75.24983,3112.0,6710.0,3595.0,GII.P17,,460.0,1989.0,annotated_rdrp,GII.17,,1973.0,3595.0,True,17.0
PZ264220.1,75.428566,3129.0,6710.0,3578.0,GII.P17,,443.0,1972.0,annotated_rdrp,GII.17,,1956.0,3578.0,True,17.0
PZ264221.1,75.39496,3121.0,6710.0,3586.0,GII.P17,,451.0,1980.0,annotated_rdrp,GII.17,,1964.0,3586.0,True,17.0
PZ264222.1,75.59147,118.0,6710.0,6595.0,GII.P17,,3460.0,4989.0,annotated_rdrp,GII.17,,4973.0,6595.0,True,17.0
PZ264223.1,75.624794,118.0,6710.0,6595.0,GII.P17,,3460.0,4989.0,annotated_rdrp,GII.17,,4973.0,6595.0,True,17.0
PZ264224.1,75.18321,3112.0,6710.0,3595.0,GII.P17,,460.0,1989.0,annotated_rdrp,GII.17,,1973.0,3595.0,True,17.0
PZ264225.1,75.049965,3112.0,6710.0,3595.0,GII.P17,,460.0,1989.0,annotated_rdrp,GII.17,,1973.0,3595.0,True,17.0
PZ264226.1,75.18321,3112.0,6710.0,3595.0,GII.P17,,460.0,1989.0,annotated_rdrp,GII.17,,1973.0,3595.0,True,17.0
PZ264227.1,74.983345,3112.0,6710.0,3595.0,GII.P17,,460.0,1989.0,annotated_rdrp,GII.17,,1973.0,3595.0,True,17.0
PZ264228.1,75.31645,3112.0,6710.0,3595.0,GII.P17,,460.0,1989.0,annotated_rdrp,GII.17,,1973.0,3595.0,True,17.0
PZ264230.1,75.3251,3114.0,6710.0,3593.0,GII.P17,,458.0,1987.0,annotated_rdrp,GII.17,,1971.0,3593.0,True,17.0
PZ264231.1,75.3251,3113.0,6710.0,3594.0,GII.P17,,459.0,1988.0,annotated_rdrp,GII.17,,1972.0,3594.0,True,17.0
PZ264232.1,75.34977,3112.0,6710.0,3595.0,GII.P17,,460.0,1989.0,annotated_rdrp,GII.17,,1973.0,3595.0,True,17.0
PZ264233.1,75.19173,3113.0,6710.0,3594.0,GII.P17,,459.0,1988.0,annotated_rdrp,GII.17,,1972.0,3594.0,True,17.0
PZ264234.1,75.36134,3123.0,6710.0,3584.0,GII.P17,,449.0,1978.0,annotated_rdrp,GII.17,,1962.0,3584.0,True,17.0
PZ264235.1,75.19173,3115.0,6710.0,3592.0,GII.P17,,457.0,1986.0,annotated_rdrp,GII.17,,1970.0,3592.0,True,17.0
PZ264236.1,75.225075,3113.0,6710.0,3594.0,GII.P17,,459.0,1988.0,annotated_rdrp,GII.17,,1972.0,3594.0,True,17.0
PZ264237.1,75.428566,3121.0,6710.0,3586.0,GII.P17,,451.0,1980.0,annotated_rdrp,GII.17,,1964.0,3586.0,True,17.0
PZ264238.1,75.21652,3112.0,6710.0,3595.0,GII.P17,,460.0,1989.0,annotated_rdrp,GII.17,,1973.0,3595.0,True,17.0
PZ264239.1,75.05835,3115.0,6710.0,3592.0,GII.P17,,457.0,1986.0,annotated_rdrp,GII.17,,1970.0,3592.0,True,17.0
PZ264240.1,75.049965,3112.0,6710.0,3595.0,GII.P17,,460.0,1989.0,annotated_rdrp,GII.17,,1973.0,3595.0,True,17.0
PZ264242.1,75.24983,3112.0,6710.0,3595.0,GII.P17,,460.0,1989.0,annotated_rdrp,GII.17,,1973.0,3595.0,True,17.0
PZ264243.1,75.29176,3114.0,6710.0,3593.0,GII.P17,,458.0,1987.0,annotated_rdrp,GII.17,,1971.0,3593.0,True,17.0
PZ336211.1,75.98543,35.0,7570.0,7529.0,GII.P16,,3537.0,5066.0,annotated_rdrp,GII.4,Sydney_2016,5050.0,6672.0,True,17.0
PZ336212.1,75.845566,32.0,7550.0,7521.0,GII.P17,,3546.0,5075.0,annotated_rdrp,GII.17,,5059.0,6675.0,True,17.0
PZ336213.1,75.81257,32.0,7550.0,7521.0,GII.P17,,3546.0,5075.0,annotated_rdrp,GII.17,,5059.0,6675.0,True,17.0
PZ336215.1,75.83637,35.0,7566.0,7525.0,GII.P16,,3537.0,5066.0,annotated_rdrp,GII.4,Sydney_2016,5050.0,6672.0,True,17.0
PZ336216.1,75.845566,32.0,7511.0,7482.0,GII.P17,,3546.0,5075.0,annotated_rdrp,GII.17,,5059.0,6675.0,True,17.0
PZ336217.1,75.845566,32.0,7511.0,7482.0,GII.P17,,3546.0,5075.0,annotated_rdrp,GII.17,,5059.0,6675.0,True,17.0
PZ336218.1,75.968864,35.0,7570.0,7529.0,GII.P16,,3537.0,5066.0,annotated_rdrp,GII.4,Sydney_2016,5050.0,6672.0,True,17.0
PZ336219.1,75.86207,32.0,7550.0,7521.0,GII.P17,,3546.0,5075.0,annotated_rdrp,GII.17,,5059.0,6675.0,True,17.0
PZ336221.1,75.86207,32.0,7550.0,7521.0,GII.P17,,3546.0,5075.0,annotated_rdrp,GII.17,,5059.0,6675.0,True,17.0
PZ336222.1,75.895065,32.0,7546.0,7517.0,GII.P17,,3546.0,5075.0,annotated_rdrp,GII.17,,5059.0,6675.0,True,17.0
PZ336223.1,75.77957,32.0,7511.0,7482.0,GII.P17,,3546.0,5075.0,annotated_rdrp,GII.17,,5059.0,6675.0,True,17.0
PZ336224.1,75.81257,32.0,7511.0,7482.0,GII.P17,,3546.0,5075.0,annotated_rdrp,GII.17,,5059.0,6675.0,True,17.0
PZ336225.1,75.81257,32.0,7511.0,7482.0,GII.P17,,3546.0,5075.0,annotated_rdrp,GII.17,,5059.0,6675.0,True,17.0
PZ336226.1,75.81257,32.0,7511.0,7482.0,GII.P17,,3546.0,5075.0,annotated_rdrp,GII.17,,5059.0,6675.0,True,17.0
PZ336227.1,75.75356,35.0,7567.0,7526.0,GII.P16,,3537.0,5066.0,annotated_rdrp,GII.4,Sydney_2016,5050.0,6672.0,True,17.0
PZ336228.1,75.75356,35.0,7570.0,7529.0,GII.P16,,3537.0,5066.0,annotated_rdrp,GII.4,Sydney_2016,5050.0,6672.0,True,17.0
PZ336229.1,75.82907,32.0,7511.0,7482.0,GII.P17,,3546.0,5075.0,annotated_rdrp,GII.17,,5059.0,6675.0,True,17.0
PX925255.1,76.15676,0.0,7524.0,7518.0,GII.P16,,3572.0,5101.0,annotated_rdrp,GII.4,Sydney_2016,5085.0,6707.0,True,17.0
PX925256.1,76.15676,0.0,7524.0,7518.0,GII.P16,,3572.0,5101.0,annotated_rdrp,GII.4,Sydney_2016,5085.0,6707.0,True,17.0
PX925257.1,76.15676,0.0,7524.0,7518.0,GII.P16,,3572.0,5101.0,annotated_rdrp,GII.4,Sydney_2016,5085.0,6707.0,True,17.0
PX925258.1,74.11435,4.0,7421.0,7411.0,GII.P16,,3568.0,5097.0,annotated_rdrp,GII.4,Sydney_2016,5081.0,6616.0,True,17.0
PZ053844.1,75.82907,32.0,7511.0,7482.0,GII.P17,,3546.0,5075.0,annotated_rdrp,GII.17,,5059.0,6675.0,True,17.0
PZ053846.1,75.845566,32.0,7511.0,7482.0,GII.P17,,3546.0,5075.0,annotated_rdrp,GII.17,,5059.0,6675.0,True,17.0
PZ053847.1,75.845566,32.0,7550.0,7521.0,GII.P17,,3546.0,5075.0,annotated_rdrp,GII.17,,5059.0,6675.0,True,17.0
PZ053848.1,75.845566,32.0,7550.0,7521.0,GII.P17,,3546.0,5075.0,annotated_rdrp,GII.17,,5059.0,6675.0,True,17.0
PZ053849.1,75.845566,32.0,7550.0,7521.0,GII.P17,,3546.0,5075.0,annotated_rdrp,GII.17,,5059.0,6675.0,True,17.0
PZ053850.1,75.845566,32.0,7550.0,7521.0,GII.P17,,3546.0,5075.0,annotated_rdrp,GII.17,,5059.0,6675.0,True,17.0
PZ053852.1,75.82907,32.0,7550.0,7521.0,GII.P17,,3546.0,5075.0,annotated_rdrp,GII.17,,5059.0,6675.0,True,17.0
PZ053853.1,75.82907,32.0,7550.0,7521.0,GII.P17,,3546.0,5075.0,annotated_rdrp,GII.17,,5059.0,6675.0,True,17.0
PZ059663.1,74.32394,2662.0,7511.0,4846.0,GII.P17,,910.0,2439.0,annotated_rdrp,GII.17,,2423.0,4039.0,True,17.0
PZ059664.1,75.048416,3003.0,7511.0,4505.0,GII.P17,,569.0,2098.0,annotated_rdrp,GII.17,,2082.0,3698.0,True,17.0
PZ059665.1,72.77861,82.0,7511.0,7432.0,GII.P17,,3496.0,5025.0,annotated_rdrp,GII.17,,5009.0,6625.0,True,17.0
PZ059666.1,74.860886,0.0,7511.0,7517.0,GII.P17,,3581.0,5110.0,annotated_rdrp,GII.17,,5094.0,6710.0,True,17.0
PZ136051.1,81.27102,7.0,7542.0,7535.0,GII.P21,,3565.0,5094.0,annotated_rdrp,GII.3,,5078.0,6724.0,True,17.0
PZ136052.1,81.25526,11.0,7542.0,7531.0,GII.P21,,3561.0,5090.0,annotated_rdrp,GII.3,,5074.0,6720.0,True,17.0
PZ136055.1,81.27102,7.0,7542.0,7535.0,GII.P21,,3565.0,5094.0,annotated_rdrp,GII.3,,5078.0,6724.0,True,17.0
PZ136056.1,81.24895,14.0,7542.0,7528.0,GII.P21,,3558.0,5087.0,annotated_rdrp,GII.3,,5071.0,6717.0,True,17.0
PZ136059.1,81.24474,10.0,7542.0,7532.0,GII.P21,,3562.0,5091.0,annotated_rdrp,GII.3,,5075.0,6721.0,True,17.0
PZ136060.1,81.24895,14.0,7542.0,7528.0,GII.P21,,3558.0,5087.0,annotated_rdrp,GII.3,,5071.0,6717.0,True,17.0
PX700447.1,75.7596,116.0,7429.0,7316.0,GII.P17,,3462.0,4991.0,annotated_rdrp,GII.17,,4975.0,6591.0,True,17.0
PX700449.1,75.809685,117.0,7444.0,7330.0,GII.P17,,3461.0,4990.0,annotated_rdrp,GII.17,,4974.0,6590.0,True,17.0
PX700450.1,75.855736,118.0,7441.0,7326.0,GII.P17,,3460.0,4989.0,annotated_rdrp,GII.17,,4973.0,6589.0,True,17.0
PX700451.1,75.784904,119.0,7442.0,7326.0,GII.P17,,3459.0,4988.0,annotated_rdrp,GII.17,,4972.0,6588.0,True,17.0
PX700452.1,75.78085,120.0,7434.0,7317.0,GII.P17,,3458.0,4987.0,annotated_rdrp,GII.17,,4971.0,6587.0,True,17.0
PX700453.1,75.81216,135.0,7414.0,7276.0,GII.P17,,3437.0,4966.0,annotated_rdrp,GII.17,,4950.0,6566.0,True,17.0
PX700454.1,75.77826,101.0,7443.0,7345.0,GII.P17,,3477.0,5006.0,annotated_rdrp,GII.17,,4990.0,6606.0,True,17.0
PX700455.1,75.77629,116.0,7390.0,7277.0,GII.P17,,3462.0,4991.0,annotated_rdrp,GII.17,,4975.0,6591.0,True,17.0
PX700456.1,75.71976,98.0,7444.0,7349.0,GII.P17,,3480.0,5009.0,annotated_rdrp,GII.17,,4993.0,6609.0,True,17.0
PX700457.1,75.77629,116.0,7321.0,7208.0,GII.P17,,3462.0,4991.0,annotated_rdrp,GII.17,,4975.0,6591.0,True,17.0
PX700458.1,75.571884,119.0,7442.0,7326.0,GII.P17,,3459.0,4988.0,annotated_rdrp,GII.17,,4972.0,6588.0,True,17.0
PX700459.1,75.82638,118.0,7419.0,7304.0,GII.P17,,3460.0,4989.0,annotated_rdrp,GII.17,,4973.0,6589.0,True,17.0
PV920367.1,75.5618,55.0,7494.0,7442.0,GII.P17,,3523.0,5052.0,annotated_rdrp,GII.17,,5036.0,6652.0,True,17.0
PV920368.1,75.70518,16.0,7542.0,7541.0,Could,,3565.0,5094.0,annotated_rdrp,GII.17,,5078.0,6691.0,True,17.0
PV920369.1,75.64466,13.0,7523.0,7525.0,Could,,3568.0,5097.0,annotated_rdrp,GII.17,,5081.0,6694.0,True,17.0
PV920371.1,75.9475,15.0,7555.0,7546.0,GII.P17,,3566.0,5095.0,annotated_rdrp,GII.17,,5079.0,6701.0,True,17.0
PV920372.1,75.62336,14.0,7556.0,7548.0,GII.P17,,3567.0,5096.0,annotated_rdrp,GII.17,,5080.0,6696.0,True,17.0
PV920373.1,75.74914,16.0,7545.0,7535.0,GII.P17,,3565.0,5094.0,annotated_rdrp,GII.17,,5078.0,6700.0,True,17.0
PV920374.1,75.73421,15.0,7555.0,7546.0,GII.P17,,3566.0,5095.0,annotated_rdrp,GII.17,,5079.0,6701.0,True,17.0
PV920375.1,75.79378,13.0,7555.0,7548.0,GII.P17,,3568.0,5097.0,annotated_rdrp,GII.17,,5081.0,6703.0,True,17.0
PV920376.1,69.35541,-21.0,7555.0,7573.0,GII.PNA5,,3593.0,5122.0,annotated_rdrp,GII.17,,5106.0,6728.0,True,17.0
PV920377.1,75.711945,13.0,7555.0,7548.0,GII.P17,,3568.0,5097.0,annotated_rdrp,GII.17,,5081.0,6703.0,True,17.0
PV920378.1,75.78291,11.0,7552.0,7547.0,GII.P17,,3570.0,5099.0,annotated_rdrp,GII.17,,5083.0,6699.0,True,17.0
PV920379.1,83.49625,12.0,7528.0,7531.0,GII.P31,,3560.0,5089.0,annotated_rdrp,GII.17,,5073.0,6695.0,True,17.0
PV920380.1,75.815704,11.0,7549.0,7544.0,GII.P17,,3570.0,5099.0,annotated_rdrp,GII.17,,5083.0,6699.0,True,17.0
PV920381.1,75.81967,10.0,7552.0,7548.0,GII.P17,,3571.0,5100.0,annotated_rdrp,GII.17,,5084.0,6700.0,True,17.0
PV920382.1,75.711945,13.0,7546.0,7539.0,GII.P17,,3568.0,5097.0,annotated_rdrp,GII.17,,5081.0,6703.0,True,17.0
PV920383.1,68.593315,-20.0,7557.0,7574.0,GII.P25,,3592.0,5121.0,annotated_rdrp,GII.17,,5105.0,6727.0,True,17.0
PV920384.1,68.593315,-22.0,7557.0,7576.0,GII.P25,,3594.0,5123.0,annotated_rdrp,GII.17,,5107.0,6729.0,True,17.0
PX113523.1,74.97134,5.0,7494.0,7495.0,GII.P17,,3576.0,5105.0,annotated_rdrp,GII.17,,5089.0,6705.0,True,17.0
PV784265.1,75.8231,5.0,7549.0,7550.0,GII.P17,,3576.0,5105.0,annotated_rdrp,GII.17,,5089.0,6705.0,True,17.0
PV784267.1,75.77396,5.0,7544.0,7545.0,GII.P17,,3576.0,5105.0,annotated_rdrp,GII.17,,5089.0,6705.0,True,17.0
PV784268.1,75.83948,5.0,7540.0,7541.0,GII.P17,,3576.0,5105.0,annotated_rdrp,GII.17,,5089.0,6705.0,True,17.0
PV784269.1,75.79034,5.0,7440.0,7441.0,GII.P17,,3576.0,5105.0,annotated_rdrp,GII.17,,5089.0,6705.0,True,17.0
PV784270.1,75.88862,5.0,7443.0,7444.0,GII.P17,,3576.0,5105.0,annotated_rdrp,GII.17,,5089.0,6705.0,True,17.0
PV784271.1,75.92137,5.0,7544.0,7545.0,GII.P17,,3576.0,5105.0,annotated_rdrp,GII.17,,5089.0,6705.0,True,17.0
PV784283.1,75.8231,5.0,7549.0,7550.0,GII.P17,,3576.0,5105.0,annotated_rdrp,GII.17,,5089.0,6705.0,True,17.0
PV784284.1,75.83948,5.0,7518.0,7519.0,GII.P17,,3576.0,5105.0,annotated_rdrp,GII.17,,5089.0,6705.0,True,17.0
PV784286.1,75.83948,5.0,7501.0,7502.0,GII.P17,,3576.0,5105.0,annotated_rdrp,GII.17,,5089.0,6705.0,True,17.0
PV784288.1,75.741196,5.0,7471.0,7472.0,GII.P17,,3576.0,5105.0,annotated_rdrp,GII.17,,5089.0,6705.0,True,17.0
PV784289.1,75.87224,5.0,7539.0,7540.0,GII.P17,,3576.0,5105.0,annotated_rdrp,GII.17,,5089.0,6705.0,True,17.0
PV784290.1,75.8231,5.0,7543.0,7544.0,GII.P17,,3576.0,5105.0,annotated_rdrp,GII.17,,5089.0,6705.0,True,17.0
PV784293.1,75.724815,5.0,7546.0,7547.0,GII.P17,,3576.0,5105.0,annotated_rdrp,GII.17,,5089.0,6705.0,True,17.0
PV784294.1,75.708435,5.0,7532.0,7533.0,GII.P17,,3576.0,5105.0,annotated_rdrp,GII.17,,5089.0,6705.0,True,17.0
PV784299.1,75.9869,5.0,7528.0,7529.0,GII.P17,,3576.0,5105.0,annotated_rdrp,GII.17,,5089.0,6705.0,True,17.0
PV784321.1,75.933815,6.0,7549.0,7549.0,GII.P17,,3575.0,5104.0,annotated_rdrp,GII.17,,5088.0,6704.0,True,17.0
PV784333.1,75.88862,5.0,7549.0,7550.0,GII.P17,,3576.0,5105.0,annotated_rdrp,GII.17,,5089.0,6705.0,True,17.0
PV784337.1,75.966576,6.0,7545.0,7545.0,GII.P17,,3575.0,5104.0,annotated_rdrp,GII.17,,5088.0,6704.0,True,17.0
PV784346.1,75.90105,6.0,7540.0,7540.0,GII.P17,,3575.0,5104.0,annotated_rdrp,GII.17,,5088.0,6704.0,True,17.0
PV750875.1,75.90105,6.0,7550.0,7550.0,GII.P17,,3575.0,5104.0,annotated_rdrp,GII.17,,5088.0,6704.0,True,17.0
PV750876.1,75.86489,11.0,7550.0,7545.0,GII.P17,,3570.0,5099.0,annotated_rdrp,GII.17,,5083.0,6699.0,True,17.0
PV750878.1,75.89315,8.0,7550.0,7548.0,GII.P17,,3573.0,5102.0,annotated_rdrp,GII.17,,5086.0,6702.0,True,17.0
PV750879.1,75.86094,12.0,7550.0,7544.0,GII.P17,,3569.0,5098.0,annotated_rdrp,GII.17,,5082.0,6698.0,True,17.0
PV750880.1,75.87224,5.0,7550.0,7551.0,GII.P17,,3576.0,5105.0,annotated_rdrp,GII.17,,5089.0,6705.0,True,17.0
PV750883.1,75.85246,10.0,7549.0,7545.0,GII.P17,,3571.0,5100.0,annotated_rdrp,GII.17,,5084.0,6700.0,True,17.0
PV750884.1,75.84794,7.0,7549.0,7548.0,GII.P17,,3574.0,5103.0,annotated_rdrp,GII.17,,5087.0,6703.0,True,17.0
PV750885.1,75.87224,5.0,7549.0,7550.0,GII.P17,,3576.0,5105.0,annotated_rdrp,GII.17,,5089.0,6705.0,True,17.0
PV750887.1,75.92137,5.0,7549.0,7550.0,GII.P17,,3576.0,5105.0,annotated_rdrp,GII.17,,5089.0,6705.0,True,17.0
PV750888.1,75.80036,19.0,7549.0,7536.0,GII.P17,,3562.0,5091.0,annotated_rdrp,GII.17,,5075.0,6691.0,True,17.0
PV750889.1,75.86885,9.0,7549.0,7546.0,GII.P17,,3572.0,5101.0,annotated_rdrp,GII.17,,5085.0,6701.0,True,17.0
PV750890.1,75.796074,45.0,7549.0,7507.0,GII.P17,,3533.0,5062.0,annotated_rdrp,GII.17,,5046.0,6662.0,True,17.0
PV750892.1,75.86546,15.0,7549.0,7540.0,GII.P17,,3566.0,5095.0,annotated_rdrp,GII.17,,5079.0,6695.0,True,17.0
PV750893.1,75.87224,5.0,7549.0,7550.0,GII.P17,,3576.0,5105.0,annotated_rdrp,GII.17,,5089.0,6705.0,True,17.0
PV750895.1,75.90164,10.0,7549.0,7545.0,GII.P17,,3571.0,5100.0,annotated_rdrp,GII.17,,5084.0,6700.0,True,17.0
PV750896.1,75.86094,12.0,7549.0,7543.0,GII.P17,,3569.0,5098.0,annotated_rdrp,GII.17,,5082.0,6698.0,True,17.0
PV750897.1,75.82814,12.0,7549.0,7543.0,GII.P17,,3569.0,5098.0,annotated_rdrp,GII.17,,5082.0,6698.0,True,17.0
PV750899.1,75.8017,11.0,7532.0,7527.0,GII.P17,,3570.0,5099.0,annotated_rdrp,GII.17,,5083.0,6702.0,True,17.0
PV750900.1,75.822556,14.0,7537.0,7529.0,GII.P17,,3567.0,5096.0,annotated_rdrp,GII.17,,5080.0,6702.0,True,17.0
PV765507.1,75.846275,8.0,7524.0,7522.0,GII.P17,,3573.0,5102.0,annotated_rdrp,GII.17,,5086.0,6708.0,True,17.0
PV765508.1,75.63369,8.0,7518.0,7516.0,GII.P17,,3573.0,5102.0,annotated_rdrp,GII.17,,5086.0,6702.0,True,17.0
PV765509.1,75.715454,8.0,7518.0,7516.0,GII.P17,,3573.0,5102.0,annotated_rdrp,GII.17,,5086.0,6702.0,True,17.0
PV765566.1,75.80672,5.0,7486.0,7487.0,GII.P17,,3576.0,5105.0,annotated_rdrp,GII.17,,5089.0,6705.0,True,17.0
PV765569.1,75.82706,4.0,7546.0,7548.0,GII.P17,,3577.0,5106.0,annotated_rdrp,GII.17,,5090.0,6706.0,True,17.0
PV765572.1,75.83948,5.0,7546.0,7547.0,GII.P17,,3576.0,5105.0,annotated_rdrp,GII.17,,5089.0,6705.0,True,17.0
PV765573.1,75.82706,4.0,7545.0,7547.0,GII.P17,,3577.0,5106.0,annotated_rdrp,GII.17,,5090.0,6706.0,True,17.0
PV765574.1,75.83948,5.0,7499.0,7500.0,GII.P17,,3576.0,5105.0,annotated_rdrp,GII.17,,5089.0,6705.0,True,17.0
PV765576.1,75.78394,19.0,7461.0,7448.0,GII.P17,,3562.0,5091.0,annotated_rdrp,GII.17,,5075.0,6691.0,True,17.0
PV765577.1,75.8231,5.0,7546.0,7547.0,GII.P17,,3576.0,5105.0,annotated_rdrp,GII.17,,5089.0,6705.0,True,17.0
PV765580.1,75.8231,5.0,7464.0,7465.0,GII.P17,,3576.0,5105.0,annotated_rdrp,GII.17,,5089.0,6705.0,True,17.0
PV765581.1,75.83948,5.0,7514.0,7515.0,GII.P17,,3576.0,5105.0,annotated_rdrp,GII.17,,5089.0,6705.0,True,17.0
PV765582.1,75.8231,5.0,7483.0,7484.0,GII.P17,,3576.0,5105.0,annotated_rdrp,GII.17,,5089.0,6705.0,True,17.0
PV765584.1,75.8231,5.0,7523.0,7524.0,GII.P17,,3576.0,5105.0,annotated_rdrp,GII.17,,5089.0,6705.0,True,17.0
PV765585.1,75.78792,18.0,7461.0,7449.0,GII.P17,,3563.0,5092.0,annotated_rdrp,GII.17,,5076.0,6692.0,True,17.0
PV765586.1,75.75957,21.0,7461.0,7446.0,GII.P17,,3560.0,5089.0,annotated_rdrp,GII.17,,5073.0,6689.0,True,17.0
PV765587.1,75.83948,5.0,7479.0,7480.0,GII.P17,,3576.0,5105.0,annotated_rdrp,GII.17,,5089.0,6705.0,True,17.0
PV765588.1,75.83948,5.0,7513.0,7514.0,GII.P17,,3576.0,5105.0,annotated_rdrp,GII.17,,5089.0,6705.0,True,17.0
PV765590.1,75.746574,25.0,7461.0,7439.0,GII.P17,,3553.0,5082.0,annotated_rdrp,GII.17,,5066.0,6682.0,True,17.0
PV766927.1,72.23591,23.0,7432.0,7415.0,GII.P17,,3558.0,5087.0,annotated_rdrp,GII.17,,5071.0,6681.0,True,17.0
PV553833.1,75.93172,2918.0,7505.0,4587.0,GII.P7,,654.0,2183.0,annotated_rdrp,GII.14,,2167.0,3777.0,True,17.0
PV611445.1,84.51776,185.0,7570.0,7379.0,GII.P31,,3387.0,4916.0,annotated_rdrp,GII.4,Could not assign,4900.0,6522.0,True,17.0
PV611446.1,84.928116,16.0,7569.0,7547.0,GII.P31,,3556.0,5085.0,annotated_rdrp,GII.4,Could not assign,5069.0,6691.0,True,17.0
PV611447.1,84.86177,145.0,7568.0,7420.0,GII.P31,,3427.0,4956.0,annotated_rdrp,GII.4,Could not assign,4940.0,6565.0,True,17.0
PV611449.1,84.85299,43.0,7570.0,7524.0,GII.P31,,3529.0,5058.0,annotated_rdrp,GII.4,Could not assign,5042.0,6667.0,True,17.0
PQ507176.1,75.94979,19.0,7524.0,7499.0,GII.P16,,3553.0,5082.0,annotated_rdrp,GII.4,Sydney_2016,5066.0,6688.0,True,17.0
PQ507177.1,85.45362,28.0,7508.0,7480.0,GII.P31,,3544.0,5073.0,annotated_rdrp,GII.4,Could not assign,5057.0,6679.0,True,17.0
PQ507180.1,89.16372,12.0,7493.0,7481.0,GII.P12,,3560.0,5089.0,annotated_rdrp,GII.3,,5073.0,6719.0,True,17.0
PQ507181.1,75.72927,3.0,7518.0,7509.0,GII.P16,,3569.0,5098.0,annotated_rdrp,GII.4,Sydney_2016,5082.0,6704.0,True,17.0
PQ507182.1,75.86605,11.0,7518.0,7501.0,GII.P16,,3561.0,5090.0,annotated_rdrp,GII.4,Sydney_2016,5074.0,6696.0,True,17.0
PQ507183.1,75.8038,8.0,7530.0,7516.0,GII.P16,,3564.0,5093.0,annotated_rdrp,GII.4,Sydney_2016,5077.0,6699.0,True,17.0
PQ507184.1,84.888306,9.0,7522.0,7507.0,GII.P31,,3563.0,5092.0,annotated_rdrp,GII.4,Sydney_2012,5076.0,6698.0,True,17.0
PQ507185.1,75.64733,0.0,7518.0,7512.0,GII.P16,,3572.0,5101.0,annotated_rdrp,GII.4,Sydney_2016,5085.0,6707.0,True,17.0
PQ557603.1,84.81658,20.0,7519.0,7493.0,GII.P31,,3552.0,5081.0,annotated_rdrp,GII.4,Sydney_2012,5065.0,6687.0,True,17.0
PQ557604.1,84.75469,25.0,7533.0,7502.0,GII.P31,,3547.0,5076.0,annotated_rdrp,GII.4,Sydney_2012,5060.0,6682.0,True,17.0
PQ557605.1,84.92677,20.0,7519.0,7493.0,GII.P31,,3552.0,5081.0,annotated_rdrp,GII.4,Sydney_2012,5065.0,6687.0,True,17.0
PQ557606.1,83.26726,50.0,7519.0,7469.0,GII.P31,,3528.0,5057.0,annotated_rdrp,GII.4,Sydney_2016,5041.0,6663.0,True,17.0
PQ557607.1,84.64956,21.0,7519.0,7492.0,GII.P31,,3551.0,5080.0,annotated_rdrp,GII.4,Sydney_2012,5064.0,6686.0,True,17.0
PQ557608.1,84.783676,20.0,7531.0,7505.0,GII.P31,,3552.0,5081.0,annotated_rdrp,GII.4,Sydney_2012,5065.0,6687.0,True,17.0
PQ559816.1,89.15197,0.0,7493.0,7493.0,GII.P12,,3572.0,5101.0,annotated_rdrp,GII.3,,5085.0,6731.0,True,17.0
PQ590551.1,75.755585,22.0,7550.0,7534.0,GII.P17,,3559.0,5088.0,annotated_rdrp,GII.17,,5072.0,6694.0,True,17.0
PQ593082.1,69.25676,-19.0,7548.0,7567.0,GII.P25,,3591.0,5120.0,annotated_rdrp,GII.3,,5104.0,6750.0,True,17.0
PQ610214.1,80.78639,35.0,7467.0,7432.0,GII.P21,,3537.0,5066.0,annotated_rdrp,GII.21,,5050.0,6672.0,True,17.0
PV104273.1,75.7541,5.0,7564.0,7553.0,GII.P16,,3567.0,5096.0,annotated_rdrp,GII.4,Sydney_2016,5080.0,6702.0,True,17.0
PV223402.1,83.53454,-11.0,7091.0,7096.0,GII.P4,New_Orleans_2009,3583.0,5112.0,annotated_rdrp,GII.4,Could not assign,5096.0,6718.0,True,17.0
PV223444.1,83.23826,-14.0,7071.0,7079.0,GII.P4,New_Orleans_2009,3586.0,5115.0,annotated_rdrp,GII.4,Could not assign,5099.0,6721.0,True,17.0
PV232415.1,83.7072,-17.0,7366.0,7377.0,GII.P4,New_Orleans_2009,3589.0,5118.0,annotated_rdrp,GII.4,Could not assign,5102.0,6724.0,True,17.0
PV232416.1,83.791534,-14.0,7074.0,7082.0,GII.P4,New_Orleans_2009,3586.0,5115.0,annotated_rdrp,GII.4,Could not assign,5099.0,6721.0,True,17.0
PV232417.1,83.22147,-17.0,7366.0,7377.0,GII.P4,New_Orleans_2009,3589.0,5118.0,annotated_rdrp,GII.4,Could not assign,5102.0,6724.0,True,17.0
PV232418.1,83.23826,-17.0,7089.0,7100.0,GII.P4,New_Orleans_2009,3589.0,5118.0,annotated_rdrp,GII.4,Could not assign,5102.0,6724.0,True,17.0
PV232419.1,83.255035,-17.0,7093.0,7104.0,GII.P4,New_Orleans_2009,3589.0,5118.0,annotated_rdrp,GII.4,Could not assign,5102.0,6724.0,True,17.0
PV232420.1,83.18792,-17.0,7085.0,7096.0,GII.P4,New_Orleans_2009,3589.0,5118.0,annotated_rdrp,GII.4,Could not assign,5102.0,6724.0,True,17.0
PV232421.1,83.23826,-17.0,7093.0,7104.0,GII.P4,New_Orleans_2009,3589.0,5118.0,annotated_rdrp,GII.4,Could not assign,5102.0,6724.0,True,17.0
PV232422.1,83.255035,-17.0,7366.0,7377.0,GII.P4,New_Orleans_2009,3589.0,5118.0,annotated_rdrp,GII.4,Could not assign,5102.0,6724.0,True,17.0
PV232424.1,83.10403,-14.0,7084.0,7092.0,GII.P4,New_Orleans_2009,3586.0,5115.0,annotated_rdrp,GII.4,Could not assign,5099.0,6721.0,True,17.0
PV232425.1,83.27181,-14.0,7090.0,7098.0,GII.P4,New_Orleans_2009,3586.0,5115.0,annotated_rdrp,GII.4,Could not assign,5099.0,6721.0,True,17.0
PV241703.1,85.1931,12.0,7566.0,7548.0,GII.P4,Could not assign,3560.0,5089.0,annotated_rdrp,GII.4,Hunter_2004,5073.0,6695.0,True,17.0
PV266775.1,83.13758,6.0,7573.0,7561.0,GII.P4,New_Orleans_2009,3566.0,5095.0,annotated_rdrp,GII.4,Could not assign,5079.0,6701.0,True,17.0
PV266776.1,83.10403,-6.0,7573.0,7573.0,GII.P4,New_Orleans_2009,3578.0,5107.0,annotated_rdrp,GII.4,Could not assign,5091.0,6713.0,True,17.0
PV275042.1,83.71319,85.0,7570.0,7482.0,GII.P31,,3487.0,5016.0,annotated_rdrp,GII.4,Could not assign,5000.0,6625.0,True,17.0
PV275043.1,84.16625,34.0,7570.0,7533.0,GII.P31,,3538.0,5067.0,annotated_rdrp,GII.4,Could not assign,5051.0,6676.0,True,17.0
PV275047.1,83.61171,50.0,7570.0,7517.0,GII.P31,,3522.0,5051.0,annotated_rdrp,GII.4,Could not assign,5035.0,6660.0,True,17.0
PV275049.1,83.906715,51.0,7570.0,7516.0,GII.P31,,3521.0,5050.0,annotated_rdrp,GII.4,Could not assign,5034.0,6659.0,True,17.0
PV275050.1,83.63247,23.0,7570.0,7544.0,GII.P31,,3549.0,5078.0,annotated_rdrp,GII.4,Could not assign,5062.0,6687.0,True,17.0
PV275051.1,83.60548,34.0,7570.0,7533.0,GII.P31,,3538.0,5067.0,annotated_rdrp,GII.4,Could not assign,5051.0,6676.0,True,17.0
PV275053.1,83.79638,85.0,7570.0,7482.0,GII.P31,,3487.0,5016.0,annotated_rdrp,GII.4,Could not assign,5000.0,6625.0,True,17.0
PV275054.1,84.19478,80.0,7570.0,7487.0,GII.P31,,3492.0,5021.0,annotated_rdrp,GII.4,Could not assign,5005.0,6630.0,True,17.0
PV275056.1,84.05869,31.0,7570.0,7536.0,GII.P31,,3541.0,5070.0,annotated_rdrp,GII.4,Could not assign,5054.0,6679.0,True,17.0
PV275058.1,83.76797,114.0,7560.0,7443.0,GII.P31,,3458.0,4987.0,annotated_rdrp,GII.4,Could not assign,4971.0,6596.0,True,17.0
PV275061.1,83.84755,36.0,7570.0,7531.0,GII.P31,,3536.0,5065.0,annotated_rdrp,GII.4,Could not assign,5049.0,6674.0,True,17.0
PV275063.1,82.53189,25.0,7570.0,7542.0,GII.P4,New_Orleans_2009,3547.0,5076.0,annotated_rdrp,GII.4,Could not assign,5060.0,6682.0,True,17.0
PV275067.1,82.394135,8.0,7570.0,7559.0,GII.P4,New_Orleans_2009,3564.0,5093.0,annotated_rdrp,GII.4,Could not assign,5077.0,6699.0,True,17.0
PV275068.1,83.77532,26.0,7573.0,7544.0,GII.P31,,3546.0,5075.0,annotated_rdrp,GII.4,Could not assign,5059.0,6684.0,True,17.0
PV275070.1,83.7628,43.0,7573.0,7527.0,GII.P31,,3529.0,5058.0,annotated_rdrp,GII.4,Could not assign,5042.0,6667.0,True,17.0
PV276960.1,75.80486,22.0,7467.0,7451.0,GII.P17,,3559.0,5088.0,annotated_rdrp,GII.17,,5072.0,6688.0,True,17.0
PV276961.1,75.80486,22.0,7467.0,7451.0,GII.P17,,3559.0,5088.0,annotated_rdrp,GII.17,,5072.0,6688.0,True,17.0
PV282508.1,87.44,20.0,7523.0,7500.0,GII.P7,,3552.0,5081.0,annotated_rdrp,GII.6,,5065.0,6708.0,True,17.0
PV282509.1,84.67861,14.0,7575.0,7555.0,GII.P4,New_Orleans_2009,3558.0,5087.0,annotated_rdrp,GII.4,New_Orleans_2009,5071.0,6693.0,True,17.0
PV282512.1,84.09854,14.0,7581.0,7564.0,GII.P4,Den_Haag_2006b,3558.0,5087.0,annotated_rdrp,GII.4,Den_Haag_2006b,5071.0,6693.0,True,17.0
PV282513.1,84.71832,14.0,7580.0,7560.0,GII.P31,,3558.0,5087.0,annotated_rdrp,GII.4,Could not assign,5071.0,6693.0,True,17.0
PV282514.1,76.24179,14.0,7573.0,7559.0,GII.P16,,3558.0,5087.0,annotated_rdrp,GII.4,Sydney_2016,5071.0,6693.0,True,17.0
PV282516.1,85.16267,11.0,7582.0,7565.0,GII.P31,,3561.0,5090.0,annotated_rdrp,GII.4,Sydney_2012,5074.0,6696.0,True,17.0
PV282517.1,86.81891,17.0,7509.0,7489.0,GII.P7,,3555.0,5084.0,annotated_rdrp,GII.6,,5068.0,6711.0,True,17.0
PV282518.1,86.9984,21.0,7501.0,7477.0,GII.P7,,3551.0,5080.0,annotated_rdrp,GII.6,,5064.0,6707.0,True,17.0
PV282519.1,75.49909,12.0,7528.0,7510.0,GII.P16,,3560.0,5089.0,annotated_rdrp,GII.4,Sydney_2016,5073.0,6695.0,True,17.0
PV282520.1,75.81257,12.0,7573.0,7555.0,GII.P16,,3560.0,5089.0,annotated_rdrp,GII.4,Sydney_2016,5073.0,6695.0,True,17.0
PV282522.1,84.69505,14.0,7564.0,7544.0,GII.P4,New_Orleans_2009,3558.0,5087.0,annotated_rdrp,GII.4,New_Orleans_2009,5071.0,6693.0,True,17.0
PV282523.1,87.40295,18.0,7491.0,7470.0,GII.P7,,3554.0,5083.0,annotated_rdrp,GII.6,,5067.0,6710.0,True,17.0
PV282524.1,84.85545,9.0,7574.0,7559.0,GII.P31,,3563.0,5092.0,annotated_rdrp,GII.4,Could not assign,5076.0,6698.0,True,17.0
PV282525.1,85.16511,10.0,7571.0,7555.0,GII.P31,,3562.0,5091.0,annotated_rdrp,GII.4,Sydney_2012,5075.0,6697.0,True,17.0
PV282526.1,85.16267,11.0,7565.0,7548.0,GII.P31,,3561.0,5090.0,annotated_rdrp,GII.4,Sydney_2012,5074.0,6696.0,True,17.0
PV282527.1,85.1438,12.0,7559.0,7541.0,GII.P31,,3560.0,5089.0,annotated_rdrp,GII.4,Sydney_2012,5073.0,6695.0,True,17.0
PV282528.1,87.42146,11.0,7495.0,7481.0,GII.P7,,3561.0,5090.0,annotated_rdrp,GII.6,,5074.0,6717.0,True,17.0
PV282529.1,88.17675,11.0,7543.0,7529.0,GII.P7,,3561.0,5090.0,annotated_rdrp,GII.6,,5074.0,6717.0,True,17.0
PV297972.1,81.21529,14.0,7547.0,7533.0,GII.P21,,3558.0,5087.0,annotated_rdrp,GII.3,,5071.0,6717.0,True,17.0
PV394759.1,76.81295,19.0,7467.0,7466.0,GII.P16,,3553.0,5082.0,annotated_rdrp,GII.16,,5066.0,6688.0,True,17.0
PV394760.1,77.1469,32.0,7161.0,7144.0,GII.P16,,3540.0,5069.0,annotated_rdrp,GII.16,,5053.0,6675.0,True,17.0
PV394761.1,77.18419,131.0,7214.0,7098.0,GII.P16,,3441.0,4970.0,annotated_rdrp,GII.16,,4954.0,6576.0,True,17.0
PV394762.1,76.83676,15.0,7467.0,7485.0,GII.P16,,3557.0,5086.0,annotated_rdrp,GII.16,,5070.0,6692.0,True,17.0
PV394763.1,77.14004,19.0,7446.0,7442.0,GII.P16,,3553.0,5082.0,annotated_rdrp,GII.16,,5066.0,6688.0,True,17.0
PV394764.1,75.84168,21.0,7447.0,7432.0,GII.P17,,3560.0,5089.0,annotated_rdrp,GII.17,,5073.0,6689.0,True,17.0
PV394766.1,76.82472,13.0,7486.0,7506.0,GII.P16,,3559.0,5088.0,annotated_rdrp,GII.16,,5072.0,6694.0,True,17.0
PV394767.1,76.84914,23.0,7471.0,7481.0,GII.P16,,3549.0,5078.0,annotated_rdrp,GII.16,,5062.0,6684.0,True,17.0
PV394768.1,74.77221,87.0,7460.0,7388.0,GII.P16,,3485.0,5014.0,annotated_rdrp,GII.16,,4998.0,6620.0,True,17.0
PV394769.1,75.95413,5.0,7546.0,7547.0,GII.P17,,3576.0,5105.0,annotated_rdrp,GII.17,,5089.0,6705.0,True,17.0
PV394770.1,75.78912,14.0,7574.0,7554.0,GII.P16,,3558.0,5087.0,annotated_rdrp,GII.4,Sydney_2016,5071.0,6693.0,True,17.0
PQ196513.1,73.74894,3737.0,7534.0,3791.0,GII.P16,,1.0,1364.0,annotated_rdrp,GII.4,Sydney_2016,1348.0,2970.0,True,17.0
PQ196524.1,75.2784,1607.0,7534.0,5915.0,GII.P16,,1959.0,3488.0,annotated_rdrp,GII.4,Sydney_2016,3472.0,5094.0,True,17.0
PQ196527.1,75.4844,13.0,7534.0,7515.0,GII.P16,,3559.0,5088.0,annotated_rdrp,GII.4,Sydney_2016,5072.0,6694.0,True,17.0
PQ196531.1,75.495,190.0,7534.0,7338.0,GII.P16,,3382.0,4911.0,annotated_rdrp,GII.4,Sydney_2016,4895.0,6517.0,True,17.0
PQ196544.1,75.4544,106.0,7534.0,7422.0,GII.P16,,3466.0,4995.0,annotated_rdrp,GII.4,Sydney_2016,4979.0,6601.0,True,17.0
PQ196550.1,75.45559,12.0,7534.0,7516.0,GII.P16,,3560.0,5089.0,annotated_rdrp,GII.4,Sydney_2016,5073.0,6695.0,True,17.0
PQ207916.1,83.91142,992.0,7534.0,6536.0,GII.P4,New_Orleans_2009,2580.0,4109.0,annotated_rdrp,GII.4,Sydney_2012,4093.0,5715.0,True,17.0
PQ207917.1,84.03864,922.0,7534.0,6606.0,GII.P4,New_Orleans_2009,2650.0,4179.0,annotated_rdrp,GII.4,Sydney_2012,4163.0,5785.0,True,17.0
PQ209095.1,75.63912,10.0,7544.0,7528.0,GII.P16,,3562.0,5091.0,annotated_rdrp,GII.4,Sydney_2016,5075.0,6697.0,True,17.0
PQ209097.1,75.397995,10.0,7544.0,7528.0,GII.P16,,3562.0,5091.0,annotated_rdrp,GII.4,Sydney_2016,5075.0,6697.0,True,17.0
PQ209098.1,75.36517,10.0,7544.0,7528.0,GII.P16,,3562.0,5091.0,annotated_rdrp,GII.4,Sydney_2016,5075.0,6697.0,True,17.0
PQ209099.1,75.61136,10.0,7544.0,7528.0,GII.P16,,3562.0,5091.0,annotated_rdrp,GII.4,Sydney_2016,5075.0,6697.0,True,17.0
PQ209100.1,83.50492,1726.0,7544.0,5812.0,GII.P31,,1846.0,3375.0,annotated_rdrp,GII.4,Sydney_2012,3359.0,4981.0,True,17.0
PQ209101.1,75.54312,10.0,7544.0,7528.0,GII.P16,,3562.0,5091.0,annotated_rdrp,GII.4,Sydney_2016,5075.0,6697.0,True,17.0
PQ209102.1,75.512886,10.0,7544.0,7528.0,GII.P16,,3562.0,5091.0,annotated_rdrp,GII.4,Sydney_2016,5075.0,6697.0,True,17.0
PQ209103.1,75.54571,10.0,7544.0,7528.0,GII.P16,,3562.0,5091.0,annotated_rdrp,GII.4,Sydney_2016,5075.0,6697.0,True,17.0
PQ209104.1,75.54571,10.0,7544.0,7528.0,GII.P16,,3562.0,5091.0,annotated_rdrp,GII.4,Sydney_2016,5075.0,6697.0,True,17.0
PQ209105.1,75.54571,10.0,7544.0,7528.0,GII.P16,,3562.0,5091.0,annotated_rdrp,GII.4,Sydney_2016,5075.0,6697.0,True,17.0
PQ209106.1,75.57854,10.0,7544.0,7528.0,GII.P16,,3562.0,5091.0,annotated_rdrp,GII.4,Sydney_2016,5075.0,6697.0,True,17.0
PQ209108.1,75.56212,10.0,7544.0,7528.0,GII.P16,,3562.0,5091.0,annotated_rdrp,GII.4,Sydney_2016,5075.0,6697.0,True,17.0
PQ209109.1,75.512886,10.0,7544.0,7528.0,GII.P16,,3562.0,5091.0,annotated_rdrp,GII.4,Sydney_2016,5075.0,6697.0,True,17.0
PQ213802.1,83.754265,1698.0,7421.0,5717.0,GII.P31,,1874.0,3403.0,annotated_rdrp,GII.4,Sydney_2012,3387.0,5009.0,True,17.0
PQ213803.1,83.73669,79.0,7444.0,7362.0,GII.P4,Den_Haag_2006b,3493.0,5022.0,annotated_rdrp,GII.4,Den_Haag_2006b,5006.0,6628.0,True,17.0
PQ213805.1,85.15364,79.0,7535.0,7447.0,GII.P31,,3493.0,5019.0,annotated_rdrp,GII.4,Could not assign,5003.0,6625.0,True,17.0
PQ214836.1,75.68897,7.0,7534.0,7521.0,GII.P16,,3565.0,5094.0,annotated_rdrp,GII.4,Sydney_2016,5078.0,6700.0,True,17.0
PQ218566.1,75.439766,76.0,7576.0,7494.0,GII.P16,,3496.0,5025.0,annotated_rdrp,GII.4,Sydney_2016,5009.0,6631.0,True,17.0
PQ218567.1,75.439766,76.0,7576.0,7494.0,GII.P16,,3496.0,5025.0,annotated_rdrp,GII.4,Sydney_2016,5009.0,6631.0,True,17.0
PQ218568.1,75.42317,76.0,7576.0,7494.0,GII.P16,,3496.0,5025.0,annotated_rdrp,GII.4,Sydney_2016,5009.0,6631.0,True,17.0
PQ218785.1,75.59456,6.0,7572.0,7560.0,GII.P16,,3566.0,5095.0,annotated_rdrp,GII.4,Sydney_2016,5079.0,6701.0,True,17.0
PQ218789.1,75.91891,6.0,7570.0,7558.0,GII.P16,,3566.0,5095.0,annotated_rdrp,GII.4,Sydney_2016,5079.0,6701.0,True,17.0
PQ218790.1,75.91891,6.0,7570.0,7558.0,GII.P16,,3566.0,5095.0,annotated_rdrp,GII.4,Sydney_2016,5079.0,6701.0,True,17.0
PQ219040.1,83.53853,1711.0,7346.0,5629.0,GII.P31,,1861.0,3390.0,annotated_rdrp,GII.4,Sydney_2012,3374.0,4996.0,True,17.0
PQ219042.1,83.722725,918.0,7497.0,6573.0,GII.P4,New_Orleans_2009,2654.0,4183.0,annotated_rdrp,GII.4,Could not assign,4167.0,5789.0,True,17.0
PQ273183.1,89.00397,162.0,7577.0,7415.0,GII.P12,,3410.0,4939.0,annotated_rdrp,GII.3,,4923.0,6569.0,True,17.0
PQ273186.1,75.93204,15.0,7574.0,7547.0,GII.P16,,3551.0,5080.0,annotated_rdrp,GII.4,Sydney_2016,5064.0,6686.0,True,17.0
PQ273188.1,76.55917,0.0,7426.0,7426.0,GII.P16,,3572.0,5101.0,annotated_rdrp,GII.2,,5085.0,6713.0,True,17.0
PQ273193.1,76.5689,6.0,7532.0,7526.0,GII.P16,,3566.0,5095.0,annotated_rdrp,GII.2,,5079.0,6707.0,True,17.0
PQ273197.1,89.22327,7.0,7531.0,7524.0,GII.P12,,3565.0,5094.0,annotated_rdrp,GII.3,,5078.0,6724.0,True,17.0
PQ273199.1,76.54584,12.0,7532.0,7520.0,GII.P16,,3560.0,5089.0,annotated_rdrp,GII.2,,5073.0,6701.0,True,17.0
PQ304634.1,75.46243,4.0,7541.0,7549.0,GII.P17,,3577.0,5106.0,annotated_rdrp,GII.17,,5090.0,6715.0,True,17.0
PQ308690.1,75.72434,0.0,7245.0,7251.0,GII.P17,,3581.0,5110.0,annotated_rdrp,GII.17,,5094.0,6710.0,True,17.0
PQ310251.1,75.92987,7.0,7545.0,7544.0,GII.P17,,3574.0,5103.0,annotated_rdrp,GII.17,,5087.0,6703.0,True,17.0
PQ310252.1,75.897095,7.0,7545.0,7544.0,GII.P17,,3574.0,5103.0,annotated_rdrp,GII.17,,5087.0,6703.0,True,17.0
PQ336847.1,75.71358,24.0,7517.0,7496.0,GII.P17,,3554.0,5083.0,annotated_rdrp,GII.17,,5067.0,6686.0,True,17.0
PQ336848.1,75.796074,24.0,7514.0,7493.0,GII.P17,,3554.0,5083.0,annotated_rdrp,GII.17,,5067.0,6683.0,True,17.0
PQ336849.1,75.796074,24.0,7514.0,7493.0,GII.P17,,3554.0,5083.0,annotated_rdrp,GII.17,,5067.0,6683.0,True,17.0
PQ336850.1,75.73008,24.0,7514.0,7493.0,GII.P17,,3554.0,5083.0,annotated_rdrp,GII.17,,5067.0,6683.0,True,17.0
PQ336851.1,75.796074,24.0,7514.0,7493.0,GII.P17,,3554.0,5083.0,annotated_rdrp,GII.17,,5067.0,6683.0,True,17.0
PQ336852.1,75.76308,24.0,7514.0,7493.0,GII.P17,,3554.0,5083.0,annotated_rdrp,GII.17,,5067.0,6683.0,True,17.0
PQ336853.1,75.76308,24.0,7514.0,7493.0,GII.P17,,3554.0,5083.0,annotated_rdrp,GII.17,,5067.0,6683.0,True,17.0
PQ336854.1,75.746574,24.0,7514.0,7493.0,GII.P17,,3554.0,5083.0,annotated_rdrp,GII.17,,5067.0,6683.0,True,17.0
PQ336855.1,75.746574,24.0,7514.0,7493.0,GII.P17,,3554.0,5083.0,annotated_rdrp,GII.17,,5067.0,6683.0,True,17.0
PQ336856.1,75.76308,24.0,7514.0,7493.0,GII.P17,,3554.0,5083.0,annotated_rdrp,GII.17,,5067.0,6683.0,True,17.0
PQ336857.1,75.76308,24.0,7514.0,7493.0,GII.P17,,3554.0,5083.0,annotated_rdrp,GII.17,,5067.0,6683.0,True,17.0
PQ336858.1,75.76308,24.0,7514.0,7493.0,GII.P17,,3554.0,5083.0,annotated_rdrp,GII.17,,5067.0,6683.0,True,17.0
PQ336859.1,75.77957,24.0,7514.0,7493.0,GII.P17,,3554.0,5083.0,annotated_rdrp,GII.17,,5067.0,6683.0,True,17.0
PQ336860.1,75.76308,24.0,7514.0,7493.0,GII.P17,,3554.0,5083.0,annotated_rdrp,GII.17,,5067.0,6683.0,True,17.0
PQ336861.1,75.77957,24.0,7514.0,7493.0,GII.P17,,3554.0,5083.0,annotated_rdrp,GII.17,,5067.0,6683.0,True,17.0
PQ336862.1,75.77957,24.0,7514.0,7493.0,GII.P17,,3554.0,5083.0,annotated_rdrp,GII.17,,5067.0,6683.0,True,17.0
PQ336863.1,75.77957,24.0,7514.0,7493.0,GII.P17,,3554.0,5083.0,annotated_rdrp,GII.17,,5067.0,6683.0,True,17.0
PQ336864.1,75.76308,24.0,7514.0,7493.0,GII.P17,,3554.0,5083.0,annotated_rdrp,GII.17,,5067.0,6683.0,True,17.0
PQ336865.1,75.68058,24.0,7514.0,7493.0,GII.P17,,3554.0,5083.0,annotated_rdrp,GII.17,,5067.0,6683.0,True,17.0
PQ336866.1,75.68058,24.0,7514.0,7493.0,GII.P17,,3554.0,5083.0,annotated_rdrp,GII.17,,5067.0,6683.0,True,17.0
PQ336867.1,75.77957,24.0,7514.0,7493.0,GII.P17,,3554.0,5083.0,annotated_rdrp,GII.17,,5067.0,6683.0,True,17.0
PQ336868.1,75.67257,27.0,7520.0,7499.0,GII.P17,,3554.0,5083.0,annotated_rdrp,GII.17,,5067.0,6689.0,True,17.0
PQ336869.1,75.62336,27.0,7520.0,7499.0,GII.P17,,3554.0,5083.0,annotated_rdrp,GII.17,,5067.0,6689.0,True,17.0
PQ336871.1,75.75459,27.0,7520.0,7499.0,GII.P17,,3554.0,5083.0,annotated_rdrp,GII.17,,5067.0,6689.0,True,17.0
PQ336872.1,75.650314,24.0,7520.0,7499.0,GII.P17,,3554.0,5083.0,annotated_rdrp,GII.17,,5067.0,6689.0,True,17.0
PQ336873.1,75.820206,27.0,7520.0,7499.0,GII.P17,,3554.0,5083.0,annotated_rdrp,GII.17,,5067.0,6689.0,True,17.0
PQ336942.1,75.90737,21.0,7483.0,7468.0,GII.P17,,3560.0,5089.0,annotated_rdrp,GII.17,,5073.0,6689.0,True,17.0
PQ336943.1,75.670746,69.0,7433.0,7367.0,GII.P17,,3509.0,5038.0,annotated_rdrp,GII.17,,5022.0,6638.0,True,17.0
PQ336944.1,75.95664,21.0,7483.0,7468.0,GII.P17,,3560.0,5089.0,annotated_rdrp,GII.17,,5073.0,6689.0,True,17.0
PQ336945.1,75.90737,21.0,7483.0,7468.0,GII.P17,,3560.0,5089.0,annotated_rdrp,GII.17,,5073.0,6689.0,True,17.0
PQ373129.1,75.01413,5.0,7531.0,7544.0,GII.P17,,3576.0,5105.0,annotated_rdrp,GII.17,,5089.0,6705.0,True,17.0
PQ373147.1,75.88862,5.0,7495.0,7496.0,GII.P17,,3576.0,5105.0,annotated_rdrp,GII.17,,5089.0,6711.0,True,17.0
PQ461162.1,88.83839,15.0,7505.0,7490.0,GII.P12,,3557.0,5086.0,annotated_rdrp,GII.3,,5070.0,6716.0,True,17.0
PQ461163.1,88.980484,11.0,7505.0,7494.0,GII.P12,,3561.0,5090.0,annotated_rdrp,GII.3,,5074.0,6720.0,True,17.0
PQ475910.1,75.64102,21.0,7558.0,7531.0,GII.P16,,3551.0,5080.0,annotated_rdrp,GII.4,Sydney_2016,5064.0,6686.0,True,17.0
PQ507169.1,75.97756,12.0,7525.0,7507.0,GII.P16,,3560.0,5089.0,annotated_rdrp,GII.4,Sydney_2016,5073.0,6695.0,True,17.0
PQ507170.1,85.439186,27.0,7514.0,7487.0,GII.P31,,3545.0,5074.0,annotated_rdrp,GII.4,Could not assign,5058.0,6680.0,True,17.0
PQ507171.1,75.57739,0.0,7518.0,7512.0,GII.P16,,3572.0,5101.0,annotated_rdrp,GII.4,Sydney_2016,5085.0,6707.0,True,17.0
PQ507172.1,75.642914,0.0,7518.0,7512.0,GII.P16,,3572.0,5101.0,annotated_rdrp,GII.4,Sydney_2016,5085.0,6707.0,True,17.0
PP825703.1,76.17523,15.0,7419.0,7401.0,GII.P16,,3554.0,5083.0,annotated_rdrp,GII.3,,5067.0,6713.0,True,17.0
PQ031233.1,76.06866,14.0,7555.0,7535.0,GII.P16,,3558.0,5087.0,annotated_rdrp,GII.4,Sydney_2016,5071.0,6693.0,True,17.0
PQ031234.1,75.590164,8.0,7536.0,7534.0,GII.P17,,3573.0,5102.0,annotated_rdrp,GII.17,,5086.0,6702.0,True,17.0
PQ195878.1,80.94203,3337.0,7534.0,4191.0,GII.P31,,235.0,1764.0,annotated_rdrp,GII.4,Sydney_2012,1748.0,3370.0,True,17.0
PQ195898.1,75.55337,4.0,7534.0,7524.0,GII.P16,,3568.0,5097.0,annotated_rdrp,GII.4,Sydney_2016,5081.0,6703.0,True,17.0
PP423019.1,75.57302,15.0,7493.0,7484.0,GII.P17,,3566.0,5095.0,annotated_rdrp,GII.17,,5079.0,6701.0,True,17.0
PP423020.1,75.71593,12.0,7493.0,7487.0,GII.P17,,3569.0,5098.0,annotated_rdrp,GII.17,,5082.0,6704.0,True,17.0
PP576343.1,84.37654,10.0,7570.0,7554.0,GII.P4,New_Orleans_2009,3562.0,5091.0,annotated_rdrp,GII.4,Could not assign,5075.0,6697.0,True,17.0
PP580690.1,75.66372,8.0,7534.0,7532.0,GII.P17,,3573.0,5102.0,annotated_rdrp,GII.17,,5086.0,6702.0,True,17.0
PP587394.1,89.21219,78.0,7542.0,7464.0,GII.P12,,3494.0,5023.0,annotated_rdrp,GII.3,,5007.0,6653.0,True,17.0
PP645198.1,92.79563,175.0,7487.0,7315.0,GII.P8,,3397.0,4926.0,annotated_rdrp,GII.8,,4910.0,6523.0,True,17.0
PP658556.1,89.15948,40.0,7495.0,7455.0,GII.P12,,3532.0,5061.0,annotated_rdrp,GII.3,,5045.0,6691.0,True,17.0
PP658558.1,75.60013,1.0,7534.0,7527.0,GII.P16,,3571.0,5100.0,annotated_rdrp,GII.4,Sydney_2016,5084.0,6706.0,True,17.0
PP661666.1,84.38706,16.0,7529.0,7510.0,GII.P7,,3556.0,5085.0,annotated_rdrp,GII.6,,5069.0,6709.0,True,17.0
OR793073.1,84.99179,7.0,7519.0,7506.0,GII.P31,,3565.0,5094.0,annotated_rdrp,GII.4,Sydney_2012,5078.0,6700.0,True,17.0
OR793074.1,84.99179,7.0,7519.0,7506.0,GII.P31,,3565.0,5094.0,annotated_rdrp,GII.4,Sydney_2012,5078.0,6700.0,True,17.0
OR793075.1,85.24752,7.0,7519.0,7506.0,GII.P31,,3565.0,5094.0,annotated_rdrp,GII.4,Sydney_2012,5078.0,6700.0,True,17.0
OR793076.1,85.52188,7.0,7513.0,7506.0,GII.P31,,3565.0,5094.0,annotated_rdrp,GII.4,Sydney_2012,5078.0,6700.0,True,17.0
OR793077.1,85.53872,7.0,7513.0,7506.0,GII.P31,,3565.0,5094.0,annotated_rdrp,GII.4,Sydney_2012,5078.0,6700.0,True,17.0
OR793079.1,85.13201,7.0,7519.0,7506.0,GII.P31,,3565.0,5094.0,annotated_rdrp,GII.4,Could not assign,5078.0,6700.0,True,17.0
OR793080.1,88.65164,7.0,7495.0,7488.0,GII.P12,,3565.0,5094.0,annotated_rdrp,GII.3,,5078.0,6724.0,True,17.0
OR793081.1,86.97981,10.0,7294.0,7281.0,GII.P7,,3562.0,5091.0,annotated_rdrp,GII.6,,5075.0,6718.0,True,17.0
OR793085.1,76.59853,4.0,7492.0,7488.0,GII.P16,,3568.0,5097.0,annotated_rdrp,GII.2,,5081.0,6709.0,True,17.0
OR793095.1,77.57575,4.0,7492.0,7488.0,GII.P16,,3568.0,5097.0,annotated_rdrp,GII.2,,5081.0,6709.0,True,17.0
OR793096.1,77.71055,4.0,7492.0,7488.0,GII.P16,,3568.0,5097.0,annotated_rdrp,GII.2,,5081.0,6709.0,True,17.0
OR793103.1,86.99378,4.0,7495.0,7491.0,GII.P12,,3568.0,5097.0,annotated_rdrp,GII.3,,5081.0,6727.0,True,17.0
OR797346.1,84.54918,3515.0,7220.0,3705.0,GII.P12,,57.0,1586.0,annotated_rdrp,GII.3,,1570.0,3216.0,True,17.0
OR797347.1,84.71311,3515.0,7220.0,3705.0,GII.P12,,57.0,1586.0,annotated_rdrp,GII.3,,1570.0,3216.0,True,17.0
OR797348.1,84.46722,3515.0,7220.0,3705.0,GII.P12,,57.0,1586.0,annotated_rdrp,GII.3,,1570.0,3216.0,True,17.0
OR797350.1,85.0,3515.0,7220.0,3705.0,GII.P12,,57.0,1586.0,annotated_rdrp,GII.3,,1570.0,3216.0,True,17.0
OR797351.1,84.67213,3515.0,7208.0,3693.0,GII.P12,,57.0,1586.0,annotated_rdrp,GII.3,,1570.0,3216.0,True,17.0
OR797474.1,84.54918,3515.0,7220.0,3705.0,GII.P12,,57.0,1586.0,annotated_rdrp,GII.3,,1570.0,3216.0,True,17.0
OR797477.1,85.0,3515.0,7220.0,3705.0,GII.P12,,57.0,1586.0,annotated_rdrp,GII.3,,1570.0,3216.0,True,17.0
PP267268.1,76.66721,6.0,7519.0,7513.0,GII.P16,,3566.0,5095.0,annotated_rdrp,GII.2,,5079.0,6707.0,True,17.0
PP267269.1,75.67257,9.0,7570.0,7555.0,GII.P16,,3563.0,5092.0,annotated_rdrp,GII.4,Sydney_2016,5076.0,6698.0,True,17.0
PP267270.1,76.5689,6.0,7536.0,7530.0,GII.P16,,3566.0,5095.0,annotated_rdrp,GII.2,,5079.0,6707.0,True,17.0
PP267271.1,92.58274,12.0,7535.0,7523.0,GII.P7,,3560.0,5089.0,annotated_rdrp,GII.6,,5073.0,6725.0,True,17.0
PP267272.1,75.642296,31.0,7568.0,7531.0,GII.P16,,3541.0,5070.0,annotated_rdrp,GII.4,Sydney_2016,5054.0,6676.0,True,17.0
PP267273.1,87.187,14.0,7525.0,7508.0,GII.P7,,3558.0,5087.0,annotated_rdrp,GII.6,,5071.0,6714.0,True,17.0
PP267274.1,92.52361,20.0,7537.0,7517.0,GII.P7,,3552.0,5081.0,annotated_rdrp,GII.6,,5065.0,6717.0,True,17.0
PP267275.1,75.62459,21.0,7579.0,7552.0,GII.P16,,3551.0,5080.0,annotated_rdrp,GII.4,Sydney_2016,5064.0,6686.0,True,17.0
PP267276.1,75.596985,9.0,7508.0,7505.0,GII.P17,,3572.0,5101.0,annotated_rdrp,GII.17,,5085.0,6707.0,True,17.0
PP267277.1,75.56428,9.0,7507.0,7504.0,GII.P17,,3572.0,5101.0,annotated_rdrp,GII.17,,5085.0,6707.0,True,17.0
PP267278.1,75.54392,10.0,7497.0,7493.0,GII.P17,,3571.0,5100.0,annotated_rdrp,GII.17,,5084.0,6706.0,True,17.0
PP267280.1,75.552284,12.0,7497.0,7491.0,GII.P17,,3569.0,5098.0,annotated_rdrp,GII.17,,5082.0,6704.0,True,17.0
PP267281.1,75.56865,12.0,7497.0,7491.0,GII.P17,,3569.0,5098.0,annotated_rdrp,GII.17,,5082.0,6704.0,True,17.0
PP267282.1,75.540276,15.0,7497.0,7488.0,GII.P17,,3566.0,5095.0,annotated_rdrp,GII.17,,5079.0,6701.0,True,17.0
PP267283.1,75.56865,12.0,7496.0,7490.0,GII.P17,,3569.0,5098.0,annotated_rdrp,GII.17,,5082.0,6704.0,True,17.0
PP267286.1,75.54828,13.0,7496.0,7489.0,GII.P17,,3568.0,5097.0,annotated_rdrp,GII.17,,5081.0,6703.0,True,17.0
PP267287.1,75.68762,15.0,7497.0,7488.0,GII.P17,,3566.0,5095.0,annotated_rdrp,GII.17,,5079.0,6701.0,True,17.0
PP267289.1,75.564644,13.0,7497.0,7490.0,GII.P17,,3568.0,5097.0,annotated_rdrp,GII.17,,5081.0,6703.0,True,17.0
PP267290.1,75.527916,14.0,7496.0,7488.0,GII.P17,,3567.0,5096.0,annotated_rdrp,GII.17,,5080.0,6702.0,True,17.0
PP267291.1,75.67523,14.0,7496.0,7488.0,GII.P17,,3567.0,5096.0,annotated_rdrp,GII.17,,5080.0,6702.0,True,17.0
PP267292.1,75.54828,13.0,7497.0,7490.0,GII.P17,,3568.0,5097.0,annotated_rdrp,GII.17,,5081.0,6703.0,True,17.0
PP267293.1,75.56865,12.0,7497.0,7491.0,GII.P17,,3569.0,5098.0,annotated_rdrp,GII.17,,5082.0,6704.0,True,17.0
PP267294.1,75.54428,14.0,7497.0,7489.0,GII.P17,,3567.0,5096.0,annotated_rdrp,GII.17,,5080.0,6702.0,True,17.0
PP267295.1,75.552284,12.0,7497.0,7491.0,GII.P17,,3569.0,5098.0,annotated_rdrp,GII.17,,5082.0,6704.0,True,17.0
PP267296.1,75.54428,14.0,7497.0,7489.0,GII.P17,,3567.0,5096.0,annotated_rdrp,GII.17,,5080.0,6702.0,True,17.0
PP267297.1,76.70492,9.0,7509.0,7500.0,GII.P16,,3563.0,5092.0,annotated_rdrp,GII.2,,5076.0,6704.0,True,17.0
PP267299.1,76.61806,6.0,7549.0,7543.0,GII.P16,,3566.0,5095.0,annotated_rdrp,GII.2,,5079.0,6707.0,True,17.0
OR687156.1,83.40179,10.0,7471.0,7476.0,GII.P31,,3562.0,5091.0,annotated_rdrp,GII.17,,5075.0,6697.0,True,17.0
OR700747.1,82.69766,166.0,7519.0,7350.0,GII.P4,New_Orleans_2009,3406.0,4935.0,annotated_rdrp,GII.4,Could not assign,4919.0,6541.0,True,17.0
OR086127.1,84.30736,553.0,7519.0,6960.0,GII.P31,,3019.0,4548.0,annotated_rdrp,GII.4,Sydney_2012,4532.0,6154.0,True,17.0
OR262327.1,84.28407,16.0,7565.0,7546.0,GII.P31,,3556.0,5085.0,annotated_rdrp,GII.4,Could not assign,5069.0,6694.0,True,17.0
OR262328.1,84.27539,11.0,7565.0,7551.0,GII.P31,,3561.0,5090.0,annotated_rdrp,GII.4,Could not assign,5074.0,6699.0,True,17.0
OR262329.1,84.154175,26.0,7529.0,7500.0,GII.P31,,3546.0,5075.0,annotated_rdrp,GII.4,Could not assign,5059.0,6684.0,True,17.0
OR463468.1,76.40856,37.0,7356.0,7319.0,GII.P16,,3535.0,5064.0,annotated_rdrp,GII.2,,5048.0,6676.0,True,17.0
OR463469.1,76.54606,37.0,7356.0,7319.0,GII.P16,,3535.0,5064.0,annotated_rdrp,GII.2,,5048.0,6676.0,True,17.0
OR512564.1,80.93964,13.0,7478.0,7465.0,GII.P16,,3559.0,5088.0,annotated_rdrp,GII.12,,5072.0,6679.0,True,17.0
OR536441.1,84.98261,41.0,7519.0,7475.0,GII.P7,,3531.0,5060.0,annotated_rdrp,GII.6,,5044.0,6687.0,True,17.0
OR536442.1,84.626686,41.0,7528.0,7484.0,GII.P7,,3531.0,5060.0,annotated_rdrp,GII.6,,5044.0,6696.0,True,17.0
OR536444.1,84.49771,28.0,7482.0,7457.0,Could,,3544.0,5073.0,annotated_rdrp,GII.14,,5057.0,6667.0,True,17.0
OR536447.1,84.34472,28.0,7440.0,7409.0,Could,,3544.0,5073.0,annotated_rdrp,GII.14,,5057.0,6667.0,True,17.0
OR536450.1,84.31572,7.0,7488.0,7478.0,Could,,3565.0,5094.0,annotated_rdrp,GII.14,,5078.0,6688.0,True,17.0
OR536454.1,84.23103,7.0,7525.0,7515.0,Could,,3565.0,5094.0,annotated_rdrp,GII.14,,5078.0,6688.0,True,17.0
OR536458.1,84.147995,19.0,7505.0,7489.0,Could,,3553.0,5082.0,annotated_rdrp,GII.14,,5066.0,6676.0,True,17.0
OR536459.1,83.49515,182.0,7505.0,7326.0,Could,,3390.0,4919.0,annotated_rdrp,GII.14,,4903.0,6513.0,True,17.0
OR536460.1,83.785614,15.0,7525.0,7507.0,Could,,3557.0,5086.0,annotated_rdrp,GII.14,,5070.0,6680.0,True,17.0
OR536462.1,83.912155,19.0,7448.0,7426.0,Could,,3553.0,5082.0,annotated_rdrp,GII.14,,5066.0,6676.0,True,17.0
OR536464.1,84.170815,78.0,7512.0,7431.0,Could,,3494.0,5023.0,annotated_rdrp,GII.14,,5007.0,6617.0,True,17.0
OR536465.1,83.77961,67.0,7525.0,7455.0,Could,,3505.0,5034.0,annotated_rdrp,GII.14,,5018.0,6628.0,True,17.0
OR536493.1,80.5817,0.0,7485.0,7485.0,GII.P21,,3572.0,5101.0,annotated_rdrp,GII.3,,5085.0,6731.0,True,17.0
OR536494.1,80.583176,22.0,7485.0,7463.0,GII.P21,,3550.0,5079.0,annotated_rdrp,GII.3,,5063.0,6709.0,True,17.0
OQ451905.1,83.09131,817.0,5856.0,5039.0,GII.P16,,2755.0,4284.0,annotated_rdrp,GII.4,Sydney_2016,4268.0,5039.0,True,17.0
OQ451906.1,84.51229,689.0,7556.0,6861.0,GII.P31,,2883.0,4412.0,annotated_rdrp,GII.4,Could not assign,4396.0,6018.0,True,17.0
OQ451907.1,85.0322,669.0,7555.0,6886.0,GII.P31,,2903.0,4432.0,annotated_rdrp,GII.4,Could not assign,4416.0,6038.0,True,17.0
OQ451908.1,84.98858,691.0,7554.0,6863.0,GII.P31,,2881.0,4410.0,annotated_rdrp,GII.4,Could not assign,4394.0,6016.0,True,17.0
OQ451910.1,84.51229,691.0,7556.0,6859.0,GII.P31,,2881.0,4410.0,annotated_rdrp,GII.4,Could not assign,4394.0,6016.0,True,17.0
OQ451911.1,85.107994,669.0,7548.0,6879.0,GII.P31,,2903.0,4432.0,annotated_rdrp,GII.4,Could not assign,4416.0,6038.0,True,17.0
OQ451914.1,85.12412,669.0,7513.0,6844.0,GII.P31,,2903.0,4432.0,annotated_rdrp,GII.4,Could not assign,4416.0,6038.0,True,17.0
OQ451915.1,84.48661,691.0,7554.0,6857.0,GII.P31,,2881.0,4410.0,annotated_rdrp,GII.4,Could not assign,4394.0,6016.0,True,17.0
OQ451916.1,84.32753,669.0,7556.0,6881.0,GII.P31,,2903.0,4432.0,annotated_rdrp,GII.4,Could not assign,4416.0,6038.0,True,17.0
OQ451918.1,84.549835,669.0,7554.0,6879.0,GII.P31,,2903.0,4432.0,annotated_rdrp,GII.4,Could not assign,4416.0,6038.0,True,17.0
OQ451919.1,84.32753,669.0,7556.0,6881.0,GII.P31,,2903.0,4432.0,annotated_rdrp,GII.4,Could not assign,4416.0,6038.0,True,17.0
OQ451920.1,85.12412,669.0,7513.0,6844.0,GII.P31,,2903.0,4432.0,annotated_rdrp,GII.4,Could not assign,4416.0,6038.0,True,17.0
OQ451921.1,84.98858,691.0,7554.0,6863.0,GII.P31,,2881.0,4410.0,annotated_rdrp,GII.4,Could not assign,4394.0,6016.0,True,17.0
OQ451922.1,84.91567,669.0,7513.0,6844.0,GII.P31,,2903.0,4432.0,annotated_rdrp,GII.4,Could not assign,4416.0,6038.0,True,17.0
OQ451924.1,85.0322,669.0,7555.0,6886.0,GII.P31,,2903.0,4432.0,annotated_rdrp,GII.4,Could not assign,4416.0,6038.0,True,17.0
OQ682536.1,85.983826,16.0,7477.0,7461.0,GII.P7,,3556.0,5085.0,annotated_rdrp,GII.20,,5069.0,6676.0,True,17.0
OQ702253.1,87.61309,28.0,7538.0,7507.0,GII.P7,,3544.0,5073.0,annotated_rdrp,GII.6,,5057.0,6706.0,True,17.0
OQ702254.1,87.62791,19.0,7538.0,7516.0,GII.P7,,3553.0,5082.0,annotated_rdrp,GII.6,,5066.0,6715.0,True,17.0
OR039448.1,85.05785,134.0,7560.0,7420.0,GII.P31,,3438.0,4967.0,annotated_rdrp,GII.4,Sydney_2012,4951.0,6573.0,True,17.0
OP805362.1,75.755585,22.0,7467.0,7451.0,GII.P17,,3559.0,5088.0,annotated_rdrp,GII.17,,5072.0,6688.0,True,17.0
OP805363.1,75.755585,22.0,7467.0,7451.0,GII.P17,,3559.0,5088.0,annotated_rdrp,GII.17,,5072.0,6688.0,True,17.0
OP805364.1,75.755585,22.0,7467.0,7451.0,GII.P17,,3559.0,5088.0,annotated_rdrp,GII.17,,5072.0,6688.0,True,17.0
OP811331.1,74.98306,13.0,7538.0,7531.0,GII.P15,,3559.0,5088.0,annotated_rdrp,GIX.1 (GII.15),,5072.0,6739.0,True,17.0
OQ190312.1,69.58319,-24.0,7547.0,7571.0,GII.P25,,3596.0,5125.0,annotated_rdrp,GII.3,,5109.0,6755.0,True,17.0
OP727605.1,84.525185,12.0,7532.0,7514.0,GII.P4,New_Orleans_2009,3560.0,5089.0,annotated_rdrp,GII.4,Could not assign,5073.0,6695.0,True,17.0
OP727606.1,84.525185,12.0,7561.0,7543.0,GII.P4,New_Orleans_2009,3560.0,5089.0,annotated_rdrp,GII.4,Could not assign,5073.0,6695.0,True,17.0
OP727607.1,84.525185,12.0,7537.0,7519.0,GII.P4,New_Orleans_2009,3560.0,5089.0,annotated_rdrp,GII.4,Could not assign,5073.0,6695.0,True,17.0
OP727608.1,84.525185,12.0,7561.0,7543.0,GII.P4,New_Orleans_2009,3560.0,5089.0,annotated_rdrp,GII.4,Could not assign,5073.0,6695.0,True,17.0
OP727609.1,85.09798,24.0,7528.0,7498.0,GII.P31,,3548.0,5077.0,annotated_rdrp,GII.4,Sydney_2012,5061.0,6683.0,True,17.0
OP727610.1,85.09798,24.0,7559.0,7529.0,GII.P31,,3548.0,5077.0,annotated_rdrp,GII.4,Sydney_2012,5061.0,6683.0,True,17.0
OP727611.1,84.96216,19.0,7532.0,7507.0,GII.P31,,3553.0,5082.0,annotated_rdrp,GII.4,Sydney_2012,5066.0,6688.0,True,17.0
OP727612.1,85.33705,-3.0,7517.0,7514.0,GII.P31,,3575.0,5104.0,annotated_rdrp,GII.4,Sydney_2012,5088.0,6710.0,True,17.0
OP727613.1,85.32065,-2.0,7517.0,7513.0,GII.P31,,3574.0,5103.0,annotated_rdrp,GII.4,Sydney_2012,5087.0,6709.0,True,17.0
OP727614.1,85.32065,-1.0,7517.0,7512.0,GII.P31,,3573.0,5102.0,annotated_rdrp,GII.4,Sydney_2012,5086.0,6708.0,True,17.0
OP729310.1,72.7908,234.0,7473.0,7245.0,GII.P20,,3338.0,4867.0,annotated_rdrp,GII.20,,4851.0,6464.0,True,17.0
OP729312.1,72.7908,234.0,7473.0,7245.0,GII.P20,,3338.0,4867.0,annotated_rdrp,GII.20,,4851.0,6464.0,True,17.0
OP729313.1,72.7908,234.0,7473.0,7245.0,GII.P20,,3338.0,4867.0,annotated_rdrp,GII.20,,4851.0,6464.0,True,17.0
OP729314.1,72.7908,234.0,7473.0,7245.0,GII.P20,,3338.0,4867.0,annotated_rdrp,GII.20,,4851.0,6464.0,True,17.0
OP205528.1,87.22683,15.0,7477.0,7465.0,GII.P7,,3557.0,5086.0,annotated_rdrp,GII.7,,5070.0,6692.0,True,17.0
OP205529.1,68.55706,-14.0,7485.0,7496.0,GII.P25,,3586.0,5115.0,annotated_rdrp,GII.17,,5099.0,6721.0,True,17.0
OP205531.1,80.91873,5.0,7495.0,7490.0,GII.P21,,3567.0,5096.0,annotated_rdrp,GII.3,,5080.0,6726.0,True,17.0
OP205533.1,75.82543,5.0,7489.0,7490.0,GII.P17,,3576.0,5105.0,annotated_rdrp,GII.17,,5089.0,6711.0,True,17.0
OP205534.1,75.82543,5.0,7489.0,7490.0,GII.P17,,3576.0,5105.0,annotated_rdrp,GII.17,,5089.0,6711.0,True,17.0
OP205535.1,75.80908,5.0,7489.0,7490.0,GII.P17,,3576.0,5105.0,annotated_rdrp,GII.17,,5089.0,6711.0,True,17.0
OP205536.1,75.79274,5.0,7489.0,7490.0,GII.P17,,3576.0,5105.0,annotated_rdrp,GII.17,,5089.0,6711.0,True,17.0
OP205537.1,75.84178,5.0,7489.0,7490.0,GII.P17,,3576.0,5105.0,annotated_rdrp,GII.17,,5089.0,6711.0,True,17.0
OP205539.1,85.089195,5.0,7513.0,7508.0,GII.P4,New_Orleans_2009,3567.0,5096.0,annotated_rdrp,GII.4,Could not assign,5080.0,6702.0,True,17.0
OP205540.1,71.09414,92.0,7492.0,7400.0,GII.P16,,3480.0,5009.0,annotated_rdrp,GII.2,,4993.0,6621.0,True,17.0
OP205542.1,76.50721,5.0,7492.0,7487.0,GII.P16,,3567.0,5096.0,annotated_rdrp,GII.2,,5080.0,6708.0,True,17.0
OP205543.1,76.415405,32.0,7492.0,7460.0,GII.P16,,3540.0,5069.0,annotated_rdrp,GII.2,,5053.0,6681.0,True,17.0
OP205544.1,76.44743,22.0,7492.0,7470.0,GII.P16,,3550.0,5079.0,annotated_rdrp,GII.2,,5063.0,6691.0,True,17.0
OP205545.1,76.55636,5.0,7492.0,7487.0,GII.P16,,3567.0,5096.0,annotated_rdrp,GII.2,,5080.0,6708.0,True,17.0
OP205547.1,85.10288,22.0,7519.0,7491.0,GII.P31,,3550.0,5079.0,annotated_rdrp,GII.4,Could not assign,5063.0,6685.0,True,17.0
OP205549.1,75.87516,17.0,7519.0,7496.0,GII.P16,,3555.0,5084.0,annotated_rdrp,GII.4,Sydney_2016,5068.0,6690.0,True,17.0
OP205550.1,75.67345,22.0,7487.0,7459.0,GII.P16,,3550.0,5079.0,annotated_rdrp,GII.4,Sydney_2016,5063.0,6685.0,True,17.0
OP205551.1,75.90977,10.0,7519.0,7503.0,GII.P16,,3562.0,5091.0,annotated_rdrp,GII.4,Sydney_2016,5075.0,6697.0,True,17.0
OP205552.1,76.153595,5.0,7519.0,7508.0,GII.P16,,3567.0,5096.0,annotated_rdrp,GII.4,Sydney_2016,5080.0,6702.0,True,17.0
OP205553.1,75.67746,21.0,7519.0,7492.0,GII.P16,,3551.0,5080.0,annotated_rdrp,GII.4,Sydney_2016,5064.0,6686.0,True,17.0
OP205554.1,76.34869,22.0,7444.0,7422.0,GII.P16,,3550.0,5079.0,annotated_rdrp,GII.13,,5063.0,6691.0,True,17.0
OP205555.1,75.8387,22.0,7519.0,7491.0,GII.P16,,3550.0,5079.0,annotated_rdrp,GII.4,Sydney_2016,5063.0,6685.0,True,17.0
OP205556.1,76.44579,23.0,7495.0,7472.0,GII.P16,,3549.0,5078.0,annotated_rdrp,GII.3,,5062.0,6708.0,True,17.0
OP205557.1,76.44976,22.0,7495.0,7473.0,GII.P16,,3550.0,5079.0,annotated_rdrp,GII.3,,5063.0,6709.0,True,17.0
OP205558.1,75.82907,22.0,7519.0,7491.0,GII.P16,,3550.0,5079.0,annotated_rdrp,GII.4,Sydney_2016,5063.0,6685.0,True,17.0
OP205559.1,75.75607,22.0,7519.0,7491.0,GII.P16,,3550.0,5079.0,annotated_rdrp,GII.4,Sydney_2016,5063.0,6685.0,True,17.0
OP205560.1,75.7726,22.0,7519.0,7491.0,GII.P16,,3550.0,5079.0,annotated_rdrp,GII.4,Sydney_2016,5063.0,6685.0,True,17.0
OP205561.1,75.68997,22.0,7519.0,7491.0,GII.P16,,3550.0,5079.0,annotated_rdrp,GII.4,Sydney_2016,5063.0,6685.0,True,17.0
OP205563.1,76.10312,22.0,7519.0,7491.0,GII.P16,,3550.0,5079.0,annotated_rdrp,GII.4,Sydney_2016,5063.0,6685.0,True,17.0
OP205564.1,76.13543,18.0,7519.0,7495.0,GII.P16,,3554.0,5083.0,annotated_rdrp,GII.4,Sydney_2016,5067.0,6689.0,True,17.0
OP205567.1,71.65802,81.0,7519.0,7432.0,GII.P16,,3491.0,5020.0,annotated_rdrp,GII.4,Sydney_2016,5004.0,6626.0,True,17.0
OP205568.1,76.170074,5.0,7519.0,7508.0,GII.P16,,3567.0,5096.0,annotated_rdrp,GII.4,Sydney_2016,5080.0,6702.0,True,17.0
OP205569.1,80.91216,28.0,7495.0,7467.0,GII.P21,,3544.0,5073.0,annotated_rdrp,GII.3,,5057.0,6703.0,True,17.0
OP205570.1,76.38233,22.0,7495.0,7473.0,GII.P16,,3550.0,5079.0,annotated_rdrp,GII.3,,5063.0,6709.0,True,17.0
OP205571.1,76.12583,32.0,7519.0,7481.0,GII.P16,,3540.0,5069.0,annotated_rdrp,GII.4,Sydney_2016,5053.0,6675.0,True,17.0
OP205572.1,89.46219,5.0,7492.0,7487.0,GII.P12,,3567.0,5096.0,annotated_rdrp,GII.3,,5080.0,6726.0,True,17.0
OP205573.1,75.90939,35.0,7519.0,7478.0,GII.P16,,3537.0,5066.0,annotated_rdrp,GII.4,Sydney_2016,5050.0,6672.0,True,17.0
OP205574.1,75.906395,15.0,7519.0,7498.0,GII.P16,,3557.0,5086.0,annotated_rdrp,GII.4,Sydney_2016,5070.0,6692.0,True,17.0
OP205576.1,81.25421,23.0,7489.0,7466.0,GII.P21,,3549.0,5078.0,annotated_rdrp,GII.3,,5062.0,6708.0,True,17.0
OP205583.1,80.68837,50.0,7495.0,7445.0,GII.P21,,3522.0,5051.0,annotated_rdrp,GII.3,,5035.0,6681.0,True,17.0
OP205584.1,75.97231,5.0,7516.0,7505.0,GII.P16,,3567.0,5096.0,annotated_rdrp,GII.4,Sydney_2016,5080.0,6702.0,True,17.0
OP205585.1,81.00286,5.0,7495.0,7490.0,GII.P21,,3567.0,5096.0,annotated_rdrp,GII.3,,5080.0,6726.0,True,17.0
OM368933.1,84.81409,19.0,7522.0,7497.0,GII.P31,,3553.0,5082.0,annotated_rdrp,GII.4,Could not assign,5066.0,6688.0,True,17.0
OM372476.1,85.082504,7.0,7561.0,7548.0,GII.P31,,3565.0,5094.0,annotated_rdrp,GII.4,Could not assign,5078.0,6700.0,True,17.0
OM372477.1,85.72391,7.0,7496.0,7489.0,GII.P31,,3565.0,5094.0,annotated_rdrp,GII.4,Could not assign,5078.0,6700.0,True,17.0
OM372478.1,85.66616,10.0,7525.0,7515.0,GII.P31,,3562.0,5091.0,annotated_rdrp,GII.4,Could not assign,5075.0,6697.0,True,17.0
OM372479.1,85.09934,27.0,7534.0,7501.0,GII.P31,,3545.0,5074.0,annotated_rdrp,GII.4,Sydney_2012,5058.0,6680.0,True,17.0
OM372480.1,84.81805,24.0,7542.0,7512.0,GII.P31,,3548.0,5077.0,annotated_rdrp,GII.4,Could not assign,5061.0,6683.0,True,17.0
OM372481.1,85.6469,11.0,7528.0,7517.0,GII.P31,,3561.0,5090.0,annotated_rdrp,GII.4,Could not assign,5074.0,6696.0,True,17.0
OM372482.1,76.4349,11.0,7520.0,7509.0,GII.P16,,3561.0,5090.0,annotated_rdrp,GII.2,,5074.0,6702.0,True,17.0
OM372484.1,89.01764,173.0,7486.0,7313.0,GII.P12,,3399.0,4928.0,annotated_rdrp,GII.3,,4912.0,6558.0,True,17.0
OM372485.1,85.66809,41.0,7476.0,7435.0,GII.P31,,3531.0,5060.0,annotated_rdrp,GII.4,Could not assign,5044.0,6666.0,True,17.0
OM372488.1,76.57864,12.0,7524.0,7512.0,GII.P16,,3560.0,5089.0,annotated_rdrp,GII.2,,5073.0,6701.0,True,17.0
OM372489.1,76.54831,54.0,7490.0,7436.0,GII.P16,,3518.0,5047.0,annotated_rdrp,GII.2,,5031.0,6659.0,True,17.0
OM372490.1,85.053085,39.0,7522.0,7477.0,GII.P31,,3533.0,5062.0,annotated_rdrp,GII.4,Could not assign,5046.0,6668.0,True,17.0
OM372672.1,84.834045,11.0,7551.0,7534.0,GII.P31,,3561.0,5090.0,annotated_rdrp,GII.4,Could not assign,5074.0,6696.0,True,17.0
OM372676.1,76.38843,23.0,7443.0,7420.0,GII.P16,,3549.0,5078.0,annotated_rdrp,GII.2,,5062.0,6690.0,True,17.0
OM372682.1,85.680595,11.0,7459.0,7448.0,GII.P31,,3561.0,5090.0,annotated_rdrp,GII.4,Could not assign,5074.0,6696.0,True,17.0
OM373200.1,85.67306,26.0,7552.0,7526.0,GII.P31,,3546.0,5075.0,annotated_rdrp,GII.4,Could not assign,5059.0,6681.0,True,17.0
OM373201.1,89.48736,180.0,7485.0,7305.0,GII.P12,,3392.0,4921.0,annotated_rdrp,GII.3,,4905.0,6551.0,True,17.0
OM373210.1,84.75448,69.0,7535.0,7460.0,GII.P31,,3503.0,5032.0,annotated_rdrp,GII.4,Could not assign,5016.0,6638.0,True,17.0
OM373317.1,85.67335,14.0,7556.0,7542.0,GII.P31,,3558.0,5087.0,annotated_rdrp,GII.4,Could not assign,5071.0,6693.0,True,17.0
OM373532.1,84.8385,29.0,7532.0,7497.0,GII.P31,,3543.0,5072.0,annotated_rdrp,GII.4,Could not assign,5056.0,6678.0,True,17.0
OM373562.1,89.42308,27.0,7533.0,7506.0,GII.P12,,3545.0,5074.0,annotated_rdrp,GII.3,,5058.0,6704.0,True,17.0
OM373624.1,85.63667,27.0,7510.0,7483.0,GII.P31,,3545.0,5074.0,annotated_rdrp,GII.4,Could not assign,5058.0,6680.0,True,17.0
OM373643.1,85.63423,28.0,7524.0,7496.0,GII.P31,,3544.0,5073.0,annotated_rdrp,GII.4,Could not assign,5057.0,6679.0,True,17.0
OM373654.1,84.76821,57.0,7531.0,7468.0,GII.P31,,3515.0,5044.0,annotated_rdrp,GII.4,Could not assign,5028.0,6650.0,True,17.0
OM386670.1,85.636765,20.0,7539.0,7519.0,GII.P31,,3552.0,5081.0,annotated_rdrp,GII.4,Could not assign,5065.0,6687.0,True,17.0
OM386672.1,92.62394,102.0,7548.0,7443.0,GII.P7,,3470.0,4999.0,annotated_rdrp,GII.6,,4983.0,6635.0,True,17.0
OM386792.1,89.12641,14.0,7505.0,7491.0,GII.P12,,3558.0,5087.0,annotated_rdrp,GII.3,,5071.0,6717.0,True,17.0
OM386814.1,85.60272,27.0,7532.0,7505.0,GII.P31,,3545.0,5074.0,annotated_rdrp,GII.4,Could not assign,5058.0,6680.0,True,17.0
OM386843.1,85.6609,31.0,7537.0,7506.0,GII.P31,,3541.0,5070.0,annotated_rdrp,GII.4,Could not assign,5054.0,6676.0,True,17.0
OM388564.1,89.4514,49.0,7484.0,7435.0,GII.P12,,3523.0,5052.0,annotated_rdrp,GII.3,,5036.0,6682.0,True,17.0
OM884056.1,89.21057,14.0,7540.0,7526.0,GII.P12,,3558.0,5087.0,annotated_rdrp,GII.3,,5071.0,6717.0,True,17.0
OM980238.1,84.49409,9.0,7576.0,7561.0,GII.P31,,3563.0,5092.0,annotated_rdrp,GII.4,Could not assign,5076.0,6698.0,True,17.0
OM980240.1,84.21831,14.0,7556.0,7536.0,GII.P4,New_Orleans_2009,3558.0,5087.0,annotated_rdrp,GII.4,Could not assign,5071.0,6693.0,True,17.0
OK376257.1,77.03624,509.0,7536.0,7021.0,GII.P16,,3057.0,4586.0,annotated_rdrp,GII.2,,4570.0,6198.0,True,17.0
OK376714.1,83.99011,26.0,7566.0,7534.0,GII.P4,Den_Haag_2006b,3546.0,5075.0,annotated_rdrp,GII.4,Den_Haag_2006b,5059.0,6681.0,True,17.0
OL336382.1,75.88986,116.0,7456.0,7334.0,GII.P16,,3456.0,4985.0,annotated_rdrp,GII.4,Sydney_2016,4969.0,6591.0,True,17.0
OL336384.1,75.49702,69.0,7455.0,7380.0,GII.P16,,3503.0,5032.0,annotated_rdrp,GII.4,Sydney_2016,5016.0,6638.0,True,17.0
OL336385.1,75.51222,53.0,7474.0,7415.0,GII.P16,,3519.0,5048.0,annotated_rdrp,GII.4,Sydney_2016,5032.0,6654.0,True,17.0
OL336386.1,75.67746,53.0,7470.0,7411.0,GII.P16,,3519.0,5048.0,annotated_rdrp,GII.4,Sydney_2016,5032.0,6654.0,True,17.0
OL336387.1,75.5291,57.0,7481.0,7418.0,GII.P16,,3515.0,5044.0,annotated_rdrp,GII.4,Sydney_2016,5028.0,6650.0,True,17.0
OL336388.1,75.727036,53.0,7475.0,7416.0,GII.P16,,3519.0,5048.0,annotated_rdrp,GII.4,Sydney_2016,5032.0,6654.0,True,17.0
OL336389.1,75.611374,53.0,7481.0,7422.0,GII.P16,,3519.0,5048.0,annotated_rdrp,GII.4,Sydney_2016,5032.0,6654.0,True,17.0
MZ958411.1,75.91951,10.0,7581.0,7565.0,GII.P16,,3562.0,5091.0,annotated_rdrp,GII.4,Sydney_2016,5075.0,6697.0,True,17.0
OK012403.1,76.55653,82.0,7568.0,7486.0,GII.P16,,3490.0,5019.0,annotated_rdrp,GII.2,,5003.0,6631.0,True,17.0
OK012404.1,76.6078,108.0,7526.0,7418.0,GII.P16,,3464.0,4993.0,annotated_rdrp,GII.2,,4977.0,6605.0,True,17.0
MZ478134.1,75.56397,40.0,7478.0,7441.0,GII.P17,,3538.0,5067.0,annotated_rdrp,GII.17,,5051.0,6673.0,True,17.0
MZ478136.1,75.66459,9.0,7552.0,7537.0,GII.P16,,3563.0,5092.0,annotated_rdrp,GII.4,Sydney_2016,5076.0,6698.0,True,17.0
MZ478139.1,75.68056,5.0,7514.0,7503.0,GII.P16,,3567.0,5096.0,annotated_rdrp,GII.4,Sydney_2016,5080.0,6702.0,True,17.0
MZ478141.1,75.92227,1.0,7537.0,7530.0,GII.P16,,3571.0,5100.0,annotated_rdrp,GII.4,Sydney_2016,5084.0,6706.0,True,17.0
MZ606672.1,85.29561,10.0,5977.0,5967.0,GII.P31,,3562.0,5091.0,annotated_rdrp,GII.4,Could not assign,5075.0,5967.0,True,17.0
MZ606673.1,85.034706,10.0,5941.0,5931.0,GII.P31,,3562.0,5091.0,annotated_rdrp,GII.4,Could not assign,5075.0,5931.0,True,17.0
MZ606674.1,84.94948,10.0,5653.0,5643.0,GII.P31,,3562.0,5091.0,annotated_rdrp,GII.4,Could not assign,5075.0,5643.0,True,17.0
MZ606676.1,85.14266,10.0,5758.0,5748.0,GII.P31,,3562.0,5091.0,annotated_rdrp,GII.4,Could not assign,5075.0,5748.0,True,17.0
MZ606677.1,85.18392,10.0,5890.0,5880.0,GII.P31,,3562.0,5091.0,annotated_rdrp,GII.4,Could not assign,5075.0,5880.0,True,17.0
MZ606678.1,85.00926,10.0,6019.0,6009.0,GII.P31,,3562.0,5091.0,annotated_rdrp,GII.4,Could not assign,5075.0,6009.0,True,17.0
MW854326.1,81.61853,11.0,7534.0,7521.0,GII.P33,,3567.0,5096.0,annotated_rdrp,GII.1,,5080.0,6687.0,True,17.0
MZ265003.1,76.40336,0.0,7495.0,7492.0,GII.P16,,3569.0,5098.0,annotated_rdrp,GII.3,,5082.0,6728.0,True,17.0
MZ268406.1,70.10383,-32.0,7468.0,7515.0,GII.P40,,3604.0,5133.0,annotated_rdrp,GII.5,,5117.0,6739.0,True,17.0
MZ279714.1,85.75648,10.0,7511.0,7504.0,GII.P31,,3562.0,5091.0,annotated_rdrp,GII.17,,5075.0,6697.0,True,17.0
MZ279715.1,83.67839,10.0,7495.0,7500.0,GII.P31,,3562.0,5091.0,annotated_rdrp,GII.17,,5075.0,6697.0,True,17.0
MW661248.1,85.224106,6.0,7562.0,7550.0,GII.P31,,3566.0,5095.0,annotated_rdrp,GII.4,Sydney_2012,5079.0,6701.0,True,17.0
MW661249.1,76.49754,6.0,7568.0,7559.0,GII.P16,,3563.0,5092.0,annotated_rdrp,GII.2,,5076.0,6704.0,True,17.0
MW661250.1,87.51003,43.0,7551.0,7505.0,GII.P7,,3529.0,5058.0,annotated_rdrp,GII.6,,5042.0,6685.0,True,17.0
MW661256.1,75.82852,5.0,7575.0,7561.0,GII.P16,,3564.0,5093.0,annotated_rdrp,GII.4,Sydney_2016,5077.0,6699.0,True,17.0
MW559991.1,84.44116,4.0,7453.0,7443.0,GII.P31,,3568.0,5097.0,annotated_rdrp,GII.4,Could not assign,5081.0,6703.0,True,17.0
MW559992.1,84.63811,4.0,7449.0,7439.0,GII.P31,,3568.0,5097.0,annotated_rdrp,GII.4,Could not assign,5081.0,6703.0,True,17.0
MW559993.1,84.39193,4.0,7453.0,7443.0,GII.P31,,3568.0,5097.0,annotated_rdrp,GII.4,Could not assign,5081.0,6703.0,True,17.0
MW559994.1,84.37551,4.0,7455.0,7445.0,GII.P31,,3568.0,5097.0,annotated_rdrp,GII.4,Could not assign,5081.0,6703.0,True,17.0
MW009069.1,68.62063,-24.0,7487.0,7526.0,GII.P40,,3596.0,5125.0,annotated_rdrp,GII.5,,5109.0,6731.0,True,17.0
MW009070.1,84.5303,10.0,7577.0,7561.0,GII.P4,New_Orleans_2009,3562.0,5091.0,annotated_rdrp,GII.4,Could not assign,5075.0,6697.0,True,17.0
MW009071.1,84.82906,12.0,7563.0,7545.0,GII.P31,,3560.0,5089.0,annotated_rdrp,GII.4,Could not assign,5073.0,6695.0,True,17.0
MW019618.1,83.514854,7.0,7141.0,7128.0,GII.P31,,3565.0,5094.0,annotated_rdrp,GII.4,Could not assign,5078.0,6700.0,True,17.0
MW019619.1,83.58086,7.0,7060.0,7047.0,GII.P31,,3565.0,5094.0,annotated_rdrp,GII.4,Could not assign,5078.0,6700.0,True,17.0
MW019620.1,83.49835,7.0,7033.0,7020.0,GII.P31,,3565.0,5094.0,annotated_rdrp,GII.4,Could not assign,5078.0,6700.0,True,17.0
MW019621.1,84.11633,7.0,7138.0,7128.0,GII.P31,,3565.0,5094.0,annotated_rdrp,GII.4,Could not assign,5078.0,6700.0,True,17.0
MW019622.1,80.80857,7.0,6709.0,6699.0,GII.P31,,3565.0,5094.0,annotated_rdrp,GII.4,Could not assign,5078.0,6699.0,True,17.0
MW019956.1,81.485146,7.0,7030.0,7017.0,GII.P31,,3565.0,5094.0,annotated_rdrp,GII.4,Could not assign,5078.0,6700.0,True,17.0
MW019957.1,83.382835,7.0,7036.0,7023.0,GII.P31,,3565.0,5094.0,annotated_rdrp,GII.4,Could not assign,5078.0,6700.0,True,17.0
MW019958.1,83.46469,7.0,7030.0,7017.0,GII.P31,,3565.0,5094.0,annotated_rdrp,GII.4,Could not assign,5078.0,6700.0,True,17.0
MW019959.1,83.08703,7.0,7033.0,7020.0,GII.P31,,3565.0,5094.0,annotated_rdrp,GII.4,Could not assign,5078.0,6700.0,True,17.0
MW045405.1,83.164986,7.0,7027.0,7020.0,GII.P13,,3565.0,5094.0,annotated_rdrp,GII.4,Could not assign,5078.0,6700.0,True,17.0
MW045406.1,83.33333,1381.0,7030.0,5643.0,GII.P31,,2191.0,3720.0,annotated_rdrp,GII.4,Could not assign,3704.0,5326.0,True,17.0
MW284780.1,83.37296,179.0,7514.0,7329.0,GII.P4,New_Orleans_2009,3393.0,4922.0,annotated_rdrp,GII.4,Sydney_2012,4906.0,6528.0,True,17.0
MW284781.1,84.84297,14.0,7514.0,7494.0,GII.P4,New_Orleans_2009,3558.0,5087.0,annotated_rdrp,GII.4,Sydney_2012,5071.0,6693.0,True,17.0
MW284782.1,84.86798,7.0,7516.0,7503.0,GII.P4,New_Orleans_2009,3565.0,5094.0,annotated_rdrp,GII.4,Sydney_2012,5078.0,6700.0,True,17.0
MW284783.1,84.83295,21.0,7516.0,7489.0,GII.P4,New_Orleans_2009,3551.0,5080.0,annotated_rdrp,GII.4,Sydney_2012,5064.0,6686.0,True,17.0
MW305511.1,94.16921,41.0,7572.0,7528.0,GII.P7,,3531.0,5060.0,annotated_rdrp,GII.6,,5044.0,6696.0,True,17.0
MW305512.1,75.49048,32.0,7513.0,7505.0,GII.P13,,3546.0,5075.0,annotated_rdrp,GII.17,,5059.0,6684.0,True,17.0
MW305513.1,81.26689,35.0,7510.0,7475.0,GII.P21,,3537.0,5066.0,annotated_rdrp,GII.3,,5050.0,6696.0,True,17.0
MW305514.1,87.74778,41.0,7499.0,7459.0,GII.P7,,3531.0,5060.0,annotated_rdrp,GII.9,,5044.0,6657.0,True,17.0
MW305515.1,84.90753,35.0,7566.0,7525.0,GII.P4,Den_Haag_2006b,3537.0,5066.0,annotated_rdrp,GII.4,Den_Haag_2006b,5050.0,6672.0,True,17.0
MW305517.1,76.050766,32.0,7510.0,7487.0,GII.P13,,3546.0,5075.0,annotated_rdrp,GII.17,,5059.0,6684.0,True,17.0
MW305518.1,87.28481,41.0,7531.0,7493.0,GII.P7,,3531.0,5060.0,annotated_rdrp,GII.14,,5044.0,6654.0,True,17.0
MW305521.1,85.17511,35.0,7555.0,7520.0,GII.P4,US95_96,3537.0,5066.0,annotated_rdrp,GII.4,Osaka_2007,5050.0,6672.0,True,17.0
MW305522.1,81.317566,35.0,7519.0,7484.0,GII.P21,,3537.0,5066.0,annotated_rdrp,GII.3,,5050.0,6696.0,True,17.0
MW305523.1,94.15376,41.0,7572.0,7528.0,GII.P7,,3531.0,5060.0,annotated_rdrp,GII.6,,5044.0,6696.0,True,17.0
MW305525.1,85.46413,35.0,7555.0,7520.0,GII.P4,US95_96,3537.0,5066.0,annotated_rdrp,GII.4,Osaka_2007,5050.0,6672.0,True,17.0
MW305526.1,73.86429,53.0,7509.0,7459.0,GII.PNA2,,3519.0,5048.0,annotated_rdrp,GII.NA2,,5032.0,6660.0,True,17.0
MW305527.1,84.938965,35.0,7566.0,7525.0,GII.P31,,3537.0,5066.0,annotated_rdrp,GII.4,Sydney_2012,5050.0,6672.0,True,17.0
MW305528.1,84.938965,35.0,7566.0,7525.0,GII.P31,,3537.0,5066.0,annotated_rdrp,GII.4,Sydney_2012,5050.0,6672.0,True,17.0
MW305529.1,92.960556,41.0,7572.0,7528.0,GII.P7,,3531.0,5060.0,annotated_rdrp,GII.6,,5044.0,6696.0,True,17.0
MW305531.1,92.947266,41.0,7572.0,7528.0,GII.P7,,3531.0,5060.0,annotated_rdrp,GII.6,,5044.0,6696.0,True,17.0
MW305532.1,92.92071,41.0,7572.0,7528.0,GII.P7,,3531.0,5060.0,annotated_rdrp,GII.6,,5044.0,6696.0,True,17.0
MW305533.1,70.10383,-1.0,7503.0,7519.0,GII.P40,,3573.0,5102.0,annotated_rdrp,GII.5,,5086.0,6708.0,True,17.0
MW305534.1,85.2029,35.0,7566.0,7525.0,GII.P31,,3537.0,5066.0,annotated_rdrp,GII.4,Sydney_2012,5050.0,6672.0,True,17.0
MW305535.1,84.97196,35.0,7566.0,7525.0,GII.P31,,3537.0,5066.0,annotated_rdrp,GII.4,Sydney_2012,5050.0,6672.0,True,17.0
MW305536.1,76.11158,35.0,7549.0,7511.0,GII.P16,,3534.0,5063.0,annotated_rdrp,GII.3,,5047.0,6693.0,True,17.0
MW305537.1,70.28285,-1.0,7503.0,7519.0,GII.P40,,3573.0,5102.0,annotated_rdrp,GII.5,,5086.0,6708.0,True,17.0
MW305538.1,85.532135,35.0,7555.0,7520.0,GII.P4,US95_96,3537.0,5066.0,annotated_rdrp,GII.4,Osaka_2007,5050.0,6672.0,True,17.0
MW305539.1,85.43013,35.0,7555.0,7520.0,GII.P4,US95_96,3537.0,5066.0,annotated_rdrp,GII.4,Osaka_2007,5050.0,6672.0,True,17.0
MW305540.1,93.98247,41.0,7571.0,7527.0,GII.P7,,3531.0,5060.0,annotated_rdrp,GII.6,,5044.0,6696.0,True,17.0
MW305541.1,81.28378,35.0,7514.0,7479.0,GII.P21,,3537.0,5066.0,annotated_rdrp,GII.3,,5050.0,6696.0,True,17.0
MW305542.1,84.807,35.0,7564.0,7523.0,GII.P4,Apeldoorn_2007,3537.0,5066.0,annotated_rdrp,GII.4,Apeldoorn_2007,5050.0,6672.0,True,17.0
MW305543.1,84.061,35.0,7548.0,7510.0,GII.P4,Den_Haag_2006b,3537.0,5066.0,annotated_rdrp,GII.4,Den_Haag_2006b,5050.0,6672.0,True,17.0
MW305544.1,94.00983,41.0,7572.0,7528.0,GII.P7,,3531.0,5060.0,annotated_rdrp,GII.6,,5044.0,6696.0,True,17.0
MW305545.1,85.42517,37.0,7555.0,7518.0,GII.P4,US95_96,3535.0,5064.0,annotated_rdrp,GII.4,Osaka_2007,5048.0,6670.0,True,17.0
MW305546.1,83.94864,35.0,7558.0,7520.0,GII.P4,Den_Haag_2006b,3537.0,5066.0,annotated_rdrp,GII.4,Den_Haag_2006b,5050.0,6672.0,True,17.0
MW305547.1,93.99655,41.0,7573.0,7529.0,GII.P7,,3531.0,5060.0,annotated_rdrp,GII.6,,5044.0,6696.0,True,17.0
MW305548.1,75.81981,35.0,7566.0,7525.0,GII.P16,,3537.0,5066.0,annotated_rdrp,GII.4,Sydney_2016,5050.0,6672.0,True,17.0
MW305549.1,87.179146,41.0,7559.0,7515.0,GII.P7,,3531.0,5060.0,annotated_rdrp,GII.6,,5044.0,6687.0,True,17.0
MW305551.1,87.12567,41.0,7559.0,7515.0,GII.P7,,3531.0,5060.0,annotated_rdrp,GII.6,,5044.0,6687.0,True,17.0
MW305553.1,75.720436,35.0,7537.0,7496.0,GII.P16,,3537.0,5066.0,annotated_rdrp,GII.4,Sydney_2016,5050.0,6672.0,True,17.0
MW305555.1,92.72558,41.0,7569.0,7528.0,GII.P7,,3531.0,5060.0,annotated_rdrp,GII.6,,5044.0,6696.0,True,17.0
MW305556.1,87.19251,41.0,7559.0,7515.0,GII.P7,,3531.0,5060.0,annotated_rdrp,GII.6,,5044.0,6687.0,True,17.0
MW305557.1,75.74404,35.0,7537.0,7496.0,GII.P16,,3537.0,5066.0,annotated_rdrp,GII.4,Sydney_2016,5050.0,6672.0,True,17.0
MW305558.1,75.720436,35.0,7561.0,7520.0,GII.P16,,3537.0,5066.0,annotated_rdrp,GII.4,Sydney_2016,5050.0,6672.0,True,17.0
MW305559.1,87.20588,41.0,7559.0,7515.0,GII.P7,,3531.0,5060.0,annotated_rdrp,GII.6,,5044.0,6687.0,True,17.0
MW305560.1,75.803246,35.0,7561.0,7520.0,GII.P16,,3537.0,5066.0,annotated_rdrp,GII.4,Sydney_2016,5050.0,6672.0,True,17.0
MW305561.1,87.16577,41.0,7558.0,7514.0,GII.P7,,3531.0,5060.0,annotated_rdrp,GII.6,,5044.0,6687.0,True,17.0
MW305563.1,87.0722,41.0,7559.0,7515.0,GII.P7,,3531.0,5060.0,annotated_rdrp,GII.6,,5044.0,6687.0,True,17.0
MW305564.1,88.54667,41.0,7535.0,7491.0,GII.P7,,3531.0,5060.0,annotated_rdrp,GII.6,,5044.0,6687.0,True,17.0
MW305565.1,85.251854,42.0,7541.0,7493.0,GII.P4,Could not assign,3530.0,5059.0,annotated_rdrp,GII.4,Hunter_2004,5043.0,6665.0,True,17.0
MW305567.1,85.05121,43.0,7541.0,7492.0,GII.P4,Could not assign,3529.0,5058.0,annotated_rdrp,GII.4,Could not assign,5042.0,6664.0,True,17.0
MW305568.1,85.03794,35.0,7565.0,7524.0,GII.P4,Could not assign,3537.0,5066.0,annotated_rdrp,GII.4,Could not assign,5050.0,6672.0,True,17.0
MW305571.1,89.468765,41.0,7572.0,7528.0,GII.P7,,3531.0,5060.0,annotated_rdrp,GII.6,,5044.0,6696.0,True,17.0
MW305572.1,83.371826,35.0,7561.0,7520.0,GII.P39,,3537.0,5066.0,annotated_rdrp,GII.4,Could not assign,5050.0,6669.0,True,17.0
MW305573.1,73.77455,44.0,7526.0,7485.0,GII.P36,,3528.0,5057.0,annotated_rdrp,GII.7,,5041.0,6663.0,True,17.0
MW305575.1,82.50085,35.0,7547.0,7518.0,GII.P41,,3543.0,5072.0,annotated_rdrp,GII.3,,5056.0,6702.0,True,17.0
MW305576.1,86.72249,41.0,7536.0,7501.0,GII.P7,,3531.0,5060.0,annotated_rdrp,GII.14,,5044.0,6660.0,True,17.0
MW305577.1,82.16403,35.0,7491.0,7462.0,GII.P41,,3543.0,5072.0,annotated_rdrp,GII.13,,5056.0,6684.0,True,17.0
MW305578.1,81.38464,35.0,7536.0,7501.0,GII.P30,,3537.0,5066.0,annotated_rdrp,GII.2,,5050.0,6678.0,True,17.0
MW305579.1,81.31886,35.0,7536.0,7501.0,GII.P30,,3537.0,5066.0,annotated_rdrp,GII.2,,5050.0,6678.0,True,17.0
MW305581.1,89.38868,41.0,7572.0,7528.0,GII.P7,,3531.0,5060.0,annotated_rdrp,GII.6,,5044.0,6696.0,True,17.0
MW305582.1,75.57491,67.0,7504.0,7446.0,GII.P13,,3508.0,5037.0,annotated_rdrp,GII.17,,5021.0,6634.0,True,17.0
MW305583.1,84.18368,35.0,7541.0,7506.0,Could,,3537.0,5066.0,annotated_rdrp,GII.4,Could not assign,5050.0,6666.0,True,17.0
MW305584.1,81.35175,35.0,7529.0,7494.0,GII.P30,,3537.0,5066.0,annotated_rdrp,GII.2,,5050.0,6678.0,True,17.0
MW305585.1,86.17618,35.0,7558.0,7517.0,GII.P4,US95_96,3537.0,5066.0,annotated_rdrp,GII.4,US95_96,5050.0,6669.0,True,17.0
MW305586.1,86.269646,35.0,7541.0,7500.0,GII.P4,US95_96,3537.0,5066.0,annotated_rdrp,GII.4,US95_96,5050.0,6669.0,True,17.0
MW305587.1,86.186935,35.0,7541.0,7500.0,GII.P4,US95_96,3537.0,5066.0,annotated_rdrp,GII.4,US95_96,5050.0,6669.0,True,17.0
MW305588.1,86.30273,35.0,7541.0,7500.0,GII.P4,US95_96,3537.0,5066.0,annotated_rdrp,GII.4,US95_96,5050.0,6669.0,True,17.0
MW305589.1,86.0937,35.0,7562.0,7521.0,GII.P4,US95_96,3537.0,5066.0,annotated_rdrp,GII.4,US95_96,5050.0,6669.0,True,17.0
MW305590.1,86.275154,35.0,7562.0,7521.0,GII.P4,US95_96,3537.0,5066.0,annotated_rdrp,GII.4,US95_96,5050.0,6669.0,True,17.0
MW305591.1,75.893005,32.0,7532.0,7506.0,GII.P3,,3546.0,5075.0,annotated_rdrp,GII.3,,5059.0,6705.0,True,17.0
MW305592.1,75.926865,32.0,7532.0,7506.0,GII.P3,,3546.0,5075.0,annotated_rdrp,GII.3,,5059.0,6705.0,True,17.0
MW305593.1,84.03586,35.0,7520.0,7491.0,GII.P29,,3543.0,5072.0,annotated_rdrp,GII.12,,5056.0,6663.0,True,17.0
MW305594.1,87.12071,35.0,7562.0,7521.0,GII.P4,Camberwell_1994,3537.0,5066.0,annotated_rdrp,GII.4,Camberwell_1994,5050.0,6669.0,True,17.0
MW305595.1,84.03586,35.0,7520.0,7491.0,GII.P29,,3543.0,5072.0,annotated_rdrp,GII.12,,5056.0,6663.0,True,17.0
MW305596.1,84.03586,35.0,7520.0,7491.0,GII.P29,,3543.0,5072.0,annotated_rdrp,GII.12,,5056.0,6663.0,True,17.0
MW305597.1,84.03586,35.0,7520.0,7491.0,GII.P29,,3543.0,5072.0,annotated_rdrp,GII.12,,5056.0,6663.0,True,17.0
MW305598.1,97.80147,41.0,7554.0,7510.0,GII.P6,,3531.0,5060.0,annotated_rdrp,GII.6,,5044.0,6687.0,True,17.0
MW305600.1,81.44127,35.0,7517.0,7482.0,GII.P21,,3537.0,5066.0,annotated_rdrp,GII.2,,5050.0,6678.0,True,17.0
MW305601.1,81.45772,35.0,7517.0,7482.0,GII.P21,,3537.0,5066.0,annotated_rdrp,GII.2,,5050.0,6678.0,True,17.0
MW305607.1,85.71193,35.0,7539.0,7507.0,GII.P31,,3537.0,5066.0,annotated_rdrp,GII.17,,5050.0,6672.0,True,17.0
MW305608.1,81.13176,35.0,7547.0,7512.0,GII.P21,,3537.0,5066.0,annotated_rdrp,GII.3,,5050.0,6696.0,True,17.0
MW305609.1,75.46204,32.0,7528.0,7520.0,GII.P13,,3546.0,5075.0,annotated_rdrp,GII.17,,5059.0,6684.0,True,17.0
MW305610.1,75.49048,32.0,7528.0,7520.0,GII.P13,,3546.0,5075.0,annotated_rdrp,GII.17,,5059.0,6684.0,True,17.0
MW305611.1,87.59358,41.0,7559.0,7515.0,GII.P7,,3531.0,5060.0,annotated_rdrp,GII.6,,5044.0,6687.0,True,17.0
MW305612.1,77.71588,35.0,7536.0,7501.0,GII.P2,,3537.0,5066.0,annotated_rdrp,GII.2,,5050.0,6678.0,True,17.0
MW305613.1,93.36626,41.0,7573.0,7529.0,GII.P7,,3531.0,5060.0,annotated_rdrp,GII.6,,5044.0,6696.0,True,17.0
MW305614.1,87.66649,41.0,7552.0,7508.0,GII.P7,,3531.0,5060.0,annotated_rdrp,GII.6,,5044.0,6687.0,True,17.0
MW305615.1,93.27932,41.0,7572.0,7528.0,GII.P7,,3531.0,5060.0,annotated_rdrp,GII.6,,5044.0,6696.0,True,17.0
MW305617.1,85.12042,35.0,7557.0,7516.0,GII.P31,,3537.0,5066.0,annotated_rdrp,GII.4,Sydney_2012,5050.0,6672.0,True,17.0
MW305618.1,87.66042,41.0,7559.0,7515.0,GII.P7,,3531.0,5060.0,annotated_rdrp,GII.6,,5044.0,6687.0,True,17.0
MW305621.1,84.98845,35.0,7556.0,7515.0,GII.P31,,3537.0,5066.0,annotated_rdrp,GII.4,Sydney_2012,5050.0,6672.0,True,17.0
MW305622.1,81.77188,35.0,7498.0,7463.0,GII.P33,,3543.0,5072.0,annotated_rdrp,GII.1,,5056.0,6663.0,True,17.0
MW305623.1,84.82349,35.0,7562.0,7521.0,GII.P31,,3537.0,5066.0,annotated_rdrp,GII.4,Sydney_2012,5050.0,6672.0,True,17.0
MW305625.1,76.58802,32.0,7540.0,7511.0,Could,,3546.0,5075.0,annotated_rdrp,GII.17,,5059.0,6678.0,True,17.0
MW305626.1,85.03794,35.0,7556.0,7515.0,GII.P31,,3537.0,5066.0,annotated_rdrp,GII.4,Sydney_2012,5050.0,6672.0,True,17.0
MW305627.1,78.11109,35.0,7537.0,7502.0,GII.P2,,3537.0,5066.0,annotated_rdrp,GII.2,,5050.0,6678.0,True,17.0
MW305628.1,81.82549,35.0,7498.0,7463.0,GII.P33,,3543.0,5072.0,annotated_rdrp,GII.1,,5056.0,6663.0,True,17.0
MW305629.1,81.8389,35.0,7498.0,7463.0,GII.P33,,3543.0,5072.0,annotated_rdrp,GII.1,,5056.0,6663.0,True,17.0
MW305631.1,81.058685,35.0,7548.0,7513.0,GII.P21,,3537.0,5066.0,annotated_rdrp,GII.3,,5050.0,6696.0,True,17.0
MW305632.1,75.886055,35.0,7565.0,7524.0,GII.P16,,3537.0,5066.0,annotated_rdrp,GII.4,Sydney_2016,5050.0,6672.0,True,17.0
MW305633.1,75.85293,35.0,7565.0,7524.0,GII.P16,,3537.0,5066.0,annotated_rdrp,GII.4,Sydney_2016,5050.0,6672.0,True,17.0
MW305634.1,75.75356,35.0,7565.0,7524.0,GII.P16,,3537.0,5066.0,annotated_rdrp,GII.4,Sydney_2016,5050.0,6672.0,True,17.0
MW305635.1,87.09893,41.0,7559.0,7515.0,GII.P7,,3531.0,5060.0,annotated_rdrp,GII.6,,5044.0,6687.0,True,17.0
MW305636.1,75.83637,35.0,7560.0,7519.0,GII.P16,,3537.0,5066.0,annotated_rdrp,GII.4,Sydney_2016,5050.0,6672.0,True,17.0
MW305637.1,75.77012,35.0,7562.0,7521.0,GII.P16,,3537.0,5066.0,annotated_rdrp,GII.4,Sydney_2016,5050.0,6672.0,True,17.0
MW305638.1,87.24599,41.0,7559.0,7515.0,GII.P7,,3531.0,5060.0,annotated_rdrp,GII.6,,5044.0,6687.0,True,17.0
MW305639.1,75.737,35.0,7562.0,7521.0,GII.P16,,3537.0,5066.0,annotated_rdrp,GII.4,Sydney_2016,5050.0,6672.0,True,17.0
MW305640.1,78.37838,35.0,7537.0,7502.0,GII.P2,,3537.0,5066.0,annotated_rdrp,GII.2,,5050.0,6678.0,True,17.0
MW305641.1,78.37838,35.0,7537.0,7502.0,GII.P2,,3537.0,5066.0,annotated_rdrp,GII.2,,5050.0,6678.0,True,17.0
MW305642.1,76.44641,35.0,7533.0,7498.0,GII.P16,,3537.0,5066.0,annotated_rdrp,GII.2,,5050.0,6678.0,True,17.0
MW305643.1,76.36423,35.0,7533.0,7498.0,GII.P16,,3537.0,5066.0,annotated_rdrp,GII.2,,5050.0,6678.0,True,17.0
MW305644.1,76.40967,36.0,7533.0,7497.0,GII.P16,,3536.0,5065.0,annotated_rdrp,GII.2,,5049.0,6677.0,True,17.0
MW305645.1,76.39323,36.0,7533.0,7497.0,GII.P16,,3536.0,5065.0,annotated_rdrp,GII.2,,5049.0,6677.0,True,17.0
MW305646.1,76.40967,36.0,7533.0,7497.0,GII.P16,,3536.0,5065.0,annotated_rdrp,GII.2,,5049.0,6677.0,True,17.0
MW305647.1,75.803246,35.0,7561.0,7520.0,GII.P16,,3537.0,5066.0,annotated_rdrp,GII.4,Sydney_2016,5050.0,6672.0,True,17.0
MW305649.1,76.133575,35.0,7533.0,7498.0,GII.P16,,3537.0,5066.0,annotated_rdrp,GII.2,,5050.0,6678.0,True,17.0
MW305650.1,75.87608,32.0,7532.0,7506.0,GII.P3,,3546.0,5075.0,annotated_rdrp,GII.3,,5059.0,6705.0,True,17.0
MW305651.1,86.186935,35.0,7562.0,7521.0,GII.P4,US95_96,3537.0,5066.0,annotated_rdrp,GII.4,US95_96,5050.0,6669.0,True,17.0
MW305652.1,86.203476,35.0,7562.0,7521.0,GII.P4,US95_96,3537.0,5066.0,annotated_rdrp,GII.4,US95_96,5050.0,6669.0,True,17.0
MW305653.1,86.2531,35.0,7541.0,7500.0,GII.P4,US95_96,3537.0,5066.0,annotated_rdrp,GII.4,US95_96,5050.0,6669.0,True,17.0
MW305655.1,86.25866,35.0,7538.0,7497.0,GII.P4,US95_96,3537.0,5066.0,annotated_rdrp,GII.4,US95_96,5050.0,6669.0,True,17.0
MW305656.1,86.22567,35.0,7558.0,7517.0,GII.P4,US95_96,3537.0,5066.0,annotated_rdrp,GII.4,US95_96,5050.0,6669.0,True,17.0
MW305657.1,80.56241,35.0,7535.0,7500.0,GII.P34,,3537.0,5066.0,annotated_rdrp,GII.2,,5050.0,6678.0,True,17.0
MW305658.1,75.56664,35.0,7503.0,7477.0,GII.P5,,3531.0,5060.0,annotated_rdrp,GII.5,,5044.0,6666.0,True,17.0
MW305659.1,83.35234,35.0,7527.0,7507.0,GII.P31,,3537.0,5066.0,annotated_rdrp,GII.17,,5050.0,6672.0,True,17.0
MW305660.1,75.191925,32.0,7520.0,7512.0,GII.P13,,3546.0,5075.0,annotated_rdrp,GII.17,,5059.0,6684.0,True,17.0
MW305661.1,85.87925,35.0,7562.0,7521.0,GII.P4,US95_96,3537.0,5066.0,annotated_rdrp,GII.4,US95_96,5050.0,6669.0,True,17.0
MW305662.1,86.0937,35.0,7562.0,7521.0,GII.P4,US95_96,3537.0,5066.0,annotated_rdrp,GII.4,US95_96,5050.0,6669.0,True,17.0
MW305663.1,87.97274,41.0,7535.0,7494.0,GII.P7,,3531.0,5060.0,annotated_rdrp,GII.14,,5044.0,6654.0,True,17.0
MW305664.1,87.71721,41.0,7534.0,7493.0,GII.P7,,3531.0,5060.0,annotated_rdrp,GII.14,,5044.0,6654.0,True,17.0
MW305665.1,87.70017,41.0,7534.0,7493.0,GII.P7,,3531.0,5060.0,annotated_rdrp,GII.14,,5044.0,6654.0,True,17.0
MW305667.1,87.80238,41.0,7535.0,7494.0,GII.P7,,3531.0,5060.0,annotated_rdrp,GII.14,,5044.0,6654.0,True,17.0
MW305668.1,87.785355,41.0,7532.0,7494.0,GII.P7,,3531.0,5060.0,annotated_rdrp,GII.14,,5044.0,6654.0,True,17.0
MW305671.1,87.73424,41.0,7534.0,7493.0,GII.P7,,3531.0,5060.0,annotated_rdrp,GII.14,,5044.0,6654.0,True,17.0
MW305672.1,87.85349,44.0,7534.0,7490.0,GII.P7,,3528.0,5057.0,annotated_rdrp,GII.14,,5041.0,6651.0,True,17.0
MW305673.1,87.85349,44.0,7534.0,7490.0,GII.P7,,3528.0,5057.0,annotated_rdrp,GII.14,,5041.0,6651.0,True,17.0
MW305675.1,87.605,73.0,7533.0,7463.0,GII.P7,,3499.0,5028.0,annotated_rdrp,GII.7,,5012.0,6634.0,True,17.0
MW305676.1,85.43197,35.0,7518.0,7488.0,GII.P33,,3543.0,5072.0,annotated_rdrp,GII.12,,5056.0,6663.0,True,17.0
MW305677.1,87.70787,72.0,7533.0,7464.0,GII.P7,,3500.0,5029.0,annotated_rdrp,GII.7,,5013.0,6635.0,True,17.0
MW305678.1,76.28543,35.0,7461.0,7423.0,GII.P16,,3534.0,5063.0,annotated_rdrp,GII.13,,5047.0,6675.0,True,17.0
MW305679.1,87.80238,41.0,7535.0,7494.0,GII.P7,,3531.0,5060.0,annotated_rdrp,GII.14,,5044.0,6654.0,True,17.0
MW305681.1,87.80238,41.0,7535.0,7494.0,GII.P7,,3531.0,5060.0,annotated_rdrp,GII.14,,5044.0,6654.0,True,17.0
MW305682.1,85.17034,107.0,7553.0,7440.0,GII.P31,,3465.0,4994.0,annotated_rdrp,GII.4,Sydney_2012,4978.0,6600.0,True,17.0
MW305683.1,87.785355,41.0,7535.0,7494.0,GII.P7,,3531.0,5060.0,annotated_rdrp,GII.14,,5044.0,6654.0,True,17.0
MW305684.1,87.80238,41.0,7535.0,7494.0,GII.P7,,3531.0,5060.0,annotated_rdrp,GII.14,,5044.0,6654.0,True,17.0
MW305685.1,87.83646,41.0,7535.0,7494.0,GII.P7,,3531.0,5060.0,annotated_rdrp,GII.14,,5044.0,6654.0,True,17.0
MW305686.1,87.85349,41.0,7535.0,7494.0,GII.P7,,3531.0,5060.0,annotated_rdrp,GII.14,,5044.0,6654.0,True,17.0
MW305687.1,87.85349,41.0,7535.0,7494.0,GII.P7,,3531.0,5060.0,annotated_rdrp,GII.14,,5044.0,6654.0,True,17.0
MW305688.1,87.83646,41.0,7535.0,7494.0,GII.P7,,3531.0,5060.0,annotated_rdrp,GII.14,,5044.0,6654.0,True,17.0
MW305689.1,87.85349,41.0,7535.0,7494.0,GII.P7,,3531.0,5060.0,annotated_rdrp,GII.14,,5044.0,6654.0,True,17.0
MW305690.1,87.83646,41.0,7535.0,7494.0,GII.P7,,3531.0,5060.0,annotated_rdrp,GII.14,,5044.0,6654.0,True,17.0
MW305691.1,87.80238,41.0,7535.0,7494.0,GII.P7,,3531.0,5060.0,annotated_rdrp,GII.14,,5044.0,6654.0,True,17.0
MW305692.1,87.85349,41.0,7535.0,7494.0,GII.P7,,3531.0,5060.0,annotated_rdrp,GII.14,,5044.0,6654.0,True,17.0
MW305693.1,87.85349,41.0,7535.0,7494.0,GII.P7,,3531.0,5060.0,annotated_rdrp,GII.14,,5044.0,6654.0,True,17.0
MW305694.1,87.73424,41.0,7535.0,7494.0,GII.P7,,3531.0,5060.0,annotated_rdrp,GII.14,,5044.0,6654.0,True,17.0
MW305695.1,68.17035,-1.0,7503.0,7519.0,GII.P22,,3573.0,5102.0,annotated_rdrp,GII.5,,5086.0,6708.0,True,17.0
MW305696.1,83.33884,35.0,7561.0,7520.0,GII.P39,,3537.0,5066.0,annotated_rdrp,GII.4,Could not assign,5050.0,6669.0,True,17.0
MW305697.1,83.19036,35.0,7561.0,7520.0,GII.P39,,3537.0,5066.0,annotated_rdrp,GII.4,Could not assign,5050.0,6669.0,True,17.0
MW305698.1,88.00681,41.0,7535.0,7494.0,GII.P7,,3531.0,5060.0,annotated_rdrp,GII.14,,5044.0,6654.0,True,17.0
MW305699.1,76.71388,35.0,7548.0,7522.0,GII.P16,,3531.0,5060.0,annotated_rdrp,GII.16,,5044.0,6666.0,True,17.0
MW305700.1,88.10903,41.0,7535.0,7494.0,GII.P7,,3531.0,5060.0,annotated_rdrp,GII.14,,5044.0,6654.0,True,17.0
MW305701.1,94.154625,35.0,7521.0,7486.0,GII.P12,,3537.0,5066.0,annotated_rdrp,GII.12,,5050.0,6657.0,True,17.0
MW305702.1,85.32515,35.0,7518.0,7488.0,GII.P33,,3543.0,5072.0,annotated_rdrp,GII.12,,5056.0,6663.0,True,17.0
MW305703.1,85.20496,35.0,7518.0,7488.0,GII.P33,,3543.0,5072.0,annotated_rdrp,GII.12,,5056.0,6663.0,True,17.0
MW305705.1,81.65015,35.0,7498.0,7463.0,GII.P33,,3543.0,5072.0,annotated_rdrp,GII.1,,5056.0,6663.0,True,17.0
MW305706.1,81.01768,35.0,7494.0,7459.0,GII.P21,,3537.0,5066.0,annotated_rdrp,GII.21,,5050.0,6672.0,True,17.0
MW305707.1,87.3823,77.0,7533.0,7459.0,GII.P7,,3495.0,5024.0,annotated_rdrp,GII.7,,5008.0,6630.0,True,17.0
MW305708.1,76.12369,35.0,7555.0,7520.0,GII.P16,,3537.0,5066.0,annotated_rdrp,GII.4,Sydney_2016,5050.0,6672.0,True,17.0
MW305710.1,87.69047,77.0,7533.0,7459.0,GII.P7,,3495.0,5024.0,annotated_rdrp,GII.7,,5008.0,6630.0,True,17.0
MW305711.1,80.90203,35.0,7494.0,7459.0,GII.P21,,3537.0,5066.0,annotated_rdrp,GII.21,,5050.0,6672.0,True,17.0
MW305712.1,80.88551,35.0,7494.0,7459.0,GII.P21,,3537.0,5066.0,annotated_rdrp,GII.21,,5050.0,6672.0,True,17.0
MW305714.1,76.31839,35.0,7461.0,7423.0,GII.P16,,3534.0,5063.0,annotated_rdrp,GII.13,,5047.0,6675.0,True,17.0
MW305715.1,76.52289,35.0,7533.0,7498.0,GII.P16,,3537.0,5066.0,annotated_rdrp,GII.2,,5050.0,6678.0,True,17.0
MW305717.1,76.40764,35.0,7533.0,7498.0,GII.P16,,3537.0,5066.0,annotated_rdrp,GII.2,,5050.0,6678.0,True,17.0
MW305723.1,75.65419,35.0,7561.0,7520.0,GII.P16,,3537.0,5066.0,annotated_rdrp,GII.4,Sydney_2016,5050.0,6672.0,True,17.0
MW305725.1,75.897095,33.0,7526.0,7499.0,GII.P3,,3545.0,5074.0,annotated_rdrp,GII.3,,5058.0,6704.0,True,17.0
MW305726.1,75.98172,33.0,7532.0,7505.0,GII.P3,,3545.0,5074.0,annotated_rdrp,GII.3,,5058.0,6704.0,True,17.0
MW305727.1,75.859146,33.0,7532.0,7505.0,GII.P3,,3545.0,5074.0,annotated_rdrp,GII.3,,5058.0,6704.0,True,17.0
MW305728.1,75.99865,33.0,7532.0,7505.0,GII.P3,,3545.0,5074.0,annotated_rdrp,GII.3,,5058.0,6704.0,True,17.0
MW305729.1,83.9967,36.0,7558.0,7516.0,GII.PNA3,,3536.0,5065.0,annotated_rdrp,GII.4,Could not assign,5049.0,6668.0,True,17.0
MW305731.1,75.99865,33.0,7532.0,7505.0,GII.P3,,3545.0,5074.0,annotated_rdrp,GII.3,,5058.0,6704.0,True,17.0
MW305732.1,76.01557,33.0,7532.0,7505.0,GII.P3,,3545.0,5074.0,annotated_rdrp,GII.3,,5058.0,6704.0,True,17.0
MW305733.1,75.99865,33.0,7532.0,7505.0,GII.P3,,3545.0,5074.0,annotated_rdrp,GII.3,,5058.0,6704.0,True,17.0
MW305734.1,75.405174,34.0,7509.0,7499.0,GII.P3,,3544.0,5073.0,annotated_rdrp,GII.17,,5057.0,6682.0,True,17.0
MW305735.1,87.23091,41.0,7559.0,7515.0,GII.P7,,3531.0,5060.0,annotated_rdrp,GII.6,,5044.0,6687.0,True,17.0
MW305736.1,92.163635,41.0,7569.0,7525.0,GII.P7,,3531.0,5060.0,annotated_rdrp,GII.6,,5044.0,6696.0,True,17.0
MW305738.1,85.054436,35.0,7569.0,7528.0,GII.P31,,3537.0,5066.0,annotated_rdrp,GII.4,Sydney_2012,5050.0,6672.0,True,17.0
MW305739.1,93.90375,44.0,7556.0,7509.0,GII.P6,,3528.0,5057.0,annotated_rdrp,GII.6,,5041.0,6684.0,True,17.0
MT929247.1,83.49482,393.0,7442.0,7046.0,GII.P4,New_Orleans_2009,3179.0,4708.0,annotated_rdrp,GII.4,New_Orleans_2009,4692.0,6314.0,True,17.0
MT362915.1,76.41556,16.0,7516.0,7500.0,GII.P16,,3556.0,5085.0,annotated_rdrp,GII.2,,5069.0,6697.0,True,17.0
MT362916.1,76.43584,15.0,7522.0,7507.0,GII.P16,,3557.0,5086.0,annotated_rdrp,GII.2,,5070.0,6698.0,True,17.0
MT362917.1,84.69002,16.0,7537.0,7515.0,GII.P4,New_Orleans_2009,3556.0,5085.0,annotated_rdrp,GII.4,New_Orleans_2009,5069.0,6691.0,True,17.0
MT364242.1,87.01282,12.0,7507.0,7492.0,GII.P7,,3560.0,5089.0,annotated_rdrp,GII.6,,5073.0,6716.0,True,17.0
MT367328.1,75.77906,8.0,7563.0,7549.0,GII.P16,,3564.0,5093.0,annotated_rdrp,GII.4,Sydney_2016,5077.0,6699.0,True,17.0
MT371769.1,71.20514,28.0,7486.0,7461.0,GII.P17,,3550.0,5079.0,annotated_rdrp,GII.17,,5063.0,6685.0,True,17.0
MT409885.1,89.64183,8.0,7533.0,7525.0,GII.P12,,3564.0,5093.0,annotated_rdrp,GII.3,,5077.0,6723.0,True,17.0
MT409886.1,89.627884,16.0,7504.0,7488.0,GII.P12,,3556.0,5085.0,annotated_rdrp,GII.3,,5069.0,6715.0,True,17.0
MT409887.1,87.268364,19.0,7523.0,7501.0,GII.P7,,3553.0,5082.0,annotated_rdrp,GII.6,,5066.0,6709.0,True,17.0
MT416724.1,82.73055,27.0,7523.0,7493.0,GII.P7,,3545.0,5074.0,annotated_rdrp,GII.6,,5058.0,6701.0,True,17.0
MT439866.1,84.55452,283.0,7529.0,7240.0,GII.P31,,3289.0,4818.0,annotated_rdrp,GII.4,Could not assign,4802.0,6424.0,True,17.0
MT448670.1,84.65965,15.0,7573.0,7552.0,GII.P4,New_Orleans_2009,3557.0,5086.0,annotated_rdrp,GII.4,New_Orleans_2009,5070.0,6692.0,True,17.0
MT474034.1,84.8694,10.0,7519.0,7503.0,GII.P31,,3562.0,5091.0,annotated_rdrp,GII.4,Could not assign,5075.0,6697.0,True,17.0
MT474039.1,81.25832,88.0,7519.0,7425.0,GII.P31,,3484.0,5013.0,annotated_rdrp,GII.4,Sydney_2012,4997.0,6619.0,True,17.0
MT474040.1,84.77082,10.0,7519.0,7503.0,GII.P31,,3562.0,5091.0,annotated_rdrp,GII.4,Could not assign,5075.0,6697.0,True,17.0
MT474041.1,84.75123,178.0,7519.0,7335.0,GII.P31,,3394.0,4923.0,annotated_rdrp,GII.4,Sydney_2012,4907.0,6529.0,True,17.0
MT474042.1,84.98439,10.0,7519.0,7503.0,GII.P31,,3562.0,5091.0,annotated_rdrp,GII.4,Sydney_2012,5075.0,6697.0,True,17.0
MT474043.1,85.09163,10.0,7519.0,7503.0,GII.P31,,3562.0,5091.0,annotated_rdrp,GII.4,Sydney_2012,5075.0,6697.0,True,17.0
MT474047.1,85.033676,10.0,7519.0,7503.0,GII.P31,,3562.0,5091.0,annotated_rdrp,GII.4,Sydney_2012,5075.0,6697.0,True,17.0
MT474048.1,85.26367,10.0,7519.0,7503.0,GII.P31,,3562.0,5091.0,annotated_rdrp,GII.4,Sydney_2012,5075.0,6697.0,True,17.0
MT474049.1,85.29654,10.0,7519.0,7503.0,GII.P31,,3562.0,5091.0,annotated_rdrp,GII.4,Sydney_2012,5075.0,6697.0,True,17.0
MT474050.1,85.08297,10.0,7519.0,7503.0,GII.P31,,3562.0,5091.0,annotated_rdrp,GII.4,Sydney_2012,5075.0,6697.0,True,17.0
MT474051.1,85.066536,10.0,7519.0,7503.0,GII.P31,,3562.0,5091.0,annotated_rdrp,GII.4,Sydney_2012,5075.0,6697.0,True,17.0
MT474052.1,85.19796,10.0,7519.0,7503.0,GII.P31,,3562.0,5091.0,annotated_rdrp,GII.4,Sydney_2012,5075.0,6697.0,True,17.0
MT526278.1,76.24364,12.0,7465.0,7450.0,GII.P16,,3557.0,5086.0,annotated_rdrp,GII.13,,5070.0,6698.0,True,17.0
MT537605.1,75.75508,14.0,7528.0,7508.0,GII.P16,,3558.0,5087.0,annotated_rdrp,GII.4,Sydney_2016,5071.0,6693.0,True,17.0
MT537633.1,75.77506,9.0,7530.0,7515.0,GII.P16,,3563.0,5092.0,annotated_rdrp,GII.4,Sydney_2016,5076.0,6698.0,True,17.0
MT537634.1,75.78306,7.0,7528.0,7515.0,GII.P16,,3565.0,5094.0,annotated_rdrp,GII.4,Sydney_2016,5078.0,6700.0,True,17.0
MT537941.1,75.76308,12.0,7530.0,7512.0,GII.P16,,3560.0,5089.0,annotated_rdrp,GII.4,Sydney_2016,5073.0,6695.0,True,17.0
MT707683.1,74.98306,13.0,7601.0,7594.0,GII.P15,,3559.0,5088.0,annotated_rdrp,GIX.1 (GII.15),,5072.0,6739.0,True,17.0
MT742777.1,84.73049,34.0,7535.0,7501.0,GII.P31,,3538.0,5067.0,annotated_rdrp,GII.4,Hong_Kong_2019,5051.0,6673.0,True,17.0
MN703761.1,85.18944,0.0,7475.0,7469.0,GII.P31,,3572.0,5101.0,annotated_rdrp,GII.4,Sydney_2012,5085.0,6707.0,True,17.0
MN960578.1,75.7874,14.0,7508.0,7500.0,GII.P17,,3567.0,5096.0,annotated_rdrp,GII.17,,5080.0,6702.0,True,17.0
MN996296.1,75.677475,92.0,7499.0,7410.0,GII.P17,,3486.0,5015.0,annotated_rdrp,GII.17,,4999.0,6621.0,True,17.0
MN996297.1,75.85342,97.0,7535.0,7432.0,GII.P16,,3475.0,5004.0,annotated_rdrp,GII.4,Sydney_2016,4988.0,6610.0,True,17.0
MN996298.1,93.389015,412.0,7470.0,7064.0,GII.P8,,3160.0,4689.0,annotated_rdrp,GII.8,,4673.0,6286.0,True,17.0
MN996299.1,75.81995,97.0,7534.0,7431.0,GII.P16,,3475.0,5004.0,annotated_rdrp,GII.4,Sydney_2016,4988.0,6610.0,True,17.0
MN996300.1,75.67388,97.0,7489.0,7395.0,GII.P17,,3481.0,5010.0,annotated_rdrp,GII.17,,4994.0,6616.0,True,17.0
MT218322.1,78.021614,7.0,7492.0,7485.0,GII.P2,,3565.0,5094.0,annotated_rdrp,GII.2,,5078.0,6706.0,True,17.0
MT221253.1,87.265915,28.0,7507.0,7476.0,GII.P7,,3544.0,5073.0,annotated_rdrp,GII.6,,5057.0,6700.0,True,17.0
MT221254.1,87.1691,10.0,7417.0,7404.0,GII.P7,,3562.0,5091.0,annotated_rdrp,GII.6,,5075.0,6718.0,True,17.0
MT221255.1,87.01282,12.0,7507.0,7492.0,GII.P7,,3560.0,5089.0,annotated_rdrp,GII.6,,5073.0,6716.0,True,17.0
MT227816.1,92.88474,10.0,7518.0,7505.0,GII.P7,,3562.0,5091.0,annotated_rdrp,GII.6,,5075.0,6727.0,True,17.0
MT227824.1,92.29636,10.0,7477.0,7464.0,GII.P7,,3562.0,5091.0,annotated_rdrp,GII.6,,5075.0,6727.0,True,17.0
MT228630.1,84.8694,10.0,7519.0,7503.0,GII.P4,New_Orleans_2009,3562.0,5091.0,annotated_rdrp,GII.4,New_Orleans_2009,5075.0,6697.0,True,17.0
MT229168.1,92.37674,10.0,7477.0,7464.0,GII.P7,,3562.0,5091.0,annotated_rdrp,GII.6,,5075.0,6727.0,True,17.0
MT233102.1,75.81121,21.0,7483.0,7468.0,GII.P17,,3560.0,5089.0,annotated_rdrp,GII.17,,5073.0,6689.0,True,17.0
MT233270.1,76.487015,58.0,7492.0,7434.0,GII.P16,,3514.0,5043.0,annotated_rdrp,GII.2,,5027.0,6655.0,True,17.0
MT238663.1,75.7874,14.0,7551.0,7543.0,GII.P17,,3567.0,5096.0,annotated_rdrp,GII.17,,5080.0,6702.0,True,17.0
MT238664.1,75.791374,13.0,7555.0,7548.0,GII.P17,,3568.0,5097.0,annotated_rdrp,GII.17,,5081.0,6703.0,True,17.0
MT238666.1,75.845566,12.0,7519.0,7501.0,GII.P16,,3560.0,5089.0,annotated_rdrp,GII.4,Sydney_2016,5073.0,6695.0,True,17.0
MT238667.1,75.75508,14.0,7560.0,7540.0,GII.P16,,3558.0,5087.0,annotated_rdrp,GII.4,Sydney_2016,5071.0,6693.0,True,17.0
MT238668.1,75.767075,11.0,7573.0,7556.0,GII.P16,,3561.0,5090.0,annotated_rdrp,GII.4,Sydney_2016,5074.0,6696.0,True,17.0
MT238669.1,75.626945,22.0,7505.0,7489.0,GII.P17,,3559.0,5088.0,annotated_rdrp,GII.17,,5072.0,6694.0,True,17.0
MT238670.1,75.77906,8.0,7581.0,7567.0,GII.P16,,3564.0,5093.0,annotated_rdrp,GII.4,Sydney_2016,5077.0,6699.0,True,17.0
MT242487.1,81.78368,4.0,7376.0,7372.0,GII.P33,,3574.0,5103.0,annotated_rdrp,GII.1,,5087.0,6694.0,True,17.0
MT242490.1,82.50412,4.0,6086.0,6088.0,GII.P33,,3574.0,5103.0,annotated_rdrp,GII.1,,5087.0,6088.0,True,17.0
MT256116.1,76.464645,10.0,6731.0,6718.0,GII.P16,,3559.0,5088.0,annotated_rdrp,GII.3,,5072.0,6718.0,True,17.0
MT256120.1,76.50521,4.0,6731.0,6724.0,GII.P16,,3565.0,5094.0,annotated_rdrp,GII.3,,5078.0,6724.0,True,17.0
MT316113.1,76.41415,10.0,7181.0,7168.0,GII.P16,,3559.0,5088.0,annotated_rdrp,GII.3,,5072.0,6718.0,True,17.0
MT344179.1,75.618256,48.0,7519.0,7465.0,GII.P16,,3524.0,5053.0,annotated_rdrp,GII.4,Sydney_2016,5037.0,6659.0,True,17.0
MT344180.1,75.77107,10.0,7599.0,7583.0,GII.P16,,3562.0,5091.0,annotated_rdrp,GII.4,Sydney_2016,5075.0,6697.0,True,17.0
MT344181.1,75.80566,10.0,7566.0,7562.0,GII.P17,,3571.0,5100.0,annotated_rdrp,GII.17,,5084.0,6706.0,True,17.0
MT344182.1,75.69513,9.0,7571.0,7568.0,GII.P17,,3572.0,5101.0,annotated_rdrp,GII.17,,5085.0,6707.0,True,17.0
MT362913.1,84.52774,11.0,7556.0,7539.0,GII.P4,New_Orleans_2009,3561.0,5090.0,annotated_rdrp,GII.4,Could not assign,5074.0,6696.0,True,17.0
MN248513.1,84.2982,4.0,7519.0,7509.0,GII.P4,New_Orleans_2009,3568.0,5097.0,annotated_rdrp,GII.4,Could not assign,5081.0,6703.0,True,17.0
MN248514.1,87.41846,10.0,7554.0,7541.0,GII.P7,,3562.0,5091.0,annotated_rdrp,GII.6,,5075.0,6718.0,True,17.0
MN248517.1,87.08561,10.0,7559.0,7546.0,GII.P7,,3562.0,5091.0,annotated_rdrp,GII.6,,5075.0,6718.0,True,17.0
MN248518.1,84.017815,4.0,7519.0,7509.0,GII.P4,New_Orleans_2009,3568.0,5097.0,annotated_rdrp,GII.4,Could not assign,5081.0,6703.0,True,17.0
MN307994.1,85.18215,6.0,7519.0,7510.0,GII.P31,,3569.0,5098.0,annotated_rdrp,GII.4,Sydney_2012,5082.0,6704.0,True,17.0
MN308000.1,84.81848,10.0,7519.0,7506.0,GII.P31,,3565.0,5094.0,annotated_rdrp,GII.4,Sydney_2012,5078.0,6700.0,True,17.0
MN308005.1,84.26065,113.0,7519.0,7403.0,GII.P31,,3462.0,4991.0,annotated_rdrp,GII.4,Sydney_2012,4975.0,6597.0,True,17.0
MN308006.1,84.22396,11.0,7516.0,7505.0,GII.P31,,3564.0,5093.0,annotated_rdrp,GII.4,Sydney_2012,5077.0,6699.0,True,17.0
MN308009.1,84.729065,10.0,7519.0,7506.0,GII.P31,,3565.0,5094.0,annotated_rdrp,GII.4,Sydney_2012,5078.0,6700.0,True,17.0
MN308011.1,84.06015,113.0,7519.0,7403.0,GII.P31,,3462.0,4991.0,annotated_rdrp,GII.4,Sydney_2012,4975.0,6597.0,True,17.0
MN308013.1,83.39908,89.0,7513.0,7427.0,GII.P31,,3486.0,5015.0,annotated_rdrp,GII.4,Sydney_2012,4999.0,6621.0,True,17.0
MN308016.1,84.7619,10.0,7519.0,7506.0,GII.P31,,3565.0,5094.0,annotated_rdrp,GII.4,Sydney_2012,5078.0,6700.0,True,17.0
MN308021.1,84.74548,10.0,7519.0,7506.0,GII.P31,,3565.0,5094.0,annotated_rdrp,GII.4,Sydney_2012,5078.0,6700.0,True,17.0
MN308022.1,84.66338,10.0,7519.0,7506.0,GII.P31,,3565.0,5094.0,annotated_rdrp,GII.4,Sydney_2012,5078.0,6700.0,True,17.0
MN308023.1,85.38032,47.0,7513.0,7469.0,GII.P31,,3528.0,5057.0,annotated_rdrp,GII.4,Could not assign,5041.0,6663.0,True,17.0
MN394543.1,80.90312,10.0,7461.0,7451.0,GII.P21,,3562.0,5091.0,annotated_rdrp,GII.13,,5075.0,6703.0,True,17.0
MN394544.1,76.474464,37.0,7500.0,7463.0,GII.P16,,3535.0,5064.0,annotated_rdrp,GII.2,,5048.0,6676.0,True,17.0
MN394545.1,80.82102,10.0,7461.0,7451.0,GII.P21,,3562.0,5091.0,annotated_rdrp,GII.13,,5075.0,6703.0,True,17.0
MN394546.1,75.73263,31.0,7456.0,7428.0,GII.P17,,3547.0,5076.0,annotated_rdrp,GII.17,,5060.0,6682.0,True,17.0
MK733201.1,83.28218,44.0,7513.0,7468.0,GII.P26,,3528.0,5057.0,annotated_rdrp,GII.12,,5041.0,6648.0,True,17.0
MK733206.1,68.46596,44.0,7485.0,7444.0,Could,,3528.0,5057.0,annotated_rdrp,GII.27,,5041.0,6672.0,True,17.0
MK733207.1,68.64008,44.0,7485.0,7444.0,Could,,3528.0,5057.0,annotated_rdrp,GII.27,,5041.0,6672.0,True,17.0
MK752933.1,76.02476,94.0,7514.0,7414.0,GII.P16,,3478.0,5007.0,annotated_rdrp,GII.4,Sydney_2016,4991.0,6613.0,True,17.0
MK752940.1,76.49657,5.0,7484.0,7479.0,GII.P16,,3567.0,5096.0,annotated_rdrp,GII.2,,5080.0,6708.0,True,17.0
MK752944.1,77.91653,52.0,7486.0,7434.0,GII.P2,,3520.0,5049.0,annotated_rdrp,GII.2,,5033.0,6661.0,True,17.0
MK752945.1,77.84696,10.0,7497.0,7487.0,GII.P2,,3562.0,5091.0,annotated_rdrp,GII.2,,5075.0,6703.0,True,17.0
MK752948.1,84.89661,52.0,7515.0,7457.0,GII.P31,,3520.0,5049.0,annotated_rdrp,GII.4,Sydney_2012,5033.0,6655.0,True,17.0
MK753011.1,77.57464,172.0,7464.0,7292.0,GII.P2,,3400.0,4929.0,annotated_rdrp,GII.2,,4913.0,6541.0,True,17.0
MK753013.1,77.774124,55.0,7499.0,7444.0,GII.P2,,3517.0,5046.0,annotated_rdrp,GII.2,,5030.0,6658.0,True,17.0
MK753014.1,77.59692,179.0,7452.0,7273.0,GII.P2,,3393.0,4922.0,annotated_rdrp,GII.2,,4906.0,6534.0,True,17.0
MK753017.1,75.805374,50.0,7530.0,7474.0,GII.P16,,3522.0,5051.0,annotated_rdrp,GII.4,Sydney_2016,5035.0,6657.0,True,17.0
MK753018.1,75.82198,51.0,7537.0,7480.0,GII.P16,,3521.0,5050.0,annotated_rdrp,GII.4,Sydney_2016,5034.0,6656.0,True,17.0
MK753019.1,85.09759,51.0,6673.0,6616.0,GII.P31,,3521.0,5050.0,annotated_rdrp,GII.4,Sydney_2012,5034.0,6616.0,True,17.0
MK753020.1,76.26895,35.0,7455.0,7417.0,GII.P16,,3534.0,5063.0,annotated_rdrp,GII.13,,5047.0,6675.0,True,17.0
MK753021.1,76.398544,76.0,7467.0,7391.0,GII.P16,,3496.0,5025.0,annotated_rdrp,GII.2,,5009.0,6637.0,True,17.0
MK753028.1,84.60275,5.0,7564.0,7553.0,GII.P4,Could not assign,3567.0,5096.0,annotated_rdrp,GII.4,Could not assign,5080.0,6702.0,True,17.0
MK753029.1,76.22304,362.0,7520.0,7146.0,GII.P16,,3204.0,4733.0,annotated_rdrp,GII.4,Sydney_2016,4717.0,6339.0,True,17.0
MK753030.1,76.092804,5.0,7550.0,7545.0,GII.P16,,3567.0,5096.0,annotated_rdrp,GII.4,Sydney_2016,5080.0,6702.0,True,17.0
MK753031.1,77.760765,229.0,7468.0,7239.0,GII.P2,,3343.0,4872.0,annotated_rdrp,GII.2,,4856.0,6484.0,True,17.0
MK754444.1,75.980225,3.0,7486.0,7477.0,GII.P16,,3569.0,5098.0,annotated_rdrp,GII.4,Sydney_2016,5082.0,6704.0,True,17.0
MK754446.1,75.87574,21.0,7515.0,7488.0,GII.P16,,3551.0,5080.0,annotated_rdrp,GII.4,Sydney_2016,5064.0,6686.0,True,17.0
MK756033.1,75.82852,8.0,7519.0,7505.0,GII.P16,,3564.0,5093.0,annotated_rdrp,GII.4,Sydney_2016,5077.0,6699.0,True,17.0
MK756036.1,75.721115,6.0,7519.0,7507.0,GII.P16,,3566.0,5095.0,annotated_rdrp,GII.4,Sydney_2016,5079.0,6701.0,True,17.0
MK756037.1,75.8227,107.0,7519.0,7406.0,GII.P16,,3465.0,4994.0,annotated_rdrp,GII.4,Sydney_2016,4978.0,6600.0,True,17.0
MK756038.1,75.76308,12.0,7519.0,7501.0,GII.P16,,3560.0,5089.0,annotated_rdrp,GII.4,Sydney_2016,5073.0,6695.0,True,17.0
MK762561.1,84.26448,214.0,7553.0,7333.0,GII.P4,New_Orleans_2009,3358.0,4887.0,annotated_rdrp,GII.4,Could not assign,4871.0,6493.0,True,17.0
MK762565.1,76.71279,28.0,7451.0,7420.0,GII.P16,,3541.0,5070.0,annotated_rdrp,GII.13,,5054.0,6682.0,True,17.0
MK762569.1,75.82798,4.0,7507.0,7497.0,GII.P16,,3568.0,5097.0,annotated_rdrp,GII.4,Sydney_2016,5081.0,6703.0,True,17.0
MK762570.1,75.82056,10.0,7568.0,7552.0,GII.P16,,3562.0,5091.0,annotated_rdrp,GII.4,Sydney_2016,5075.0,6697.0,True,17.0
MK762622.1,84.85257,12.0,7559.0,7547.0,GII.P4,New_Orleans_2009,3560.0,5089.0,annotated_rdrp,GII.4,Sydney_2012,5073.0,6695.0,True,17.0
MK762623.1,84.811195,15.0,7575.0,7560.0,GII.P4,New_Orleans_2009,3557.0,5086.0,annotated_rdrp,GII.4,Sydney_2012,5070.0,6692.0,True,17.0
MK762628.1,77.935425,6.0,7488.0,7482.0,GII.P2,,3566.0,5095.0,annotated_rdrp,GII.2,,5079.0,6707.0,True,17.0
MK762630.1,85.10005,52.0,7565.0,7507.0,GII.P31,,3520.0,5049.0,annotated_rdrp,GII.4,Could not assign,5033.0,6655.0,True,17.0
MK762631.1,76.26701,13.0,7503.0,7490.0,GII.P16,,3559.0,5088.0,annotated_rdrp,GII.2,,5072.0,6700.0,True,17.0
MK762634.1,76.51902,46.0,7465.0,7419.0,GII.P16,,3526.0,5055.0,annotated_rdrp,GII.2,,5039.0,6667.0,True,17.0
MK762639.1,75.7456,4.0,7515.0,7505.0,GII.P16,,3568.0,5097.0,annotated_rdrp,GII.4,Sydney_2016,5081.0,6703.0,True,17.0
MK762640.1,76.147255,1.0,7466.0,7462.0,GII.P16,,3568.0,5097.0,annotated_rdrp,GII.3,,5081.0,6727.0,True,17.0
MK762641.1,76.54115,107.0,7487.0,7380.0,GII.P16,,3465.0,4994.0,annotated_rdrp,GII.2,,4978.0,6606.0,True,17.0
MK762719.1,84.54769,415.0,7515.0,7094.0,GII.P31,,3157.0,4686.0,annotated_rdrp,GII.4,Sydney_2012,4670.0,6292.0,True,17.0
MK762720.1,81.12271,242.0,7197.0,6955.0,GII.P21,,3330.0,4859.0,annotated_rdrp,GII.21,,4843.0,6465.0,True,17.0
MK762721.1,75.88334,2381.0,6990.0,4603.0,GII.P16,,1185.0,2714.0,annotated_rdrp,GII.3,,2698.0,4344.0,True,17.0
MK762722.1,86.36125,189.0,7354.0,7168.0,GII.P7,,3383.0,4912.0,annotated_rdrp,GII.7,,4896.0,6518.0,True,17.0
MK762723.1,75.439224,339.0,6804.0,6471.0,GII.P15,,3233.0,4762.0,annotated_rdrp,GIX.1 (GII.15),,4746.0,6413.0,True,17.0
MK762724.1,76.026184,414.0,7518.0,7092.0,GII.P16,,3152.0,4681.0,annotated_rdrp,GII.4,Could not assign,4665.0,6287.0,True,17.0
MK764017.1,76.47733,1.0,7483.0,7482.0,GII.P16,,3571.0,5100.0,annotated_rdrp,GII.2,,5084.0,6712.0,True,17.0
MK764018.1,76.199455,107.0,7520.0,7413.0,GII.P16,,3465.0,4994.0,annotated_rdrp,GII.4,Sydney_2016,4978.0,6600.0,True,17.0
MK764019.1,85.06944,49.0,7566.0,7511.0,GII.P31,,3523.0,5052.0,annotated_rdrp,GII.4,Sydney_2012,5036.0,6658.0,True,17.0
MK764020.1,76.042725,52.0,7533.0,7478.0,GII.P16,,3517.0,5046.0,annotated_rdrp,GII.3,,5030.0,6676.0,True,17.0
MK764042.1,76.555336,7.0,7536.0,7529.0,GII.P16,,3565.0,5094.0,annotated_rdrp,GII.2,,5078.0,6706.0,True,17.0
MK764043.1,76.48129,76.0,7485.0,7409.0,GII.P16,,3496.0,5025.0,annotated_rdrp,GII.2,,5009.0,6637.0,True,17.0
MK773580.1,76.573135,94.0,7463.0,7369.0,GII.P16,,3478.0,5007.0,annotated_rdrp,GII.2,,4991.0,6619.0,True,17.0
MK773581.1,76.573135,96.0,7482.0,7386.0,GII.P16,,3476.0,5005.0,annotated_rdrp,GII.2,,4989.0,6617.0,True,17.0
MK773586.1,75.88535,2.0,7514.0,7506.0,GII.P16,,3570.0,5099.0,annotated_rdrp,GII.4,Sydney_2016,5083.0,6705.0,True,17.0
MK775028.1,77.65524,219.0,7458.0,7239.0,GII.P2,,3353.0,4882.0,annotated_rdrp,GII.2,,4866.0,6494.0,True,17.0
MK775030.1,76.37821,5.0,7484.0,7479.0,GII.P16,,3567.0,5096.0,annotated_rdrp,GII.2,,5080.0,6708.0,True,17.0
MK775031.1,76.27961,61.0,7461.0,7397.0,GII.P16,,3508.0,5037.0,annotated_rdrp,GII.13,,5021.0,6649.0,True,17.0
MK789430.1,78.12551,10.0,7546.0,7536.0,GII.P2,,3562.0,5091.0,annotated_rdrp,GII.2,,5075.0,6703.0,True,17.0
MK789431.1,75.70001,16.0,7543.0,7533.0,GII.P17,,3565.0,5094.0,annotated_rdrp,GII.17,,5078.0,6700.0,True,17.0
MK789433.1,75.75708,14.0,7550.0,7542.0,GII.P17,,3567.0,5096.0,annotated_rdrp,GII.17,,5080.0,6702.0,True,17.0
MK789434.1,84.67635,11.0,7557.0,7540.0,GII.P4,New_Orleans_2009,3561.0,5090.0,annotated_rdrp,GII.4,Could not assign,5074.0,6696.0,True,17.0
MK789436.1,84.619194,14.0,7556.0,7536.0,GII.P4,New_Orleans_2009,3558.0,5087.0,annotated_rdrp,GII.4,Could not assign,5071.0,6693.0,True,17.0
MK907797.1,84.79718,427.0,7409.0,6976.0,GII.P31,,3145.0,4674.0,annotated_rdrp,GII.4,Sydney_2012,4658.0,6280.0,True,17.0
MK907798.1,81.18795,5.0,7485.0,7480.0,GII.P21,,3567.0,5096.0,annotated_rdrp,GII.3,,5080.0,6726.0,True,17.0
MK907799.1,83.998634,205.0,7601.0,7390.0,GII.P4,New_Orleans_2009,3367.0,4896.0,annotated_rdrp,GII.4,Could not assign,4880.0,6502.0,True,17.0
MK907801.1,75.87447,5.0,7535.0,7536.0,GII.P17,,3576.0,5105.0,annotated_rdrp,GII.17,,5089.0,6711.0,True,17.0
MN045192.1,76.77554,2614.0,6704.0,4090.0,GII.P17,,958.0,2487.0,annotated_rdrp,GII.17,,2471.0,4090.0,True,17.0
MN045193.1,75.90083,2644.0,6620.0,3973.0,GII.P17,,928.0,2457.0,annotated_rdrp,GII.17,,2441.0,3973.0,True,17.0
MN045194.1,75.86306,2638.0,6617.0,3976.0,GII.P17,,934.0,2463.0,annotated_rdrp,GII.17,,2447.0,3976.0,True,17.0
MN045195.1,75.89183,2638.0,6707.0,4066.0,GII.P17,,934.0,2463.0,annotated_rdrp,GII.17,,2447.0,4066.0,True,17.0
MN045196.1,75.85715,2614.0,6620.0,4003.0,GII.P17,,958.0,2487.0,annotated_rdrp,GII.17,,2471.0,4003.0,True,17.0
MK590972.1,76.563286,152.0,7519.0,7367.0,GII.P16,,3420.0,4949.0,annotated_rdrp,GII.2,,4933.0,6561.0,True,17.0
MK590973.1,76.33185,47.0,7518.0,7471.0,GII.P16,,3525.0,5054.0,annotated_rdrp,GII.2,,5038.0,6666.0,True,17.0
MK616559.1,81.10035,52.0,7482.0,7430.0,GII.P16,,3520.0,5049.0,annotated_rdrp,GII.12,,5033.0,6640.0,True,17.0
MK616560.1,81.05603,67.0,7506.0,7439.0,GII.P16,,3505.0,5034.0,annotated_rdrp,GII.12,,5018.0,6625.0,True,17.0
MK616561.1,81.0174,52.0,7518.0,7466.0,GII.P16,,3520.0,5049.0,annotated_rdrp,GII.12,,5033.0,6640.0,True,17.0
MK616585.1,81.879105,28.0,7484.0,7456.0,GII.P33,,3550.0,5079.0,annotated_rdrp,GII.1,,5063.0,6670.0,True,17.0
MK648237.1,76.548454,0.0,7419.0,7419.0,GII.P16,,3572.0,5101.0,annotated_rdrp,GII.2,,5085.0,6713.0,True,17.0
MK648238.1,76.58114,0.0,7419.0,7419.0,GII.P16,,3572.0,5101.0,annotated_rdrp,GII.2,,5085.0,6713.0,True,17.0
MK648239.1,76.69554,0.0,7419.0,7419.0,GII.P16,,3572.0,5101.0,annotated_rdrp,GII.2,,5085.0,6713.0,True,17.0
MK648241.1,75.82884,0.0,7416.0,7422.0,GII.P17,,3581.0,5110.0,annotated_rdrp,GII.17,,5094.0,6716.0,True,17.0
MK648242.1,75.83729,2.0,7416.0,7420.0,GII.P17,,3579.0,5108.0,annotated_rdrp,GII.17,,5092.0,6714.0,True,17.0
MK396777.1,76.48821,941.0,6784.0,5837.0,GII.P16,,2625.0,4154.0,annotated_rdrp,GII.3,,4138.0,5784.0,True,17.0
MK396778.1,75.97898,204.0,6995.0,6788.0,GII.P16,,3365.0,4894.0,annotated_rdrp,GII.13,,4878.0,6506.0,True,17.0
MK340748.1,76.297264,10.0,7483.0,7473.0,GII.P16,,3562.0,5091.0,annotated_rdrp,GII.2,,5075.0,6703.0,True,17.0
MK355712.1,81.071236,10.0,7416.0,7406.0,GII.P16,,3562.0,5091.0,annotated_rdrp,GII.12,,5075.0,6682.0,True,17.0
MK396771.1,80.941826,671.0,6750.0,6079.0,GII.P21,,2901.0,4430.0,annotated_rdrp,GII.21,,4414.0,6036.0,True,17.0
MK396772.1,76.08481,1889.0,7092.0,5197.0,GII.P16,,1677.0,3206.0,annotated_rdrp,GII.3,,3190.0,4836.0,True,17.0
MK396773.1,80.606674,1143.0,6708.0,5565.0,GII.P21,,2429.0,3958.0,annotated_rdrp,GII.21,,3942.0,5564.0,True,17.0
MK396775.1,75.53419,1428.0,7204.0,5773.0,GII.P17,,2144.0,3673.0,annotated_rdrp,GII.17,,3657.0,5279.0,True,17.0
MK396776.1,79.83165,3118.0,7007.0,3889.0,GII.P21,,454.0,1983.0,annotated_rdrp,GII.21,,1967.0,3589.0,True,17.0
MH997861.1,75.675674,18.0,7563.0,7551.0,GII.P17,,3563.0,5092.0,annotated_rdrp,GII.17,,5076.0,6698.0,True,17.0
MK213549.1,93.79264,0.0,7469.0,7475.0,GII.P8,,,,,GII.8,,5085.0,6698.0,False,0.0
MK301293.1,86.97094,16.0,7553.0,7534.0,GII.P7,,3556.0,5085.0,annotated_rdrp,GII.6,,5069.0,6712.0,True,17.0
MH608287.1,76.64143,267.0,7478.0,7205.0,GII.P16,,3299.0,4828.0,annotated_rdrp,GII.13,,4812.0,6440.0,True,17.0
MH608288.1,75.826515,0.0,7482.0,7488.0,GII.P17,,3581.0,5110.0,annotated_rdrp,GII.17,,5094.0,6716.0,True,17.0
MH638230.1,75.826515,0.0,7482.0,7488.0,GII.P17,,3581.0,5110.0,annotated_rdrp,GII.17,,5094.0,6716.0,True,17.0
MH702256.1,84.72149,412.0,7352.0,6934.0,GII.P31,,3160.0,4689.0,annotated_rdrp,GII.4,Sydney_2012,4673.0,6295.0,True,17.0
MH702257.1,80.91902,1234.0,7070.0,5836.0,GII.P21,,2338.0,3867.0,annotated_rdrp,GII.21,,3851.0,5473.0,True,17.0
MH702258.1,84.98452,283.0,7527.0,7238.0,GII.P31,,3289.0,4818.0,annotated_rdrp,GII.4,Sydney_2012,4802.0,6424.0,True,17.0
MH702260.1,78.19837,1939.0,6896.0,4957.0,GII.P2,,1633.0,3162.0,annotated_rdrp,GII.2,,3146.0,4774.0,True,17.0
MH702261.1,78.118904,478.0,7231.0,6753.0,GII.P2,,3094.0,4623.0,annotated_rdrp,GII.2,,4607.0,6235.0,True,17.0
MH702263.1,81.347855,76.0,7451.0,7375.0,GII.P21,,3496.0,5025.0,annotated_rdrp,GII.13,,5009.0,6637.0,True,17.0
MH702264.1,81.06061,16.0,7009.0,6993.0,GII.P21,,3556.0,5085.0,annotated_rdrp,GII.21,,5069.0,6691.0,True,17.0
MH702265.1,77.43624,209.0,7429.0,7220.0,GII.P2,,3363.0,4892.0,annotated_rdrp,GII.2,,4876.0,6504.0,True,17.0
MH702266.1,83.65714,845.0,7514.0,6663.0,GII.P4,New_Orleans_2009,2727.0,4256.0,annotated_rdrp,GII.4,Could not assign,4240.0,5862.0,True,17.0
MH702267.1,76.23441,97.0,7482.0,7382.0,GII.P16,,3472.0,5001.0,annotated_rdrp,GII.3,,4985.0,6631.0,True,17.0
MH702268.1,81.02825,0.0,7055.0,7055.0,GII.P21,,3572.0,5101.0,annotated_rdrp,GII.21,,5085.0,6707.0,True,17.0
MH702269.1,85.21254,4.0,7519.0,7509.0,GII.P31,,3568.0,5097.0,annotated_rdrp,GII.4,Sydney_2012,5081.0,6703.0,True,17.0
MH702270.1,85.21254,4.0,7519.0,7509.0,GII.P31,,3568.0,5097.0,annotated_rdrp,GII.4,Sydney_2012,5081.0,6703.0,True,17.0
MH702271.1,85.09121,67.0,7527.0,7454.0,GII.P31,,3505.0,5034.0,annotated_rdrp,GII.4,Sydney_2012,5018.0,6640.0,True,17.0
MH702272.1,85.152115,49.0,7515.0,7460.0,GII.P31,,3523.0,5052.0,annotated_rdrp,GII.4,Sydney_2012,5036.0,6658.0,True,17.0
MH702273.1,85.103516,156.0,7519.0,7357.0,GII.P31,,3416.0,4945.0,annotated_rdrp,GII.4,Sydney_2012,4929.0,6551.0,True,17.0
MH702274.1,84.74182,500.0,7541.0,7035.0,GII.P31,,3072.0,4601.0,annotated_rdrp,GII.4,Sydney_2012,4585.0,6207.0,True,17.0
MH702275.1,84.831955,414.0,7519.0,7099.0,GII.P31,,3158.0,4687.0,annotated_rdrp,GII.4,Sydney_2012,4671.0,6293.0,True,17.0
MH702276.1,76.253784,153.0,7444.0,7288.0,GII.P16,,3416.0,4945.0,annotated_rdrp,GII.13,,4929.0,6557.0,True,17.0
MH702277.1,76.397514,302.0,7447.0,7139.0,GII.P16,,3264.0,4793.0,annotated_rdrp,GII.13,,4777.0,6405.0,True,17.0
MH702278.1,80.89045,89.0,7190.0,7101.0,GII.P21,,3483.0,5012.0,annotated_rdrp,GII.21,,4996.0,6618.0,True,17.0
MH702279.1,80.8571,89.0,7009.0,6920.0,GII.P21,,3483.0,5012.0,annotated_rdrp,GII.21,,4996.0,6618.0,True,17.0
MH702280.1,80.96029,69.0,7055.0,6986.0,GII.P21,,3503.0,5032.0,annotated_rdrp,GII.21,,5016.0,6638.0,True,17.0
MH702281.1,80.8571,89.0,7191.0,7102.0,GII.P21,,3483.0,5012.0,annotated_rdrp,GII.21,,4996.0,6618.0,True,17.0
MH702282.1,80.96647,4.0,7412.0,7408.0,GII.P21,,3568.0,5097.0,annotated_rdrp,GII.21,,5081.0,6703.0,True,17.0
MH702283.1,76.350784,14.0,7019.0,7002.0,GII.P16,,3555.0,5084.0,annotated_rdrp,GII.13,,5068.0,6696.0,True,17.0
MH702285.1,80.84042,89.0,7415.0,7326.0,GII.P21,,3483.0,5012.0,annotated_rdrp,GII.21,,4996.0,6618.0,True,17.0
MH702286.1,87.43435,6.0,7434.0,7425.0,GII.P7,,3566.0,5095.0,annotated_rdrp,GII.6,,5079.0,6722.0,True,17.0
MH702287.1,76.46715,818.0,7104.0,6280.0,GII.P16,,2748.0,4277.0,annotated_rdrp,GII.3,,4261.0,5907.0,True,17.0
MH702288.1,87.19042,69.0,7337.0,7265.0,GII.P7,,3503.0,5032.0,annotated_rdrp,GII.6,,5016.0,6659.0,True,17.0
MH746922.1,75.89417,0.0,7482.0,7488.0,GII.P17,,3581.0,5110.0,annotated_rdrp,GII.17,,5094.0,6716.0,True,17.0
MH746923.1,75.826515,0.0,7482.0,7488.0,GII.P17,,3581.0,5110.0,annotated_rdrp,GII.17,,5094.0,6716.0,True,17.0
MH746924.1,75.826515,0.0,7482.0,7488.0,GII.P17,,3581.0,5110.0,annotated_rdrp,GII.17,,5094.0,6716.0,True,17.0
MH746925.1,75.74468,0.0,7482.0,7488.0,GII.P17,,3581.0,5110.0,annotated_rdrp,GII.17,,5094.0,6716.0,True,17.0
MH747479.1,75.79618,0.0,7482.0,7488.0,GII.P17,,3581.0,5110.0,annotated_rdrp,GII.17,,5094.0,6716.0,True,17.0
MH747481.1,75.84518,0.0,7482.0,7488.0,GII.P17,,3581.0,5110.0,annotated_rdrp,GII.17,,5094.0,6716.0,True,17.0
MH747482.1,75.84518,0.0,7470.0,7476.0,GII.P17,,3581.0,5110.0,annotated_rdrp,GII.17,,5094.0,6716.0,True,17.0
MH791993.1,87.27421,127.0,7493.0,7363.0,GII.P7,,,,,GII.6,,4958.0,6601.0,False,0.0
MH791994.1,75.85696,5.0,7557.0,7546.0,GII.P16,,3500.0,5099.0,polyprotein_fallback,GII.4,Sydney_2016,5080.0,6702.0,True,20.0
MH890538.1,75.76351,0.0,7482.0,7488.0,GII.P17,,3581.0,5110.0,annotated_rdrp,GII.17,,5094.0,6716.0,True,17.0
MH890539.1,75.926834,0.0,7470.0,7476.0,GII.P17,,3581.0,5110.0,annotated_rdrp,GII.17,,5094.0,6716.0,True,17.0
MH218648.1,78.56676,0.0,7543.0,7543.0,GII.P31,,3500.0,5104.0,polyprotein_fallback,GII.2,,5085.0,6713.0,True,20.0
MH260478.1,76.573135,92.0,7437.0,7345.0,GII.P16,,3480.0,5009.0,annotated_rdrp,GII.2,,4993.0,6621.0,True,17.0
MH260479.1,75.712166,0.0,7500.0,7494.0,GII.P16,,3572.0,5101.0,annotated_rdrp,GII.4,Sydney_2016,5085.0,6707.0,True,17.0
MH260480.1,75.62984,0.0,7499.0,7493.0,GII.P16,,3572.0,5101.0,annotated_rdrp,GII.4,Sydney_2016,5085.0,6707.0,True,17.0
MH260481.1,75.656685,82.0,7521.0,7433.0,GII.P16,,3500.0,5022.0,polyprotein_fallback,GII.4,Sydney_2016,5003.0,6625.0,True,20.0
MH260482.1,75.95917,0.0,7333.0,7327.0,GII.P16,,3572.0,5101.0,annotated_rdrp,GII.4,Sydney_2016,5085.0,6707.0,True,17.0
MH260486.1,75.673416,82.0,7542.0,7454.0,GII.P16,,3500.0,5022.0,polyprotein_fallback,GII.4,Sydney_2016,5003.0,6625.0,True,20.0
MH260487.1,87.367424,72.0,7429.0,7354.0,GII.P7,,3500.0,5032.0,polyprotein_fallback,GII.6,,5013.0,6656.0,True,20.0
MH260489.1,75.72864,0.0,7482.0,7476.0,GII.P16,,3572.0,5101.0,annotated_rdrp,GII.4,Sydney_2016,5085.0,6707.0,True,17.0
MH260493.1,76.512924,5.0,7518.0,7513.0,GII.P16,,3500.0,5099.0,polyprotein_fallback,GII.2,,5080.0,6708.0,True,20.0
MH260494.1,89.67731,36.0,7534.0,7498.0,GII.P12,,3536.0,5065.0,annotated_rdrp,GII.3,,5049.0,6695.0,True,17.0
MH260495.1,75.77854,4.0,7503.0,7493.0,GII.P16,,3568.0,5097.0,annotated_rdrp,GII.4,Sydney_2016,5081.0,6703.0,True,17.0
MH260497.1,75.7451,0.0,7439.0,7433.0,GII.P16,,3572.0,5101.0,annotated_rdrp,GII.4,Sydney_2016,5085.0,6707.0,True,17.0
MH260498.1,75.7945,0.0,7515.0,7509.0,GII.P16,,3572.0,5101.0,annotated_rdrp,GII.4,Sydney_2016,5085.0,6707.0,True,17.0
MH260499.1,75.86037,0.0,7487.0,7481.0,GII.P16,,3572.0,5101.0,annotated_rdrp,GII.4,Sydney_2016,5085.0,6707.0,True,17.0
MH260500.1,76.62189,5.0,7524.0,7519.0,GII.P16,,3500.0,5099.0,polyprotein_fallback,GII.2,,5080.0,6708.0,True,20.0
MH260501.1,76.60551,5.0,7495.0,7490.0,GII.P16,,3500.0,5099.0,polyprotein_fallback,GII.2,,5080.0,6708.0,True,20.0
MH260503.1,75.86502,223.0,7535.0,7300.0,GII.P16,,3343.0,4872.0,annotated_rdrp,GII.4,Sydney_2016,4856.0,6478.0,True,17.0
MH260505.1,75.948944,119.0,7316.0,7191.0,GII.P16,,3453.0,4982.0,annotated_rdrp,GII.4,Sydney_2016,4966.0,6588.0,True,17.0
MH260506.1,75.939354,5.0,7553.0,7542.0,GII.P16,,3500.0,5099.0,polyprotein_fallback,GII.4,Sydney_2016,5080.0,6702.0,True,20.0
MH260507.1,75.7945,0.0,7521.0,7515.0,GII.P16,,3572.0,5101.0,annotated_rdrp,GII.4,Sydney_2016,5085.0,6707.0,True,17.0
MH260508.1,75.82399,5.0,7561.0,7550.0,GII.P16,,3500.0,5099.0,polyprotein_fallback,GII.4,Sydney_2016,5080.0,6702.0,True,20.0
MH260509.1,76.381996,76.0,7533.0,7457.0,GII.P16,,3500.0,5028.0,polyprotein_fallback,GII.2,,5009.0,6637.0,True,20.0
MH260510.1,87.09857,142.0,7338.0,7193.0,GII.P7,,3430.0,4959.0,annotated_rdrp,GII.6,,4943.0,6586.0,True,17.0
MH260512.1,75.21818,0.0,7463.0,7457.0,GII.P16,,3572.0,5101.0,annotated_rdrp,GII.4,Sydney_2016,5085.0,6707.0,True,17.0
MH279823.1,75.6886,10.0,7419.0,7403.0,GII.P16,,3562.0,5091.0,annotated_rdrp,GII.4,Sydney_2016,5075.0,6697.0,True,17.0
MH279824.1,87.30482,72.0,7440.0,7365.0,GII.P7,,3500.0,5029.0,annotated_rdrp,GII.6,,5013.0,6656.0,True,17.0
MH279825.1,75.75058,11.0,7542.0,7525.0,GII.P16,,3561.0,5090.0,annotated_rdrp,GII.4,Sydney_2016,5074.0,6696.0,True,17.0
MG892947.2,76.64756,3163.0,7580.0,4417.0,GII.P16,,409.0,1938.0,annotated_rdrp,GII.3,,1922.0,3568.0,True,17.0
MG892951.2,70.385605,3163.0,7041.0,3878.0,GII.P16,,409.0,1938.0,annotated_rdrp,GII.3,,1922.0,3568.0,True,17.0
MG892952.3,70.08547,3134.0,7568.0,4434.0,GII.P16,,438.0,1967.0,annotated_rdrp,GII.3,,1951.0,3597.0,True,17.0
MG892954.3,80.878815,3034.0,7569.0,4535.0,GII.P21,,538.0,2067.0,annotated_rdrp,GII.3,,2051.0,3697.0,True,17.0
MG674720.2,87.40888,6.0,7587.0,7578.0,GII.P7,,3500.0,5098.0,polyprotein_fallback,GII.6,,5079.0,6722.0,True,20.0
MG733285.1,85.0761,40.0,7498.0,7450.0,GII.P31,,3500.0,5062.0,polyprotein_fallback,GII.4,Sydney_2012,5043.0,6665.0,True,20.0
MG733286.1,86.993355,77.0,7519.0,7433.0,GII.P31,,3500.0,5024.0,polyprotein_fallback,GII.4,Sydney_2012,5005.0,6627.0,True,20.0
MG733287.1,84.969376,56.0,7486.0,7413.0,GII.P31,,3500.0,5037.0,polyprotein_fallback,GII.4,Sydney_2012,5018.0,6640.0,True,20.0
MG002630.1,76.1969,21.0,7560.0,7539.0,GII.P16,,3500.0,5083.0,polyprotein_fallback,GII.4,Sydney_2016,5064.0,6686.0,True,20.0
MG002631.1,75.530334,22.0,7550.0,7522.0,GII.P16,,3500.0,5082.0,polyprotein_fallback,GII.4,Sydney_2016,5063.0,6685.0,True,20.0
MG002633.1,75.640396,22.0,7566.0,7538.0,GII.P16,,3500.0,5082.0,polyprotein_fallback,GII.4,Sydney_2016,5063.0,6685.0,True,20.0
MG495082.1,69.16797,298.0,7434.0,7139.0,GII.PNA5,,,,,GII.22,,4787.0,6412.0,False,0.0
MG557654.1,87.299614,184.0,7423.0,7236.0,GII.P7,,,,,GII.6,,4901.0,6544.0,False,0.0
MG557655.1,85.8383,235.0,6578.0,6349.0,GII.P31,,,,,GII.10,,4850.0,6349.0,False,0.0
MF668937.1,81.505844,19.0,7466.0,7447.0,GII.P33,,3500.0,5091.0,polyprotein_fallback,GII.1,,5072.0,6679.0,True,20.0
LC923386.1,81.71612,14.0,7496.0,7482.0,GII.P33,,3500.0,5096.0,polyprotein_fallback,GII.1,,5077.0,6684.0,True,20.0
LC597119.1,76.23584,14.0,7462.0,7445.0,GII.P16,,3500.0,5087.0,polyprotein_fallback,GII.13,,5068.0,6696.0,True,20.0
LC597122.1,76.02233,14.0,7433.0,7416.0,GII.P16,,,,,GII.13,,5068.0,6696.0,False,0.0
LC597123.1,87.51003,18.0,7499.0,7478.0,GII.P7,,3500.0,5086.0,polyprotein_fallback,GII.6,,5067.0,6710.0,True,20.0
LC597125.1,89.66504,14.0,7540.0,7526.0,GII.P12,,3500.0,5090.0,polyprotein_fallback,GII.3,,5071.0,6717.0,True,20.0
LC597128.1,85.12956,18.0,7514.0,7487.0,GII.P31,,3500.0,5083.0,polyprotein_fallback,GII.4,Sydney_2012,5064.0,6686.0,True,20.0
LC597130.1,85.10568,21.0,7519.0,7489.0,GII.P31,,3500.0,5080.0,polyprotein_fallback,GII.4,Sydney_2012,5061.0,6683.0,True,20.0
LC597131.1,87.68841,18.0,7518.0,7497.0,GII.P7,,3500.0,5086.0,polyprotein_fallback,GII.6,,5067.0,6710.0,True,20.0
LC597134.1,76.53543,2137.0,7083.0,4940.0,GII.P16,,,,,GII.3,,2942.0,4588.0,False,0.0
LC597114.1,85.177246,12.0,7553.0,7532.0,GII.P31,,3500.0,5089.0,polyprotein_fallback,GII.4,Sydney_2012,5070.0,6692.0,True,20.0
LC597115.1,84.99422,26.0,7582.0,7547.0,GII.P31,,3500.0,5075.0,polyprotein_fallback,GII.4,Sydney_2012,5056.0,6678.0,True,20.0
LC597116.1,85.16076,12.0,7519.0,7495.0,GII.P31,,3500.0,5086.0,polyprotein_fallback,GII.4,Sydney_2012,5067.0,6689.0,True,20.0
LC597117.1,76.40128,12.0,7537.0,7525.0,GII.P16,,3500.0,5092.0,polyprotein_fallback,GII.3,,5073.0,6719.0,True,20.0
LC318745.1,75.51988,3373.0,6880.0,3504.0,GII.P17,,,,,GII.17,,1712.0,3334.0,False,0.0
LC318746.1,75.66582,3373.0,6881.0,3505.0,GII.P17,,,,,GII.17,,1712.0,3334.0,False,0.0
LC421227.1,88.563385,55.0,7447.0,7386.0,GII.P12,,3500.0,5049.0,polyprotein_fallback,GII.4,Sydney_2012,5036.0,6652.0,True,14.0
LC421228.1,88.58884,24.0,7430.0,7400.0,GII.P12,,3500.0,5080.0,polyprotein_fallback,GII.4,Sydney_2012,5067.0,6683.0,True,14.0
KY887597.1,76.58036,6.0,7555.0,7549.0,GII.P16,,,,,GII.3,,5079.0,6725.0,False,0.0
KY887598.1,76.52115,21.0,7554.0,7533.0,GII.P16,,,,,GII.3,,5064.0,6710.0,False,0.0
KY887599.1,75.715225,21.0,7565.0,7538.0,GII.P16,,,,,GII.4,Sydney_2016,5064.0,6686.0,False,0.0
KY887600.1,75.85696,5.0,7573.0,7562.0,GII.P16,,,,,GII.4,Sydney_2016,5080.0,6702.0,False,0.0
KY887601.1,75.85696,5.0,7581.0,7570.0,GII.P16,,,,,GII.4,Sydney_2016,5080.0,6702.0,False,0.0
KY887602.1,75.64946,21.0,7574.0,7547.0,GII.P16,,,,,GII.4,Sydney_2016,5064.0,6686.0,False,0.0
KY887603.1,75.64946,21.0,7574.0,7547.0,GII.P16,,,,,GII.4,Sydney_2016,5064.0,6686.0,False,0.0
KY887604.1,75.87574,21.0,7574.0,7547.0,GII.P16,,,,,GII.4,Sydney_2016,5064.0,6686.0,False,0.0
KY887605.1,75.74355,21.0,7573.0,7546.0,GII.P16,,,,,GII.4,Sydney_2016,5064.0,6686.0,False,0.0
KY887606.1,76.597176,6.0,7555.0,7549.0,GII.P16,,,,,GII.3,,5079.0,6725.0,False,0.0
KY905332.1,75.038895,10.0,7525.0,7533.0,GII.P17,,3500.0,5103.0,polyprotein_fallback,GII.17,,5084.0,6700.0,True,20.0
KY905333.1,85.03638,49.0,7552.0,7497.0,GII.P31,,3500.0,5055.0,polyprotein_fallback,GII.4,Sydney_2012,5036.0,6658.0,True,20.0
KY905334.1,89.45768,36.0,7534.0,7498.0,GII.P12,,3500.0,5068.0,polyprotein_fallback,GII.3,,5049.0,6695.0,True,20.0
KY905335.1,75.68324,28.0,7563.0,7529.0,GII.P16,,3500.0,5076.0,polyprotein_fallback,GII.4,Sydney_2016,5057.0,6679.0,True,20.0
KY905336.1,76.6421,5.0,7532.0,7527.0,GII.P16,,3500.0,5099.0,polyprotein_fallback,GII.2,,5080.0,6708.0,True,20.0
KY905337.1,76.62572,5.0,7527.0,7522.0,GII.P16,,3500.0,5099.0,polyprotein_fallback,GII.2,,5080.0,6708.0,True,20.0
KY905338.1,76.560196,5.0,7527.0,7522.0,GII.P16,,3500.0,5099.0,polyprotein_fallback,GII.2,,5080.0,6708.0,True,20.0
KY421039.1,84.659,100.0,7625.0,7519.0,GII.P31,,,,,GII.4,Could not assign,4985.0,6607.0,False,0.0
KY210918.3,80.645164,3034.0,7570.0,4536.0,GII.P21,,538.0,2067.0,annotated_rdrp,GII.3,,2051.0,3697.0,True,17.0
KU306738.1,68.85925,229.0,7459.0,7233.0,GII.P26,,,,,GII.26,,4856.0,6484.0,False,0.0
KM267740.1,89.579254,3433.0,7524.0,4088.0,GII.P7,,,,,GII.6,,1652.0,3295.0,False,0.0
KM267742.1,89.8171,3475.0,7524.0,4046.0,GII.P7,,,,,GII.6,,1610.0,3253.0,False,0.0
KJ184256.3,80.679474,3034.0,7042.0,4008.0,GII.P21,,538.0,2067.0,annotated_rdrp,GII.3,,2051.0,3697.0,True,17.0
HM590541.3,79.97378,3034.0,6889.0,3855.0,GII.P21,,541.0,2067.0,annotated_rdrp,GII.21,,2051.0,3670.0,True,17.0
GU138162.3,80.072105,3034.0,6889.0,3855.0,GII.P21,,541.0,2067.0,annotated_rdrp,GII.21,,2051.0,3670.0,True,17.0
GU138176.3,80.00656,3034.0,6889.0,3855.0,GII.P21,,541.0,2067.0,annotated_rdrp,GII.21,,2051.0,3670.0,True,17.0
GU138177.3,79.941,3034.0,6889.0,3855.0,GII.P21,,541.0,2067.0,annotated_rdrp,GII.21,,2051.0,3670.0,True,17.0
LC373449.1,85.174225,13.0,7555.0,7536.0,GII.P31,,,,,GII.4,Sydney_2012,,,,
LC373450.1,87.36015,20.0,7550.0,7527.0,GII.P7,,,,,GII.6,,,,,
LC373451.1,87.308975,25.0,7587.0,7559.0,GII.P7,,,,,GII.6,,,,,
OL468714.1,87.37657,6.0,7503.0,7494.0,GII.P7,,,,,GII.6,,,,,
MN567957.1,72.68932,25.0,7078.0,7044.0,Could,,,,,GII.11,,,,,
PP587395.1,89.19149,78.0,7543.0,7465.0,GII.P12,,,,,GII.3,,,,,
MN416944.1,86.23636,3322.0,7530.0,4205.0,GII.P7,,,,,GII.6,,,,,
MN416945.1,88.77323,569.0,6991.0,6422.0,GII.P12,,,,,GII.3,,,,,
MN416946.1,87.732086,166.0,7431.0,7262.0,GII.P7,,,,,GII.6,,,,,
MK956197.1,85.626175,3487.0,7210.0,3720.0,GII.P7,,,,,GII.6,,,,,
MK956198.1,87.112076,2422.0,7475.0,5050.0,GII.P7,,,,,GII.6,,,,,
MK956199.1,86.55189,2854.0,7147.0,4290.0,GII.P7,,,,,GII.6,,,,,
MK907785.1,84.894714,66.0,7569.0,7497.0,GII.P31,,,,,GII.4,Sydney_2012,,,,
MK907786.1,87.52694,42.0,7466.0,7421.0,GII.P7,,,,,GII.6,,,,,
MK907787.1,80.96813,205.0,7425.0,7220.0,GII.P21,,,,,GII.3,,,,,
MK907788.1,84.77864,66.0,6898.0,6826.0,GII.P31,,,,,GII.4,Sydney_2012,,,,
MK907789.1,87.46301,45.0,7479.0,7431.0,GII.P7,,,,,GII.6,,,,,
MK907790.1,75.57666,202.0,7548.0,7343.0,GII.P17,,,,,GII.17,,,,,
MK907791.1,75.88561,693.0,7205.0,6509.0,GII.P17,,,,,GII.17,,,,,
MK907802.1,77.090454,2894.0,7492.0,4598.0,GII.P16,,,,,GII.2,,,,,
ON706289.1,93.31986,107.0,7537.0,7427.0,GII.P7,,,,,GII.6,,,,,
